:020000040000fa
:10000000f8ff03206d50000013640000e366000059
:10001000df6d0000af70000067740000000000009a
:10002000000000000000000000000000917a0000c5
:100030005b68000000000000b15c00000d7800006b
:10004000d7760000d7760000d7760000d77600007c
:10005000d7760000d7760000d7760000d77600006c
:10006000d7760000d7760000d7760000d77600005c
:10007000d7760000d7760000d7760000d77600004c
:10008000d7760000d7760000d7760000d77600003c
:10009000d7760000d7760000d7760000d77600002c
:1000a000d7760000d7760000d7760000e178000010
:1000b000d7760000d7760000d7760000d77600000c
:1000c000d7760000d7760000d7760000d7760000fc
:1000d000d7760000d7760000d7760000d7760000ec
:1000e000d7760000d7760000000000000000000076
:1000f00000000000d7760000d7760000d776000019
:10010000d7760000d7760000d7760000d7760000bb
:10011000d7760000d7760000b9600000b960000013
:10012000b9600000b9600000d7760000d776000003
:10013000d7760000d7760000d7760000d77600008b
:10014000d7760000d7760000d7760000d77600007b
:10015000d7760000d7760000d7760000d77600006b
:10016000d7760000d7760000d7760000d77600005b
:10017000d7760000d7760000d7760000a53d0000b6
:10018000d7760000d7760000d7760000d77600003b
:10019000d7760000d7760000d7760000d77600002b
:1001a000d7760000d7760000d7760000d77600001b
:1001b000d7760000d7760000d7760000d77600000b
:1001c000d7760000d7760000d7760000d7760000fb
:1001d000d7760000d7760000d7760000d7760000eb
:1001e000d7760000d7760000d77600008977000028
:1001f000d7760000d7760000d7760000d7760000cb
:10020000d7760000d7760000d7760000d7760000ba
:10021000d7760000d7760000d7760000d7760000aa
:10022000d7760000d7760000d7760000d77600009a
:10023000d7760000d7760000d7760000d77600008a
:10024000d7760000d7760000d7760000d77600007a
:10025000d7760000d7760000d7760000d77600006a
:04026000d77600004d
:020000040000fa
:10026400f8b500bff8bc08bc9e467047856b00001b
:10027400f8b500bff8bc08bc9e467047616b00002f
:020000040000fa
:08028400301f00000100000022
:020000040000fa
:04028c0020092c0019
:020000040000fa
:100290002de9f04f2ded028bd2e9008997b0cde921
:1002a0000c138b6808930b690f90d1e900b6149377
:1002b000cd68002200234046494606f04dff40b974
:1002c0001bf0040f32d11bf00803059330d020231c
:1002d00003e089f0004399462d232b70089b03f11e
:1002e000ff3a012305934c4929f0004300208b423b
:1002f00008bf80451fd10d9b413b192b059b94bf27
:10030000464947492b44184608f0e6f8284607f0c6
:10031000cdfecdf800b00246089b0f98294604f0a8
:100320006fff17b0bdec028bbde8f08f2b23d4e735
:10033000ddf820a0d7e7994208bf404509d20d9bc0
:10034000413b192b059b94bf364937492b4418462e
:10035000dae7002200234046494607f06bf89fed9c
:100360002c7b8ded027b48b300240d9808f063f8d8
:10037000002ec3b20993c0f2d781672b5ad1002e49
:1003800008bf0126231d02dbb442c0f2c6816527e7
:1003900061e09ded067b8ded027b01340022234b55
:1003a000dde9020103f016f942464b46cde90601ac
:1003b00006f0b6fe0028ecd000271fe00446ede76b
:1003c00014f5967f11da87b90022194b4046494649
:1003d00003f000f9002280468946154bdde9020151
:1003e00003f0f8f8cde902010127dde9020100225e
:1003f0000e4b02f0b6facde90201013cdde9022321
:100400004046494606f0a8fe0028d9d1ade700bf16
:10041000000000000000f03f0000f07fec830000cf
:10042000f0830000f4830000f88300000000244003
:1004300000005043099f662f06f101060bd1002ce6
:1004400004da9fedbd7b8ded027b0024099b672bb9
:1004500018bf361966279ded027bcde906898ded23
:100460000a7b00230e93dde90a23dde9060102f091
:1004700078fa41ec100b03f0e7fd51ec100bb0eef5
:10048000408af0ee608a06f0c3f9b0ee480af0ee5a
:10049000680a069b1093079b159083f00043119305
:1004a0009ded0a1b9ded102b07f0c6f953ec102ba8
:1004b00083f000430793dde90a01a34b8ded060aa3
:1004c000002202f04efa0e9b01339e42cde90a0152
:1004d0000e93c8d100229d4b03f07cf8cde90a01b0
:1004e00002460b46dde9060106f036fe002840f024
:1004f0008180dde90a23dde9060106f09bff10b1ea
:10050000159bda0776d5dde90a234046494602f015
:1005100009f90022cde906018b4bdde9020103f068
:1005200059f8dde90623cde90a0106f085fd00282a
:1005300065d0662f04f1010465d10136a146a9eb0f
:1005400006034ff00008059e1093cdf80880109b1d
:10055000994540f08180029b002b00f0c880a819cb
:100560000022652f027029d1149b1499013b9442fb
:10057000ea54c1f1030ebcbf644201220a21002cdf
:1005800040f0bc800eeb030cbcf1000f00f3b68012
:10059000002a03f1ff3114bf2d222b226a540d9a39
:1005a000023b413a192a05eb030198bf45279e42b9
:1005b0000f70aaf1020a01da07f08eff0bf00303b5
:1005c000022b7ff4a3aebaf1000f7ff79fae28464f
:1005d00007f06cfd05eb0a03059a824240f399800f
:1005e000059b2b4418465246302107f05bfe002342
:1005f00008938be69fed527b8ded0a7b83e79deda3
:10060000027b8ded0a7b652f14bfa1464ff00009d8
:1006100095e7029a52b9b9f1000f07da0e992e2226
:100620006a54012201360af1ff3a029205eb0801f1
:10063000aa193144302001e002f8010b9142fbd1ac
:1006400008eb06023033aaeb080808f1ff3a561c03
:10065000ab544ff0000828e00c9b0e961b69053b3d
:10066000b3427ff678afdde90a23dde9060102f047
:1006700078f941ec100b03f0e7fc51ec100bb0eef5
:10068000408af0ee608a06f0c3f80bf010020928e9
:100690000346a8bf09230243bbd1099a672ab8d1f0
:1006a000b9f1000fc2da08f10108069b1293079b0b
:1006b000b0ee480af0ee680a83f0004313939ded14
:1006c0000a1b9ded122b07f0b7f853ec102b83f0ab
:1006d00000430793dde90a0100221b4b8ded060a5a
:1006e00002f03ff909f1ff39cde90a012fe71bf0cc
:1006f000100f1ebf2e23ab55013630e7b4fbf1fcc3
:10070000013b01fb1c443034ec540af1ff3a6446cf
:1007100035e72a5c1a5401385ee7002cbff69aae22
:10072000662788e606262de6099b672bfad01f462a
:10073000062680e6aff30080000000000000f03fd6
:1007400000000000000000000000244000001440f1
:020000040000fa
:100750002de9f04f95b0cde912030b68089392eda7
:10076000007b4b680a938b6809930b690d93cc68e7
:100770000022002351ec170b8ded047b06f0ecfcfe
:1007800040b9089b580734d4089b13f0080732d0af
:10079000202306e0dde9042181f00043cde90423b4
:1007a0002d232370099b01275a1edde90403dff87e
:1007b000f8b223f000414ff0000a594508bf5045f8
:1007c0001bd1139b413b192b04eb070094bfb0498d
:1007d000b04907f081feaf4807f068fc089b009322
:1007e0000246099b1298214604f00afd15b0bde8a7
:1007f000f08f2b23d5e7099ad7e7139b8b45a3f1fd
:10080000410308bf82450b9309d2192b04eb070063
:1008100094bfa149a14907f05ffea048dce7302161
:10082000e1550b997b1c1a2934bf58217821e154da
:10083000931e079300220023dde90401023706f02e
:10084000f9fd002800f07b819fed8f7b8ded027b11
:1008500000250a9bdde90289002bdde904abb8bf66
:1008600018230e93002642464b465046594602f046
:1008700078f841ec100b03f0e7fb42464b4651ec95
:10088000100b8ded100b02f0a5fe02460b465046f4
:10089000594607f063fe824b82468b4640464946e6
:1008a000002202f097fe731c0c930a9b002b8046db
:1008b000894606da002200235046594606f0bafd62
:1008c00028b90e9bb34200f3408101330c93002200
:1008d000744b4046494602f07dfe804689460246fa
:1008e0000b465046594606f037fc002840f02f8151
:1008f00042464b465046594606f09cfd30b1dde974
:10090000100105f085ffc10740f1218142464b46a9
:10091000dde9040101f006ffcde90401dde9042170
:1009200021f00043604900208b4208bf82423ff41f
:1009300048af4ff000083e46c246c1460d9b053bfe
:10094000b342b34633d9dde90223dde9040102f005
:1009500008f841ec100b03f077fb51ec100b8ded18
:100960000e0b05f055ff002840f0f680b9f1000f9e
:1009700000f0f28008f10108dde90223dde90e0153
:1009800002f028fe02460b46dde9040107f0e6fd11
:10099000434bcde904010022dde9020102f01afe19
:1009a0000c9b09f101094b45cde90201c6d1baf111
:1009b000000f1ed1b8f1000f00f015810a9b002b2b
:1009c00040f31181089bda0700f10d81a3192e2253
:1009d0001a7008eb06022244302100bf03f8011f01
:1009e0009a42fbd1079b46446fea0808434401360c
:1009f00007930d9b0d990022a019013b95420270af
:100a0000b8bf6d42e254c1f1020eb8bf01224ff0ef
:100a10000a08002d40f0d7800eeb030cbcf1010f4b
:100a200000f0d180002a03f1ff3114bf2d222b22c8
:100a300062540b9a023b1a2a04eb030134bf502282
:100a400070229e420a7001da07f046fd089b03f00f
:100a50000303022b14d1079ba3f10208b8f1000f86
:100a60000edd204607f022fb04eb0803b84280f2bb
:100a7000b68042463021e01907f014fc00230993a8
:100a80002046a9e6aff30080000000000000f03f20
:100a9000dc830000e0830000e4830000e8830000c2
:100aa0000000b03f000020400000f07fcde9028947
:100ab0000135dde902231046194601f033fe804678
:100ac000894602460b46dde9040106f045fb002895
:100ad000ecd0dff82cb1dff82c914ff0000a4ff08a
:100ae0000008dde90223dde9040106f035fb0028fa
:100af0003ff4afae52465b46dde9020102f06afd0b
:100b00000022002306f096fc78b142464b46dde910
:100b1000020102f05ffd4246cde902014b46dde9ec
:100b2000040102f057fdcde90401dde9020152465e
:100b30005b4602f04ffd013dcde90201d1e79fed9b
:100b40002e7b05468ded027bb3e70c9e8be64ff0c6
:100b500000084ff00009d9e6baf1000f0bd1b9f146
:100b6000000f08d02e2304f80b30079b013b013601
:100b700007934ff0010a04eb0803a2193344302114
:100b800002e000bf02f8011b9a42fbd1079b06eb73
:100b9000080ba3eb08080b9b0928d4bf3030573053
:100ba000192b06d840f02003613b192b01d807f020
:100bb00049fc08f1ff330bf1010604f80b00079321
:100bc0004ff00008d8e60799b5fbf8fc013b08fb9d
:100bd0001c5530350139e5540791654619e7225c0b
:100be0001a54013842e7089bdb067ff502af2e233b
:100bf000a3550136fde600bf000000000000f03ff5
:080c00000000e03f000050433a
:020000040000fa
:100c0800aa4b1b68002b40f01d822de9f04fbbb0aa
:100c1800a74b1c6814b1dff8d4b2a2e0a54911f8bb
:100c2800012fa54804f0daf938b1a14b1c68002c53
:100c3800f1d101203bb0bde8f08fa04b1b78002b11
:100c4800f3d107f021fc012803d89c4b01221a702c
:100c5800ebe707f013fc9a4904f0f2fff5e70023ed
:100c68006375984e04f1120803273a4631684046e6
:100c780006f096fe002800f0e3810c365e45f4d1bc
:100c88000023238269e00d283ad00a2838d00828a2
:100c980000f06c817f2800f09c811b2800f0b9814e
:100ca800e26904f12008a2eb08034f2b00f3bb8193
:100cb800a369d31a00f0b381d01a00bf12f8011c3f
:100cc80002f801198242f9d1e269511ce16100215f
:100cd8005170a26901327c4904f1720007f0f1f801
:100ce800214601f8717f336828469847a3691f7029
:100cf800a3690133a361e26993422ed9e3612ce031
:100d080004f1200ae369534555d033686f492846f2
:100d18009847e36900211970c4f818a0c4f81ca00a
:100d280020220deb020007f0b9fa676804975122f8
:100d3800514610a807f0d2fb082208a910a804f011
:100d48001dfb039000283bd123681b686049384687
:100d5800984733685f4928469847a468002c3ff4b1
:100d680068af26686568f368284698470028f4d075
:100d78003369284698470746b4f91030002b82d0cb
:100d8800e218907401331db22582032d3ff467af3a
:100d9800022de2dde668b3689d42ded1316804f1d8
:100da800120007f0c4f918b973683146204698470d
:100db80000232382d1e73368474928469847cce780
:100dc800039b002b05dc23681b684449049898475b
:100dd800bfe7d4f8cc30d4f8d070bb4236d07a68ac
:100de800c4f8d0201360d4f8cc30d4f8d0205a609e
:100df8005122514607f1080007f070fbd4f8cc30b7
:100e08005bb33b60d4f8d0307b601f60d4f8cc3043
:100e18005f60c4f8cc700023c4f8d430ddf82090ab
:100e28002f4f07f124083968484607f080f9d8b1f0
:100e38000c374745f7d12b4b03f11802d8330593ec
:100e48000696cdf81ca0a246914656e00022c4f8aa
:100e5800cc20c4f8d0201f46cae7c4f8cc70c4f828
:100e6800d0703f607f60d6e7039b082b06dd2368c0
:100e78005b6808221c49049898476ae77b6808aab7
:100e880003992046984764e75446069edaf80030ee
:100e98005b6808221449049898475ae75446069e06
:100ea8007b6808aa03995046984752e794b20020f5
:100eb8006cb200208cb20020408200001eb30020db
:100ec800043700005c680000ec370000144e000096
:100ed80028370000c83700008084000098370000d9
:100ee800447a00009caf002060370000a46800002e
:100ef80009f11809059b4b4532d04c4659f8146c3a
:100f0800002ef5d059f8087c9fb15122079925a8e1
:100f180007f0e4fa59f8043c0093512325aa5146f6
:100f28003046b847f8b9082208a925a804f026fad7
:100f38000390039b082ba7dc54f8147c54f8184c36
:100f4800002cd5d0ddf8208000263968404607f00f
:100f5800eef80028a2d001360c37a642f5d1c7e733
:100f68005446069e2fe75446069ef2e6a16904f110
:100f7800200399427ff6f1aee36999421ed24a1ed8
:100f88005b1a06d0581e0144507802f8010b8a42b9
:100f9800fad1a269013aa261e269511ee161002118
:100fa80002f8011c04f17107a2692749384606f0c6
:100fb80088ff3368394628469847cee63368234980
:100fc80028469847a369013ba361e369013be361b4
:100fd800c3e6e369a26993427ff6bfae511c5b1a70
:100fe80005d0d018517802f8011b9042fad1e26975
:100ff800511ee161002102f8011c04f17107a26988
:101008001349384606f05dff336839462846984745
:10101800a3e64ff01b03a374012323829de600235c
:1010280084f872305ce633680a4928469847c4f861
:101038001880c4f81c8033680749284698478ce60e
:10104800e660a7e601207047cc370000d8370000db
:0c105800e0370000f4370000c83700004b
:020000040000fa
:101064002de9f04fedb00023054616460391049395
:101074009946039b1b78002b62d00023cde90533ee
:1010840007930aab089303a980232846099306f023
:1010940009fb0446039b1a780ab1252a40d1049817
:1010a400204404901a78252a31d15a1c0024039232
:1010b40007945a782a2a04bf02330393039808bf7b
:1010c400012405f07dfc01460790284606f0f8ff50
:1010d400039b1a78303a092a48d903a805f06eff11
:1010e400039b8046187807f0a4f9672861dc65281b
:1010f40080f2c680612800f0c3803adc252800f025
:10110400ef805b2800f00c81039b013303937b1c6d
:1011140040f0f980b9f1000f08bf4ff0ff390fe03c
:10112400eb6bea6c93420fd25a1cea631f78039b61
:101134001b78bb420ed0eb6c13b1eb6b013beb6342
:1011440048466db0bde8f08f284605f00bf8074619
:101154000130ecd1049b01330493039b03a90133b5
:101164002846039306f09efa044493e7013303935d
:10117400aee7632800f098806428c5d104ab05aac3
:101184002aa9284606f046fa0028c0f26a81039b81
:1011940001330393002c40f0b680334601224146cc
:1011a4002aa804f0ebf90028044667da0134b1d028
:1011b400c6e7702841d00bdc6e2850d02fdc69289c
:1011c400a2d104ab05aa2aa9284602f001f8dbe75c
:1011d400752813d0782829d0732895d1b8f1800fb9
:1011e40092d1039b01330393002c77d133681a1dea
:1011f40032601b680093012204ab68e004ab05aacb
:101204002aa9284607f0b8f90028c0f22a81039bce
:1012140001330393002c76d133462246bfe704ab57
:1012240005aa2aa9284607f0a7f9ede704ab05aa01
:101234002aa9284607f0a0f9e6e704ab05aa2aa9db
:10124400284607f099f90028c0f20b81039b01336b
:101254000393002c57d133462246f021a0e7039b89
:10126400049a01330393d317cde92a23002c4ad1de
:101274003346224641462aa804f080f9a144f8e600
:1012840004ab05aa2aa9284607f076f90028c0f27b
:10129400e880039b01330393002c34d1324641464a
:1012a4002aa805f069fb7ee7b8f1800f7ff42caf24
:1012b400079b0bb901230793039b013303935cb989
:1012c40033681a1d32601b680093002204ab05a921
:1012d400284607f053f966e70023f5e7002389e77a
:1012e400b8f1800f7ff410af039bea6c01330393d2
:1012f400eb6b934209d25a1cea631878252808d16b
:10130400049b013304930024b8e7284604f02aff21
:10131400f4e7eb6c002bf6d0eb6b013beb63f2e7ed
:10132400b8f1800f7ff4f0ae002c39d133681a1d68
:101334003260d3f80080039b5a1c03925a785e2ac9
:101344000cbf012700272aac08bf023340f2011268
:101354003946204608bf039306f0a2ff00232370fa
:10136400039b1a782d2a1ed101330393c7f101037d
:1013740084f82e30c7f10107039a13785d2b1bd133
:10138400b8f1000f5cd1eb6bea6c934264d25a1c47
:10139400ea631f78e3195b78002b59d19a463ae047
:1013a4004ff00008c7e75d2ae4d101330393c7f186
:1013b400010384f85e30dde7002be1d02d2b06d04d
:1013c400039b13f8012b039322445770d4e7049b27
:1013d4001b78002bf4d05d2bf2d0531c0393029b9b
:1013e4001b7851788b42ebda0133e754f9e700bffd
:1013f40008f80b70049b013304930bf1010bea6ba7
:10140400eb6c9a42da461ed2531ceb631778e3194d
:101414005b78002becd1eb6c13b1eb6b013beb6312
:10142400039b01330393baf1000f3ff46daeb8f19f
:10143400000f3ff469ae002308f80a3001241de7c9
:101444004ff0000bdbe7284604f08cfe0746dee78e
:10145400049b0133049396e7284604f083fe074671
:0814640098e70446a2e600bf70
:020000040000fa
:10146c002de9f04f242985b006460f46144601d8c5
:10147c00012903d1b64b16221a6050e0f36bf26cc3
:10148c00934220d25a1cf26318782028f6d0a0f18f
:10149c000903042bf2d92b2801d02d281bd1f36b77
:1014ac00f26c2d284ff0ff3a18bf4ff0000a934210
:1014bc000dd25a1cf2631878f26c7fb1102f4ed1fa
:1014cc0030280dd04be0304604f048fedde73046c6
:1014dc0004f044fef0e74ff0000aede730283dd170
:1014ec00f36b934222d25a1cf263187840f020031b
:1014fc00782b2ad1f36bf26c93421bd25a1cf263f9
:10150c001878944b03445b780f2b40f2c180f36c3a
:10151c00002b00f09581f36b84b1023bf363002444
:10152c0000252046294605b0bde8f08f304604f072
:10153c0015fedbe7304604f011fee2e7013bf363f6
:10154c000021304606f0b8fde9e7002f00f0eb80f3
:10155c000a2f40f09e8000247f4d1ae00a277d4b15
:10156c0003445b78bb42f3d312b1f36b013bf363df
:10157c000021304606f0a0fd7ce70a2303fb04049f
:10158c00f26bf36c9a42a4f130046bd2531cf363ec
:10159c001078a0f13003092b01d8ac42edd900250d
:1015ac00a0f1300109293dd86c4b4ff09932ab4278
:1015bc0008bfa24217d34fea850ca3001b194ceab3
:1015cc00947245eb020213eb03086fea01030093dc
:1015dc004ff0ff33019342eb0209dde900234b4549
:1015ec0008bf424542d25b4b184498464278ba42f7
:1015fc0018d2f36bf26c934280f00a815a1cf2639e
:10160c00187840444378bb42f3d3514b0e992222b5
:10161c001a60dde90e45002301f00102134318bfe7
:10162c004ff0000af36c13b1f36b013bf363dde98c
:10163c000e239d4208bf9442c0f0fa800e990023fd
:10164c0001f00102134340f0e780baf1000f40f0c3
:10165c00e3803f4b22221a600f9b11f1ff3443f1c0
:10166c00ff355ee7304604f079fd92e718eb010494
:10167c004ff0000349eb0305f26bf36c9a4203d273
:10168c00531cf36310788be7304604f067fd87e753
:10169c0010277c1e3c402f4d40f0b48017237b4319
:1016ac00c3f342132b4493f801b12b185b789f4280
:1016bc0002d9b4f1006f38d34ff0ff33cbf12001d6
:1016cc00abf1200223fa0bf803fa01f148ea010806
:1016dc0023fa02f2002548ea020823fa0bf91d4b03
:1016ec00034459788f427ff67eafa94508bfa045c9
:1016fc00fff479afabf1200004fa00f005fa0bf21d
:10170c00cbf12003024324fa03f342ea0305f26b04
:10171c00f36c04fa0bf09a4241ea000414d2531c05
:10172c00f3631078dbe70827b3e704fa0bf41c43e8
:10173c00f26bf36c9a4203d2531cf3631078b4e748
:10174c00304604f00bfdb0e7304604f007fdc6e769
:10175c0014b30020983c00009899991999999919fb
:10176c0004fb0734f26bf36c9a4247d2531cf363bd
:10177c0010782b185b789f4202d9334a9442efd9e8
:10178c000025324b034459788f427ff62caf4ff033
:10179c0000084ff0000965b1a4fb07234ff0000cc3
:1017ac001a466346e5fb07231bb14ff001084ff0c7
:1017bc00000958ea09037ff416af5ffa81f86fea63
:1017cc00080102914ff0ff310391dde902bca7fb48
:1017dc00042307fb05339c4508bf93454ff00009d4
:1017ec00fff401af12eb080443eb0905f26bf36c49
:1017fc009a4209d2531cf3631078c2e7304604f0c6
:10180c00adfcb6e70024b4e7304604f0a7fcb8e71b
:10181c00304604f0a3fcf4e6dde90e23ab4208bf2e
:10182c00a24205d20a4b22221a60dde90e4578e667
:10183c00baf1ff3f7ff475ae644265eb450570e687
:10184c00002c7ff46cae7be6c6711c07983c000044
:04185c0014b30020a1
:020000040000fa
:1018600050b100201c0000000000000020b3002048
:1018700002000000000000001cb300200100000076
:10188000000000001ab30020020000000000000069
:10189000d4b300202c000000040000005a0442527f
:1018a0004f414443415354002100000028b400201c
:1018b000200000000100000000000000a06b0000fc
:1018c00001000000a86b000002000000b46b0000e3
:1018d00003000000cc6b000024b30020b000000027
:1018e000040000005b044e4f4445203100245c049a
:1018f0004e4f4445203200245d044e4f4445203372
:1019000000245e044e4f44452034002400ac0020e7
:10191000140200000000000022b3002001000000bb
:1019200001000000050000007cb20020040000005f
:101930000000000019b300200100000000000000ba
:101940001db30020010000000000000080b2002054
:101950000c0000000000000068b40020300000000f
:1019600001000000030c00000d84000005140000bd
:101970001b8400000a140000c9810000e2fc000082
:1019800071240000e3fc0000f1810000e4fc000091
:10199000dd81000048b400202000000001000000ac
:1019a00003000000f582000005000000857b0000b8
:1019b0000e000000956e00003e000000b5810000a2
:1019c00000b4002028000000010000000100000019
:1019d000616c000002000000000000000300000035
:1019e0000000000004000000596e00000500000027
:1019f000000000003cb200201000000000000000c9
:101a00006cb100201c000000000000004cb200205f
:101a1000080000000000000014b2002010000000c8
:101a20000000000054b20020100000000000000080
:101a3000dcae0020c00000000000000000a000207c
:101a4000000800000000000010b10020400000006d
:101a50000000000064b20020100000000000000040
:101a60008cb2002004000000000000001eb3002023
:101a7000010000000000000000a800200004000099
:101a80000000000090b200200800000000000000ec
:101a90009caf0020c00000000000000024b2002025
:101aa0000c0000000000000014ae0020c800000080
:101ab0000000000098b200200400000000000000b8
:101ac0001fb30020010000000000000030b2002021
:101ad0000c000000000000009cb200200c00000080
:101ae0000000000074b200200800000000000000a8
:101af000a8b20020080000000000000098b40020f8
:101b00000400000001000000aaaaaaaab0b20020a6
:101b100004000000000000000000002000a0000001
:101b200000000000b4b200200c0000000000000023
:101b300088b100202800000000000000c0b2002092
:101b400018000000000000005cb0002064000000ed
:101b500000000000d8b200201400000000000000c7
:101b6000b0b100202800000000000000ecb200200e
:101b70001000000000000000d8b100201400000098
:101b800000000000fcb20020040000000000000083
:101b9000ecb10020280000000000000000b300208d
:101ba00008000000000000009cb4002004000000b9
:101bb000010000000400000018b300200100000034
:101bc0000000000008b30020080000000000000032
:101bd000c0b00020500000000000000010b3002042
:101be00008000000000000000000000000000000ed
:020000040000fa
:101bf0002de9f041aeb0064615460591002705993e
:101c00000b78002b00f0fa8000244ff0ff33cde971
:101c100009430eab0c9380230b940d930b5d0bb11a
:101c2000252b26d134b12246304605f0e7f9059b35
:101c300023440593059b1a78252a40f0d78003f1a9
:101c40000108cdf81480059803782b2b1ad025d8dd
:101c5000202b1bd0232b1dd02a2b27d004f0b2fe23
:101c60000b90059b1a78303a092a2ed80133059338
:101c7000f7e70134d2e7099b43f0010301300993f0
:101c80000590e0e7099b43f00403f7e7099b43f065
:101c90000803f3e7099b43f01003efe72d2bead08d
:101ca000302bd9d1099b43f00203e7e72b681a1dbb
:101cb0001b682a600130002b05900b9305da099a06
:101cc0005b4282f0010209920b93099bda0744bf41
:101cd00023f002030993059b1a782e2a0dd10022c6
:101ce000581c0a9205905a782a2a25d10233059366
:101cf0002b681a1d1b682a600a9305a805f060f975
:101d0000059b0390187806f096fb6928039979d013
:101d100032dc632800f0cb8019dc252800f0d98064
:101d2000612853d000234ff0ff32cdf8148009937f
:101d30000b930a920093d4e004f044fe0a90059bb2
:101d40001a78303a092ad8d801330593f7e764287e
:101d500058d06728e6dc2a4606a805f083fd00284f
:101d600000f0a180059b5a1c05921b7806aa09a9c0
:101d70003046fef78dfa38e0702873d015dc6e28f7
:101d800000f08c806f28cdd12b46002206a802f0ef
:101d9000a5fc002800f08780059b06aa013309a94d
:101da0003046059303f040fe1fe075283ad07828ae
:101db00048d07328b6d1802975d1059b2a68013394
:101dc0000593131d2b60126800237de02a4606a8a8
:101dd00005f048fd002866d0059b5a1c05921b782b
:101de00006aa09a93046fef7b3fc04443c44a742c6
:101df0007add3e4b4f221a604ff0ff3738462eb047
:101e0000bde8f0812b46012206a802f067fc0028fd
:101e100049d0059b06aa013309a93046059302f073
:101e2000affde2e72b46002206a802f057fc00288f
:101e300039d0059b06aa013309a93046059304f061
:101e4000ebf9d2e72b46002206a802f047fc50b37c
:101e5000059b5a1c05921b7806aa09a9304601f079
:101e6000e5fcc2e72b460022f02106a802f036fc72
:101e7000c8b1059b01330593dde9062313430bd15c
:101e80001b4806f013f9099b009319490b9b024666
:101e9000304603f0b5f9a8e77823dde72b463a1979
:101ea00006a803f0abfb059b013305939ee7802951
:101eb000f9d1059b013305932b681a1d1b682a6015
:101ec0008df8183006aa012309a9304604f078f9e4
:101ed0008be78029e7d1059b01330593099b00938c
:101ee0000b9b04490122d3e7274688e614b3002060
:081ef000548500005a85000032
:020000040000fa
:101ef8005b25735d205f4150504c49434154494f25
:101f08004e5f4e4f44455f486369436f6d6d616e28
:101f18006448616e646f766572310d0a00000000d6
:101f2800092d207375626576656e745f636f6465ed
:101f38003a20253032580d0a00000000092d207380
:101f480074617475733a20253032580d0a00000008
:101f5800092d20636f6e6e5f68616e646c653a2050
:101f680025303258253032580d0a0000092d2072cc
:101f78006f6c653a20253032580d0a00092d207003
:101f88006565725f616464725f747970653a202573
:101f98003032580d0a000000092d20706565725f07
:101fa800616464723a202530325820253032582036
:101fb80025303258202530325820253032582025f7
:101fc8003032580d0a000000092d20636f6e6e65cf
:101fd8006374696f6e5f696e74657276616c3a20be
:101fe80025303258253032580d0a0000092d20635b
:101ff8006f6e6e656374696f6e5f6c6174656e6336
:10200800793a2025303258253032580d0a00000020
:10201800092d207375706572766973696f6e5f74c8
:10202800696d656f75743a202530325825303258fd
:102038000d0a0000092d206d61737465725f636c71
:102048006f636b5f61636375726163793a202530f2
:1020580032580d0a00000000092d20696e6974418c
:102068003a20253032582025303258202530325831
:102078002025303258202530325820253032580d4e
:102088000a000000092d20616476413a202530328b
:1020980058202530325820253032582025303258e3
:1020a800202530325820253032580d0a0000000013
:1020b800092d2061613a20253032582025303258c8
:1020c800202530325820253032580d0a00000000f3
:1020d800092d20637263496e69743a20253032589d
:1020e800202530325820253032580d0a00000000d3
:1020f800092d2077696e53697a653a202530325860
:102108000d0a0000092d2077696e4f6666736574a5
:102118003a2025303258253032580d0a0000000088
:10212800092d20696e74657276616c3a202530320b
:1021380058253032580d0a00092d206c6174656edf
:1021480063793a2025303258253032580d0a00007c
:10215800092d2074696d656f75743a2025303258e1
:10216800253032580d0a0000092d2063684d3a20a9
:102178002530325820253032582025303258202535
:1021880030325820253032580d0a0000092d2068b9
:102198006f703a20253032580d0a0000092d20733f
:0c21a80063613a20253032580d0a000017
:020000040000fa
:1021b4002de9f04f099f154604468e461e46002b16
:1021c40040f0cc808a42b2fa82fc4cd9bcf1000fb8
:1021d4000bd0ccf1200801fa0cfe20fa08f802fa20
:1021e4000cf548ea0e0e00fa0cf44fea15491ffaf2
:1021f40085f8befbf9fa210c09fb1ae30afb08fb7c
:1022040041ea03439b452ad9eb180af1ff3004d273
:102214009b4502d9aaf102002b44a3eb0b03a4b201
:10222400b3fbf9f209fb123302fb08f844ea034456
:10223400a04516d92c1902f1ff3303d2a04501d9c8
:10224400931e2c44a4eb080443ea004027b124fa6b
:102254000cf400233c607b603146bde8f08f5046af
:10226400dbe71346eee702b9ffdebcf1000f2ed127
:102274008b1a01264fea154eaab2b3fbfef8210cc5
:102284000efb183308fb02f941ea0343994561d96f
:10229400eb1808f1ff3004d2994502d9a8f10200e5
:1022a4002b44a3eb0903a4b2b3fbfef10efb1133e1
:1022b4004a4344ea0344a2424ed92c1901f1ff33a4
:1022c40003d2a24201d98b1e2c44a41abce7ccf140
:1022d400200e02fa0cf521fa0ef901fa0cf320fa99
:1022e4000efe4eea03034fea154800fa0cf4b9fb5c
:1022f400f8f11ffa85fe08fb1192180c01fb0ef68b
:1023040040ea0242964221d9aa1801f1ff3003d2d1
:10231400964201d9881e2a44921b9bb2b2fbf8f95b
:1023240008fb192209fb0efe43ea02439e450fd91e
:10233400eb1809f1ff3604d29e4502d9a9f1020631
:102344002b44a3eb0e0346ea004693e70846e3e773
:102354004e46f6e74046a4e70b46b6e78b4206d95d
:10236400002f7ed00026c7e90001304674e7b3fa97
:1023740083fcbcf1000f0fd18b4201d3824209d8f8
:10238400841a61eb030e0120002f6dd0c7e9004ec3
:10239400002661e76046f7e7ccf1200e03fa0cf360
:1023a40022fa0ef521fa0ef41d4301fa0cf320fa79
:1023b4000ef10b434fea154a00fa0cf6b4fbfaf996
:1023c4001ffa85f80afb19401c0c09fb08f144eac2
:1023d4000044a14202fa0cf23fd92c1909f1ff3052
:1023e40004d2a14202d9a9f102002c44641a9bb27e
:1023f400b4fbfaf90afb194409fb08f843ea04415f
:1024040088452cd9691809f1ff3304d2884502d9cb
:10241400a9f10203294443ea0040a1eb0801a0fb0f
:1024240002894945c2464c4602d306d1464504d2e8
:10243400b8eb020a69eb05040138afb1b6eb0a0345
:1024440061eb040606fa0efe23fa0cf34eea0303cc
:1024540026fa0cf6c7e900369ae74846c6e74b4623
:0c246400d9e73e463846f7e63e46f5e66e
:020000040000fa
:10247000f0b599b005460c46924e4027b761821cd4
:102480009149002003f0e0fb95f8243043f0040369
:1024900085f824307761e2788c4904a805f015fdb1
:1024a00004a9002003f0d0fb2279894904a805f093
:1024b0000cfd04a9002003f0c7fb6379a2798549cc
:1024c00004a805f002fd04a9002003f0bdfbe27999
:1024d000814904a805f0f9fc04a9002003f0b4fb2d
:1024e000227a7e4904a805f0f0fc04a9002003f03c
:1024f000abfba37a627aa17b0391617b0291217b82
:102500000191e17a0091764904a805f0defc04a966
:10251000002003f099fbe37b227c724904a805f0bc
:10252000d4fc04a9002003f08ffb637ca27c6e49dd
:1025300004a805f0cafc04a9002003f085fbe37c95
:10254000227d6a4904a805f0c0fc04a9002003f01c
:102550007bfb627d664904a805f0b7fc04a9002056
:1025600003f072fbe37da27de17e0391a17e0291e7
:10257000617e0191217e00915e4904a805f0a5fcd1
:1025800004a9002003f060fb637f227f94f82110f0
:10259000039194f820100291e17f0191a17f0091b5
:1025a000554904a805f091fc04a9002003f04cfb58
:1025b00094f8233094f8222094f82510019194f88f
:1025c000241000914d4904a805f07ffc04a90020c7
:1025d00003f03afb94f8273094f8262094f828105a
:1025e0000091474904a805f070fc04a9002003f0fd
:1025f0002bfb94f82920434904a805f066fc04a9a4
:10260000002003f021fb94f82a3094f82b203e4957
:1026100004a805f05afc04a9002003f015fb94f867
:102620002c3094f82d20394904a805f04efc04a95b
:10263000002003f009fb94f82e3094f82f20344941
:1026400004a805f042fc04a9002003f0fdfa94f868
:10265000303094f831202f4904a805f036fc04a945
:10266000002003f0f1fa94f8333094f8322094f813
:102670003610029194f83510019194f834100091bd
:10268000254904a805f021fc04a9002003f0dcfa88
:1026900094f8372002f01f02204904a805f015fc29
:1026a00004a9002003f0d0fa94f83720c2f34112b5
:1026b0001b4904a805f009fc04a9002003f0c4fa92
:1026c00019b0f0bd00800041f81e0000281f000076
:1026d000441f0000581f0000741f0000841f0000ea
:1026e000a01f0000d01f0000f41f000018200000f1
:1026f0003c200000602000008c200000b82000007a
:10270000d8200000f82000000c2100002821000043
:102710004021000058210000702100009421000099
:04272000a4210000f0
:020000040000fa
:1027240030b591ea030f00f18280841a71eb030c37
:1027340005d2121953eb0c03001b71eb0c0140f290
:10274400000ccff6e07c1cea430f52d0bceb410fe7
:102754005fd90c0da4eb135e5ff0010c6cf31f51f9
:102764006cf31f53def1200c2ad303fa0cf5401945
:1027740041f1000122fa0ef5401923fa0ef56941e0
:1027840012fa0cf2cd0208d349085fea30005fea7e
:10279400320228bf42f001020134013c5fea500cce
:1027a40072f1004250f1000051eb04514ff4001358
:1027b40013eb410f38bf30bd6ff31301002030bd60
:1027c400bef1200ebef1200f1ed223fa0ef54019e1
:1027d40041f10001cef1200c124218bf012203fa8c
:1027e4000cf52a43cee711ea5c0f04bf0020002158
:1027f40030bd1cea410f04bf01f00041002030bd90
:1028040001f00041002030bd21f4801101eb04519e
:1028140030bd004218bf41f00101bceb410f08bfbd
:1028240030bd4ff0fe4141f47801002030bd83f00b
:102834000043841a71eb030e07d28ef0004e001b86
:1028440071eb0e01121953eb0e0340f2000ccff69c
:10285400e07c1cea430fc6d0bceb410f72d90c0dcf
:10286400a4eb135ec90241ea5051c00241f0004199
:10287400db0243ea5253d20243f00043def1200c60
:1028840041d312fa0cf522fa0ef203fa0cf542eadd
:10289400050218bf42f0010223fa0ef3801a99418f
:1028a400e30ac4f30a0411f0404f03d418d0013ce6
:1028b40040004941013c23d44205c00a40ea41504a
:1028c400c90a51eac3715fea500c72f1004250f137
:1028d400000051eb045130bd01002fd00020203cfa
:1028e4000029f9d0b1fa81fcdcf1200e11fa0cf1c7
:1028f40030fa0ef510fa0cf02943a4eb0c04d9e7d6
:102904000020d90730bdaef1200ebef1200f0dd24c
:10291400cef1200c03fa0cf533fa0ef32a4318bf58
:1029240043f00103c01a61f10001b9e721f000414d
:10293400c00a40ea4150c90a01eb045130bd0020ed
:10294400002130bd004218bf41f00101bceb410f32
:0e2954007ff467afbceb430f3ff463af30bdc1
:020000040000fa
:10296200f0b581ea030e0ef0004e40f20007cff6fa
:10297200e07717ea41051ebf95ea070f17ea4304fd
:1029820094ea070f00f0c5806d0da5eb545707f5cb
:1029920080674ff0004646eac12444ea5054c00220
:1029a20046eac32343ea5253d202801a9c4104d21c
:1029b2000018644180185c41013f5b084fea320213
:1029c2000025002140f001004ff0070604e0801ac4
:1029d2009c4136d340416441801a9c4136d34041e8
:1029e2006441801a9c4136d340416441801a9c4123
:1029f20036d340416441801a9c4136d34041644100
:102a0200013e17d0801a9c4136d340416441801a5e
:102a12009c4136d340416441801a9c4136d34041a7
:102a22006441090201eb156190ea052520f0ff00df
:102a32004540cce7801a9c4156d335e080185c4172
:102a4200c8d20018644180185c41c8d200186441a1
:102a520080185c41c8d20018644180185c41c8d219
:102a62000018644180185c41c8d200186441013edc
:102a720017d080185c41c8d20018644180185c41ac
:102a8200c8d20018644180185c41c8d20018644161
:102a9200090201eb156190ea052520f0ff0045408f
:102aa200cce780185c411fd3420918bf44f00104ef
:102ab200490101ebd56100f01f0000eb451021f444
:102ac200801141ea0e01013041f10001244208bfa8
:102ad20020f00100b7f5006f3eda013f49dd01eb5e
:102ae2000751bde8f0407047490101ebd56100f0a4
:102af2001f0000eb451021f4801141ea0e01b7f5e9
:102b0200006f29da013f34dd01eb0751bde8f040e7
:102b12007047004218bf41f00101124218bf43f052
:102b22000103b7eb410f2cbfb7eb430f1ce0b7eb30
:102b3200410f04bfb7eb430f16e017ea410f04bf82
:102b420017ea430f10e017ea410f12d017ea430fba
:102b520002d0b7eb430f0cd04ef0fe4141f47001ae
:102b62000020bde8f04070474ff0fe4141f478018b
:062b7200f6e77146f4e7ee
:020000040000fa
:102b78002de9f84307460e4698469500284602f088
:102b8800b5fa002800f0ca808146542002f0aefa57
:102b98000446002800f08d805422002105f07efbb9
:102ba800c4f830902a46a521484605f077fb043d35
:102bb800236b1d4425f0070596b1337884f834302b
:102bc8005bb1334604f134010f3600bf13f8012f0f
:102bd80001f8012f0ab1b342f8d1002384f8433039
:102be800089b042b28bf04239946e3626364261dcf
:102bf800304605f0bafc04f1180005f0b6fc246173
:102c0800c9f10503a361646242463946284604f0c7
:102c1800e3fd2060099b03b11c6004f0efff434a09
:102c2800136801331360424b1b68002b47d0414b9c
:102c38001b683bb93e4b1b68da6ae36a9a429cbf41
:102c48003b4b1c603c4a136801331360e36a3b4901
:102c5800086801229a4002430a60394a03eb830359
:102c680002eb83035b68a3609968e1604e609e6035
:102c7800e06a8300191889005518656151580131b7
:102c880003449b00d15005f0f5fa2a4b1b68002b32
:102c980048d0274b1b68da6ae36a9a4244d2294b28
:102ca8004ff080521a60bff34f8fbff36f8f012030
:102cb80036e0484604f0affe4ff0ff3030e01c4be2
:102cc8001c601368012bbdd11d4d284605f024fa60
:102cd80005f1140005f020fa05f1280005f01cfaaa
:102ce80005f13c0005f018fa05f1500005f014fa5a
:102cf800154f384605f010fa144d284605f00cfa21
:102d0800134805f009fa134805f006fa124805f0c9
:102d180003fa124b1f60124b1d6093e74ff0ff3010
:102d2800bde8f8830120fbe70120f9e7d8b20020cd
:102d3800ccb20020fcb20020e4b20020e8b20020af
:102d48005cb0002004ed00e0b0b10020c4b1002068
:102d5800d8b1002000b20020ecb10020d0b2002091
:042d6800d4b20020c1
:020000040000fa
:102d6c002de9f84f584b1b68002b40f0a780574bb0
:102d7c001c6801341c60b4b1554b1b68a3421fd9ad
:102d8c000020544b1b68db6a03eb83039b00524a05
:102d9c00d358022b28bf0120504b1b68002b18bfa7
:102dac000120bde8f88f4e4a11684e4b1868106030
:102dbc0019604d4a13680133136004f0dbfddbe747
:102dcc00002047498346494d4ff0010e424adff837
:102ddc0004c137e03e4b4ff0ff321a60d1e73c4b59
:102dec001e60cee7de6ad5f800a00efa06f848eab7
:102dfc000a08c5f8008006eb860602eb86067668a4
:102e0c009e60d6f80880c3f80c80c8f80490c6f809
:102e1c000890d3f82c904fea890606eb090802ebd0
:102e2c00880ac3f814a052f8288008f101084e440f
:102e3c0042f82680dcf80080de6ad8f82c309e42fe
:102e4c0088bf01200b681b68002bc3d00b68db68a4
:102e5c00db685e68b442c2d3d3f81480de689f6826
:102e6c00be609f68776003f10409d8f804604e4592
:102e7c0004bfde68c8f80460c3f814b0d8f800606a
:102e8c00013ec8f80060d3f82880b8f1000fa9d033
:102e9c001e6adf69be60df69776003f1180ad8f833
:102eac000460564504bf1e6ac8f80460c3f828b015
:102ebc00d8f80060013ec8f8006093e70c4a13682c
:102ecc000133136000206ce7e0b2002000b3002057
:102edc00f0b20020ccb200205cb0002004b3002083
:102eec00d0b20020d4b20020f4b20020e8b200200e
:042efc00f8b2002008
:020000040000fa
:102f00002de9f04704f07efe504b1a68013a1a6032
:102f10001b68002b40f093804d4b1b680bb90024bd
:102f20008ee000234b491c464b4801264b4adff8f4
:102f30003ca1dff830c10d68002d5fd0cb68db68a5
:102f4000d3f828e0dd691f6aaf601d6adf696f6032
:102f500003f11808def80450454504bf1d6acef899
:102f600004509c62def80050013dcef80050d3f8ca
:102f70001480dd689f68bd609f686f6003f1040e78
:102f8000d8f80450754504bfdd68c8f804505c618a
:102f9000d8f80050013dc8f80050dd6ad0f8009024
:102fa00006fa05f848ea0908c0f8008005eb85052f
:102fb00002eb85056d689d60d5f80880c3f80c802c
:102fc000c8f804e0c5f808e0d3f82c804fea88057b
:102fd00005eb080e02eb8e09c3f8149052f82ee0b0
:102fe0000ef1010e454442f825e0daf80050ed6a92
:102ff000df6aaf429fd3ccf800609ce70bb104f0ce
:10300000bffc174b1c686cb1164e012501e0013c5a
:1030100005d0fff7abfe0028f9d03560f7e7104b7d
:1030200000221a600f4b1c6854b10f4b4ff08052b6
:103030001a60bff34f8fbff36f8f012400e00024ad
:1030400005f01cf92046bde8f08700bfe0b2002083
:10305000d8b20020d8b10020e8b200205cb0002037
:10306000f8b2002004b3002004ed00e0ccb2002050
:020000040000fa
:103070002de9f04784b002f044fadff85081514f57
:10308000dff84ca14ff08059d8f800301c6894b19b
:10309000db681c6805f09af901a802f059ff0546a3
:1030a000019a22bba04214d3fff72aff29462046eb
:1030b00003f036fe1de005f089f901a802f048ff93
:1030c0000546019b9bb9404b1b681a68b2fa82f215
:1030d0005209611b386803f0ddfafff711ff40b9b0
:1030e000caf80090bff34f8fbff36f8f01e0fff777
:1030f00007ff00252a4601a9386800f045fd002891
:10310000c2d0019b002bf5db039c636913b1201d2a
:1031100004f0f4fc684602f01bff0646019b013bed
:10312000082be7d8dfe803f005052a314005052a1a
:10313000310094f8243043f0010384f824300299dc
:10314000a0690b4632460144204603f0cffb00281d
:10315000d0d094f8243013f0040f07d123f00103ea
:1031600084f82430236a20469847c3e7a36932468f
:1031700002991944204604f03ffcf3e794f8243008
:1031800023f0010384f82430b4e794f8243043f0aa
:10319000010384f824300299a161034602460144e8
:1031a000204603f0a3fba5e794f8243013f0020fa8
:1031b00004d023f0010384f824309be7204604f078
:1031c0002efc97e7c4b20020bcb20020b8b20020a9
:0431d00004ed00e02a
:020000040000fa
:1031d4002de9f04f85b09a461369d2f80890d2f8d9
:1031e4000c8001910446009303f0cafedaf8002033
:1031f4001044caf80000b9f1000f02d1009b03f19a
:10320400ff390a274ff0000b5e464e453fda009b1c
:10321400591eb1423bdde06be16c884211d2411c86
:10322400e1630578c6b92b2d01d02d2d14d188f872
:103234000050daf800200132caf800204ff0010be8
:10324400e2e7204602f08eff05460130ead1f6b9e6
:10325400284605b0bde8f08f5e4508d10a2f06f177
:10326400010b28d1302d0cbf08274ff0000ba5f11e
:103274003001092946d9102f04d1284604f0ecfd69
:10328400002844d1e36c13b1e36b013be3630023f7
:103294000a2f08f806303a4603a9404640d105f003
:1032a4001df8019bc3e90001039b43450cbf6ff06c
:1032b40001050125cce7082f21d145f0200178290b
:1032c4001dd1e06be16c884215d2411ce1630078aa
:1032d400e16c11b1e16b0139e16304f0bdfd00283b
:1032e400d0d008f80650daf8001001315e46caf86a
:1032f4000010102789e7204602f034ffe8e74ff07a
:10330400000bb4e7082f02d1382da8bf0a2708f80c
:103314000650daf8001001310136caf8001074e7db
:0633240004f012ffbde7fa
:020000040000fa
:02332a007047ea
:020000040000fa
:10332c002de9f04104464568012904d09046494ee8
:10333c0006f1c00754e00022464e06f1c00717e024
:10334c0023681b6844492846984723681b68b16862
:10335c002846984723681b68f168284698472368d5
:10336c001b683e492846984701221836be420ad0af
:10337c007368002bf9d0002ae2d123681b68384906
:10338c0028469847dce723681b6836492846984747
:10339c00354f07f10c063037dff8bc8023681b680b
:1033ac0041462846984723681b6856f80c1c28464b
:1033bc00984723681b6856f8041c284698472368ce
:1033cc001b682649284698470c36b742e6d1236835
:1033dc001b6826492846984733e01836be4232d03f
:1033ec007368002bf9d0d8f80410b06804f09dfe77
:1033fc000028f2d177683368f3b10c374ff000082e
:10340c0023681b6814492846984723681b6857f89b
:10341c000c1c2846984723681b6857f8041c284640
:10342c00984723681b680d492846984708f10108fe
:10343c000c3733684345e3d823681b680b4928468f
:10344c009847bde8f08123681b68094928469847ce
:10345c00f7e700bf9caf0020d84d0000e04d000006
:10346c00ac4d0000e84d0000447a0000144e000002
:04347c00184e0000e6
:020000040000fa
:103480002de9f04184b0044601914ff00008464612
:1034900045464f4f43e0013ba36323684bb123698b
:1034a0005bb904f0ebfe4ff00108404604b0bde804
:1034b000f08104f0b7fca060f1e704f1100000f027
:1034c00055fd0028edd0424b4ff080521a60bff3fb
:1034d0004f8fbff36f8fe4e704f0d0fe4ff000088a
:1034e000e3e702a804f0d6fd23e004f08bfba0681c
:1034f00000f072fe804604f0c1fe40e0204601f07c
:10350000c1fffff7fdfc09e0204601f0bbfffff71c
:10351000f7fc204604f0f9fd002844d1012604f010
:1035200071fba36b002bb6d1019b002bd4d0002ed6
:10353000d7d004f0a3fe04f049ff04f063fb94f835
:1035400044305bb2b3f1ff3f08bf84f8445094f8b5
:1035500045305bb2b3f1ff3f08bf84f8455004f03b
:103560008dfe01a902a802f035fc0028ccd120462e
:1035700004f0cbfd0028c1d02368002bb5d0019901
:1035800004f1240004f040fc204601f07bfffff72b
:10359000b7fc0028c2d14ff080533b60bff34f8f80
:1035a000bff36f8fbae7b8f1000f3ff47eaf04f0be
:1035b00029fb616a19b1236b1968c1f10501a06883
:1035c00001f080fa04f05afe4ff000086de700bfea
:0435d00004ed00e026
:020000040000fa
:1035d400f0b540f2ff7681ea030c16ea115e1ebfd5
:1035e400b64516ea1355b54252d021ea465141f484
:1035f4008011a1fb024723ea465343f48013ae44ef
:10360400a0fb03650cf0004c36197d41a1fb034778
:1036140047f10003a0fb0217f619654153f10003bb
:10362400094218bf46f0010640f2fe74b3f5007f6c
:1036340013d2aef5806ea64523d24cea033128039b
:1036440041ea155140ea16503203450872f100422e
:1036540050f1000051eb0e51f0bdaef2ff3ea64515
:103664000fd24ceac321e80241ea555140ea5650d0
:10367400f202450872f1004250f1000051eb0e5184
:10368400f0bd1eea0e0f2dd50cf000410020f0bd58
:1036940016ea115f04bf01f000410020004218bf88
:1036a40041f0010116ea135f04bf03f00043002256
:1036b400124218bf43f0010306ea1354b44218bf80
:1036c400b64503d00cf000410020f0bd21f00041cc
:1036d40023f00043b1eb065f0cd8b3eb065f09d8c7
:1036e40041b13bb10cf0004141f0fe4141f47001a5
:1036f4000020f0bd40f20001c7f6f8710020f0bdd3
:020000040000fa
:103704004661696c656420746f20637265617465d9
:103714002074686520436f6e736f6c652041504957
:103724000d0a0000202a2a2a20436f6d6d616e6401
:103734002050726f636573736f723a20506c6561c9
:103744007365207479706520696e206120636f6de4
:103754006d616e642a2a2a0d0a0000000a0d2054a5
:103764006f6f206d616e7920617267756d656e741f
:10377400732e204d6178696d756d206172677320b9
:10378400737570706f727465643a202564210d0a34
:1037940000000000202a2a2a20436f6d6d616e64a8
:1037a4002050726f636573736f723a20756e6b6e1f
:1037b4006f776e20636f6d6d616e642e202a2a2ae6
:1037c4000d0a00003e000000081b5b4b25731b5bc9
:1037d40025644400081b5b4b000000001b5b4b2569
:1037e400731b5b256444000025731b5b2564440044
:1037f400202a2a2a20436f6d6d616e642050726ff7
:10380400636573736f72206275666665722065788e
:103814006365656465642e2052657472792e202a6e
:083824002a2a0d0a000000bf72
:020000040000fa
:10382c002de9f04f0e4649683568d6f80890f768d0
:10383c008bb0cde903230029acbf25f00205012193
:10384c0015f010030593039b8346d3e900232fd077
:10385c0052ea03002cd0a9f10208346915f00800d3
:10386c0004f1ff3408904ff00000385518bf08f1f0
:10387c00ff388a46012c1ddc059b002b54d1089b7c
:10388c0013b1013c20233b5532690095013a4b465c
:10389c00121b3919584601f0adfcdbf80430db057e
:1038ac0003d573689842b8bf18460bb0bde8f08fcb
:1038bc00c846d2e752ea030009d1baf1000f06dc80
:1038cc00a8eb010050440028d6dda807d4d502f09f
:1038dc000f000928d4bf00f1300e00f1570e0498e8
:1038ec00a0f1410cbcf1190f04f1ff3410d84ef0cb
:1038fc00200cacf1610cbcf1190f09d87046099180
:10390c00cde9062304f098fddde9062309998646e6
:10391c00100940ea03704fea131c07f804e00af19f
:10392c00ff3a02466346a5e7039bd3e9000150ea40
:10393c000103a4d03a19049b02f8013c023c302349
:04394c003b559ce764
:020000040000fa
:103950002de9f04385b00446884601921d460027b4
:10396000424e32e02a464146204601f039ff636a62
:1039700073b938b13d4b4ff080521a60bff34f8f8f
:10398000bff36f8f04f07afc012005b0bde8f0832f
:1039900004f1240000f0eafa0028f3d0334b4ff092
:1039a00080521a60bff34f8fbff36f8feae704f0c6
:1039b00065fc0020e9e702a804f06cfb12e0204659
:1039c00001f060fdfff79cfa012704f01bf9a26be0
:1039d000e36b9a42c6d3022dc4d0019b002be6d0e4
:1039e000002fe8d004f04afc04f0f0fc04f00af9df
:1039f00094f844305bb2b3f1ff3f04bf002384f876
:103a0000443094f845305bb2b3f1ff3f04bf00236c
:103a100084f8453004f032fc01a902a802f0daf97a
:103a2000e0b904f0eff8d4f83890e76b04f026fc26
:103a3000b945c4d1019904f1100004f0e5f920461c
:103a400001f020fdfff75cfa0028bdd14ff0805354
:103a50003360bff34f8fbff36f8fb5e7204601f0a0
:103a600011fdfff74dfa00208fe700bf04ed00e0e5
:020000040000fa
:103a70003d4b00221a7403f500633c4a9a621a46d1
:103a8000536813f0100ffbd1394b4222c3f8842046
:103a90001a4600bfd2f8843013f0400ffad0354bed
:103aa00000229a6377225a631a46d36b13f0040fed
:103ab000fbd1304b022283f830201a46d36b13f02f
:103ac000020ffbd12b4a136c03f00303032bfad133
:103ad000294b01225a711a46d37813f0010ffbd0fb
:103ae000234b264a1a621a46536813f0040ffbd17f
:103af0001f4b234a5a621a46536813f0080ffbd132
:103b00001b4b4122c3f890201a4600bfd2f89030d8
:103b100013f0400ffad0164b4122c3f8a4201a46e6
:103b2000d2f8a43013f0400ffad0114b4122c3f861
:103b3000dc201a46d2f8dc3013f0400ffad00c4be0
:103b40004122c3f8f0201a46d2f8f03013f0400fab
:103b5000fad0094b6ff07f421a6144f2ff725a614a
:103b6000084a9a61704700bf001400400601300007
:103b7000001c004000100040000800400701010048
:083b800007010200568201005a
:020000040000fa
:103b88002de9f04385b00446884601920026354663
:103b9800dff8f89035e04146204603f087ff7b1eaa
:103ba800a36323692bb904f065fb012005b0bde8c8
:103bb800f08304f1100000f0d5f90028f3d0334b5e
:103bc8004ff080521a60bff34f8fbff36f8feae751
:103bd80004f050fb0020e9e702a804f057fa1ae0c5
:103be800204601f04bfcfff787f909e0204601f079
:103bf80045fcfff781f9204604f083fa002842d1fa
:103c0800012603f0fbffa76b002fc4d1019b002bfb
:103c1800ded0002ee0d004f02dfb04f0d3fb03f03f
:103c2800edff94f844305bb2b3f1ff3f08bf84f86e
:103c3800445094f845305bb2b3f1ff3f08bf84f8b5
:103c4800455004f017fb01a902a802f0bff80028ac
:103c5800ccd1204604f055fa0028c1d0019904f1ce
:103c6800240004f0cdf8204601f008fcfff744f9e1
:103c78000028c5d14ff08053c9f80030bff34f8feb
:103c8800bff36f8fbce7002090e700bf04ed00e0b2
:020000040000fa
:103c9800ffffffffffffffffffffffffffffffff2c
:103ca800ffffffffffffffffffffffffffffffff1c
:103cb800ffffffffffffffffffffffffffffffff0c
:103cc800ff00010203040506070809ffffffffffc5
:103cd800ffff0a0b0c0d0e0f1011121314151617f7
:103ce80018191a1b1c1d1e1f20212223ffffffff6e
:103cf800ffff0a0b0c0d0e0f1011121314151617d7
:103d080018191a1b1c1d1e1f20212223ffffffff4d
:103d1800ffffffffffffffffffffffffffffffffab
:103d2800ffffffffffffffffffffffffffffffff9b
:103d3800ffffffffffffffffffffffffffffffff8b
:103d4800ffffffffffffffffffffffffffffffff7b
:103d5800ffffffffffffffffffffffffffffffff6b
:103d6800ffffffffffffffffffffffffffffffff5b
:103d7800ffffffffffffffffffffffffffffffff4b
:103d8800ffffffffffffffffffffffffffffffff3b
:0a3d9800ff00010204070306050006
:020000040000fa
:023da200704768
:020000040000fa
:103da40010b5344b1c6d344b23404bb1314a136571
:103db400324b1b6823b1314b59681b682046984726
:103dc40014f0010f0dd02b4b01221a65d3f8a40077
:103dd4002b4b1b682bb12a4b59681b6800f07f00e2
:103de400984714f0100f0dd0224b10221a65d3f807
:103df400b400234b9b682bb1214bd9689b6800f01e
:103e04007f00984714f4002f09d01a4b4ff4002276
:103e14001a65d3f8983013b113f0010f20d114f4bc
:103e2400006f0ad0134b4ff400621a65154b1b68e0
:103e34001bb1144b58681b68984714f4805f0ed06c
:103e44000c4b4ff480521a65d3f8f4000e4b1b68e8
:103e54002bb10d4b59681b6800f03f00984710bd0b
:103e64000a4b1b68002bdad0084b59681b680020ea
:103e74009847d4e700040042eee7f7ff44b200207d
:103e840014b200205cb2002054b200204cb20020d6
:020000040000fa
:103e94002de9f84300295ed00f4600242f4e304b05
:103ea40000f1010edff8bcc006e00cf801809a6056
:103eb400621c0134974244d9726802f00702012a55
:103ec40018d09968dd684a1cd3f81080424528bf91
:103ed4000022954236d010f80480756805f0070575
:103ee400012de2d14d000cf81180691c00250cf85d
:103ef4000150dce7d3f80880d96808f101021d6994
:103f0400aa4228bf002291421cd01ef8145010f877
:103f1400141041ea0521756805f00705012d05d047
:103f2400c9b20cf808109a60621cc2e74fea48054f
:103f34005ffa81f90cf818900135090a0cf805109c
:103f4400f1e7144604f05cf810b1044b01229a75b1
:103f54002046bde8f8830c46f4e700bf0020014189
:083f640010b1002000a40020b0
:020000040000fa
:103f6c0030b4c368db689a6ad869196a8160d86909
:103f7c00486003f118005168814204bf196a51600e
:103f8c0000219962116801391160254a1268002ad2
:103f9c0039d15a699868d968816098684860181d49
:103fac005168814204bfd968516000215961116880
:103fbc0001391160da6a1b4c2568012191402943b3
:103fcc002160194902eb820201eb820252689a606d
:103fdc009468dc6060609060dc6aa200101980005c
:103fec000d185d61085801302244920088500f4a28
:103ffc001168da6acb6a9a4283bf01200c4b1860b5
:10400c00002030bc70470b4a5168d9618c681c6227
:10401c00606088609a62116801311160e7e700bf47
:10402c00e0b20020e8b200205cb00020ccb200204e
:08403c0004b30020d8b10020fc
:020000040000fa
:0440440001207047a0
:020000040000fa
:1040480053ec102bc3f30a512de9f04140f2fd70f7
:104058004e1e86421d4645d8a1f2ff30002835dbaa
:10406800332831dc284bc0f120084ff0ff3c03fa1d
:1040780008f2a1f21f412cfa00fc10ee104a4cea9b
:10408800020c23fa01f24cea020c23fa00fe04eabd
:104098000c0605ea0e0724ea0c0256ea070425ea8c
:1040a8000e030fd0002a73f100040bda4ff48015c9
:1040b80005fa08f425fa01f10c43121925fa00f063
:1040c80040eb030343ec102bbde8f081002a73f1a9
:1040d800000303db9fed080bbde8f0819fed080ba3
:1040e800bde8f0810029efd10a4603f0004343ec14
:1040f800102be9e7aff3008000000000000000008b
:0c410800000000000000f0bfffff0f00ef
:020000040000fa
:10411400002a59d02de9f8438046154620b10128dc
:104124002ad00020bde8f883284bd3f8a440c4f378
:104134000524d1b14f1e5ffa87f9002600e01e4620
:10414400234b1b6804ebc401482203ebc10128463e
:1041540003f074feb74208d048350134e4b2012cb0
:1041640008bf4446731cb145e9d104f03f04174b22
:10417400c3f8a8400120d5e7144bd3f8b440c4f3e6
:104184000524d1b14f1e5ffa87f8002600e01e46d1
:104194000f4b5b6804ebc401482203ebc1012846c2
:1041a40003f04cfebe4208d048350134e4b2012c81
:1041b40008bf0024731c4645e9d104f03f04034bb7
:1041c400c3f8b8400120ade7002070470004004266
:0441d4006cb10020aa
:020000040000fa
:1041d800002856d070b50446c26a2b490968c96ad6
:1041e8008a4245d28169002905db27490968c96add
:1041f800c1f10501816102eb8202244901eb8202cf
:104208006169914205d0204a1268d26ae2620120af
:1042180036e0251d284603f06dfc38b91c490b68ab
:10422800e06a0122824023ea02030b60164b1b68f6
:10423800db6ae36216490e68012000fa03f2324392
:104248000a60124a03eb830302eb83035b68a360f3
:104258009968e1604d609d60e56aab005919890075
:1042680056186661515801442b449b00d15007e011
:10427800054a1268406cd36a98422cbf002001207e
:1042880070bd0020704700bfccb200205cb0002099
:04429800e8b2002068
:020000040000fa
:10429c0038b504464ff49872002103f0fdff294a0b
:1042ac00936943f001039361936913f0010ffbd001
:1042bc00244a936943f002039361234b1c601968f1
:1042cc0089b241f0004141f48031c2f8a01004f1f0
:1042dc0048015960596889b241f0004141f480317c
:1042ec00c2f8b01004f190019960996889b2c2f8d3
:1042fc00ac1004f1d801d960d96889b241f0807151
:10430c00c2f8c01004f590711961196989b241f4b1
:10431c008031c2f8f01004f594745c615d690b4c4b
:10432c0003cc286069605b699bb243f40033c2f82c
:10433c008430936923f001039361936913f0010fa7
:10434c00fbd138bd000400426cb100201c8500007c
:020000040000fa
:10435c00f8b507460d461646294c002003f04cffd5
:10436c0018b14023c4f89c30f7e7482d1cd8254cd5
:10437c0048220021204603f08fffbf04002367f37f
:10438c001c032360eab2082a13d90c2a10d9102a6c
:10439c002ad9142a2ad9182a2ad9202a2ad9312ae0
:1043ac0034bf0e220f2204e0012001f0adfc1ae014
:1043bc000922144ca37962f3030343f02003a37185
:1043cc002a46314604f1080003f034fd0c4b102250
:1043dc00c3f898202146012002f078fb60b1084b0d
:1043ec001022c3f89420f8bd0a22e2e70b22e0e782
:1043fc000c22dee70d22dce7012001f085fceee764
:08440c000080004130ad0020ea
:020000040000fa
:104414002de9f041294e2a4c4ff00108294f13e0b1
:10442400226afab1616a236a40469847a36a013353
:10443400226b934228bf002314e0a26aedb2bd545c
:10444400a36294f83430fbb9337e13f0040f32d0f6
:10445400b56aa36a0133226b934228bf0023e26a40
:104464009a42ddd0e26a9a42eed0726802f0070204
:10447400012ae2d1a16a4a00e8b207f81100013228
:10448400c5f30725bd54dbe703f0c6fd236a002b03
:10449400dad0616a94f83c3033b1a36b9842d3d339
:1044a400236a00209847cfe7a36b9842ccd1236ab4
:1044b40000209847c8e7bde8f08100bf0020014113
:0844c40010b1002000a000204f
:020000040000fa
:1044cc002de9f843254b93f80080254b93f800c059
:1044dc00244a45464ff0000e73466ff07f04e146c8
:1044ec0017462c260be00c4606fb037191f82410a2
:1044fc0011f0020f0fd001332c32042b18d092f98b
:10450c002a10601c8142efddbcf1000febd0ddb254
:10451c00ce460c46e8e7bef1000f01d00f4b1d70e4
:10452c000e4b07225a701049002001f087fb09e05e
:10453c00bef1000f06d0094b1d70454502d0bcf1f1
:10454c00000f01d1bde8f8832c2303fb05f5054bc7
:10455c00595b064801f0d0fff4e700bf20b3002000
:10456c001cb3002024b30020d47c0000d4b3002062
:020000040000fa
:10457c0030b583b00024204b1c70204bff221a70e6
:10458c005c7003f0bdfb03f0d7fb1d49204603f024
:10459c000ffd1c49012003f00bfd03f0adf81a4b85
:1045ac001c801a4803f050ff02f07cfd184920468d
:1045bc0003f068f91749012003f064f92146022041
:1045cc0003f060f9144d284601f03ff905f12c0079
:1045dc0001f03bf905f1580001f037f905f18400c1
:1045ec0001f033f90094082322460c49204601f0cf
:1045fc0025fb03b030bd00bf1cb3002020b300204e
:10460c00917100002b3300001ab3002059580000a0
:10461c00e57e0000f55e000024b30020fc7e000067
:020000040000fa
:10462c0070b504460e46234b1d68234b18680430a6
:10463c0003f05efa48b9204b1a6820490b68d06a1f
:10464c000122824023ea02030b60b4f1ff3f0dd03c
:10465c002c44194b1b685c60a5421dd9184b18687b
:10466c00154b1968043102f0abfe70bd002eefd073
:10467c00144a5168104b1868816018688c68c460c3
:10468c001868043060601868043088601b685a61d0
:10469c00136801331360e8e70b4b1868064b196875
:1046ac00043102f08dfe094b1b68a34284bf074bfb
:1046bc001c60dae700b30020ccb20020e8b2002086
:1046cc00d4b20020ecb10020d0b20020f0b2002017
:020000040000fa
:1046dc00882910b536d012dc812943d003dc80291f
:1046ec0040d0002010bd82290ed08429f9d1196840
:1046fc0002b30a1d1a60b1f90020d3171ee0a029dd
:10470c002bd00bdc9029ecd11968073121f0070173
:10471c0001f108021a60d1e900230fe0c02901d091
:10472c00f029ded11a68111d19601368036000238b
:10473c00436005e00a1d1a600a880023c0e90023c3
:10474c000120cfe7196822b10a1d1a6091f90020e7
:10475c00d3e70a1d1a600a78efe71a68111d196071
:10476c001268cae719681ab10a1d1a600a68c4e708
:0c477c000c1d1c600b68c0e90032e1e776
:020000040000fa
:1047880008b5244b1b68c3b1224b1b6813f0010ffb
:1047980014d1204b1b6813f0020f17d11d4b1b6857
:1047a80013f0040f1bd11b4b1b6813f0080f1fd10c
:1047b800184b1b6813f0100f23d108bd154b1a684e
:1047c8006ff300021a6003f04bf9e2e7114b1a6825
:1047d8006ff341021a60104802f048fcdee70d4b07
:1047e8001a686ff382021a600c4802f03ffcdae79d
:1047f800084b1a686ff3c3021a60094802f036fcc6
:10480800d6e7044b1a686ff304121a60054802f0e1
:104818002dfcd2e788b2002024b3002050b300203a
:084828007cb30020a8b30020be
:020000040000fa
:1048300070b582b0254d264c264e14e0f25c8df802
:104840000620013322699a4298bf0023e3606b6817
:1048500003f00703012b14bf9df80630bdf80630a6
:10486000ab62237dbbb92b7e13f0010f2cd0a26865
:10487000e3689a4225d06a6802f00702012addd176
:104880005a0016f813108df806100132b25c8df83c
:1048900007200133d6e703f0c9fc2368002be2d0e0
:1048a0006168237f33b1a3699842dcd32368032076
:1048b0009847d8e7a3699842d5d123680320984741
:1048c000d1e7024b01221a7502b070bd00200141f0
:0848d00010b1002000a400203b
:020000040000fa
:1048d800244b1b681bb1244b01221a60704710b58a
:1048e800214b00221a60214b1b681b6b1a68b2f11e
:1048f800a53f03d15a68b2f1a53f23d01b4b1868d6
:104908001968343103f0fbfc194b1b68b3fa83f3c5
:10491800dbb2c3f11f03174a9900c81802eb8000e5
:10492800446864684460194402460832944212d0cc
:1049380003eb83030f4a02eb83035b68da680b4bd4
:104948001a6010bd9a68b2f1a53fd7d1db68b3f100
:10495800a53fd3d1d8e760680a46064901eb820231
:104968005060e5e7e0b2002004b30020ccb200209c
:08497800e8b200205cb0002051
:020000040000fa
:104980002de9f041d2e900230c4686b007465feae4
:10499000d37820684968a5680590e66841d05242fe
:1049a00063eb4303002908db20f002000590b8f117
:1049b000000f02d1059948072ad5691e05a8029063
:1049c0000a20cde90010204600f0cefeb8f1000f1d
:1049d00002d1059b59071fd5b8f1000f00f1ff3038
:1049e00014bf2d232b2333542269059b0093013ad6
:1049f0002b46121a3118384600f002fc7b68db05a2
:104a000003d563689842b8bf184606b0bde8f08188
:104a10000807d2d42946d1e71a07e5d50138202363
:084a2000e1e70029c0dac5e757
:020000040000fa
:104a280008b503f019fd00283cd1204b93f8243039
:104a380013f0020f35d01d4b93f8503013f0020fce
:104a48002fd01a4b93f87c3013f0020f29d0174b54
:104a580093f8a83013f0020f23d0144b93f92a309f
:104a680013f1800f1dd0114b93f9563013f1800fbd
:104a780017d00e4b93f9823013f1800f11d00b4be6
:104a880093f9ae3013f1800f0bd003f02df9084bda
:104a980001221a70074b06225a700749002001f0bc
:104aa800cff808bd034b08225a70fae724b3002058
:0c4ab8001cb3002020b300207881000017
:020000040000fa
:104ac400002846d038b50446426c914238bf11469e
:104ad400c26a8a4202d0806c012800d038bde162eb
:104ae400a0690028a4bfc1f10501a16102eb820203
:104af400184901eb820261699142efd1251d2846d4
:104b040002f0faff38b914490b68e06a01228240c6
:104b140023ea02030b60e36a0f49086801229a4002
:104b240002430a600b4a03eb830302eb83035b68d3
:104b3400a3609968e1604d609d60e06a8300191884
:104b44008900551865615158013103449b00d150c7
:0c4b5400c4e770475cb00020e8b200200d
:020000040000fa
:104b6000204b01229a611a46936913f0010ffbd082
:104b70001c4b9a6942f002029a6141f27742da6074
:104b8000194ada6140f27772c3f8bc204ff0ff3265
:104b9000c3f89820c3f89c200722c3f8c820282215
:104ba000c3f8802001221a629a6942f440729a6125
:104bb0009a6922f001029a611a46936913f0010f73
:104bc000fbd1084b00229a650122da65074a5a6533
:104bd000074b03f11c01002203f8012b8b42fbd190
:104be000704700bf000400421d58003addddfb3f66
:044bf0006cb1002084
:020000040000fa
:104bf400224ad36823f4e0631b041b0c43f0bf6315
:104c040043f40033d360bff35f8f62b6e02182f8d0
:104c140023101b4b83f81b134ff00060186083f8bc
:104c240036134ff48000586083f837134ff40000b4
:104c3400586083f838134ff08070586083f8391344
:104c44004ff00070586083f84f134ff400409860a1
:104c540083f86b134ff40061d960536a43f48023e3
:104c64005362536943f010035361536a43f40033ae
:104c74005362536a43f480335362704700ed00e09b
:044c840000e100e06b
:020000040000fa
:104c88002de9f8430546884616461f46204b4ff047
:104c9800ff39002404e0a14601341833082c2bd036
:104ca8005a68002af7d0aa42f6d104eb4403184afe
:104cb80002ebc3039968304603f039fa20bb04ebd2
:104cc8004403134a02ebc303d3f810e0d3f814c02b
:104cd800b4f1ff3f13d00e4b62001019c000191831
:104ce8004d6043f800808e60cf60c1f810e0c1f8d5
:104cf80014c00120bde8f8834ff0000ce646b9f176
:104d0800ff3f03d04c46e6e70020f3e70020f1e739
:044d18009caf00202c
:020000040000fa
:104d1c002de9f04f83b080468b4601f108030193d7
:104d2c00184603f0bdf988b381460746d8f80060f1
:104d3c00d8f8045008f1200ad8f81c40a4eb0a0457
:104d4c00a04207da3368134928469847013ca7422a
:104d5c00f8d14c4634b1104f336839462846984741
:104d6c00013cf9d10199504603f0b0fb33680b4973
:104d7c002846984733685146284698470aeb09035a
:104d8c00c8f81830c8f81c30c8f8d4b003b0bde867
:104d9c00f08f00bf788400007c84000080840000c9
:020000040000fa
:104dac000d0a2d2d2d2d2d2d2d20537570706f72fc
:104dbc0074656420636f6d6d616e642067726f75ce
:104dcc007073202d2d2d2d2d2d0000000d0a202a65
:104ddc002a2a2000202a2a2a000000000d0a2d2d44
:104dec002d2d2d2d2d2d2d2d204275696c742069a6
:104dfc006e20636f6d6d616e6473202d2d2d2d2dc6
:104e0c002d2d2d2d2d0000000d0a00000d0a556ec4
:104e1c006b6e6f776e20636f6d6d616e6420677261
:104e2c006f75702e205472792068656c700d0a00b5
:020000040000fa
:104e3c0000283ed038b50446c36b002b3bd0006c29
:104e4c00a0fb03230bb1002036e00d4602f0d4fe8c
:104e5c002268216ce36b03fb01f3d018a0600020e7
:104e6c00a06362605b1a1344e360ff2384f8443050
:104e7c0084f84530a5b923691bb903f0f9f9012071
:104e8c001ae004f11000fff76bf80028f5d00b4b7b
:104e9c004ff080521a60bff34f8fbff36f8fece768
:104eac0004f1100003f036f904f1240003f032f998
:104ebc00e3e700207047002038bd00bf04ed00e0a0
:020000040000fa
:104ecc0000283bd070b50446826c013a8264c06afb
:104edc00616c884234d00ab1002070bd251d284673
:104eec0002f006fe38b917490b68e06a01228240cd
:104efc0023ea02030b60636ce362c3f10502a26157
:104f0c0010490e68012000fa03f232430a600e4a7f
:104f1c0003eb830302eb83035b68a3609968e16096
:104f2c004d609d60e56aab005919890056186661a1
:104f3c00515801442b449b00d150cee700207047c0
:0c4f4c000020cae7e8b200205cb00020a2
:020000040000fa
:104f58002de9f84316460546d1f80880d1e90379ca
:104f680002f00cf8336818443060b8f1000f01d132
:104f780009f1ff380024444526da09f1ff33a3423a
:104f880022ddeb6bea6c93420dd25a1cea63187867
:104f98008cb92b2801d02d280dd1387033680133f6
:104fa80033600124e7e7284601f0daf8431cefd123
:104fb80054b9bde8f883a0f13003092b07d9eb6c8d
:104fc80013b1eb6b013beb6300203855f1e7385523
:0a4fd8003368013301343360cde784
:020000040000fa
:024fe200704716
:020000040000fa
:104fe40070b506460d464ff4127003f08dfa044670
:104ff400002830d04ff41272002103f051f92660da
:10500400656004f12003a361e36104f1d80304f5ae
:10501400127108e0c4f8cc30c4f8d0301b605b6077
:105024005c338b420ed0d4f8cc20002af2d01a6024
:10503400d4f8d0205a601360d4f8cc205360c4f85c
:10504400cc30ede70023a360064b1b682bb1054b66
:105054005a6894605c60204670bd024b1c605c60c2
:08506400f9e700bf6cb2002067
:020000040000fa
:10506c0008b5194b9847194b9847eff3108172b656
:10507c00174ad2f8883043f47003c2f88830bff373
:10508c004f8fbff36f8f01b962b6124a936823f04a
:10509c00010393601346da6812f0010ffbd10d4b3c
:1050ac0024225a6001229a6002f018f80a4b23f06d
:1050bc007f03074a9360094b9847094b9847094b64
:1050cc00984703f0abf9fee78f7800008f7800006b
:1050dc0000ed00e00060004100000000ad5f00004a
:0850ec008f7800008f780000ae
:020000040000fa
:1050f40038b5044610f0070f05d020f00703083335
:10510400834225d91c4603f05ff9184b1b686bb129
:1051140024b3174b1b681c4449f6f77294420bd80e
:10512400a3420cd3fdf7eafe1ae000240f4a114b08
:1051340023f007031360ebe7fdf7e0fe10e00b4af2
:1051440015681d440a4b1c60fdf7d8fe5db907e0e5
:1051540003f03af9054b1b68002be6d0fdf7cefeb1
:1051640003f0d8f80025284638bd00bfb0b20020af
:08517400b4b200200700002086
:020000040000fa
:10517c002de9f0411c4ad36a956a89b30e46ab42bd
:10518c0008bf002227d00122dff864c0174ca0f121
:10519c00020e0138144f0ce0e15c81540133396b81
:1051ac00994298bf0023b24214d2511cab4212d088
:1051bc000a46dcf8041001f007010129ecd1590072
:1051cc0014f813800ef812800131615c00f8121093
:1051dc000133e4e71d46044bdd621046bde8f08167
:1051ec001d460a46f7e700bf10b1002000a00020c2
:0451fc00002001414d
:020000040000fa
:105200002de9ff471d460c9b13f0010906468a460f
:10521000144601d195420bd822465146304601f042
:10522000edfea54204d82546284604b0bde8f08727
:105230002f1b102f3a464ff0200128bf102268463e
:10524000b84603f02ff800bfb8f10f0f11d83b0993
:105250006ff00f0202fb03726946304601f0cefe8a
:10526000b9f1000fe0d122465146304601f0c6feaa
:10527000dae710226946304601f0c0fea8f11008b6
:04528000e2e700bfa2
:020000040000fa
:105284001c4b1d4a1a604cf215129a814ff440329d
:105294005a601a46d369002bfcd1164a136843f0ae
:1052a40002031360d369002bfcd1144b00221a6251
:1052b4009a62da6283f8342083f83c209a63da87ae
:1052c4001a609a60da601a751a779a61094b5b68fa
:1052d40003f00703012b094b14bf4ff480624ff412
:1052e40000721a631a61034b80229a7504229a751c
:1052f400704700bf002001418401104010b100201c
:020000040000fa
:105304000eb430b5adf5816d0df2144353f8042b92
:1053140001934ff4806102a800f0bafd421e40f2ee
:10532400fe339a4221d8044602ab00221a54124b8f
:105334001b680344b3f5806f24bf0f4b1a600e4bf8
:105344001b680e4d1d4402a9284603f0c3f82946e4
:10535400002002f01ffd14f0030318bfc3f104037f
:10536400054a1c4413681c4414600df5816dbde8a6
:10537400304003b0704700bf90b2002000a8002066
:020000040000fa
:105384002de9f84380b3894617460546002414e006
:10539400b8f1000f2cd008f101062221304602f0aa
:1053a40089ff18b3864226d000230370bc4238bf5d
:1053b40049f824600134451c1ad02221284602f001
:1053c40079ff804608b1002303700c4e314628460d
:1053d40001f0aefa03460028dad0bc4238bf49f8df
:1053e400243001340025f1e7002401e04ff0ff34bc
:1053f4002046bde8f8834ff0ff34f9e78c02000043
:020000040000fa
:1054040030b50d4689b0044620220021684602f0da
:1054140047ff2878b0b16b786bb1013d012000bf24
:1054240015f8013f83b921460125084611f8013bcf
:10543400c3b9001b06e023461a46013311788142a2
:10544400fad0101b09b030bd5a0908a901eb820239
:1054540003f01f0352f8201c00fa03f30b4342f835
:10546400203cdde75a090df1200c0ceb820203f01d
:105474001f0352f8202c05fa03f31342d5d1d8e7c1
:020000040000fa
:1054840070b5054602f0bcfb95f8454064b2002cab
:1054940011dd6b6a7bb105f1240606e003f00ef81a
:1054a400013c64b23cb16b6a2bb13046fef75cfd43
:1054b4000028f5d0f2e7ff2385f8453002f0dcfe42
:1054c40002f09efb95f8444064b2002c11dd2b6978
:1054d4007bb105f1100606e002f0f0ff013c64b276
:1054e4003cb12b692bb13046fef73efd0028f5d0c8
:0e54f400f2e7ff2385f8443002f0befe70bde3
:020000040000fa
:025502007047f0
:020000040000fa
:105504001c4a137843f001031370536813f0010f1e
:10551400fbd118490023cb614ff030430b624ff4a9
:1055240000430b61144b10221a819a821a849a85c3
:105534001a87a3f84420a3f85020a3f85c20a3f80a
:105544006820a3f87420a3f88020a3f88c20a3f883
:105554009820a3f8a420a3f8b0200f22a3f8bc201d
:105564000b7843f002030b700a46536813f0020fe2
:0c557400fbd1704700280040dcae002096
:020000040000fa
:10558000882930b52cd012dc812930d003dc802969
:105590002dd0002030bd82290ed08429f9d1196880
:1055a00000680a1d1a600b6818800120f2e7a02924
:1055b0000fd00adc9029ecd119680a1dd0e900450a
:1055c0001a600b68c3e90045efe7c02901d0f02954
:1055d000dfd11a680168101d186013681960e4e7cc
:1055e000196800680a1d1a600b681870dde71968f1
:0c55f00000680a1d1a600b681860d6e7fe
:020000040000fa
:1055fc00842910b523d00cdc812903d0822913d047
:10560c0080290bd119680c1d1c600b6803601a6093
:10561c0013e0902921d003dc882917d0002010bd7d
:10562c00a029efd0c029ece719680c1d1c600b6891
:10563c000360d1171046c3e900010120efe7196898
:10564c000c1d1c600b6803601a80f6e719680c1db2
:10565c001c600b6803601a70efe719680c1d1c6066
:0c566c0009680160d317c1e90023e6e7dc
:020000040000fa
:105678001c4b40221a60002283f8462083f833200e
:105688007021c3f8801083f8c42083f8c52083f8fc
:10569800c620012183f8cc1083f8cd1083f8d810e8
:1056a80083f8d91083f8df1083f8b22083f8b32089
:1056b800772183f8b610332183f8bc1083f8bf2014
:1056c8004ff48421c3f800114ff48021c3f810115e
:1056d80083f84d2183f8522183f8362183f8392144
:0856e800704700bf0080004183
:020000040000fa
:1056f00030b50d46097889b0044609b16b782bb9ed
:10570000204600f097fb001b09b030bd202200218d
:10571000684602f0c7fd013d012000bf15f8013fba
:10572000a3b921460125084611f8013b002bead018
:105730005a090df1200c0ceb820203f01f0352f802
:10574000202c05fa03f31342edd0dce75a0908a92f
:1057500001eb820203f01f0352f8201c00fa03f34e
:085760000b4342f8203cd9e79d
:020000040000fa
:105768002de9f84f04460c9f6668d4f80cb02469fc
:1057780010463a68013c002502f0020a0b9a0bf821
:105788000450002e1946b8bf0126012390464fea5f
:10579800e279002c03dcd3b12046bde8f88f50ea4b
:1057a800010209d1721b002a06dc0a9a521b002a40
:1057b800f1ddbaf1000feed042464b4601f058ff3a
:1057c800013c134630320bf804200135e1e73b6811
:0857d80023f010033b60dfe742
:020000040000fa
:1057e00070b504461646856b026c5ab903681bb146
:1057f00000200135a56370bd8068fff767fb0023bb
:10580000a360f6e76eb9406802f01afb6368226c89
:1058100013446360a268934219d3236863603046df
:10582000e7e7c06802f00cfb226c5242e3681344c5
:10583000e36021688b4202d2a3681a44e260022e20
:1058400001d00020d5e725b1013d0020d1e7304649
:06585000cfe70020cde7c8
:020000040000fa
:02585600704799
:020000040000fa
:10585800164ba3fb00235b09642202fb130323bb43
:10586800134a138801339bb2138013889bb2114ae1
:105878005178114aa2fb0302d20802eb8202a3eb81
:1058880042039bb2012202fa03f30c4a32f81120b8
:10589800134205d00a4b4ff48022c3f814217047f5
:1058a800074b4ff48022c3f8182170471f85eb512e
:1058b8001ab3002020b30020cdcccccc5c7f0000f4
:0458c800008000411b
:020000040000fa
:1058cc0038b505460c46184b2022c3f8982001f039
:1058dc000dfe10f0070005d0072803d0134b04224f
:1058ec001a7002e014f0ff0f04d00f4b2022c3f803
:1058fc00942038bd05ebc5020d4cd200002120468a
:10590c0002f0cafc224629460120fef7fdfb38b105
:10591c00a4f19003d3f8dc30002be6d09847e4e7f1
:10592c00024b04221a70e0e70080004122b30020f1
:04593c00c0ad0020da
:020000040000fa
:1059400080b5174cdff86480164edff86490164f70
:105950002368c3b102f056f9d8f80c30dd68281d71
:1059600002f0ccf83368013b33602368013b2360cd
:1059700002f084fc286b02f052f8284602f04ff83f
:105980002368002be6d13b68012be1d94ff080530f
:10599000c9f80030bff34f8fbff36f8fd7e700bf59
:1059a000dcb20020d8b200205cb0002000b20020a1
:0459b00004ed00e022
:020000040000fa
:1059b40000b583b0144b0193002300938022134954
:1059c4001348fdf7d7f8012804d0124b1b6803b025
:1059d4005df804fb01f0c2f90128f6d14ff0200371
:1059e40083f31188bff36f8fbff34f8f0a4b4ff0d0
:1059f400ff321a60094b01221a60094b00221a6017
:105a040000f04effe1e700bfecb200204c8500003f
:105a1400415900009cb40020f0b20020fcb20020e8
:045a240000b30020ab
:020000040000fa
:105a2800f0b50c4649682368a768e56887b000297f
:105a38000593a4bf23f00203059305ab0293082343
:105a4800cde900730646d2e900232046fff788fe19
:105a5800059bd90642bf00f1ff3030232b54059b2c
:105a68001a0742bf00f1ff3020232b542269059bff
:105a78000093013a3b46121a29183046fff7bcfb3f
:105a88007368db0503d563689842b8bf184607b04a
:025a9800f0bd5f
:020000040000fa
:025a9a00704753
:020000040000fa
:105a9c00414354003a4163746976617465204e6fda
:105aac006465000045484f003a456e61626c652f95
:105abc0044697361626c652048616e646f766572cf
:105acc0000000000434d4431000000003a20436fb9
:105adc006d6d616e64203100545354003a2054654e
:105aec00737420436f6d6d616e64000052535400eb
:105afc003a20526573657420436f6d6d616e64005e
:020000040000fa
:105b0c0008b5174b93f8243013f0020f18d1144b2f
:105b1c0093f8503013f0020f0ed1114b93f87c30e8
:105b2c0013f0020f0ad10e4b93f8a83013f0020faa
:105b3c0018bf032205d108bd012202e0022200e0b9
:105b4c000022084b1a7004215970054b2c2101fbc3
:105b5c00023202320449002000f070f8ebe700bf7b
:0c5b6c0024b3002020b300202c7f000098
:020000040000fa
:105b780072657365740000003a205265736574207d
:105b8800686f737400000000710000003a2071759e
:105b9800697420636f6d6d616e642070726f6365e8
:105ba80073736f720000000068656c70000000007d
:105bb8003a2068656c7000001b5b41001b5b42006b
:105bc8001b5b43001b5b44001b5b317e0000000035
:085bd8001b5b347e000000bfde
:020000040000fa
:105be00038b505460c46154b1b7843b1fdb90cb3cf
:105bf000134b93f900305bb14ff0ff3038bd1148c3
:105c000002f0e8f901280fd10c4b01221a70ede7e0
:105c1000a0680b4b986062685a6002211970536843
:105c2000216898470020e9e74ff0ff30e6e74ff0a2
:105c3000ff30e3e74ff0ff30e0e700bf1fb3002085
:085c400024b2002098b20020fc
:020000040000fa
:105c480058bb0eb410b583b0144b93f9003043b170
:105c5800124b5b682bb14ff6ff71114801f0deff64
:105c680020b903b0bde8104003b0704706ab0193fc
:105c7800059ac8210b4800f009f9431ec62b08d81d
:105c8800084900230b54054b5a6854690246986822
:105c9800a047034802f0a6f9e3e7704724b20020c2
:085ca80098b2002014ae0020a8
:020000040000fa
:105cb000eff30980bff36f8f154b1a681ef0100fba
:105cc00008bf20ed108a20e9f04f10602de909008f
:105cd0004ff0200080f31188bff34f8fbff36f8f19
:105ce000fef7fafd4ff0000080f3118809bc196837
:105cf0000868b0e8f04f1ef0100f08bfb0ec108a33
:105d000080f30988bff36f8f704700bfaff3008047
:045d1000ccb20020f1
:020000040000fa
:105d140010b5a0b0144b1b78834212d0124b1b7adf
:105d240083420ad0104b1b7c834208d00e4b1b7e4f
:105d3400834208bf032405d0fee7012402e00224c5
:105d440000e0002480220021684602f0a9fa064bf4
:105d540003ebc40462680549684602f0b4f80146de
:105d6400684602f0cdfbe7e728b400203c8300003e
:020000040000fa
:105d740038b505460c4601f0bdfb10f0070005d010
:105d8400072803d0104b04221a7002e014f0ff0f0e
:105d940000d038bd05ebc5020c4cd20000212046d2
:105da40002f07efa224629460020fef7b1f938b106
:105db400a4f14803d3f8d830002bead09847e8e799
:105dc400014b04221a70e4e722b3002078ad0020ce
:020000040000fa
:105dd40070b505460c4601f013ff134b1a6823688f
:105de400b3f1ff3f1ad06968104800682e688642f4
:105df40005d0914203d80023236001240fe0501af8
:105e0400834203d800232360012408e09b1a0b4437
:105e14002360284602f03cf9002400e0002402f04c
:105e24002bfa204670bd00bf00b30020f4b200205e
:020000040000fa
:105e3400c9b2f8b50446f1b103469a0718461ed113
:105e44004ff001354d431e4656f8044b84ea0507ce
:105e5400a4f10132a7f1013022ea040220ea07008a
:105e6400024312f0803f11d0184613f8012b2ab1d7
:105e74008a42f9d102e002f017f92044f8bd13f880
:105e8400012b002afad08a42d7d1f7e73346dae762
:020000040000fa
:105e9400f0b59bb004460d46164600214c2207a8d7
:105ea4001f4602f0fdf94ff0ff33029303f2031390
:105eb400039304b901accde9044555b16a1e002d24
:105ec400069208da094b4f221a604ff0ff301bb0dc
:105ed400f0bd2a46f3e71cbf002323703a4631463f
:105ee40002a8cde9074401f0c5fff0e714b3002090
:020000040000fa
:105ef40010b5012002f0fcf80446012002f02cfa4f
:105f0400114b1b88a34214d00f4b9b8da3420cd082
:105f14000d4bb3f85830a34209d00b4bb3f884307f
:105f2400a34208bf032305d010bd012302e00223ce
:105f340000e000230028f7d00146034a2c2000fb90
:0c5f4400032001f0b7fcefe724b30020bd
:020000040000fa
:105f5000f8b5054602f0aefa0446114b1b688342c1
:105f600005d800232b600e4b1c602046f8bd0d4b5e
:105f70001b681a685ab14ff0ff370a4edb68394682
:105f8000186800f0cdfe33681a68002af6d1064a78
:105f9000106804490860136001232b60e3e700bf29
:0c5fa000c0b20020b8b20020bcb200204b
:020000040000fa
:105fac000e4a38b5002313600d4a0e4c13600e4a8e
:105fbc000e4d13600e4a13600e4a13600e4a536264
:105fcc0013610123936002f013fa02f03cfaac4225
:105fdc0000d338bd54f8043b9847f8e710b30020c1
:105fec00ccb0002070020000c8b000207402000089
:0c5ffc00c0b00020c4b00020d0b00020d5
:020000040000fa
:1060080000b583b0022906d00e490020fff718fe1c
:1060180003b05df804fb134601aa0b49586801f068
:1060280043ff019b3bb1094b01221a70084900202c
:10603800fff706feece70020044b18700549fff750
:10604800fffde5e7a0620000287d00001cb30020ea
:08605800706200008862000084
:020000040000fa
:106060004552524f52205b25735d205f4150504c8a
:1060700049434154494f4e5f4e4f44455f48636921
:10608000436f6d6d616e64436f6d706c65746520f8
:106090002d20496e76616c69642f556e7375707032
:1060a0006f72746564204f5020436f646520253003
:0860b00033580d0a000000bf87
:020000040000fa
:1060b80008b5144b9b7df3b1124a137edbb2927d77
:1060c80012f0800f18d10f4a137edbb2927d12f0c6
:1060d800010f04d013f0010f01d0fef7a5fb094a08
:1060e800137edbb2927d12f0040f04d013f0040f7c
:1060f80001d0fef78bf908bd13f0800fe3d000f054
:08610800edfae0e7002001417f
:020000040000fa
:1061100010b502f03bf9fff7affafdf7a9fcfff766
:10612000b1f8fff7bafcfef71bfdfff7ebf900f043
:10613000d7fd094801f058fa0849002001f048fe4f
:10614000074c206007490020fff74afd606002f01d
:10615000bdf9fef74ffd10bda4b200209c840000e5
:0861600074b20020a8840000c5
:020000040000fa
:1061680038b5036d04463bb1426d934204dc00230d
:10617800e3644ff0ff3038bd204601f025fc0028cd
:10618800f5db236dd4e90f12a3b1656d5b1b551abe
:10619800ab420fdc013b0b44e36422b1636d521a3e
:1061a80001321a44626511f8013c834218bf01f8b4
:0861b800010ce0e71346efe7dc
:020000040000fa
:1061c0002de9ff41134dd1f80080af88adf80c7078
:1061d00006462868029002aca8798df80e00002ac5
:1061e00018bf1446d1e901571a461bb9204601f0e1
:1061f0005dff0246002d02dbaa4228bf2a46cdf8e9
:1062000000803b4621463046fef7faff04b0bde869
:08621000f08100bf648500006d
:020000040000fa
:10621800f0b50c4649682368a668e76887b0002986
:106228000593a4bf23f00203059305ab02930a2349
:10623800cde900630546d2e900232046fff790fa2e
:106248002269059b0093013a3346121a39182846e9
:10625800fef7d2ff6b68db0503d563689842b8bfc9
:06626800184607b0f0bd6e
:020000040000fa
:02626e00704777
:020000040000fa
:10627000424c452048616e646f76657220454e4100
:10628000424c45440d0a0000424c452048616e6472
:106290006f7665722044495341424c45440d0a00d3
:1062a00055736167653a2045484f203c313d656e26
:1062b00061626c652f303d64697361626c653e0d8f
:0462c0000a0000bf11
:020000040000fa
:1062c4004552524f52205b25735d205f4150504c24
:1062d40049434154494f4e5f4e4f44455f486369bb
:1062e400436f6d6d616e645061636b6574202d2026
:1062f400496e76616c69642f556e737570706f7238
:10630400746564204f5020436f64652025303358f2
:046314000d0a00006e
:020000040000fa
:106318004552524f52205b25735d205f4150504ccf
:1063280049434154494f4e5f4e4f44455f48636966
:106338004576745061636b6574202d20496e7661d3
:106348006c69642f556e737570706f727465642014
:106358004576656e7420436f646520253032580d8c
:046368000a0000bf68
:020000040000fa
:10636c0070b404468ab10b7804f8013b551e7bb11e
:10637c008618284406e011f8015f03f8015b021b44
:10638c004db11c46a6422346f5d1204670bc704741
:10639c0023462a460446002af7d01a44002100bf9f
:1063ac0003f8011b9a42fbd1002c08bf144620466f
:0463bc0070bc7047fa
:020000040000fa
:1063c00070b500239ab098420393a6bf00f1004332
:1063d00003f1ff334ff0ff330d461190049000217d
:1063e000044602a81646129301f06cfedde91e2356
:1063f0003146cde9002302a80122fbf737f835b179
:10640000dde911329b1a179a13441c442c601ab010
:0264100070bd5d
:020000040000fa
:02641200fee7a3
:020000040000fa
:1064140008b5104b93f8243013f0010f18d00d4b2e
:1064240093f8503013f0010f12d00a4b93f87c30dc
:1064340013f0010f0cd0074b93f8a83013f0010fa1
:1064440006d005490020fff7fdfb044b02225a70d9
:1064540008bd00bf24b30020447f000020b3002007
:020000040000fa
:1064640008b50e4a1368013313600d4b1b784bb10a
:106474000c4b1b686bb10b4a1368013b13600a4b4e
:1064840000221a70094b1b6813b1044a106898471c
:1064940008bd054b01221a70f4e700bf84b2002046
:1064a40019b3002080b200201db300207cb200206c
:020000040000fa
:1064b40000b583b0022906d00d490020fff7c2fbc6
:1064c40003b05df804fb134601aa0a49586801f0b9
:1064d400edfc019b5a1e032aeed813462c2202fb24
:1064e40003f3054ad15a054800f00af8e8e700bf6b
:1064f4002c7d0000287d000024b30020d4b30020ac
:020000040000fa
:1065040030b5c3b004460d460b46821c0f4900202b
:10651400fff798fb40f20312002101a801f0c0fe2e
:1065240001238df804306ff01b038df80530fc2334
:106534008df8063002238df80730adf8085001aa13
:1065440006212088fdf708ff43b030bd30770000f6
:020000040000fa
:1065540038b503681b680e4940689847c02200217b
:106564000c4801f09dfe0c4b186868b11c460025d0
:106574006368834207bf656025608368236001f018
:10658400c7ff20680028f3d1044b01221a6038bdec
:106594002c7200009caf00206cb2002094b200204a
:020000040000fa
:1065a40008b583b2cbb9184603eb43020f4b03eb98
:1065b40082035a68a2b100eb40000c4b03eb80004d
:1065c400536a8068984701280cd043b263b102280b
:1065d4000cbf01204ff0ff3008bd4ff0ff30fbe748
:1065e4000020f9e70220f7e70020f5e724b20020b5
:020000040000fa
:1065f40010b582b00c4b01930124009400234ff496
:1066040000720a490a48fcf7b5fa0a4b0193009450
:1066140000234ff4806208490848fcf7abfafff7ff
:10662400c7f902b010bd00bfacb20020ec7d000081
:10663400bd830000a8b20020fc7d00003d85000061
:020000040000fa
:1066440038b501f0ddfa0d4b1b6813b101f014feef
:1066540038bd0b4d284601f061fd0a4c204601f07f
:106664005dfd094b1d60094b1c6000220c210a20b2
:1066740000f082f8014b1860e8e700bfc4b20020c4
:1066840088b100209cb10020b8b20020bcb2002028
:020000040000fa
:1066940070b504460d46164601f0b2fa94f844303b
:1066a4005bb2b3f1ff3f04bf002384f8443094f895
:1066b40045305bb2b3f1ff3f04bf002384f845309b
:1066c40001f0dafda36b1bb12046fef7d9fe70bdc5
:0e66d4003246294604f1240000f034fcf4e7bd
:020000040000fa
:0266e200fee7d1
:020000040000fa
:1066e40008b5104b5b8b13f0070300d108bd0e4aad
:1066f400d3870c4b80221a7607225a831b7e13f011
:10670400040f05d0074b9a6a1a7e12f0040ffad1cf
:10671400054b1b6a002be9d0034b596a1b6a022004
:0c6724009847e3e70020014110b100207d
:020000040000fa
:1067300001f000428b1aa3f16051b1f5801f0adb12
:10674000b1f17f6f09d242eac102c10071f100418b
:1067500042eb507070471046704701285b4113f5bb
:10676000001f02d842f0ff407047c90041ea507054
:0c677000104340f4800040f0804070476f
:020000040000fa
:10677c0070b5d8b10546a0fb0132d2b901fb00f0cf
:10678c0010f1490f17d80c464830fef7adfc064601
:10679c0068b114b100f1480300e003463360f563bf
:1067ac00346401213046fef743fb00e000263046fe
:0a67bc0070bd0026fbe70026f9e798
:020000040000fa
:1067c60010b590f948305a1e134380f84830d0e986
:1067d60005239a42044603d90022c36a1146984704
:1067e60060680023a362c4e90533830755bfd4e973
:1067f600023240f010009b18606056bfc4e90f33a8
:0a6806004ff0ff3040f3c00010bd5a
:020000040000fa
:10681000c1f30a5340f21e42d21a0edd202a0ad8d2
:10682000cb0243ea505040f00040d04090eae17083
:10683000b0ebe1707047002070474b00004218bf7a
:1068400043f0010313f5001f88bf21f0004111f050
:0a685000004058bf6ff00040704791
:020000040000fa
:02685a00fee757
:020000040000fa
:10685c00c05b0000437c000003000000c45b000030
:10686c004d80000003000000c85b0000a57b000009
:10687c0003000000cc5b00007d7d000003000000e5
:10688c00d05b0000b975000004000000d85b00006c
:08689c008975000004000000f2
:020000040000fa
:1068a40010b50e4b1a6842f460021a601a6842f07e
:1068b40060421a6001f04ef80024094b1c6001f09c
:1068c400d1fc084a136843f04043136001f02ef8ea
:1068d400fef700f801f084f9204610bd20ed00e039
:0868e40098b4002034ef00e03d
:020000040000fa
:1068ec0008b54160006191420cd8d21a83699a4272
:1068fc0001d3012008bd011d094b186800f060fd93
:10690c000020f7e79a4201d2994206d2011d054bad
:10691c00186800f055fd0020ece70120eae700bf05
:08692c00bcb20020b8b200204b
:020000040000fa
:1069340070b50e4604460f4d08b92c6844b1204684
:106944003146fef75dfd044423781bb92b601c46d9
:10695400204670bd31462046fef7c8fe204428601c
:10696400037823b1431c2b6000230370f0e72b60f2
:08697400eee700bf0cb30020a8
:020000040000fa
:10697c00812910b50fd0832903d0802912d0002093
:10698c0010bd1368191d1160d0e900011b68c3e923
:10699c0000010120f4e71368191d11601b68d0e990
:1069ac000001f4e713681c1dd0e9000114601c6899
:0869bc00fff7b8fe2060ece7d4
:020000040000fa
:1069c40010b50278202a034600f10100f9d0a2f1a3
:1069d40009010429f5d92b2a07d02d2a11d1012127
:1069e4000133013b00200a2403e00021f8e760435f
:1069f400801a13f8012f303a092af8d901b9404214
:066a040010bd0021ede7ca
:020000040000fa
:106a0a00f0b5002503462f4695422e4607d313f0cc
:106a1a00030218bf0122181a02eb9000f0bd1c787d
:106a2a0034b101f8014b01330135ede70f5501345b
:106a3a0093f801e0a64506eb040501eb040cf5dc2e
:066a4a0002336146e0e7a3
:020000040000fa
:106a500008b50d4b93f8243013f0040f00d108bd96
:106a6000094b93f824206ff3820283f82420074b0c
:106a700005225a7006490020fff7e6f84ff4c87067
:106a800001f060f8ebe700bfd4b3002020b3002092
:046a9000147f00006f
:020000040000fa
:106a940008b50c4b00225a62802183f82a101a652b
:106aa40083f85610da6783f88210c3f8a82083f8b5
:106ab400ae10054b1a70054800f0dafa044b0122b7
:106ac4005a7008bd24b300201cb30020d4b30020a6
:046ad40020b30020cb
:020000040000fa
:106ad800012801d000207047b1b138b50b4dd5f869
:106ae800c440c4f304440a4bdb6804ebc4004822e6
:106af80003ebc00001f0a0f9012000fa04f4bff391
:106b08004f8fc5f8d04038bd0020704700040042c0
:046b18006cb100203c
:020000040000fa
:106b1c00eab10378c9b28b421ad0431c02449342a7
:106b2c00184603f1010312d010b404788c4207d03c
:106b3c009342184603f1010305d004788c42f7d137
:106b4c005df8044b704700205df8044b7047002043
:046b5c00704700bfbf
:020000040000fa
:106b600010b5054c227832b9044b13b10448aff389
:106b700000800123237010bd50b1002000000000f0
:106b80000000000008b5034b1bb103490348aff3f5
:106b9000008008bd0000000054b10020000000008b
:020000040000fa
:106ba000537563636573730043414e204572726f82
:106bb0007200000046656174757265204e6f742026
:106bc000496d706c656d656e74656400496e7661c3
:106bd0006c696420496e6465782f4964000000bfc9
:020000040000fa
:106be00000b583b0022906d00a490020fff72cf82f
:106bf00003b05df804fb134601aa0749586801f089
:106c000057f9019b012befd1044a136843f00103ac
:106c10001360ede7a0810000287d000088b200200d
:020000040000fa
:106c200000b583b0022906d00a490020fff70cf80e
:106c300003b05df804fb134601aa0749586801f048
:106c400037f9064a11680123019883400b4313600a
:106c5000eee700bfa47f0000287d000088b200207e
:020000040000fa
:106c600070b505460c464e1c03220b49b4f80100d2
:106c700000f0a8fa20b1034631462846984770bd77
:106c8000b4f80130aa1c05490020fef7ddff0320ff
:106c9000fff740f8f3e700bf80b40020c4620000b3
:020000040000fa
:106ca0005b25735d205f4150504c49434154494f2f
:106cb0004e5f486369436f6d6d616e64436f6d70c5
:106cc0006c6574654c65536574416476657274696e
:106cd00073696e67456e61626c650d0a000000bfe6
:020000040000fa
:106ce0000d4b01221a601a46136913f0010ffbd1f4
:106cf000094b10221a6003221a734ef65f229a8300
:106d000033229a72054a0021116001225a721a46f2
:106d10001369002bfcd170470038004064b200209a
:020000040000fa
:106d200070b505460e460d4b1b68db68dc68201d00
:106d300000f0e4fe94f8243013f0040f07d123f0a0
:106d4000010384f82430236a2046984770bd3246f8
:106d50002946204600f050fef5e700bfb8b20020fb
:020000040000fa
:106d600000b583b0fff76efc094b1b686bb1094b94
:106d700001930323009300234ff4807206490748d0
:106d8000fbf7fafe03b05df804fb0020fae700bf52
:106d9000c4b20020c8b20020448500007130000059
:020000040000fa
:106da0002de9f041846b02f580770646884615464a
:106db00000213a462046fff7b1fe00b1071bbd4255
:106dc00028bf3d4621462a46404601f039f863195e
:0e6dd0003c44f3633464b4632846bde8f081ac
:020000040000fa
:026dde00fee7ce
:020000040000fa
:106de00010b5044600f088fb10f0070005d0072816
:106df00003d0084b04221a7002e0e4b2012c00d048
:106e000010bd054bd3f8e03003b19847014b032286
:0c6e10001a70f5e722b3002030ad00201e
:020000040000fa
:106e1c009c5a0000b5640000a05a0000b05a000053
:106e2c0009600000b45a0000d05a00006d830000c5
:106e3c00d85a0000e45a0000e16b0000e85a000048
:0c6e4c00f85a0000216c0000fc5a000005
:020000040000fa
:106e580070b505460c464e1c04220a49607800f0bd
:106e6800adf920b1034631462846984770bd63788e
:106e7800aa1c05490020fef7e3fe0320fef746ffa3
:0c6e8800f4e700bf48b4002018630000cd
:020000040000fa
:106e940070b506460c46b1f803500322094928464a
:106ea40000f08ef920b1034621463046984770bd64
:106eb4002b46b21c04490020fef7c4fe0320fef753
:0c6ec40027fff4e768b4002060600000c5
:020000040000fa
:106ed00070b590b915460c460b4801f0bbf978b176
:106ee000094e56f8083b1b68294620469847044639
:106ef000304601f07bf8204670bd4ff0ff34fae7d2
:0c6f00004ff0ff34f7e700bf30b2002074
:020000040000fa
:106f0c0070b590b915460c460b4801f09df978b157
:106f1c00094e56f8083bdb6829462046984704463c
:106f2c00304601f05df8204670bd4ff0ff34fae7b3
:0c6f3c004ff0ff34f7e700bf30b2002038
:020000040000fa
:106f480070b544680c4b1d68ec611d68a6682e621c
:106f58001d68183575601d681835a5601b6898622e
:106f6800036801330360002a0cbf08464ff0ff3066
:0c6f78001146fdf757fb70bdccb20020a5
:020000040000fa
:106f840038b504460025e36be26c934210d25a1cd8
:106f9400e2631878202809d00938042806d9e36c5c
:106fa40013b1e36b013be363284638bd0135eae7df
:0c6fb4002046fff7d7f8431cecd1f5e7ae
:020000040000fa
:106fc00030b50d4a002300bf12f8134024b902eb7c
:106fd00043035b78184630bd01680d78a54209bfb0
:106fe00002eb430301335b78013114bfdbb2016074
:0c6ff0000a2be9d9eee700bf6281000027
:020000040000fa
:106ffc0038b5436813f4807f0446154611d00369f5
:10700c009a4228bf1d465db12a46406900f012ff26
:10701c00636922692b44551b0022636125611a7038
:0c702c0038bddb06fcd401f053f8f9e796
:020000040000fa
:107038004ff4001c1ceb410f98bf1ceb430f11d8f9
:1070480051ea030c50ea4c0c5cea020c0cd004d256
:1070580082428b4180410130704790429941804182
:0c70680001307047002070470120704785
:020000040000fa
:1070740010b5c2b0044640f20312002101a801f089
:107084000ff901238df8043003238df805304ff0f8
:107094000003032262f387038df8063001aa04215a
:0a70a4002088fdf759f942b010bd35
:020000040000fa
:0270ae00fee7fb
:020000040000fa
:1070b00008b50948fdf7f2f80021084801f05ef92b
:1070c00000220749104600f04bfe0022054901202e
:1070d00000f046fe08bd00bf00ac0020e16d0000de
:0870e000755d0000cd580000b1
:020000040000fa
:1070e80070b50b480b4d4ff6ff76016821b9436820
:1070f80013b900f0c0fd70bd83684268334000f1e9
:107108000c0455f823302046984704eb8000ece740
:087118006018000090820000e5
:020000040000fa
:107120004ff4001c1ceb410f98bf1ceb430f11d810
:1071300051ea030c50ea4c0c5cea020c0ad004d26f
:1071400082428b4180414042704790429941804148
:08715000404270470020704727
:020000040000fa
:107158004ff4001c1ceb410f98bf1ceb430f11d8d8
:1071680051ea030c50ea4c0c5cea020c0ad004d237
:107178009042994180414042704782428b41804110
:087188004042704700207047ef
:020000040000fa
:1071900008b5094b1b7833b10020074b187007491d
:1071a000fef752fd08bd044b01221a70044900206d
:1071b000fef74afdf6e700bf1cb30020687400002c
:0471c00080740000d7
:020000040000fa
:1071c400b2b130b413460a8882420dd01a46002365
:1071d400013393420ad001ebc30531f833408442b2
:1071e400f6d1686830bc70470d46fae70020f9e72d
:0471f40000207047c0
:020000040000fa
:1071f8005b25735d205f4150504c49434154494fd2
:107208004e5f4e4f44455f486369446973636f6ed0
:107218006e656374696f6e436f6d706c6574650d30
:047228000a0000bf99
:020000040000fa
:10722c000d0a202a2a2a205175697474696e672008
:10723c0074686520436f6d6d616e642050726f636e
:10724c006573736f722e20427965202a2a2a0d0ae3
:04725c00000000bf6f
:020000040000fa
:1072600060b908b50a4b93f9003053b1084b5b681d
:1072700053b19b6806488068984708bd4ff0ff30bf
:1072800070474ff0ff30f8e74ff0ff30f5e700bff1
:0472900024b2002004
:020000040000fa
:1072940060b908b50a4b93f9003053b1084b5b68e9
:1072a40053b1db68064a9068984708bd4ff0ff3039
:1072b40070474ff0ff30f8e74ff0ff30f5e700bfbd
:0472c40024b20020d0
:020000040000fa
:1072c80060b908b50a4b93f9003053b1084b5b68b5
:1072d80053b15b6906488068984708bd4ff0ff3096
:1072e80070474ff0ff30f8e74ff0ff30f5e700bf89
:0472f80024b200209c
:020000040000fa
:1072fc0038b570b90a4800f0a7ff68b1084c54f8cb
:10730c00083b1b6998470546204600f069fe284655
:10731c0038bd4ff0ff35fae74ff0ff35f7e700bf08
:04732c0030b200205b
:020000040000fa
:1073300038b570b90a4800f08dff68b1084c54f8b0
:10734000083b5b6998470546204600f04ffe2846fb
:1073500038bd4ff0ff35fae74ff0ff35f7e700bfd4
:0473600030b2002027
:020000040000fa
:1073640038b570b90a4800f073ff68b1084c54f896
:10737400083b9b6898470546204600f035fe2846a2
:1073840038bd4ff0ff35fae74ff0ff35f7e700bfa0
:0473940030b20020f3
:020000040000fa
:1073980038b570b90a4800f059ff68b1084c54f87c
:1073a800083b5b6898470546204600f01bfe2846c8
:1073b80038bd4ff0ff35fae74ff0ff35f7e700bf6c
:0473c80030b20020bf
:020000040000fa
:1073cc0030b40d68b5f1ff3f02d000f1080202e0c5
:1073dc00026904e01a4653681c68ac42fad9536837
:1073ec004b6099608a6051600861036801330360e7
:0473fc0030bc7047ea
:020000040000fa
:1074000010b540b90a4b4ff080521a60bff34f8f4e
:10741000bff36f8f10bd044600f0d8ff0021204657
:10742000fdf704f9fbf76cfd0028f3d1eae700bf94
:0474300004ed00e087
:020000040000fa
:107434004ff4001c1ceb410f98bf1ceb430f0cd8fe
:1074440050ea410c08bf52ea430c08d0904208bfee
:1074540099420cbf01200020704700207047012092
:0274640070476f
:020000040000fa
:02746600fee73f
:020000040000fa
:10746800424c452048616e646f76657220444953ea
:1074780041424c45440d0a00424c452048616e6427
:107488006f76657220454e41424c45440d0a000016
:020000040000fa
:107498005b25735d205f4150504c49434154494f2f
:1074a8004e5f4e4f44455f486369436f6d6d616e33
:1074b8006448616e646f766572320d0a000000bf21
:020000040000fa
:1074c8005b25735d205f4150504c49434154494fff
:1074d8004e5f4e4f44455f486369436f6d6d616e03
:1074e8006448616e646f766572330d0a000000bff0
:020000040000fa
:1074f8000a4b586c20f4605020f018004004400cef
:107508009b6913f0010f08d0044a936923f0010323
:107518009361936913f0010ffbd170470004004297
:020000040000fa
:1075280030b400eb4004094b03eb84031b899bb286
:10753800834201d030bc7047044b44002518ad008d
:107548005951204403eb80035a60f3e7dcae002076
:020000040000fa
:1075580000b583b08df80710084b5888fff71ef860
:10756800022802d003b05df804fb01220df10701e7
:10757800024b5888fff7a4fef4e700bf8cb2002046
:020000040000fa
:10758800c2698369d21a00d1704770b584b00446c5
:1075980006684568054901a800f093fc336801a90d
:1075a80028469847e369a36104b070bd2c850000a4
:020000040000fa
:1075b800f0b585b000f120058269521b01d105b0f4
:1075c800f0bd044607684668044901a800f079fc44
:1075d8003b6801a930469847a561f0e7348500006b
:020000040000fa
:1075e800024660b107490068086007480023036045
:1075f800436052884a80054a136001207047002082
:10760800704700bf8cb200206cb2002094b20020fa
:020000040000fa
:1076180037b5d4680d4611461a46fdf799fc431c48
:107628000cd00a2201a9204600f056fe019ba34275
:10763800c5e900010cbf6ff00100012003b030bda7
:020000040000fa
:1076480070b598b004460d4616460021602268467b
:1076580000f024fe054b02943246294668460e94f3
:10766800119300f013fc18b070bd00bf85850000b1
:020000040000fa
:1076780053b94ab9002908bf00281cbf4ff0ff3191
:107688004ff0ff3000f07cbfadf1080c6de904ce7f
:10769800faf78cfdddf804e0dde9022304b0704759
:020000040000fa
:1076a80010b50b681b78202b0c4602d0093b042b25
:1076b8000bd8fff763fc23685a1c22605b78202be9
:0e76c800f9d0093b042bf6d910bd0020fce7d9
:020000040000fa
:0276d600fee7cd
:020000040000fa
:1076d800956a0000156400009d7c00000d5b0000a9
:1076e800516a0000294a0000cd440000817c000056
:0c76f800fd840000a33d0000e34f0000f3
:020000040000fa
:1077040010b50021064800f0affe0024054b1c60b4
:1077140000f0ecfa044b1c6000f08afc10bd00bfc2
:0c7724006564000084b200207cb20020ec
:020000040000fa
:107730005b25735d204150504c49434154494f4ea5
:107740005f4e4f44455f48636948616e646f76657c
:0c775000723320253034580d0a0000bfb1
:020000040000fa
:10775c0008b5084bd3f8a030002b04db064b5b6854
:10776c0003b1984708bd044b1b68002bfad098470f
:0c777c00f8e700bf008000413cb2002094
:020000040000fa
:1077880008b5084b5b7a63b1064b987ac0b23322ce
:107798009a72054b1b6823b118b1034b59681b68d3
:0c77a800984708bd0038004064b2002083
:020000040000fa
:1077b4000003000009790000d16e000099730000f5
:1077c400657300000d6f0000fd720000317300004e
:0c77d4006f620000ad8300004540000023
:020000040000fa
:1077e0004ff0807340f8043c21f0010140f8081c80
:1077f000054b40f80c3c40f8202c6ff0020340f899
:0c780000243c4438704700bfe57b0000ca
:020000040000fa
:10780c0008b54ff0200383f31188bff36f8fbff3dc
:10781c004f8ffbf7a5fa18b1034b4ff080521a604b
:0c782c00002383f3118808bd04ed00e088
:020000040000fa
:1078380000b553ec112b83b051ec100b8ded002be0
:10784800fbf7c4fe9ded002b53ec122bfaf766fff5
:0c78580041ec100b03b05df804fb00bf16
:020000040000fa
:10786400802910db812901dd83290cd113680733ba
:1078740023f0070303f108011160d3e90023c0e9f1
:0a7884000023012070470020704728
:020000040000fa
:02788e00704741
:020000040000fa
:1078900018b9084bc3f8d8107047012805d0022842
:1078a00004bf044bc3f8e0107047024bc3f8dc1070
:0878b000704700bf30ad00205d
:020000040000fa
:1078b80038b505460c46052206492078fff77efcb8
:1078c80020b1034621462846984738bd0320fef7d5
:0878d8001dfafae700b40020dc
:020000040000fa
:1078e00008b5074b4ff400425a61064bd3f8b43049
:1078f0002bb1044bd3f8b800d3f8b430984708bd87
:0879000000280040dcae00206d
:020000040000fa
:1079080060b910b50c46064800f060fb012804d1a8
:107918002268044b1a6001221a7110bd704700bf1b
:0879280038b2002030b200204b
:020000040000fa
:1079300008480068006880f308884ff0000080f372
:10794000148862b661b6bff34f8fbff36f8f00df4d
:0879500000bf000008ed00e09b
:020000040000fa
:10795800054b00221a6005490a60054a054911606d
:1079680007221a60704700bf10e000e018e000e04e
:0879780014e000e0bfd401009f
:020000040000fa
:10798000074b1b681b6823b9064b4ff0ff321a6088
:107990007047034b1b68db681a68024b1a6070471c
:0879a000d0b20020f0b200207b
:020000040000fa
:1079a80030b57ab101380a4410f8013f0d4633b1b9
:1079b80011f8014b1cb1914201d0a342f4d02a78ae
:0879c800981a30bd1046fce7df
:020000040000fa
:1079d00013b50446fef7f7fe18b14ff0ff3002b0c2
:1079e00010bd636c01220df1070120469847012864
:0879f000f3d19df80700f2e756
:020000040000fa
:1079f80070b504460d461646a1692b463246294401
:107a08002046fef76fff28b1a3691d44236a20466c
:067a18009847f1e770bd84
:020000040000fa
:027a1e007047af
:020000040000fa
:107a20005b25735d205f4150504c49434154494fa1
:107a30004e5f4e4f44455f4863694c654d657461c8
:047a40000d0a00002b
:020000040000fa
:107a4400785b000065800000805b0000905b0000b4
:107a540055650000945b0000b05b00002d3300000e
:047a6400b85b00000b
:020000040000fa
:107a6800bff34f8f0549ca6802f4e062044b134321
:107a7800cb60bff34f8f00bffde700bf00ed00e014
:047a88000400fa05f7
:020000040000fa
:047a8c007c800000fa
:020000040000fa
:107a9000074b19680868b0e8f04f80f30988bff316
:107aa0006f8f4ff0000080f311887047aff30080b4
:047ab000ccb2002034
:020000040000fa
:107ab400026c72b110b5c3681344c3608468a342f6
:107ac40024bf0368c3600c46c168204600f0b6f9c1
:047ad40010bd70472a
:020000040000fa
:107ad80010b5024600210120fef74cfe044638b1dd
:107ae800002181600160c1600b460a46fbf72cff4c
:047af800204610bd57
:020000040000fa
:107afc000369416882688a60416851605a688242b1
:107b0c0004bf82685a60002202611a68013a1a6046
:047b1c00186870472e
:020000040000fa
:107b200008b5074b1b7813b1012b06d008bdfcf735
:107b300025fd034b01221a70f8e700f0bdf8f5e7c8
:047b400018b3002056
:020000040000fa
:107b4400044b00221a70044b1860044b01221a7073
:107b5400704700bf1db3002080b2002019b300207d
:020000040000fa
:107b64003a2053414d45353420436f6d6d616e6449
:107b740073000000436f6d6d616e6473000000bf9d
:020000040000fa
:107b840010b50446821c05490020fef75bf894f802
:107b940024306ff3410384f8243010bdf8710000e1
:020000040000fa
:107ba4008269c3699a420ad210b5044603681b6805
:107bb400096840689847a3690133a36110bd704701
:020000040000fa
:107bc40000b583b001220df10701044b5888fff77b
:107bd40045fb9df8070003b05df804fb8cb2002060
:020000040000fa
:107be40082b0002301934ff0200383f31188bff385
:107bf4006f8fbff34f8f019b002bfcd002b07047f7
:020000040000fa
:107c04004ff0200383f31188bff36f8fbff34f8fbf
:107c1400024a136801331360704700bf98b4002010
:020000040000fa
:107c240008b54ff6ff73994208bf4ff0ff31006863
:0e7c3400fbf724fc012814bf0020012008bd2e
:020000040000fa
:107c420008b5d0f8d4303bb11968d0f8cc308b42ab
:0e7c520001d0fdf762f808bdd0f8cc10f9e7bc
:020000040000fa
:107c600010b50023934206d113f0030018bf012082
:0e7c700000eb930010bdc45ccc540133f2e76e
:020000040000fa
:027c7e0070474d
:020000040000fa
:107c800008b504490020fdf7dfff034b08225a70b6
:0c7c900008bd00bf4c83000020b30020a2
:020000040000fa
:107c9c0008b504490020fdf7d1ff034b03225a70ad
:0c7cac0008bd00bf8c81000020b3002048
:020000040000fa
:107cb80008b5044b5a78044b53f822309847fcf720
:0c7cc8005ffd08bd20b30020d87600004e
:020000040000fa
:107cd400446973636f6e6e656374696f6e20696e59
:0c7ce4002050726f67726573730d0a0008
:020000040000fa
:107cf0000023034a1370034a1370034a136070474a
:0c7d000019b300201db3002080b2002049
:020000040000fa
:107d0c0008b5034b034a05210348fcf7b7ff08bd30
:0c7d1c00647b0000787b00001c6e0000ff
:020000040000fa
:107d28002564000055736167653a20414354203c3f
:0c7d38006e6f64655f69643e0d0a000018
:020000040000fa
:107d440008b5044b00221a605a6003490f20fff75c
:0c7d5400e9fb08bd3cb200205d77000098
:020000040000fa
:107d600010b429b1044b43f8301003ebc0035a6040
:0c7d70005df8044b704700bf14b2002007
:020000040000fa
:107d7c0008b5836900f12002934206d90268013be1
:0c7d8c008361136809684068984708bdcf
:020000040000fa
:107d980010b50c46084600f085f902462146024b0c
:0c7da8005888fff78dfa10bd8cb2002047
:020000040000fa
:107db4000d0a202a2a2a2053797374656d2052658e
:0c7dc400626f6f74202a2a2a0d0a00004a
:020000040000fa
:107dd0004a68044b1a60044b0a895a8002221a70be
:0c7de000002070479cb20020a0b20020e0
:020000040000fa
:107dec005359535f434d445f5441534b5300000070
:0c7dfc004150505f5461736b730000bf76
:020000040000fa
:107e080010b50c46044b19681831fff7dbfa01214d
:0c7e18002046fcf707fc10bdccb2002097
:020000040000fa
:107e2400054b1b6823b1044b1a68936c01339364ac
:0c7e3400014b1868704700bfccb2002062
:020000040000fa
:107e40005ab110b40a44431e11f8014b03f8014f14
:0c7e50009142f9d15df8044b7047704777
:020000040000fa
:107e5c00a0f13003092b07d940f020006138052828
:0c7e6c008cbf00200120704701207047ef
:020000040000fa
:107e780013b50446019201aaf9f7b6fe636813f038
:0c7e8800100f18bf4ff0ff3002b010bd0b
:020000040000fa
:107e940013b50446019201aaf9f7e2f8636813f0f6
:0c7ea400100f18bf4ff0ff3002b010bdef
:020000040000fa
:107eb0000eb403b503aa52f8041b0192fff7c4fbea
:0a7ec00002b05df804eb03b0704758
:020000040000fa
:107eca000eb403b503aa52f8041b019200f00bfb8f
:0a7eda0002b05df804eb03b070473e
:020000040000fa
:107ee40008b5002000f038fa18b101460148fff740
:087ef400e1fc08bdd4b300203d
:020000040000fa
:107efc000d0a53414d453534205625642e25642eec
:087f0c0025640d0a000000bf0e
:020000040000fa
:107f140048616e646f76657220696e2050726f6777
:087f2400726573730d0a000081
:020000040000fa
:107f2c0025732061637469766520636f6e6e65637b
:087f3c007465640d0a0000bf2a
:020000040000fa
:107f44005265736574204e6f64657320436f6d7062
:087f54006c6574650d0a000064
:020000040000fa
:107f5c00000000000000050045001500550133032a
:087f6c0000000000000000bf4e
:020000040000fa
:107f740020b10128024818bf00207047014870470b
:087f8400c0ad002078ad002023
:020000040000fa
:107f8c005f4150504c49434154494f4e5f434d441f
:087f9c005f436d64310d0a0022
:020000040000fa
:107fa40055736167653a20525354203c6e6f646583
:087fb4005f69643e0d0a000044
:020000040000fa
:107fbc0010b9044b19607047012804bf014b59607c
:087fcc00704700bf3cb2002029
:020000040000fa
:107fd40003680bb10020704710b504460120fff779
:087fe40079fd2060012010bdb1
:020000040000fa
:107fec0008b500231a4619460068fbf7abfc0128bc
:087ffc0014bf0020012008bda4
:020000040000fa
:10800400044a9368d06883423ebf024a12699b18af
:08801400181a704710b100209a
:020000040000fa
:10801c00044bd86a9b6a984282bf024a126b9b1827
:08802c00181a704710b1002082
:020000040000fa
:10803400044a136843f002031360136913f0020f38
:08804400fbd170470038004039
:020000040000fa
:10804c0008b5d0f8d43033b15968d0f8d0308b4261
:08805c0001d0fcf75dfe08bd38
:020000040000fa
:1080640008b503681b68034940689847fff7fafca2
:0880740008bd00bfb47d00004f
:020000040000fa
:10807c007d5100001d80000019820000953e00001b
:08808c00258500002d82000093
:020000040000fa
:10809400034b1b680360034b1b684360704700bfbe
:0880a400f4b2002000b300203b
:020000040000fa
:1080ac0003783bb1034600bf13f8012f002afbd124
:0880bc00181a704718467047be
:020000040000fa
:1080c400d0e90f2310b59c1a0165446511b18c42a7
:0880d400c8bf5318c36410bdbe
:020000040000fa
:1080dc0010b4c46a1cb123465df8044b1847006801
:0880ec005df8044b00f03cba02
:020000040000fa
:1080f40008b5fff73dff18b10068c0f38a4008bd1a
:068104004ff6ff70fbe7df
:020000040000fa
:10810a0010b50446fff779fda46b00f0b2f8b4fa93
:06811a0084f0400910bdd5
:020000040000fa
:1081200000f1080343604ff0ff328260c3600361d7
:068130000023036070470c
:020000040000fa
:1081360010b50023c25ccc5ca24202d10133002af6
:06814600f8d1101b10bd72
:020000040000fa
:10814c0037b54ff0ff344ff0ff35cde90045fef762
:06815c0031f903b030bd53
:020000040000fa
:1081620068076c094c836a9074a07ac000806888a2
:0681720000846c82008114
:020000040000fa
:1081780048616e646f766572204163746976650d37
:048188000a0000bf2a
:020000040000fa
:10818c004164766572746973696e672053746174a7
:04819c00650d0a0063
:020000040000fa
:1081a00055736167653a2020545354203c69643efe
:0481b0000d0a0000b4
:020000040000fa
:1081b40008b5821c02490020fdf744fd08bd00bf3c
:0481c400207a00001d
:020000040000fa
:1081c80008b5821c02490020fdf73afd08bd00bf32
:0481d800a06c000097
:020000040000fa
:1081dc0008b5821c02490020fdf730fd08bd00bf28
:0481ec00c874000053
:020000040000fa
:1081f00008b5821c02490020fdf726fd08bd00bf1e
:04820000987400006e
:020000040000fa
:10820400034bd3f8cc3023fa00f000f001007047a0
:048214000004004220
:020000040000fa
:1082180010b5034b1c6bfff7fdfe013c201a10bd87
:0482280010b1002071
:020000040000fa
:10822c0010b5034b1c69fff7e7fe013c201a10bd8b
:04823c0010b100205d
:020000040000fa
:10824000997d000005530000597500009d830000d2
:04825000c57b0000ea
:020000040000fa
:1082540008b54ff6ff710830fff7e2fc003018bf95
:04826400012008bd30
:020000040000fa
:10826800dff80c00016841f47001016070470000fc
:0482780088ed00e0ad
:020000040000fa
:10827c00034a1368013b13600bb983f311887047f1
:04828c0098b4002082
:020000040000fa
:108290002b830000617c0000798500007985000057
:0482a0000b6a000065
:020000040000fa
:1082a40032b1c9b20244034603f8011b9342fbd125
:0482b400704700bf50
:020000040000fa
:1082b80010b50c46fdf7bafd0378e4b2a34218bf27
:0482c800002010bdc5
:020000040000fa
:1082cc00034600bf11f8012b184603f8012b002ab6
:0482dc00f8d170471e
:020000040000fa
:1082e00037b500244ff00045cde90045fef768f8aa
:0482f00003b030bdea
:020000040000fa
:1082f4008b88038590f8243043f0020380f82430ff
:028304007047c0
:020000040000fa
:108306004ff0200383f31188bff36f8fbff34f8fb6
:02831600fee780
:020000040000fa
:108318004ff0200383f31188bff36f8fbff34f8fa4
:02832800fee76e
:020000040000fa
:10832a000a440023914201d10020704701f8013b21
:02833a00f8e762
:020000040000fa
:10833c000d0a5b4545524f525d202573000000bf6e
:020000040000fa
:10834c00446973636f6e6e65637465640d0a000037
:020000040000fa
:10835c0008b5fff709fe034600b10833184608bdff
:020000040000fa
:10836c0008b502490020fdf769fc08bd8c7f0000b0
:020000040000fa
:10837c0010b1024b18605960704700bf5cb200200e
:020000040000fa
:10838c00024b40f204521a80704700bf004000417b
:020000040000fa
:10839c0008b5024b5888fef777ff08bd8cb2002059
:020000040000fa
:1083ac0010b9024b187970470320704730b2002087
:020000040000fa
:1083bc0008b50a24f8f722fc2046fff71bf8f9e76a
:020000040000fa
:1083cc00024a136801331360704700bfe0b200200b
:020000040000fa
:1083dc00494e4600696e66004e414e006e616e005d
:020000040000fa
:1083ec00494e4600696e66004e414e006e616e004d
:020000040000fa
:1083fc0008b500f0c5f800f0c3f800f0c1f808bdee
:020000040000fa
:0e840c0090f8243043f0010380f824307047cc
:020000040000fa
:0e841a004b791bb991f9083080f82a30704771
:020000040000fa
:0e84280008b50020fdf770fefef7e0f8fce757
:020000040000fa
:0e843600a0f14103192b98bf40f020007047c1
:020000040000fa
:0e844400a0f16103192b98bf00f05f00704794
:020000040000fa
:02845200704771
:020000040000fa
:0c845400014b1860704700bf7cb2002094
:020000040000fa
:0c846000014b1878704700bf1db30020ce
:020000040000fa
:0c846c00014b18605960704764b200209a
:020000040000fa
:0c84780008200800080000000d0a3e006b
:020000040000fa
:0c848400014b5888704700bfa0b20020d8
:020000040000fa
:0c849000014b1868704700bf9cb2002030
:020000040000fa
:0c849c00000000000400000000000000d0
:020000040000fa
:0c84a8008c7a0000b47700000000000097
:020000040000fa
:0c84b400014b1868704700bf00b30020a7
:020000040000fa
:0c84c000014b01221a60704704b3002039
:020000040000fa
:0c84cc00014b00221a70704718b300200a
:020000040000fa
:0c84d80010b50446fff7f6fe204610bd6c
:020000040000fa
:0c84e40010b50446fdf740ff204610bd17
:020000040000fa
:0c84f00013460a466ff00041fdf7ccbcbb
:020000040000fa
:0884fc0008b5fff7b3fa08bd53
:020000040000fa
:0885040008b5fbf7c5fc08bd3a
:020000040000fa
:08850c0008b5fcf7f1fd08bd04
:020000040000fa
:0885140008b5fff782fa08bd6b
:020000040000fa
:08851c005a045a0c5e045b14c2
:020000040000fa
:0885240008b5fff76dfd08bd6d
:020000040000fa
:08852c001b5b2564430000bf46
:020000040000fa
:088534001b5b2564440000bf3d
:020000040000fa
:08853c0008b5fff7effafce7b8
:020000040000fa
:08854400546d722053766300b0
:020000040000fa
:08854c0049444c45000000bf4a
:020000040000fa
:08855400286e696c2900250066
:020000040000fa
:08855c0083f00043faf7e0b8d8
:020000040000fa
:07856400286e756c6c290004
:020000040000fa
:06856c004ff0ff307047e4
:020000040000fa
:06857200002303617047c5
:020000040000fa
:048578000020704728
:020000040000fa
:04857c000020704724
:020000040000fa
:048580000020704720
:020000040000fa
:04858400fef70cbc36
:020000040000fa
:04858800704700bf79
:020000040000fa
:02858c00704736
:020000040000fa
:0200000400807a
:044000003912003c35
:020000040000fa
:0200000400807a
:044004008000a82a66
:020000040000fa
:0200000400807a
:04400800ffffffffb8
:00000001FF
