:0200000400807A
:105F8800FFFF000000E00EC438FC745F3B441214AD
:085F98000B0000710200000083
:045FBC0000000010D1
:020000040100F9
:10000000FEFFFFFF01015048434D00000000740057
:100010000000000100020001000200010080020057
:1000200000000000000000000000000000000000D0
:1000300000000000000000000000000000000000C0
:1000400000000000000000000000000000000000B0
:1000500000000000000000000000000000000000A0
:100060000000000000000000000000000000000090
:100070000000000000000000000000000000000080
:100080000000000000000000000000000000000070
:100090000000000000000000000000000000000060
:1000A0000000000000000000000000000000000050
:1000B0000000000000000000000000000000000040
:1000C0000000000000000000000000000000000030
:1000D0000000000000000000000000000000000020
:1000E0000000000000000000000000000000000010
:1000F0000000000000000000000000000000000000
:1001000000000000000000000000000000000000EF
:1001100000000000000000000000000000000000DF
:1001200000000000000000000000000000000000CF
:1001300000000000000000000000000000000000BF
:1001400000000000000000000000000000000000AF
:10015000000000000000000000000000000000009F
:10016000000000000000000000000000000000008F
:10017000000000000000000000000000000000007F
:10018000000000000000000000000000000000006F
:10019000000000000000000000000000000000005F
:1001A000000000000000000000000000000000004F
:1001B000000000000000000000000000000000003F
:1001C000000000000000000000000000000000002F
:1001D000000000000000000000000000000000001F
:1001E000000000000000000000000000000000000F
:1001F00000000000000000000000000000000000FF
:10020000F07F0120297C0101E70C0101AF140101FD
:1002100083410101774C0101B75101010000000049
:100220000000000000000000000000008146020104
:10023000732B01010000000041B90101D534020116
:10024000513402015DC40101475F0101BD5C02013F
:10025000475F0101475F0101475F0101475F0101FE
:10026000475F0101475F0101475F0101475F0101EE
:10027000F1CC0101475F0101475F0101475F0101C7
:10028000475F0101475F0101475F0101475F0101CE
:10029000475F0101475F0101475F0101475F0101BE
:1002A000475F0101475F0101475F0101475F0101AE
:1002B000475F0101475F0101475F010135B301015C
:1002C000553A0101475F0101475F0101475F0101A5
:1002D000475F0101475F0101475F0101475F01017E
:1002E000475F01010000000099BB010108202000C8
:1002F00018F5002000000000000000000920200088
:1003000018F5002000000000000000000A20200076
:1003100018F5002000000000000000000B20200065
:1003200018F5002000000000000000000C20200054
:1003300018F5002000000000000000000D20200043
:1003400018F5002000000000000000000E20200032
:1003500018F5002000000000000000000F20200021
:1003600018F500200000000000000000002032000E
:1003700038F40020000000000000000001203200DE
:1003800038F40020000000000000000002203200CD
:1003900038F40020000000000000000003203200BC
:1003A00038F40020000000000000000004203200AB
:1003B00038F400200000000000000000052032009A
:1003C00038F4002000000000000000000620320089
:1003D00038F4002000000000000000000720320078
:1003E00038F400200000000000000000F8B500BF55
:1003F000F8BC08BC9E4670475DFF0101F8B500BF20
:10040000F8BC08BC9E46704739FF0101984F0000B8
:100410000100000008B5044B186818B1804780F04F
:100420000100C0B208BD00BF68EC002009B9104649
:10043000704780B1037883EA122383EA131343EAF7
:10044000022282EA033282EA431292B200B1013000
:10045000013989B2EAE7FF23EDE72DE9F04F85B0D6
:1004600081460E9E8A46904606B11E4443449CB285
:1004700047465546A74203D1012005B0BDE8F08F9D
:1004800095B36A4610232946484604F059FBBDF847
:100490000420944208D9BDF8063013449BB29F4211
:1004A00002D29C4203D91F46BDF80A50E8E79742A2
:1004B000A4EB020128BFE31B89B234BF0B469BB2F9
:1004C000A4EB030432BFBDF80AB04746D346A4B23A
:1004D00046B110352944F61AC91A324689B248463F
:1004E00004F02EFB5D46C5E72846C6E72DE9F74F29
:1004F000D4889688DFF8588082468B4644F30725D7
:100500004FF6FF77002D03DA384603B0BDE8F08FD1
:100510001AD0A4F580741FFA84F94FF48074CDF8D2
:1005200000802346324659465046FFF796FF38B1C1
:100530003A4621464046FFF779FF2644B6B20746C1
:10054000013D6DB24C46DDE7002CDDD0A146E6E76B
:100550006CEC002010B5094C94F8040104F08EFBFB
:100560004FF40052002194F8040104F0B1FB18B1DB
:100570004FF48073A4F8063110BD00BF68EC002072
:100580002DE9F041094C05460E46174613460A462A
:10059000014694F8040104F009FB3B463246294623
:1005A00094F80401BDE8F04104F0E0BB68EC0020E1
:1005B00003292CD8DFE801F002091B23184BB3F8FC
:1005C00006211044A3F806017047154AB2F8063117
:1005D000184480B2C11C4FF6FC730B40984203D9FB
:1005E0000430A2F806017047A2F8063170470C4AA1
:1005F000B2F806310F33184420F00F00F1E7084A33
:10060000B2F806313F33184420F03F00E9E74FF0DD
:10061000200383F31188BFF36F8FBFF34F8FFEE783
:1006200068EC00204FF0200383F31188BFF36F8F35
:10063000BFF34F8FFEE770B50C4A92F808410023D4
:10064000D9B28C4201D800200BE05D1C9B00D11870
:10065000B1F80961864207D1B1F80B2112B1044803
:10066000184470BDFFF7DEFF2B46E9E768EC002079
:1006700071ED002008B5FFF7DEFF00B1408808BD2E
:1006800010B50446FFF7D7FF40B14FF0200383F3C6
:100690001188BFF36F8FBFF34F8FFEE7094B93F8BD
:1006A0000801020601D5FFF7BDFF421C83F80821AF
:1006B00003EB800203F20913A2F8094103EB800067
:1006C00010BD00BF68EC002008B5FFF7B4FF08B903
:1006D000FFF7A8FF064A92F80831013BDBB282F827
:1006E000083102EB8303D3F80931036008BD00BF72
:1006F00068EC00202DE9F041244CB4F80A33B4F83A
:100700000C6303449BB204F20E37FF2B0546A4F89A
:100710000A3307EB060004F104080AD82A464146CA
:10072000354425F07BF90126A4F80C533046BDE88A
:10073000F081C6F58072414625F070F94FF4807261
:100740003946B4F80601FFF71BFF06460028EDD036
:1007500000214FF48070FFF72BFFB4F80A53B4F870
:100760000C13A5F580750023ADB2A4F80C33A4F8E2
:100770000A53002DDAD0C1F580712A4618FA81F1AA
:10078000384625F04BF9A4F80C53CFE768EC00206D
:100790007FB545F24143ADF806300D4BCDE902304F
:1007A0000C4BC043B3F80E3404904FF6FF72102187
:1007B0000DF10600ADF81430FFF738FE1222ADF847
:1007C000040001A90020FFF7DBFE07B05DF804FB81
:1007D000534E763268EC00202DE9F04F724C94F8BD
:1007E000047100258FB0122309AA29463846A4F8BF
:1007F0001054A4F81254A4F80C53A4F80A5304F0AB
:100800009FF90B9B039394F804310133DBB2012B66
:1008100094BF84F8043184F8045194F80431BB4245
:1008200008D14FF0200383F31188BFF36F8FBFF31C
:100830004F8FFEE7FFF78EFE0028E4D04FF0000A4E
:10084000DFF8708180E004EB8A091023B9F80BB15E
:1008500005AA5946384604F073F90026BDF81C5025
:10086000ADF81A5005AA59463846ADF81860ADF8EB
:100870001E60ADF82060FFF739FE4FF6FF72ADF84D
:1008800014000E2105A8FFF7D1FDF022ADF82200DB
:10089000FF21464825F03EFF05AB03CB1035C8F8D5
:1008A0000000C8F80410B4F80C2303CBB4F80631E8
:1008B000C8F80800ADB21344B5F5807FC8F80C1035
:1008C000A9F80B3119D8394B00933246BDF81C30CA
:1008D00059463846FFF7C1FD50B1B4F80631B4F8B7
:1008E0000C231344A9F80B312846FFF703FF38BB4C
:1008F000002420460FB0BDE8F08F1023B5F5807FAF
:100900002A4628BF4FF48072A2EB03091FFA89F927
:1009100043440292009332464B4659463846FFF70D
:100920009CFD0028E4D00298FFF7E4FE0028DFD009
:10093000029BED1A4E44ADB2B6B20023002DDDD1BC
:100940000AF101035FFA83FA94F8083153453FF640
:100950007AAFB4F80A23FAB9B4F80A030021FFF712
:1009600027FEB4F80631A4F80E34039B581EFFF797
:100970000FFF04460028BBD002210020FFF718FE1D
:100980001222FF2109A825F0C5FE122309AA002181
:10099000384604F00BF9ACE70549B4F80601FFF757
:1009A000EFFD0028D8D1A3E768EC00207CEC002004
:1009B00076EF00206CEC002008B50A4BB3F8063146
:1009C000C3F500539BB283420BD2FFF705FF40B93A
:1009D0004FF0200383F31188BFF36F8FBFF34F8F66
:1009E000FEE708BD68EC00202DE9F84F344E0446C0
:1009F000351D89464FF48072FF21284625F08AFE76
:100A0000E1884FF6FF724846FFF710FD4FF6FF7280
:100A100020800E212046FFF709FD2346E08103CB0D
:100A20007060696003CBA860E960E28802F110079A
:100A3000BFB2B9F1000F07D0B7F5807F17D849468C
:100A400006F1140024F0EAFFE2881E49B6F8060118
:100A5000F02A28BFF022103292B2FFF791FD8046B3
:100A6000E0881030022180B2FFF7A2FD25E04FF0B0
:100A7000000B1020B7F5807F3C4628BF4FF48074F0
:100A8000A4EB000A524609EB0B01284424F0C6FFF0
:100A900022460C49B6F80601FFF772FD804660B1A8
:100AA000204602213F1BFFF783FDBFB20BEB0A0379
:100AB0001FFA83FB0020002FDCD14046BDE8F88FF1
:100AC00068EC00206CEC00202DE9F041674C00251B
:100AD0008EB084F808514FF0FF38FF27122304AA84
:100AE0000021284604F02CF8DDE906637340013349
:100AF00026D19DF81230412B22D19DF81330542B72
:100B00001ED19DF81430532B1AD19DF815304E2B61
:100B100016D19DF81630762B12D19DF81730322B56
:100B20000ED14FF6FF7210210DF11200FFF77EFC7F
:100B3000BDF81030834203D146453CBFB0462F4636
:100B4000E5B1FF2F2CD1002384F804314FF6FF7656
:100B50006FF00105FFF7FEFC90B994F80431013302
:100B6000DBB2012B84F80431F4D94FF0200383F376
:100B70001188BFF36F8FBFF34F8FFEE70125ADE7FD
:100B80002846A4F80E64FFF703FE0028E5D00023F2
:100B900084F80831012384F814340EB0BDE8F081E4
:100BA0004FF48073A4F806313846122309AA0021B5
:100BB00084F8047103F0C4FF4FF6FF77B4F80631F0
:100BC000B3F5005FE6D2BDF83420BA4201D09A42B4
:100BD00017D802210020FFF7EBFC022510236A46FC
:100BE000B4F8061194F8040103F0AAFF6A46102332
:100BF00012F8011BFF291ED1013B9BB2002BF7D13C
:100C0000C8E70025EAE729461020FFF7D1FCD5E721
:100C1000BDF802603046FFF70EFD10B93046FFF711
:100C20002FFDB4F806314380BDF80830BBB930461B
:100C3000FFF74AFD13E03A460E216846FFF7F6FB40
:100C4000BDF80E608642DED16A46B4F8061194F80B
:100C50000401FFF74BFCBDF800308342D8D0BDF84B
:100C600006001030294680B2CFE700BF68EC0020B4
:100C7000034B93F814340BB9FFF726BF704700BF3E
:100C800068EC00202DE9FF478A461646984605463F
:100C900030B12BB1FFF7BEFB044650B1052045E053
:100CA0004FF0200383F31188BFF36F8FBFF34F8F93
:100CB000FEE706F1100080B2FFF77EFE2846FFF740
:100CC000BAFC0746A8B3B0F802901D4D10236A463F
:100CD000494695F8040103F033FFBDF808300AEBEC
:100CE00006029A4227D8B34218BFBDF80C40ADF8AF
:100CF00004A01CBF0134A4B241466846ADF80C40C4
:100D0000ADF80660ADF80A90B5F80641FFF76CFE45
:100D100098B1BDF80C307C80642B4FF0000005D9F1
:100D2000BDF80230A5F81034A5F8120404B0BDE8EF
:100D3000F0870320FAE70420F8E70120F6E700BF78
:100D400068EC002073B50C4615461E46C0B1BBB119
:100D5000FFF790FC80B16319B3F5803F09D20146DB
:100D60000C4800962B46224690F80401FFF775FBCD
:100D700020B9042002B070BD0320FBE70020F9E792
:100D80004FF0200383F31188BFF36F8FBFF34F8FB2
:100D9000FEE700BF68EC00201FB540B94FF020030C
:100DA00083F31188BFF36F8FBFF34F8FFEE7FFF719
:100DB00061FC48B101460648102390F804016A46D8
:100DC00003F0BEFEBDF8080005B05DF804FB00BFEF
:100DD00068EC00202DE9F04F431E14469BB24FF6FD
:100DE000FD7293428BB080460E461DD8B1F5006F60
:100DF0001AD8FFF73FFC00BBFFF70CFB054648BBCA
:100E000006F1100080B2FFF7D7FD8D4B93F9082152
:100E1000002A80F2F7804FF0200383F31188BFF39C
:100E20006F8FBFF34F8FFEE74FF0200383F31188DE
:100E3000BFF36F8FBFF34F8FFEE74046FFF7ACFF66
:100E400086420FD07E4DA5F81084A5F81264FFF7F6
:100E5000E1FA08B105200EE0B5F8120470B9B5F852
:100E600010347BB9002C00F0E68023463246002186
:100E70004046FFF767FF0BB0BDE8F08F103080B23F
:100E8000FFF79AFDB5F81004FFF7D5FB814600285F
:100E9000E8D0B0F802B095F80401102306AA59462C
:100EA00003F04EFEB5F81234EBB9BDF82000103057
:100EB00080B2FFF781FDB5F81004FFF7BCFB814657
:100EC00040B94FF0200383F31188BFF36F8FBFF356
:100ED0004F8FFEE7B0F802B095F80401102306AA80
:100EE000594603F02DFEB5F81224B5F806310493E7
:100EF000BDF8203022B19342ADF8202028BF134620
:100F00000022BDF82010ADF81C20ADF81E10ADF881
:100F10002220ADF824200DF1180CBCE80300DFF806
:100F200024A1686003F11007CAF80410BCE80300AC
:100F3000BFB2B7F5807FCAF80800CAF80C1030D8E5
:100F40000AF11001009195F804015946FFF785FA5E
:100F5000002872D006AB03CBBDF81E206860CAF82B
:100F6000041003CB1032CAF80800CAF80C1092B271
:100F70005146B5F80601FFF703FB00283FF472AFB6
:100F8000BDF81E001030022180B2FFF711FB2C4B80
:100F90000022A3F81024A3F81224049BA9F802301D
:100FA00060E715461023CDF814A0B7F5807FBA4648
:100FB00028BF4FF4807AAAEB030292B20392059AFB
:100FC0001F48134400932A46039B90F80401594696
:100FD000FFF743FA88B31B495246B1F80201FFF705
:100FE000CFFA00283FF43EAF02215046FFF7E0FA67
:100FF000039BA7EB0A072B44BFB29DB20023002F2F
:10100000D3D1C4E7214606A8B3F80671ADF81A801B
:10101000ADF81C50ADF81E60ADF82060ADF8225060
:10102000ADF82450FFF7E0FC38B14046FFF728FB4D
:10103000478002201FE720461DE701201BE700BF75
:1010400068EC00206CEC0020F0B5074685B040B994
:101050004FF0200383F31188BFF36F8FBFF34F8FDF
:10106000FEE7FFF707FB00283FD0FFF7D3F9044660
:1010700000283CD11020FFF79FFC4FF6FF720E2195
:101080006846ADF80020ADF80270CDE90144ADF836
:101090000C40FFF7CBF96B46ADF80E0003CB154DB6
:1010A0006860A96003CB2E1DE860296110223146DB
:1010B000B5F80601FFF764FA68B91022B5F8061111
:1010C00095F8040103F004FE18B902211020FFF77F
:1010D0006FFA012007E002211020FFF769FA384675
:1010E000FFF7F2FA204605B0F0BD0320FBE705202C
:1010F000F9E700BF68EC0020F8B50446FFF78AF96D
:10110000054668BB64B103F0B9FD012003F0B6FDEC
:101110004FF400722946134825F0FCFA002020E025
:10112000114D95F80871E3B29F420CD8FFF754FBBC
:101130000028F3D14FF0200383F31188BFF36F8FA2
:10114000BFF34F8FFEE705EB8403B3F80961304628
:1011500001F02EFE10B93046FFF7B6FA0134E2E78F
:101160000520F8BD71ED002068EC0020014B1860EF
:10117000704700BF68EC002008B5FFF77BFA00302D
:1011800018BF012008BD08B5FFF726FB40B94FF096
:10119000200383F31188BFF36F8FBFF34F8FFEE7F8
:1011A00008BD00BF98F500201C00000000000000F2
:1011B000680200200400000000000000D0F50020BC
:1011C00018000000000000007DF000200100000079
:1011D00000000000F4F80020010000000000000002
:1011E00078F7002004000000000000006C020020DE
:1011F0000C000000000000007CF70020040000004C
:101200000000000018F50020200000000000000091
:1012100038F40020320000000000000080F70020B9
:101220000C000000000000006CF400203000000002
:101230000000000008F70020080000000000000087
:10124000E4F600200C0000000000000010F1002077
:101250000001000000000000F8F300204000000042
:101260000000000078020020500000000000000094
:10127000F5F8002001000000000000008CF70020BD
:101280002400000000000000F0F600200C00000028
:1012900000000000B0F70020040000000000000083
:1012A0009CFA00200400000001000000AAAAAAAADB
:1012B000B8F70020040000000000000068040020CF
:1012C00000E8000000000000BCF700201000000053
:1012D0000000000010F700200800000000000000DF
:1012E000CCF700200C0000000000000090F200206D
:1012F0006400000000000000D8F700201400000087
:101300000000000000F6002028000000000000009F
:10131000ECF70020100000000000000028F600207C
:101320001400000000000000FCF700200400000092
:10133000000000003CF60020280000000000000033
:1013400000F800200800000000000000A0FA0020C3
:1013500004000000010000000400000008F8002064
:10136000080000000000000064F6002028000000D3
:101370000000000010F800200C0000000000000039
:10138000F7F8002001000000000000001CF8002019
:101390000400000000000000F8F800200100000038
:1013A0000000000020F800201000000000000000F5
:1013B000C80200200800000000000000B4F5002072
:1013C0001C0000000000000030F8002008000000B1
:1013D0000000000068EC0020150400000000000080
:1013E00099FA00200200000001000000F80E000041
:1013F0006CF700200500000000000000D002002073
:1014000001000000000000000BF9002001000000B6
:1014100001000000FF000000D80200202C000000A6
:101420000000000038F80020040000000000000068
:10143000040300200400000000000000F9F8002070
:10144000010000000000000018F70020100000005C
:101450000000000008030020100000000000000051
:101460006AF400200200000000000000FAF80020EA
:10147000010000000000000071F7002005000000DE
:101480000000000038F500202000000000000000EF
:101490006AF70020020000000000000080F0002039
:1014A000900000000000000028F700200800000065
:1014B000000000008CF60020140000000000000076
:1014C0009BFA002001000000010000000100000064
:1014D00094FA00200500000001000000020700A6A9
:1014E0002A0000003CF8002004000000000000007A
:1014F00018030020040000000000000040F8002055
:1015000008000000000000001C030020260000006E
:101510000000000048F800200C000000000000005F
:1015200030F70020080000000000000054F8002000
:10153000100000000000000044030020180000001C
:1015400000000000FBF80020010000000000000087
:1015500038F70020080000000000000058F50020C7
:101560002000000000000000FCF800200100000046
:101570000000000064F800200C00000000000000E3
:10158000FDF80020010000000000000070F80020BD
:101590000800000000000000FEF80020010000002C
:1015A0000000000078F800200400000000000000A7
:1015B000FFF80020030000000000000076F7002084
:1015C00002000000000000007EF000200200000089
:1015D00000000000ECF80020020000000000000005
:1015E000B0F90020C000000001000000DF6D020122
:1015F000DF6D0201DF6D0201DF6D0201DF6D0201AF
:10160000DF6D0201DF6D0201DF6D0201DF6D02019E
:10161000DF6D0201DF6D0201DF6D0201DF6D02018E
:10162000DF6D0201DF6D0201DF6D0201DF6D02017E
:10163000DF6D0201DF6D0201DF6D0201DF6D02016E
:10164000DF6D0201DF6D0201DF6D0201DF6D02015E
:10165000DF6D0201DF6D0201DF6D0201DF6D02014E
:10166000DF6D0201DF6D0201DF6D0201DF6D02013E
:10167000DF6D0201DF6D0201DF6D0201DF6D02012E
:10168000DF6D0201DF6D0201DF6D0201DF6D02011E
:10169000DF6D0201DF6D0201DF6D0201DF6D02010E
:1016A000DF6D0201DF6D0201DF6D0201B4F6002083
:1016B000200000000000000002F9002001000000EE
:1016C0000000000040F700200800000000000000BB
:1016D0005C030020080000000000000003F9002067
:1016E00001000000000000007CF800200C00000059
:1016F00000000000EEF800200400000000000000E0
:1017000058F30020500000000000000004F9002001
:101710000100000000000000640300204E000000F3
:101720000000000048F70020080000000000000052
:1017300088F800200400000000000000FCF60020F3
:101740000C00000000000000B40300200C000000AA
:10175000000000008CF800201000000000000000D5
:10176000C003002004000000000000009CF80020DE
:10177000040000000000000078F5002020000000B8
:101780000000000005F9002001000000000000003A
:10179000F4F400202400000000000000A0F8002065
:1017A0000400000000000000C40300203900000015
:1017B000000000000CF90020A4000000010000005F
:1017C00020200001FFFFFFFFFFFFFFFFFFFFFFFFE4
:1017D0000000000000000000000000000100000008
:1017E000FFFFFFFF512563FCC2CAB9F3849E17A710
:1017F000ADFAE6BCFFFFFFFFFFFFFFFF00000000A8
:10180000FFFFFFFF96C298D84539A1F4A033EB2D16
:10181000817D0377F240A463E5E6BCF847422CE102
:10182000F2D1176BF551BF376840B6CBCE5E316B46
:101830005733CE2B169E0F7C4AEBE78E9B7F1AFE0A
:10184000E242E34F4B60D2273E3CCE3BF6B053CC56
:10185000B0061D65BC86987655BDEBB3E7933AAAF2
:10186000D835C65A000400200C000000000000001B
:10187000A4F800200400000000000000ACFA0020E2
:101880000200000001000000700000000C040020B5
:10189000100000000000000050F7002008000000C9
:1018A00000000000A8F80020040000000000000074
:1018B0001C040020040000000000000006F90020C5
:1018C0000100000000000000D4F60020100000001D
:1018D00000000000F2F800200200000000000000FC
:1018E00010F200208000000000000000A0F60020A0
:1018F0001400000000000000ACF80020040000000C
:10190000000000002004002004000000000000008F
:1019100070FA00202400000001000000242322218E
:10192000201F1E1D1C1B1A1918171615141312112F
:10193000100F0E0D0C0B0A0908070605040302011F
:10194000240400201600000000000000B0F8002071
:101950001000000000000000E8F500201800000062
:1019600000000000A4FA00200800000001000000B0
:101970009B7302019B7302013A04002001000000E6
:1019800000000000C0F8002010000000000000006F
:1019900058F70020060000000000000007F90020B2
:1019A00001000000000000003C04002004000000D2
:1019B00000000000CCF4002028000000000000001F
:1019C00008F900200100000000000000D0F800200D
:1019D0000C0000000000000009F9002001000000D8
:1019E00000000000DCF800200400000000000000FF
:1019F0005EF700200600000000000000F4F2002066
:101A000064000000000000000AF90020010000004E
:101A1000000000004004002008000000000000005A
:101A20009CF40020300000000000000064F700205B
:101A30000600000000000000480400201100000023
:101A4000000000005A0400200B000000000000000D
:101A5000E0F800200400000000000000A8F30020CF
:101A60005000000000000000E4F800200800000022
:101A700000000000000000000000000066666666CE
:101A80006666666670B582B04FF088440023C4F87D
:101A9000B030BF4BC4F8B03003F12B43A3F54B1368
:101AA000A3F6AB43C4F8B0300CF085FEB94B0F225F
:101AB0001A60A3F58D3348F60402C3F83021236879
:101AC00013F4805F07D0236813F4404F03D12368D9
:101AD00023F4805323604FF08843D3F8D03013F0C1
:101AE000805F07D04FF08842D2F8D03023F0805387
:101AF000C2F8D0304FF08843D3F8C010A64A116026
:101B0000D3F8D010A54A1160D3F8E020A44B1A6096
:101B10000023A44A1360A44A1360A44A1360A44A91
:101B20001360A44A1360A44A1360A44B1B6F13F400
:101B3000004F1AD0A14B1B6F13F4006F15D19F4BB0
:101B40001A6F984B1A609D4A136F13F4807FFBD075
:101B50009A4B4FF400425A671A46136F13F4807F72
:101B6000FBD1964B6FF480725A67944BD3F8903048
:101B700013F4004F22D0914BD3F8903013F4006F40
:101B80001CD18E4BD3F89020874B1A608B4A00BF34
:101B9000D2F8903013F4807FFAD0884B4FF4004293
:101BA000C3F894201A4600BFD2F8903013F4807F17
:101BB000FAD1824B6FF48072C3F894207F4BD3F834
:101BC000B03013F4004F21D07C4BD3F8B03013F475
:101BD000006F1BD1794BD3F8B020744B1A60774A51
:101BE000D2F8B03013F4807FFAD0744B4FF4004237
:101BF000C3F8B4201A4600BFD2F8B03013F4807F87
:101C0000FAD16E4B6FF48072C3F8B4206B4BD3F8EB
:101C1000D03013F4004F21D0684BD3F8D03013F4F8
:101C2000006F1BD1654BD3F8D020614B1A60634A1B
:101C3000D2F8D03013F4807FFAD0604B4FF40042DA
:101C4000C3F8D4201A4600BFD2F8D03013F4807FF6
:101C5000FAD15A4B6FF48072C3F8D420574BD3F8A3
:101C6000F03013F4004F21D0544BD3F8F03013F47C
:101C7000006F1BD1514BD3F8F0204E4B1A604F4AE6
:101C8000D2F8F03013F4807FFAD04C4B4FF400427E
:101C9000C3F8F4201A4600BFD2F8F03013F4807F66
:101CA000FAD1464B6FF48072C3F8F420434BD3F85B
:101CB000103113F4004F21D0404BD3F8103113F4FE
:101CC000006F1BD13D4BD3F810213B4B1A603B4AB0
:101CD000D2F8103113F4807FFAD0384B4FF4004221
:101CE000C3F814211A4600BFD2F8103113F4807FD4
:101CF000FAD1324B6FF48072C3F8142100230193A0
:101D00004FF088436FF48032C3F8C02003F520639E
:101D10001B6F13F4004F00F03D81284B1B6F03F441
:101D20000063002B0CBF4FF0FF336FF08053234A4A
:101D3000D2F8902012F4004F07D0204AD2F8902019
:101D400012F4006F18BF23F000531C4AD2F8B020E1
:101D500012F4004F07D0194AD2F8B02012F4006FE5
:101D600018BF23F08043154AD2F8D02012F4004F58
:101D700007D0124AD2F8D02012F4006F18BF23F017
:101D800000430E4AD2F8F02012F4004F18E000BFD2
:101D9000556699AA002401448CF7002090F7002092
:101DA00094F7002098F700209CF70020A0F700206F
:101DB000A4F70020A8F70020ACF70020000A004498
:101DC00007D0834AD2F8F02012F4006F18BF23F036
:101DD00080737F4AD2F8102112F4004F07D07C4A5A
:101DE000D2F8102112F4006F18BF23F000734FF0E7
:101DF0008842C2F8D030D2F8E03013F0010F05D19C
:101E00009DF8043043F001038DF804304FF088430F
:101E1000D3F8E03013F0020F05D19DF8043043F001
:101E200002038DF804304FF08843D3F8E03013F00C
:101E3000040F05D19DF8043043F004038DF80430FD
:101E40004FF08843D3F8E03013F0080F05D19DF828
:101E5000043043F008038DF804304FF08843D3F882
:101E6000E03013F0100F05D19DF8043043F010035B
:101E70008DF804304FF08843D3F8E03013F0200F92
:101E800005D19DF8043043F020038DF804304FF065
:101E90008843D3F8E03013F0400F05D19DF80430AB
:101EA00043F040038DF804304FF08843D3F8E0301E
:101EB00013F0800F05D19DF8043043F080038DF8B6
:101EC00004304FF08843D3F8E03013F4807F05D11D
:101ED0009DF8053043F001038DF805304FF088433D
:101EE000D3F8E03013F4007F05D19DF8053043F0BE
:101EF00002038DF805304FF08843D3F8E03013F437
:101F0000806F05D19DF8053043F004038DF805304E
:101F10004FF08843D3F8E03013F4006F05D19DF8FB
:101F2000053043F008038DF805304FF08843D3F8AF
:101F3000E03013F4805F05D19DF8053043F01003C5
:101F40008DF805304FF08843D3F8E03013F4005F8C
:101F500005D19DF8053043F020038DF805304FF092
:101F60008843D3F8E03013F4804F05D19DF8053055
:101F700043F040038DF805309DF8044014F0030F42
:101F800028D04FF088431B6E13F4004F05D14FF655
:101F9000FF7521E04FF0FF33C9E64FF08843186E1C
:101FA000C0F3023019F09AFC002800F01F8104F001
:101FB00001054FF6FF714FF6FE72002D0CBF0D4666
:101FC000154614F0020F07D025F0020504E000BF0B
:101FD000000A00444FF6FF7514F0040F06D04FF0CE
:101FE00088431B6E13F4002F40F0038114F0100F90
:101FF00007D04FF08843D3F8903013F0080F40F02B
:10200000058114F0200F07D04FF08843D3F89030AB
:1020100013F0800F40F0088114F0C00F07D04FF08C
:102020008843D3F8903013F4006F40F00B819DF893
:10203000054014F0030F07D04FF08843D3F89030D9
:1020400013F4004F40F0148114F00C0F07D04FF040
:102050008843D3F8903013F4002F40F01F8114F020
:10206000100F07D04FF08843D3F8803013F4000FDF
:1020700040F02A8114F0600F06D04FF088431B6EA9
:1020800013F4000F40F02E814FF08843C3F8E05066
:1020900003F520631B6AC3F30343A64A137023B1FD
:1020A000A54A136A23F470231362A34B1A6822F41F
:1020B000706222F001021A601A6842F400721A601B
:1020C00001229A601A46136813F0010FFBD19B4A54
:1020D000536823F03003536000200CF077FB4FF07F
:1020E00088431B6C03F44053B3F5005F00F00F818D
:1020F000924C236843F400632360236843F4004355
:1021000023608D4E336A43F00803336201200CF0E4
:1021100083FB092021F098FD894D288020F00401DF
:10212000092022F099FA152021F08EFD688020F018
:10213000810141F40061152022F08EFA182021F06F
:1021400083FDA88020F4804141F40051182022F042
:1021500083FA222021F078FDE88020F0100122206F
:1021600022F07AFA2F2021F06FFD288140F08001C3
:102170002F2022F071FA342021F066FD688140F4AE
:102180008041342022F068FA00200CF030FB00205F
:102190000CF042FB236823F480132360336823F49C
:1021A000706323F0010333600123B3603246136888
:1021B00013F0010FFBD14FF088431B6C03F4405325
:1021C000B3F5005F00F0A7805E4A136823F4004374
:1021D0001360594A136843F0100313604FF08843AB
:1021E0004FF03332C3F8B02002B070BD4FF6FF7528
:1021F000F2E64FF08843186EC0F3024019F06EFB10
:1022000000283FF4F3AE25F00405EFE64FF08843D5
:10221000D3F8900000F0070019F060FB00283FF4AD
:10222000F0AE25F01005ECE64FF08843D3F89000AF
:10223000C0F3021019F052FB00283FF4EDAE25F078
:102240002005E9E64FF08843D3F89000C0F3022060
:1022500019F044FB00283FF4EAAE14F0400F18BF19
:1022600025F0400514F0800F18BF25F08005DEE64C
:102270004FF08843D3F89000C0F3023019F02EFBE2
:1022800000283FF4E1AE14F0010F18BF25F480756B
:1022900014F0020F18BF25F40075D5E64FF08843FF
:1022A000D3F89000C0F3024019F018FB00283FF467
:1022B000D6AE14F0040F18BF25F4806514F0080F93
:1022C00018BF25F40065CAE64FF08843D3F88000B4
:1022D000C0F3025019F002FB00283FF4CBAE25F406
:1022E0008055C7E64FF08843186EC0F3025019F0CE
:1022F000F5FA00283FF4C8AE14F0200F18BF25F4FB
:10230000005514F0400F18BF25F48045BCE60020AE
:102310000CF06CFAECE6094A536843F01003536082
:1023200004201EF0E3FD00200CF084FA00200CF0E5
:1023300072FA49E7F5F80020000A00440040014124
:10234000F0F6002000100142044B5A6842F480026B
:102350005A605A6822F400625A6070470040014196
:10236000174B184A1A60184A1A61184A5A61184AD3
:102370009A61184A5A624FF414029A62164ADA6253
:10238000164A174B17491360516017499160174956
:10239000D160174911611749174A0A6043F6424054
:1023A00048600020C860154848618A61144A154990
:1023B00011605360144B154A1A60154A5A607047F1
:1023C00000600141212200800A14260610320D12FD
:1023D0001C28402006421E3E0600030E30600141CC
:1023E00054760C0E1A270038F7FF4C463832D44E7C
:1023F0003240003044600141544E4C46514B38321B
:1024000060600141383256CE686001411A27544E4F
:102410004C463832C82300BF00BF00BF00BF00BF1A
:1024200000BF00BF00BF00BF00BF00BF00BF00BFB4
:1024300000BF00BF00BF00BF00BF00BF00BF00BFA4
:1024400000BF013B13F0FF03E5D1704708B541F22F
:10245000440103200AF0DAF843F6FF4152200AF063
:10246000D5F847F2080154200AF0D0F848F24E514E
:102470005E200AF0CBF847F2824160200AF0C6F8ED
:102480004CF6170161200AF0C1F84CF617016320E1
:102490000AF0BCF841F2073165200AF0B7F849F2BA
:1024A000072167200AF0B2F847F2824168200AF05B
:1024B000ADF84BF2156169200AF0A8F84BF21561EE
:1024C0006B200AF0A3F841F205316D200AF09EF866
:1024D00049F205216F200AF099F848F207017720A8
:1024E0000AF094F849F61E61E9200AF08FF84FF6D9
:1024F0000171EF200AF08AF840F68321F920BDE847
:1025000008400AF083B870472DE9F74302221146CC
:10251000012333200AF0A8F80C22114601231920C8
:102520000AF0A2F800221146012315200AF09CF8B7
:102530000822104600230A210AF096F807221146C5
:10254000012309200AF090F801231A4619460920B0
:102550000AF08AF800231A46194609200AF084F87E
:102560000F221146012300201DF0A8F800230D22A0
:10257000114618461DF0A2F80122114600234C20F6
:102580001DF09CF80322114600234C201DF096F804
:102590000422114601234C201DF090F84FF40073E3
:1025A00000220C2126200AF05FF814200AF098F887
:1025B000042400250022012311464C201DF07EF842
:1025C000002211464C201DF08CF802460028F7D15D
:1025D0000F214E201DF085F8013C14F0FF04054446
:1025E000E8D1284623F028FA0022534B0AF0F0FCE9
:1025F0000022524B04460D461FF06AFA00220028C2
:1026000000F089804E4B2046294624F023FE4D4B96
:1026100000220AF0DDFC42A3D3E900230AF0D8FC33
:102620000022494B494C04F003FCD4E9042306463C
:102630000F463DA1D1E9000104F0FAFBD4E90223E1
:10264000804689463046394624F004FE02460B4651
:10265000404649460AF0BCFCD4E9002324F0FAFDC8
:1026600033A3D3E9002304F0E3FB1CF025F9002396
:1026700001901A460C21262009F0F6FF022211468D
:102680000023332009F0F0FF0C221146002319200B
:1026900009F0EAFF00231A461946152009F0E4FF65
:1026A0000822104605230A2109F0DEFF0722114601
:1026B0000023092009F0D8FF012211460023092038
:1026C00009F0D2FF00231A461946092009F0CCFF71
:1026D00000230F22114618461CF0F0FF0D22114670
:1026E000012300201CF0EAFF0122114600234C20A8
:1026F0001CF0E4FF0322114600234C201CF0DEFFF7
:102700000422002311464C201CF0D8FF9DED010A45
:1027100003B0BDE8F0830B4B2046294679E700BFA4
:10272000666666666666E63F3D0AD7A3703DDA3F99
:10273000BC5983F755B9603F0000D03F0000E0402E
:102740000000F0400000503F0000F83FE002002091
:1027500070B5A4B0044674220E4607A8002123F0E9
:10276000D9FF5F4B06930A935E4B0C935E4B5F4A17
:102770005F486049604D0E93129303F14643CDE9E3
:102780000420CDE9081003F60D730138CDE910508F
:102790000D90149359485A4B20925A4A5A4D1C9105
:1027A000CDE9150359495A481A93CDE92123594ACD
:1027B000CDE91D13CDE91850516810686B4603C36D
:1027C0009068D168272C03C36BDC0A2C75DA14F1EE
:1027D0000B0F74DC1934B4BF002001204E4B1A7863
:1027E00082427AD01870050124AB002E69D15C19A1
:1027F0000B2214F8803C0F21E52009F035FF14F876
:102800007F3C0B220F21E72009F02EFF24AB1D4453
:10281000072215F87E3C0821FC2009F025FF15F859
:102820007D3C04220521E12009F01EFF15F87C3CC7
:1028300006220721E12009F017FF15F87B3C022250
:102840000321E52009F010FF15F87A3C002203214E
:10285000E72009F009FF15F8793C04220721E72059
:1028600009F002FF15F8783C01220321E22009F06B
:10287000FBFE15F8773C032204210A2009F0F4FE40
:1028800015F8763C0E220F21512009F0EDFE15F8C7
:10289000753C08220E21522024B0BDE8704009F09A
:1028A000E3BE4F2C04DC3B2CCCBF0520042095E775
:1028B000632CCCBF0720062090E703208EE7022080
:1028C0008CE703EB40040B2214F8903C0F21E52029
:1028D00009F0CAFE14F88F3C93E724B070BD00BF26
:1028E0000603033C121202020502023C1414030305
:1028F0000301010A13130303111102020201030B66
:10290000050202460301070E131203030301060D1D
:102910000301050C646902010BF9002047F6FF73FF
:10292000984207D000F307039BB2002207215A20E8
:1029300009F09ABE70477047094A41F62863D35898
:10294000084A12689B1A084A23F07043934205D83C
:10295000064B1878003018BF0120704700207047E0
:102960000020014100030020FEFFFF07D8020020E5
:1029700010B5FFF7C9FDBDEEC00A10EE103A1CB24B
:102980002046FFF7CBFF094B1978204601F00101E3
:10299000FFF7DEFE064A41F62863D358054A03F5E1
:1029A000403323F07043136010BD00BFF8020020D5
:1029B000002001410003002037B5204A1178002390
:1029C00063F3000111701E4A8DF80730137004463E
:1029D00028B1FFF73BFDFFF7B7FCFFF7C1FC22462C
:1029E0000DF10701072000F0F1FF1CB3154D28463B
:1029F00007F00EFED5E90001002200231FF01BFEA8
:102A0000114BB0FA80F040091870104B4FF440326F
:102A10001A604FF088430E4A1A650E4B40F271421D
:102A2000012C9A600CBFFF227F229A6113221A6048
:102A30004022DA6007F002FE03B030BDF802002049
:102A4000D0020020E0020020D80200200003002075
:102A50004C0040E00010014142F27801272009F0CB
:102A6000D5BD0021122009F0D1BD00BF80B588B0CE
:102A700000AFB96011461A460346FB810B46BB8185
:102A80001346FB80FB893B82BB687B61BB893B8330
:102A9000FB887B830E4B1B68FB6110E0FB691B68A6
:102AA00007F1100210469847034683F00103DBB29A
:102AB000002B01D0002306E0FB695B68FB61FB692A
:102AC000002BEBD1012318462037BD4680BD00BF47
:102AD000B4F500201FB504466946008800F0ACF943
:102AE00068B3BDF80230ABB1019B9BB1029BD3B977
:102AF000A2882088CAB1A368BBB16188FEF7C2F87A
:102B0000D0B14FF0200383F31188BFF36F8FBFF371
:102B10004F8FFEE74FF0200383F31188BFF36F8FD1
:102B2000BFF34F8FFEE79847E2E7019BBDF8022015
:102B30000021FEF7A7F8E3E7208800F0C4F904B00D
:102B400010BD7FB56946054600F076F910B9002042
:102B500004B070BDBDF80230A3B1019B93B1029BDC
:102B6000CBB92846FEF718F9019ABDF802100646BF
:102B70002846FEF72FF9022804460ED1B4FA84F055
:102B80004009E5E74FF0200383F31188BFF36F8F0F
:102B9000BFF34F8FFEE79847E3E740B14FF02003C4
:102BA00083F31188BFF36F8FBFF34F8FFEE7334678
:102BB000BDF8022001992846FFF758FF0028DDD113
:102BC000C5E71FB504466946008800F035F910B91D
:102BD000002004B010BDBDF8023093B1019B83B159
:102BE000029B83B96188A288BDF802308818984298
:102BF000EEDCA3682088FEF7A5F8B0FA80F0400963
:102C0000E7E700F029F89847ECE773B5104ADFF8DA
:102C100044C005460E4600236C46BCF8021099429B
:102C200001D800200DE092E8030084E80300D18879
:102C30008D4208D1ADF8065094E8030086E8030001
:102C4000012002B070BD013308329BB2E5E700BF3E
:102C5000EC030001B8F500204FF0200383F3118846
:102C6000BFF36F8FBFF34F8FFEE72DE97F431B4DFF
:102C70008046286823F0BEFD002481462646A145F3
:102C800009D836BB32464146144823F031FB0128AF
:102C90001FD0FFF7E1FF002201A9284623F074FDB1
:102CA00001280DD1019AD8F8003001A99A4208BF35
:102CB000012628460022013423F01AFBE4B2DEE7A5
:102CC0004FF0200383F31188BFF36F8FBFF34F8F53
:102CD000FEE7012004B0BDE8708300BF30F800209B
:102CE00010B5044688B108200BF020FB40B94FF026
:102CF000200383F31188BFF36F8FBFF34F8FFEE77D
:102D0000024B04601A694260186110BDB8F50020DA
:102D100010B5044688B108200BF008FB40B94FF00D
:102D2000200383F31188BFF36F8FBFF34F8FFEE74C
:102D3000024B04601A684260186010BDB4F50020B0
:102D400010B5044608200BF0F1FA28B1034B0480BB
:102D50005A6942605861012010BD00BFB8F50020DB
:102D600000F44063B3F5406F13B514D16946FFF723
:102D70004CFF70B9002002B010BD009B33F8140066
:102D8000FEF762F90134E4B2BDF80430A342F4D88E
:102D9000F0E70024F8E7FEF757F9EBE7034B0022D2
:102DA0009880181DDA801A81DA605EE7B8F5002095
:102DB000054B5B690BB9184670471A88824201D0EF
:102DC0005B68F7E701207047B8F500207FB5184B26
:102DD000184D5E6904464EB90120FEF78DF9314663
:102DE000286813F08BFE002004B070BDFEF784F954
:102DF00024B10021286813F081FEF4E7286823F04D
:102E0000F9FC0646A642EED9002201A9284623F085
:102E1000BBFC012809D1BDF80400FFF7C9FF20B1B0
:102E2000002201A9284623F063FA0134E4B2E9E75D
:102E3000B8F5002030F800202DE97041DFF848C0D7
:102E4000DFF8488085B086460E4600256C46BCF803
:102E50000030AB4201D8002010E008EB05130FCB87
:102E600084E80F00BDF8003073450AD1234603CB38
:102E70003060716003CBB060F160012005B0BDE847
:102E800070810135E3E700BFB8F50020EC020001D6
:102E90001FB50446008800F44063B3F5406F02D1CB
:102EA000002004B010BD6946FFF7C6FF0028F7D028
:102EB000A28863881344BDF802209342F0DC2046C8
:102EC000FFF7D3FEEDE738B5044B1C69054604B99E
:102ED00038BD2368284698476468F8E7B8F50020AD
:102EE00030B585B0044669460088FFF7A5FF002885
:102EF00045D0BDF80230D3B1019BC3B1029BFBB9F1
:102F00002088FEF739F92588E0B9019ABDF802104A
:102F10002846FDF75FFF10F0FD0F2DD04FF0200386
:102F200083F31188BFF36F8FBFF34F8FFEE74FF02E
:102F3000200383F31188BFF36F8FBFF34F8FFEE73A
:102F40009847DDE7A2887AB1A3686BB1618828460B
:102F5000FDF798FE80B14FF0200383F31188BFF393
:102F60006F8FBFF34F8FFEE7019BBDF8022000215A
:102F70002846FDF787FEEDE72088FFF7A4FF05B0A0
:102F800030BD08B5024B186823F034FCC0B208BD50
:102F900030F8002030B5184D89B0002202A928462B
:102FA00023F0F2FB012801D009B030BDBDF80800C4
:102FB00000F44063B3F5406F19D16946FFF725FE71
:102FC0000028EAD00024ADF81640ADF81840079468
:102FD000BDF80430A342E0D9009B05A833F81430B3
:102FE000ADF814300134FFF77BFFE4B2F0E702A83C
:102FF000FFF776FFD1E700BF30F8002030B5044678
:10300000008800F44063B3F5406F85B003D100251C
:10301000284605B030BD6946FFF70EFF054600287B
:10302000F5D0A28863881344BDF802209342EEDCF9
:103030002046FFF755FFEBE700F44063B3F5406F20
:1030400037B518D16946FFF7E0FD054688B9002578
:103050000CE0009B33F81400FEF78EF80028F6D041
:103060000134E4B2BDF80430A342F2D8284603B0DC
:1030700030BD0024F6E7FEF77FF80546F6E700F4DA
:103080004063B3F5406F13B516D16946FFF7BDFD38
:1030900080B9012002B010BD009B33F81400FFF787
:1030A00050FD0028F6D00134E4B2BDF80430A3424C
:1030B000F2D8EEE70024F8E7FFF743FDEAE70388DC
:1030C00003F44063B3F5406F00D07AE50020704709
:1030D0002DE9F04F85B00B78012B05D0042B00F0C3
:1030E000FC8005B0BDE8F08F04460028F9D04D689B
:1030F0002B78012B00F09D805AB2FAB1032BF0D14E
:103100002B79002BEDD168881EF026FE054600289D
:10311000E7D00368002B00F0BA809A79002A00F00B
:10312000B680062A00F09880082A00F09880042AC9
:1031300000F0A1802B6800229A71D2E7AE78002EB1
:10314000CFD1A24BD3F80080D8F800305BB108F1A2
:1031500004020123DEB21F4652F8041B21B10133E1
:10316000082BF7D1BDE70027102024F022F848F8FB
:103170002700964B196851F82730002BB1D0002258
:103180001A605A609A60DA6051F827309E7251F8DE
:103190002760002EA5D0AB88338100233373AB7931
:1031A000F372082024F005F83060884B196891F814
:1031B000F83083B10022AF88D3B203EBC30301EB35
:1031C0008303B07ADB6B23F83070013291F8F8009A
:1031D000D3B29842EFD8336803B300221A605A6022
:1031E000237813F0080F13D113F0020F01D0F27AF5
:1031F0002AB113F0040F11D0F27A012A0ED113F084
:10320000010F0BD101237373304614F0F3F805E07E
:1032100023786FF3C30323700123B37302238DF864
:103220000C303389ADF80E30694B1B6803A8984702
:1032300057E768881EF090FD00283FF452AF1CF05D
:10324000F9F903238DF80C306B88ADF80E30604B24
:103250001B6803A8984744E714F0CCF86AE75A883B
:10326000198800891CF0B2FA07287FF463AF2B6835
:1032700008225A715EE75A88198800891CF0C8FA3A
:1032800007287FF457AF2B6804225A7152E722783F
:1032900012F0010F3FF425AF4C49096891F8F8107E
:1032A00000293FF41EAF002B3FF41BAFAB7B002B7C
:1032B0007FF417AF12F0020F01D0EB7A3BB112F09E
:1032C000040F3FF40EAFEB7A012B7FF40AAF01231A
:1032D0006B73284614F08EF803E74E683378132B8F
:1032E0003FF6FFAE01A252F823F000BF3D330001CC
:1032F000E3300001D53300015134000147350001AE
:10330000E3300001E3300001E3300001E33000016D
:10331000E3300001E3300001E3300001E33000015D
:10332000E3300001E3300001E3300001E33000014D
:10333000E3300001E3300001F7350001B0881EF0F2
:103340000BFD044600283FF4CCAE437B002B3FF43A
:10335000C8AEB37A0F2B0CD0052B0AD0B379062B4D
:1033600018D0082B28D0042B7FF4BBAE1BF03CFCFC
:10337000B7E62368B2799A71154B1B68002B3FF4AE
:10338000B0AE01228DF80C202289ADF80E2003A8E2
:103390009847A6E603681A795AB15A8819880089AD
:1033A0001CF014FA07287FF49CAE236808225A7197
:1033B00097E61BF019FC94E617F0C0F800287FF49C
:1033C00090AE20461BF010FC8BE600BF88F7002073
:1033D00084F70020B0881EF0BFFC0446437B002B1E
:1033E0003FF47FAE0268717A337A03EB01231380D6
:1033F0000268F17AB37A03EB01235380984B1A6881
:10340000037B03EBC30302EB83035B6B5BB10168DC
:1034100009881980037B03EBC30302EB8302536B20
:10342000026852885A80236801221A7196F8FE3089
:1034300093427FF456AE23685A88198820891CF07D
:10344000C5F907287FF44DAE236808225A7148E673
:10345000B0881EF081FC0746437B002B3FF441AE51
:10346000B379152B0CBF4FF0100A4FF0020A3389C5
:10347000002B59D07A4BD3F800804FF0000B3EE080
:1034800001343B7B03EBC30308EB830393F8402039
:10349000E3B29A422CD955F8043F1A7912F0010F81
:1034A000EED11868037C5345EAD15246009922F0C8
:1034B000A7FA0028E4D1E3B203EB43034FEA430C3D
:1034C0007A68624499F80B0099F80A1001EB002120
:1034D00091807868019AB21892F80EE0517B01EB66
:1034E0000E2120F81310127B7B6863449A70C7E7A3
:1034F000B3799B441FFA8BFB33895B4514D9CDF814
:1035000004B00BF10F03F31800933A7BD300991822
:1035100008EB81018D6B91F84030002BE8D0043D21
:10352000002406EB0B09B6E796F8FF30012B7FF479
:10353000D8AD384617F002F800287FF4D2AD3846EF
:103540001BF052FBCDE5B0881EF006FC8046437BA5
:10355000002B3FF4C6AD338943B996F8FF30012BF9
:103560007FF4BFAD40461BF03FFBBAE53C4B1B6808
:103570004FF0000A9B4628E00634BD421ED055F8A5
:10358000043F1A7912F0010FF6D0D8F8042002EBAC
:103590000409125B002AEFD11868037C022BEBD1DF
:1035A0000222009922F02CFA0028E5D106EB0A034A
:1035B000DA7A9B7A03EB0223A9F800300AF1040AB5
:1035C0001FFA8AFA33895345C7D90AF10C03F31855
:1035D000009398F80C20D30099180BEB81018F6BA6
:1035E00091F84030002BE9D03D1F013B9BB207EB27
:1035F00083070024C3E7B0881EF0AEFB0446437B7C
:10360000002B3FF46EAD02685379062B13D0082BC4
:1036100016D0042B7FF465AD0023537103685A88DC
:10362000198800891CF0F4F807287FF45AAD236844
:1036300004225A7155E50023537113F0DBFE50E567
:103640000023537103685A88198800891CF0BEF85A
:1036500007287FF446AD236808225A7141E500BF70
:1036600088F70020704770B5E9B101444FF6FF7349
:1036700048F2084589B210F8014B082284EA030693
:1036800016F0010F4FEA530302F1FF3214BF6B40F3
:103690009BB212F0FF024FEA5404EFD182B28A4289
:1036A000E9D1DB4399B2084670BD10B51378ED2B14
:1036B000144611D15378032B0ED1937853B1012BBB
:1036C0000AD1FFF7D0FF2279E37803EB02231B1A1C
:1036D00018BF0123184610BD0123FBE7F0B50346D0
:1036E00040780622B0FBF2F102FB110212F0FF005B
:1036F0001FD1114E114FDFF848C0CDB20146A9428B
:1037000000D1F0BDDC789A7893F804E002EB042253
:1037100002F1824404F59034013184F800E05C79D0
:1037200094559C79D455DC7902F80C40C9B2063323
:10373000E5E70120E5E700BF01200141022001414A
:10374000032001412DE9F04343780622B3FBF2F652
:1037500002FB163212F0FF0237D102391C4FDFF89C
:1037600074C0DFF874E0F6B203461546C9B2B5423C
:1037700002D11046BDE8F083DC789878012900EB8F
:10378000042080B212D800F1824404F5803893F806
:10379000049088F8009004F1011493F8058084F8EF
:1037A00000809C79C455DC7900F80C40A42808D12D
:1037B000187900F01F00C40648BF60F01F008EF8A3
:1037C00000000135EDB20633D1E70122D1E700BF99
:1037D0000200014103000141D0020020407802387C
:1037E00018BF012070474378042B05D1034BD0F854
:1037F00002201A6001221A71002070476CF7002025
:10380000F8B50F4604460026A1F10805A54202D8E6
:103810004FF0FF3406E02378FF2B13D1230703D1A9
:1038200044F07F442046F8BD24F003031C1DA7424A
:10383000EED95A68013205D15B69013302D114F027
:103840000C0FEDD02378012B0AD16378012B07D11F
:10385000A178621D0A44E01CFFF727FF0028E1D091
:103860000EB1D3E70434A542D0D923680133CDD0BB
:10387000234613F8012BEF2A0BD16378002BF1D1EB
:10388000A378ED2BEED1E378032BEBD1073401269F
:10389000BCE71C46E7E72DE9F04785789DF82060F6
:1038A00004460F469046994603354FF0010A2378A7
:1038B000434508BF89F800A02378092B47D010D8CA
:1038C000072B2ED033D8022B24D00020A74226D994
:1038D0006378023DED1A2DB20233002D1C44E6DC64
:1038E0001DE00D2B27D006D80A2BEED131462046FD
:1038F000FFF728FF11E01A2B23D0552BE5D1A4F5B3
:103900000003A3F5C043B3F5776FDED22046FFF77F
:103910006AFF02E02046FFF761FF0128D6D1BDE82B
:10392000F087002ED1D0204606F035FEF5E7204680
:1039300006F0F2FDF1E7002EC7D0204606F012FE99
:10394000EBE7002EC1D0204606F058FEE5E7002E3A
:10395000BBD02046FFF7C2FEDFE72DE9F7430F4655
:103960009046994630B3164B1A7932B3186800F571
:10397000776600250BE04346CDF800903A46314685
:10398000FFF789FF0546A07804F10A031844B04206
:103990000CD23146FFF734FF10F07F4F0446EAD0D7
:1039A000084B20F07F449C4208BF0125284603B005
:1039B000BDE8F083044E0348DBE78525F6E700BF4A
:1039C0006CF7002000608000706F800013B5134614
:1039D00014460A4601460020FFF7BFFF054B1B793E
:1039E00033B123460DF1070200210120FFF7B5FF97
:1039F00002B010BD6CF700202DE9F0478678089DD5
:103A00009DF824A0894604461746984603360021AF
:103A100023786278FF2FDBB208D1013BDBB2FD2BAC
:103A20002ED828880232214640440AE0BB4227D1E2
:103A3000BAF1000FF5D0062F0CD1072A1CD1A11C1A
:103A4000404621F0EBFF2B889A1C637813442B80AF
:103A5000012115E00B2F01D1042AEFE70C2F01D132
:103A6000012AEBE7102F01D1182AE7E7152F01D122
:103A7000082AE3E7182FEFD02B8802331A442A8054
:103A80006378023EF61A36B20233002E1C4401DD82
:103A90004C45BDD3012914BF80200020BDE8F0872C
:103AA0002DE9FF47074600241448154D154EADF883
:103AB0000E4088464FF001092946FFF7A1FE10F09D
:103AC0007F4F824613D10DF10E030093CDF8049081
:103AD00043463A462946FFF78FFF00289AF802002E
:103AE0000AF10A03184408BF0124B042E4D9012CAA
:103AF00014BF8020002004B0BDE8F0870060800083
:103B0000706F80006F6F8000014608B50620FFF7D8
:103B1000C7FFB0FA80F0400908BD014608B515207E
:103B2000FFF7BEFFB0FA80F0400908BD024B93F9E1
:103B30000030037001207047D002002013B5044606
:103B400001A90B20FFF7ACFF28B9BDF80430238092
:103B5000012002B010BD0020FBE713B5044601A907
:103B60000B20FFF79DFF28B9BDF806302380012008
:103B700002B010BD0020FBE713B504460DF10701AC
:103B80000C20FFF78DFF28B99DF807302370012026
:103B900002B010BD0020FBE7014B1879704700BF51
:103BA0006CF70020014B1871704700BF6CF70020C4
:103BB000014B1868704700BF6CF7002070B50378A0
:103BC000C4B004461F2B3AD8DFE813F020004B00A6
:103BD0000E0239003900390039006E003900400109
:103BE000390039006F016C023900390039009C013D
:103BF000E701910015023900390039003900390018
:103C0000390039001D0248023900C701C58828461D
:103C10001EF0ECFD0246A8B9B74B0093CDE9015068
:103C200004231021EE200CF025FE00220434019222
:103C30000094062305214FF482701FF0FBFC012045
:103C400044B070BD1EF0BCF8E388ADF81230237AA2
:103C50008DF8143004A801238DF8103019F0C6FF38
:103C6000E3E7C58828461EF0C1FD024680B901235E
:103C7000CDE90153A04B009310210423EE200CF05A
:103C8000F9FD002204340192009406230821D2E7B2
:103C900003238DF8103004A82379ADF812508DF865
:103CA000143019F0A3FFECE7C58828461EF09EFDEE
:103CB000024680B90723CDE901538F4B00931021B1
:103CC0000423EE200CF0D6FD00220434019200946F
:103CD00004233021AFE703238DF8103004A82379A3
:103CE000ADF812508DF8143019F080FFECE7037A2C
:103CF000824D012B60D1286800F5DA700CF002FBD0
:103D00002A681378002123F00103137008461FF07E
:103D10000DFC1BF0F5FC2379002B40F08480E38838
:103D2000002861D12278CDE90132754B009302461B
:103D300004231121EE200CF09DFD23798DF8123023
:103D400004F10A06E388ADF814303146237A607A2C
:103D50008DF816301FF0DCFFE389ADF81C30637D71
:103D60008DF8170003F0C003D4F80A000690402B2A
:103D70005ED1234653F8102FCDF81E209B88ADF856
:103D800022302346002553F8160F09909B88ADF882
:103D90002830A38BADF82A3004A8D4F81E300B933A
:103DA00004348DF8105019F021FF01950094202360
:103DB0002A464FF49F713EE72A68137823F00403E4
:103DC0001370022100201FF0B1FB2B6803F508726D
:103DD00003F5107352F8040B10B1C17801299AD081
:103DE0009342F7D1002096E703800223C370237A21
:103DF0008370A38B8381E38BC381238C03822B6825
:103E000093F821200271627D02F0C002402A0ABFAD
:103E1000234653F8221F53F8101FC0F80510421D07
:103E20009B88938089E7002887D01DF0C9FF84E72D
:103E30002B6893F82120022A02D153F8222F9BE706
:103E40000023CDF81E30ADF822309AE7C588284609
:103E50001EF0CCFC024688B90923CDE90153264B5C
:103E6000009310210423EE200CF004FD0022043402
:103E7000019200940A2340F23E31DCE60023837471
:103E800002238DF81030E388ADF8123023798DF8D5
:103E900014302389ADF81630A268A389069204A8CD
:103EA000ADF81C3019F0A2FEE0E7858828461EF028
:103EB0009DFC024688B90C23CDE901530E4B0093BB
:103EC00010210423EE200CF0D5FC002204340192D2
:103ED00000940A2340F23E61ADE606238DF81030CF
:103EE000D4F80630059304A8D4F80A30ADF812507F
:103EF000069319F07BFEE8E7DCB60101040300201D
:103F000010B70101C58828461EF070FC90B9112336
:103F1000CDE90153674B0093024604231021EE20A4
:103F20000CF0A8FC00220434019200940C2340F20F
:103F30003E4180E62379002BF4D1237A9B0605D5F8
:103F400040F64802FB21008818F0AEFF172304A8B2
:103F50008DF8103019F04AFEE4E7858828461EF0F7
:103F600045FC024680B91F23CDE90153514B009314
:103F700010210423EE200CF07DFC00220434019279
:103F800000940223572156E60B2304A88DF8103025
:103F9000ADF8125019F02AFEEFE7C58828461EF04A
:103FA00025FC024688B91223CDE90153414B009309
:103FB00010210423EE200CF05DFC00220434019259
:103FC0000094062340F63E4135E60C238DF8103070
:103FD00023798DF8143004A82389ADF81250ADF878
:103FE000153019F003FEE8E7002204340192009432
:103FF0000A230C211FE600220434019200940423BA
:1040000041F23E4117E6C58828461EF0EFFB024606
:1040100088B91C23CDE90153274B009311210423B8
:10402000EE200CF027FC00220434019200940A23B5
:1040300042F23E11FFE514238DF8103023798DF8FC
:104040001230A26894F90C30ADF8145004A8CDF8E1
:1040500016208DF81A3019F0C9FDE4E78588284646
:104060001EF0C4FB024688B91D23CDE90153124B53
:10407000009311210423EE200CF0FCFB00220434F9
:1040800001920094042342F23E01D4E516238DF8F8
:10409000103004A8E388ADF81250ADF8143019F0D0
:1040A000A5FDEBE700220434019200940A2340F2BC
:1040B0003E71C0E5DCB6010110B70101F0B597B063
:1040C0000378032B04D0012B00F0628117B0F0BD00
:1040D00044682378062BF9D801A252F823F000BFD8
:1040E0007F410001FD400001CD400001CD400001B5
:1040F000CD400001F741000153410001C84B1B783E
:10410000002BE3D0A0881AF027FD04460028DDD05C
:104110008378002BDAD103A9807F0CF0E5FD70B91C
:1041200011AB0DF142020DF13A0120881AF034FE74
:104130000028CBD10121208821F086F9C6E720880C
:104140001DF0F4FE0028C1D10021208821F07CF967
:10415000BCE7B34B1B78002BB8D0A0881AF0FCFC4E
:104160000028B3D08378012BB0D1A0881DF0F8FED1
:104170000028ABD10021A08821F066F9A6E7A37939
:104180003BBBA0881AF0E8FC054600289ED0A28818
:10419000237A03218DF80C10ADF80E2000228DF843
:1041A00011208DF8123003A81AF0FAFC0123EB72EB
:1041B00054F8096F6068A168E268EE60286169617F
:1041C000AA61AB78002B81D10121288821F03CF92C
:1041D0007CE7A188E27904208DF80C00ADF80E1080
:1041E00000218DF811108DF812308DF8132003A8DE
:1041F0001AF0D6FC6AE7A0881AF0AEFC0646002842
:104200003FF464AF4C2022F0D4FF054600283FF471
:104210005DAF04F1780393E803002860A980090CDE
:10422000A971284610F028FD024608285AD0B27716
:10423000B378002B40F0868094F8223013F0010F01
:104240006AD0214651F8087F4E688868C968AF6314
:10425000EE6328646964214651F8687F4E68886877
:10426000C968C5F80770C5F80B60C5F80F00C5F838
:10427000131094F822309B0895F8481063F38701D7
:1042800085F8481094F82230C3F34003C9B263F3B1
:10429000410185F8481094F8221095F8483061F3F0
:1042A000000385F84830234653F8247F5E689868F9
:1042B000DB68C5F81E70C5F82260C5F82600C5F891
:1042C0002A30606BC5F81700208F94F83A10A5F8D3
:1042D0001B0069772946104610F0C0FF284622F0DF
:1042E0006CFFF3E620F094F9024608289FD10523DD
:1042F0008DF80C303388ADF80E3008238DF811306E
:1043000003A81AF04DFC20F083F9024608288ED14C
:10431000284622F052FFD9E6214651F84C7F4E68DC
:104320008868C968AF63EE6328646964234653F8FC
:104330005E1F5B68C5F82E10C5F83230B4F85C30EB
:10434000EB8688E7234653F808EFD3F804C09F684C
:10435000D868C5F838E0C5F83CC02F646864D3F865
:1043600000C05F689868DB68C6F80CC03761706190
:10437000B361214651F8687F4E688868C968C5F8FE
:104380000770C5F80B60C5F80F00C5F8131070E78B
:1043900044682378052B15D0032B7FF497AE23793F
:1043A000002B6FD1638803228DF80C20ADF80E30FE
:1043B00001238DF8113000238DF8123003A81AF074
:1043C000EFFB83E660881AF0C7FB054600283FF440
:1043D0007DAE0121008821F037F8EB7A002B37D130
:1043E00003A9A87F0CF080FCE0B911A928881CF073
:1043F0002BFF00283FF46AAE638804228DF8042066
:10440000ADF8063001238DF8093000238DF80A300D
:104410008DF80B300DEB02001AF0C2FB56E600BF20
:10442000F4F8002028881DF0FFFC638804228DF832
:104430000420ADF8063001238DF8093000238DF8F3
:104440000A308DF80B300DEB02001AF0A9FB3DE6A7
:10445000294631F80C0B1CF0F7FE00283FF436AE6D
:10446000638804228DF80C20ADF80E3001238DF8FE
:10447000113000238DF812308DF8133003A81AF094
:104480008FFB23E6638804228DF80C20ADF80E30F4
:1044900001238DF8113000238DF812308DF8133080
:1044A00003A81AF07DFB11E6F7B50468002605465F
:1044B000ADF800601BF0DEFA26751FF0C9FC236E14
:1044C000DA0505D515F09EF813F054FEAFF3008021
:1044D000B4F898300133A4F8983094F86430012B84
:1044E00064D1236EDB0105D5D4F87831198FD86BF0
:1044F00020F006FBD4F88831DF0109D520461EF0F4
:1045000065FD28B1D4F87831198FD86B20F0F8FA0E
:10451000206EE36E10F0007700F0C3809B00403304
:104520004FF6FC711940D4F87801276FA66F1EF082
:104530001DFDD4E91B2140F272234B4303EB4203E0
:104540002033E36700236367013ED4F87831F61B1C
:104550001E6694F86430012B28D1E3681BB9236EE2
:1045600023F480532366236E13F4505F00F0F4802D
:1045700018021BD511F002F8226E031E22F400026D
:1045800014BF00210721226681B9D4F87821116077
:10459000D4F8782159685160D4F878210A605A60BB
:1045A0001B68002B00F00B811FF01AFD1BF062FA54
:1045B000236E23F03C5323F44C632366D4F88831F4
:1045C00023F08073C4F888311FF042FC236E9B07F0
:1045D00015D51BF04FFA236E23F0020343F00403BA
:1045E00023661FF035FCD4F87821A36D126E1344B6
:1045F000A365284621F0B0F90123C4F87C31236E6D
:104600009F0214D51BF036FA236E23F400132366A1
:104610001FF01EFC204619F055FED4F87831C2B2C6
:104620005A61D4F87831400000F4FF705866236E68
:104630009E0540F1C780B4F84C30002B00F0D280CA
:10464000B4F80A33002B00F0CD80013BA4F80A3304
:10465000002384F89C311BF00DFA236EDA0554BF59
:1046600023F4844323F4864323661FF0F1FB94F87C
:104670009D304BB101AB04225C490195012017F03C
:10468000FAF8002384F89D3094F89E32D4F878012B
:1046900043F0400384F89E32694622F04FFE03B097
:1046A000F0BD10F0010035D0E66F226F203640F2E9
:1046B000722106EB430601FB0266617D59B10322BC
:1046C000B1FBF2F202EB42028A1A12F0FF0F04BFB2
:1046D00006F272260746B6F5004FBFF43AAFB4F8BB
:1046E0004A1040F271224A43963A9642BFF431AFE3
:1046F0009B0040334FF6FC711940D4F878011EF04E
:1047000035FCD4F87821E667136E216F5B1ADB1B4A
:1047100013661EE7626FD4F878019B0003F5987367
:104720004FF6FC71022A01EA030194BF002601261C
:104730001EF01CFCE26FE16E236F7A32334402EB11
:10474000410240F2722101FB0322D4F87811E267A2
:104750000A6ED31A0B66FCE699067FF527AFE27D59
:10476000012A7FF423AFB4F84C20002A3FF41EAF97
:104770001A023FF51BAF10F001FF226E031E42F438
:104780000002226618BF0021B4F84C20A4F80A23C6
:1047900008BF072100297FF409AFD4F87821116000
:1047A000D4F8782159685160D4F878210A605A60A9
:1047B0001B6823B1B4F84C1020F026FDF6E611F08A
:1047C0005BFCF3E658040DD5190405D520461EF010
:1047D000E5FB8DF800003BE7D4F878319B7A8DF843
:1047E000003035E7204622F005FAF2E7A204010185
:1047F0002DE9F041AEB00646154605910027059912
:104800000B78002B00F0FA8000244FF0FF33CDE945
:1048100009430EAB0C9380230B940D930B5D0BB1EE
:10482000252B26D134B1224630461FF0F1FC059BE2
:1048300023440593059B1A78252A40F0D78003F17D
:104840000108CDF81480059803782B2B1AD025D8B1
:10485000202B1BD0232B1DD02A2B27D01AF083FE10
:104860000B90059B1A78303A092A2ED8013305930C
:10487000F7E70134D2E7099B43F0010301300993C4
:104880000590E0E7099B43F00403F7E7099B43F039
:104890000803F3E7099B43F01003EFE72D2BEAD061
:1048A000302BD9D1099B43F00203E7E72B681A1D8F
:1048B0001B682A600130002B05900B9305DA099ADA
:1048C0005B4282F0010209920B93099BDA0744BF15
:1048D00023F002030993059B1A782E2A0DD100229A
:1048E000581C0A9205905A782A2A25D1023305933A
:1048F0002B681A1D1B682A600A9305A81CF0BAFAD7
:10490000059B0390187822F056FA6928039979D00C
:1049100032DC632800F0CB8019DC252800F0D98038
:10492000612853D000234FF0FF32CDF81480099353
:104930000B930A920093D4E01AF015FE0A90059B9F
:104940001A78303A092AD8D801330593F7E7642852
:1049500058D06728E6DC2A4606A81FF04CF9002844
:1049600000F0A180059B5A1C05921B7806AA09A994
:10497000304622F0FBFC38E0702873D015DC6E283E
:1049800000F08C806F28CDD12B46002206A810F0B5
:10499000C7F8002800F08780059B06AA013309A903
:1049A0003046059322F0E0FC1FE075283AD07828C5
:1049B00048D07328B6D1802975D1059B2A68013368
:1049C0000593131D2B60126800237DE02A4606A87C
:1049D0001FF011F9002866D0059B5A1C05921B7820
:1049E00006AA09A9304622F0C1FC04443C44A7426F
:1049F0007ADD3E4B4F221A604FF0FF3738462EB01B
:104A0000BDE8F0812B46012206A810F089F80028A5
:104A100049D0059B06AA013309A93046059322F027
:104A2000A3FCE2E72B46002206A810F079F8002844
:104A300039D0059B06AA013309A93046059322F017
:104A400093FCD2E72B46002206A810F069F850B379
:104A5000059B5A1C05921B7806AA09A9304609F045
:104A60007BF8C2E72B460022F02106A810F058F888
:104A7000C8B1059B01330593DDE9062313430BD130
:104A80001B4821F0D7FA099B009319490B9B02465A
:104A9000304613F0CBFEA8E77823DDE72B463A1922
:104AA00006A814F0EDFD059B013305939EE78029D0
:104AB000F9D1059B013305932B681A1D1B682A60E9
:104AC0008DF8183006AA012309A9304622F050FCBF
:104AD0008BE78029E7D1059B01330593099B009360
:104AE0000B9B04490122D3E7274688E6E8F800201B
:104AF0005C720201627202010C4B13F0FF0F08D0CE
:104B00004FF0200383F31188BFF36F8FBFF34F8FF4
:104B1000FEE7074A934208D04FF0200383F3118841
:104B2000BFF36F8FBFF34F8FFEE7704700C00701E1
:104B300000C00701014B1860704700BF34F8002027
:104B400030B4184C1546184A0C4404EB4030541E3F
:104B5000844208D24FF0200383F31188BFF36F8F94
:104B6000BFF34F8FFEE71C18A24208D24FF020037C
:104B700083F31188BFF36F8FBFF34F8FFEE71944A4
:104B8000B1F5005F08DD4FF0200383F31188BFF318
:104B90006F8FBFF34F8FFEE701461A46284630BCA1
:104BA00020F03CBF00C0070100000801F8B5304DFF
:104BB0000D4405EB403517462A071C4608D04FF038
:104BC000200383F31188BFF36F8FBFF34F8FFEE78E
:104BD00043B94FF0200383F31188BFF36F8FBFF306
:104BE0004F8FFEE7234B5A1EAA4208D24FF02003F4
:104BF00083F31188BFF36F8FBFF34F8FFEE7621906
:104C0000934208D24FF0200383F31188BFF36F8FD4
:104C1000BFF34F8FFEE72144B1F5005F08DD4FF091
:104C2000200383F31188BFF36F8FBFF34F8FFEE72D
:104C3000114B1B6803B1984723071EBF24F00F03D5
:104C400010339CB24FF6F0732340FE18ED1BBE42AA
:104C500004D121F067FE0028FBD1F8BD21F062FEEF
:104C60000028FBD1791938461EF0DAFF1037EEE73D
:104C700000C007010000080134F8002010B5124CF4
:104C8000124B04EB4034A34214D321F04BFE002816
:104C9000FBD1204622F0BCF804F5805421F042FEFE
:104CA0000028FBD1204622F0B3F821F03BFE00287B
:104CB000FBD110BD4FF0200383F31188BFF36F8F3A
:104CC000BFF34F8FFEE700BF00C00701FFFF0701E2
:104CD00037B542B94FF0200383F31188BFF36F8FCC
:104CE000BFF34F8FFEE71F4C0C4404EB40341E48CB
:104CF000431EA34208D24FF0200383F31188BFF371
:104D00006F8FBFF34F8FFEE71319984208D24FF011
:104D1000200383F31188BFF36F8FBFF34F8FFEE73C
:104D20001144B1F5005F08DD4FF0200383F31188D3
:104D3000BFF36F8FBFF34F8FFEE74FF0FF3201924B
:104D40009DB204220DEB0201204620F059FE30B93D
:104D50000434A3B29D42F4D1012003B030BD002041
:104D6000FBE700BF00C007010000080138B5154689
:104D700043B94FF0200383F31188BFF36F8FBFF364
:104D80004F8FFEE7184C194A0C4404EB4030541E78
:104D9000844208D24FF0200383F31188BFF36F8F52
:104DA000BFF34F8FFEE71C18A24208D24FF020033A
:104DB00083F31188BFF36F8FBFF34F8FFEE7CA18DD
:104DC000B2F5005F08DD4FF0200383F31188BFF3D5
:104DD0006F8FBFF34F8FFEE71A46294620F010FE73
:104DE000B0FA80F0400938BD00C00701000008019A
:104DF0002DE9F04F89B00023074601930E4629B9EB
:104E00004FF00008404609B0BDE8F08FD0F844905C
:104E10004C6CA1458BBFB9FBF4F3B4FBF9F304FB75
:104E2000139309FB13438BB12146484620F0A4FE9F
:104E3000B0FBF9F3DBB2092B019304D9B0FBF4F01A
:104E4000C0B20928DCD84FF0020801E04FF0010899
:104E5000FB7AD7F860B0356E726EB6F87010012B21
:104E600002BFFB6BABEB0303C3F3160AF37A18BF65
:104E7000DA46012B08BFF06BB6F8763004BF2D1A66
:104E8000C5F31605B8F1010F67D1AAEB050046027C
:104E90001ED520468B4C0093CDE901211EF0D2FC9B
:104EA0002668DFF824C2348976890299344440F2B6
:104EB0003916B4FBF6F4A5EB0A06E443044406EA0B
:104EC0000C06B442DDE900329CBF2D1A05EA0C0540
:104ED00040F2391CB3FBFCF47B6EDFF8EC91B7F8C1
:104EE0007660B6FBFCF62A44534402EA090203EA60
:104EF00009030134013614441E44B1FBFCF2B7F837
:104F00007000B0FBFCF00132013004EA090406EA4B
:104F10000906AA1AAAEB0000234602EA0902314652
:104F200000EA090021F0B7FC00283FF469AF331B09
:104F30005D024CBFA4EB0A0AA6EB0A0A0BF10304BC
:104F400097F84F300AEA0909A144C9F3160443F05F
:104F500002033C6687F84F3054E75B48AC1840F2D8
:104F6000391C0440B3FBFCF3013323440340039397
:104F7000544BB1FBFCF101311B680093691A0140ED
:104F800012234FF0000802910493C246019B53453F
:104F90007FF638AF049B013B13F0FF0304933FF40B
:104FA0002FAF3B6E059309FB0AF01EF04BFC059BEF
:104FB000B7F870101844444B40F2391200EA030B62
:104FC000B1FBF2F1786E0131ABEB010119405844AD
:104FD00006911840B7F87610B1FBF2F101310144A7
:104FE000194000BFA4EB0B0040020FD50098B0F8A9
:104FF0000AC0B0F808E00EEB0C00ABEB040CB0FB01
:10500000F2F00CEA030C0130604535D3DDE90223F0
:10501000069821F040FC00284ED0009B009A1B8986
:105020005289059840F239111344274AB3FBF1F332
:10503000013323441340A3EB0B03134000F1030B94
:105040005B443B66356EB6F87030746EB3FBF1F3BB
:105050000133EB1A13402C4402931440B6F8763017
:10506000B3FBF1F10131214401EA020303934FF054
:10507000000A4FF0010889E7706C07911EF0E2FB0F
:10508000114B746E05441D4040F23912B6F87000A1
:10509000B0FBF2F00130281A2C4400EA03011C4056
:1050A000B6F87600B0FBF2F001302044029100EA3D
:1050B00003010391079995E70AF1010A5FFA8AFA59
:1050C00064E700BF04040020FFFF7F0038B54FF005
:1050D00088430022C3F8B020A24AC3F8B02002F1EE
:1050E0002B42A2F54B12A2F6AB42C3F8B0209E4968
:1050F0000A6B22F008020A631B6C03F44053B3F5F9
:10510000005F00F0D880984B1A6822F4706222F099
:1051100001021A601A6842F400721A6001229A6051
:105120001A46136813F0010FFBD1904C236843F427
:1051300080132360012009F06FFB012009F057FB69
:105140008B4D298809201FF087FA698815201FF0E8
:1051500083FAA98818201FF07FFAE98822201FF01F
:105160007BFA29892F201FF077FA698934201FF0F4
:1051700073FA04201BF0BAFE002009F04DFB7A4AB6
:10518000136A23F008031362236823F400432360A7
:1051900001201BF0ABFE236823F400632360012091
:1051A00009F014FB2246536A03F00303032BFAD1E0
:1051B0004FF088431B6813F4805F0BD04FF0884397
:1051C0001B6813F4404F05D14FF08842136823F455
:1051D00080531360674B1A684FF08843C3F8C020B0
:1051E000654A1268C3F8D020644A1268C3F8E02008
:1051F000634B1B6803F40842B2F5004F6CD0614B5F
:105200001B6803F40842B2F5004F6FD05E4B1B6879
:1052100003F40842B2F5004F74D05C4B1B6803F4F2
:105220000842B2F5004F79D0594B1B6803F408428D
:10523000B2F5004F7ED0574B1B6803F40842B2F51D
:10524000004F00F08380544B1B7833B1464A116AFB
:105250001B0403F470230B431362434B4FF40842C7
:10526000C3F830214D4A4E4911601A6822F4706229
:1052700022F001021A601A6842F480721A60012258
:105280009A601A46136813F0010FFBD1374B5A6826
:1052900022F030025A605A6842F010025A60324AD4
:1052A000136823F0100313604FF088434FF033323C
:1052B000C3F8B02038BD4FF08842136943F0800333
:1052C00013612A4A536A13F0010FFBD0274A53682F
:1052D00023F01003536016E723F40143284A1360B8
:1052E000214A13674FF40043936788E723F401438F
:1052F000244A13601C4AC2F890304FF40043C2F8AD
:10530000983083E723F401431F4A1360164AC2F81A
:10531000B0304FF40043C2F8B8307EE723F40143C5
:105320001A4A1360104AC2F8D0304FF40043C2F852
:10533000D83079E723F40143154A13600A4AC2F8CA
:10534000F0304FF40043C2F8F83074E723F401431F
:10535000104A1360044AC2F810314FF40043C2F8F7
:10536000183170E7556699AA000A004400400141CF
:10537000F0F600208CF7002090F7002094F7002032
:1053800098F700209CF70020A0F70020A4F7002049
:10539000A8F70020ACF70020F5F800200024014415
:1053A000110000072DE9F04F099F154604468E466F
:1053B0001E46002B40F0CC808A42B2FA82FC4CD9C7
:1053C000BCF1000F0BD0CCF1200801FA0CFE20FA42
:1053D00008F802FA0CF548EA0E0E00FA0CF44FEA4F
:1053E00015491FFA85F8BEFBF9FA210C09FB1AE3EF
:1053F0000AFB08FB41EA03439B452AD9EB180AF153
:10540000FF3004D29B4502D9AAF102002B44A3EB42
:105410000B03A4B2B3FBF9F209FB123302FB08F849
:1054200044EA0344A04516D92C1902F1FF3303D2F4
:10543000A04501D9931E2C44A4EB080443EA004084
:1054400027B124FA0CF400233C607B603146BDE8B0
:10545000F08F5046DBE71346EEE702B9FFDEBCF102
:10546000000F2ED18B1A01264FEA154EAAB2B3FBBC
:10547000FEF8210C0EFB183308FB02F941EA034346
:10548000994561D9EB1808F1FF3004D2994502D94A
:10549000A8F102002B44A3EB0903A4B2B3FBFEF175
:1054A0000EFB11334A4344EA0344A2424ED92C195D
:1054B00001F1FF3303D2A24201D98B1E2C44A41A5E
:1054C000BCE7CCF1200E02FA0CF521FA0EF901FA34
:1054D0000CF320FA0EFE4EEA03034FEA154800FAD9
:1054E0000CF4B9FBF8F11FFA85FE08FB1192180CB9
:1054F00001FB0EF640EA0242964221D9AA1801F1B8
:10550000FF3003D2964201D9881E2A44921B9BB2D7
:10551000B2FBF8F908FB192209FB0EFE43EA02432D
:105520009E450FD9EB1809F1FF3604D29E4502D9EA
:10553000A9F102062B44A3EB0E0346EA004693E7CB
:105540000846E3E74E46F6E74046A4E70B46B6E7D3
:105550008B4206D9002F7ED00026C7E900013046D5
:1055600074E7B3FA83FCBCF1000F0FD18B4201D377
:10557000824209D8841A61EB030E0120002F6DD0FE
:10558000C7E9004E002661E76046F7E7CCF1200E40
:1055900003FA0CF322FA0EF521FA0EF41D4301FA78
:1055A0000CF320FA0EF10B434FEA154A00FA0CF601
:1055B000B4FBFAF91FFA85F80AFB19401C0C09FB29
:1055C00008F144EA0044A14202FA0CF23FD92C1936
:1055D00009F1FF3004D2A14202D9A9F102002C4402
:1055E000641A9BB2B4FBFAF90AFB194409FB08F8E8
:1055F00043EA044188452CD9691809F1FF3304D2E4
:10560000884502D9A9F10203294443EA0040A1EBED
:105610000801A0FB02894945C2464C4602D306D187
:10562000464504D2B8EB020A69EB05040138AFB174
:10563000B6EB0A0361EB040606FA0EFE23FA0CF33E
:105640004EEA030326FA0CF6C7E900369AE7484605
:10565000C6E74B46D9E73E463846F7E63E46F5E60E
:105660002DE9F04F054685B041208B46904621F04C
:1056700049FE044650B9A54B009302460423C221BB
:10568000EE200BF0F7F805B0BDE8F08FEB78C21D07
:1056900005F1040A039205F10B0900F1110600F16E
:1056A0002107002B40F0B280DAF800300360BAF82E
:1056B000043083809AF806308371D9F80030C0F83E
:1056C0000730B9F80430938099F806309371904B05
:1056D0001B681A7882735A79C2735B780374BBF1C2
:1056E000000F00F08D80DBF80030C0F81130DBF8DF
:1056F00004307360DBF80830B360DBF80C30F36023
:10570000AA6D02F5C07204F1310B1368C4F82130A0
:1057100053687B609368BB60D368FB60AA6D02F539
:10572000E07221461368C4F831305368CBF8043076
:105730009368CBF80830D368CBF80C30A86D4122C1
:1057400000F5E873063002F063FAD9F80030236000
:10575000B9F80430A38099F80630A371DAF8003064
:10576000C4F80730BAF80430A4F80B30E21D9AF8F8
:1057700006309371AB6D93F8E430A373AB6D93F87F
:10578000E530E373AB6D93F8E6302374B8F1000FA6
:1057900000F0B580D8F80030C4F81130D8F80430E3
:1057A0007360D8F80830B360D8F80C30F360AA6D95
:1057B00002F5E07221461368C4F8213053687B601B
:1057C0009368BB60D368FB60AA6D02F5C072136872
:1057D000C4F831305368CBF804309368CBF8083004
:1057E000D368CBF80C30A86D412200F5C8730630A1
:1057F00002F00EFA204605B0BDE8F04F21F084BD5E
:1058000010225946304620F085FF79E7D9F800305C
:105810000360B9F80430838099F806308371DAF8B0
:105820000030C0F80730BAF80430A0F80B30C21DC1
:105830009AF806309371AB6D93F8E4308373AB6DD7
:1058400093F8E530C373AB6D93F8E6300374BBF1A6
:10585000000F4ED0DBF80030C0F81130DBF8043018
:105860007360DBF80830B360DBF80C30F360AA6DCE
:1058700002F5C07204F1310B1368C4F8213053688B
:105880007B609368BB60D368FB60AA6D02F5E07231
:1058900021461368C4F831305368CBF8043093685C
:1058A000CBF80830D368CBF80C30A86D412200F556
:1058B000E873063002F0ACF9DAF800302360BAF889
:1058C0000430A3809AF80630A371D9F80030C4F8E8
:1058D0000730B9F80430A4F80B30E21D99F806300F
:1058E00093710B4B1B681A78A2735A79E2735B7839
:1058F0004BE710225946304620F00CFFB7E7102244
:105900004146304620F006FF51E700BF4C660201D9
:1059100018040020424C455F4741505F4556545F94
:10592000434F4E4E45435445440D0A00424C455F9B
:105930004741505F4556545F444953434F4E4E458F
:10594000435445440D0A0000424C455F4741505FB7
:105950004556545F434F4E4E5F504152414D5F5547
:1059600050444154450D0A00424C455F4741505F49
:105970004556545F454E43525950545F5354415419
:1059800055530D0A00000000424C455F4741505FEF
:105990004556545F454E435F494E464F5F52455111
:1059A000554553540D0A0000424C455F4741505F36
:1059B0004556545F52454D4F54455F434F4E4E5FE1
:1059C000504152414D5F524551554553540D0A00C7
:1059D000424C455F4741505F4556545F4558545FC0
:1059E0004144565F5245504F52540D0A000000008A
:1059F000424C455F4741505F4556545F4144565FB6
:105A000054494D454F55540D0A000000424C455F26
:105A10004741505F4556545F54585F4255465F4179
:105A20005641494C41424C450D0A0000424C455FED
:105A30004741505F4556545F5048595F5550444167
:105A400054450D0A00000000424C455F4741505F3D
:105A50004556545F5343414E5F5245515F52454353
:105A600045495645440D0A00424C455F4741505F49
:105A70004556545F4449524543545F4144565F5232
:105A800045504F52540D0A00424C455F4741505F0C
:105A90004556545F504552495F4144565F53594EF5
:105AA000435F4553540D0A00424C455F4741505FE8
:105AB0004556545F504552495F4144565F524550E8
:105AC0004F52540D0A000000424C455F4741505F61
:105AD0004556545F504552495F4144565F53594EB5
:105AE000435F4C4F53540D0A00000000424C455F89
:105AF0004741505F4556545F4144565F5345545F9C
:105B00005445524D494E415445440D0A0000000091
:105B1000424C455F4741505F4556545F5343414EA9
:105B20005F54494D454F55540D0A0000424C455FA6
:105B30004741505F4556545F5452414E534D49546E
:105B40005F504F5745525F5245504F5254494E4750
:105B50000D0A0000424C455F4741505F4556545F77
:105B60004144565F434F4D504C0D0A00424C455F37
:105B70004741505F4556545F504154485F4C4F5326
:105B8000535F5448524553484F4C440D0A0000009F
:105B9000424C455F4741505F4556545F464541542E
:105BA0005552455F45584348414E47455F434F4D29
:105BB000504C0D0A000000BF2DE9F84F9F4E904653
:105BC000336800F1A6020D4653F822203AB192F84C
:105BD0004D20022A03D1BDE8F84F1FF0CBBC0028AE
:105BE00040F08F8093F894327BB1DFF854820C2719
:105BF000336803EBC703D3F8C43143B9336893F870
:105C0000943213B117F1FF37F2D2BDE8F88F9C68D8
:105C1000D3F80090637AD8F80020012B13684FD195
:105C200043F002031360A37B5BB1D8F80020136834
:105C300023F0040313605DBB2046BDE8F84F03F07A
:105C40008FBD236CA3421BD1204612F0FDF8A37B2D
:105C5000002BEAD1D8F80020136843F00403136046
:105C6000A36C33B194F85030DB07204622D513F0F3
:105C700063F8336893F89432002BC6D04B46BCE7E8
:105C800094F85030DA07E5D5204603F035FEDEE71C
:105C9000AC42D1D095F84D30012BCDD1284613F030
:105CA0004BF8AB6A13B128461DF01DFB28460EF0D9
:105CB0001DFBC1E713F040F820460EF017FBD8E7B4
:105CC00043F480431360E36D33F47F430AD02046EE
:105CD00013F032F8A36A13B120461DF004FB2046EE
:105CE0000EF004FB94F85C30002BC2D1B4F85E30A7
:105CF000013B9BB2A4F85E30002BBAD10123637242
:105D0000B7E793F89532002B3FF47FAF0C27336849
:105D100003EBC703D3F82C324BB9336893F89532B1
:105D2000002B3FF472AF17F1FF37F0D26DE79C689C
:105D3000D3F80090637A012B5AD194F84F3058076A
:105D400014D4DFF8FCA0DAF80020536843F0020313
:105D50005360236CA342D34612D1A36C0BB1637F73
:105D600053B9414620460BF0BFFD09E021F0DAF8B7
:105D70000028E6D04B46CFE794F85030D907F0D44E
:105D8000A37BC3B1DBF80020536823F00403536006
:105D9000002D3FF451AFA5423FF44EAF95F84D3082
:105DA000012B7FF449AF95F85030DA077FF576AFD5
:105DB0000023AB7340E7DAF80020536843F0040394
:105DC0005360A36C73B194F85030DB070AD42046BB
:105DD00012F0B2FFA36A13B120461DF084FA2046E8
:105DE0000EF084FA336893F89532002BC2D10CE799
:105DF000134B1A68536843F480435360E36D33F4E4
:105E00007F430AD0204612F097FFA36A13B12046C1
:105E10001DF069FA20460EF069FA94F85C30002B08
:105E2000E0D1B4F85E30002BDCD0013B9BB2A4F88B
:105E30005E30002BD6D101236372D3E70804002023
:105E4000040400202DE9F04F8FB0002507290646F5
:105E50008DF80B5001D0152942D10132A1F105096D
:105E600003A804A904921FFA89F920F053F904A9A0
:105E70000DF10E0020F04EF94A4604A90AA820F0C0
:105E80003BFBBDF80C40002C00F0F580BDF80E3057
:105E9000A342C0F0F480747AE00739D406AB0193D2
:105EA0005FFA89F905AB00934A460AABBDF80E10BC
:105EB000BDF80C0011F0B6FB0446002800F0E280AB
:105EC000059B3088DA7B01210EF080FE1FFA80F8F6
:105ED000B8F1000F4CD0ADF80C400024254604E08A
:105EE000ADF80C502C464FF004089DF80B3063B908
:105EF000B8F1000F40F0D0802A46214630461FF00E
:105F000048FB10B1284621F0EDF90FB0BDE8F08F45
:105F1000B37AD907C2D514F00C0F10D000247472D4
:105F20004FF4827021F0EEF90028B7D010220270F1
:105F300032888280847104211EF0B6F8AEE75B4B94
:105F4000B9F1020F1B88ADF81C3009D14A4607A9E8
:105F50000AA81FF055FD18B944F0080474729DE7B3
:105F600044F00404002574724FF012082C46BCE77C
:105F7000059B9A7B920769D49DF80B30002BACD11E
:105F8000B08821F085F9054600287FD0059B9B68E5
:105F9000B3F800B00BF1020A00F11003092104A8C4
:105FA0001FFA8AFA049320F0F9FF5FFA8AF104A835
:105FB00020F0F4FF214604A820F0F6FF059B9A6824
:105FC0005968128804A820F0A1FA0BF1040B2746A7
:105FD000069AD1894FF6FF7291421FFA8BF484D052
:105FE000B28804EB0A0B93453FF77FAF06AB781CF2
:105FF000019305AB80B200934A460AABBDF80E1080
:10600000ADF80C0011F00EFB0746002842D0059AAF
:10601000917B8B073FF569AF916809880231514543
:106020007FF463AFD27B308801210EF0CFFD0028D2
:106030007FF45BAF394604A820F0B6FF05998A6863
:106040004968128804A820F061FAC1E707933388F1
:10605000ADF820300DF10B01082307A8ADF8224060
:10606000ADF824808DF8263015F060F8002883D034
:106070004446804632E725464FF0010835E70025C3
:106080002C46F9E705464FF00A082EE704464FF084
:1060900011082AE7804628E75FFA88F3BDF80C204C
:1060A000082130460FF0CAFD2FE700BFDA72010168
:1060B00070B5046894F86520132A054640D002D8CC
:1060C000122A0ED070BD403A022AFBD8102901D006
:1060D0001229F7D1D4F878010021BDE8704021F0F1
:1060E0002DB9112937D01BD81029EBD10026204615
:1060F00084F82C6021F054F828461FF077FA2046E7
:1061000020F076F83146204601F0A4F8204620F031
:10611000DDFB284611F064FF132384F86530D1E7D6
:10612000122908D08129CDD1002281212846BDE83D
:10613000704010F04FBC2846BDE870400DF024B808
:10614000212900F0CC8016D81229F4D009D81029C2
:1061500046D01129B6D128460121BDE870401AF079
:10616000C7BA1629AED31729E5D92029AAD1BDE887
:10617000704016F0B5B8242900F0B18010D822295B
:1061800058D023299ED120461DF0F2FF28461EF04C
:10619000D0F9002896D12846BDE870401CF0E8B838
:1061A0008129C1D0822900F0AC8025298AD119F03B
:1061B00061FC236E23F0400323661DF049FE284650
:1061C00018F0E2FF20461CF0B9FE68B319F052FC4B
:1061D000236E23F480332366BDE870401DF038BE83
:1061E000494B002684F82C601A6866F39A621A609C
:1061F0001A6866F359621A60204620F0D1FF2846DB
:106200000FF00CFA28461FF0F1F9204617F01EFF98
:106210003146204601F01EF8204620F057FB284664
:10622000BDE8704011F0DCBE19F024FC236E43F48D
:106230008033D0E7236E13F0100203D0D4F8FC2291
:10624000812174E784F808231A0709D519F012FC94
:10625000236E23F4005323F0080323661DF0F8FD9A
:10626000D4E9BF21284605F087FA94F8AC31032B16
:10627000284626D1E37D23BB1EF05BF900287FF47E
:1062800021AF237D1BB994F8092302B1E38228468C
:106290001CF06EF8236E5B067FF514AF00212046DC
:1062A00017F0ACFE80B119F0E5FB236E23F040033C
:1062B00023661DF0CDFD2846FEF7F6F80023E382A5
:1062C00000E71EF03BFEDCE719F0D4FB236E23F45D
:1062D000F81323F4006323661DF0BAFDEEE719F00E
:1062E000C9FB236E43F4806323661DF0B1FD28468D
:1062F0001EF01FF900287FF4E5AE20461DF038FFA0
:1063000049E7002213E700BF303401412DE9F04F87
:106310000D4689B00821044691461CF0DDF8804600
:10632000002875D104F1540009F0ECFF032D6FD95A
:1063300099F80170023DADB21FFA87FBAB4567D8F3
:1063400094F84430F02B09F1020919D120461FF0CE
:10635000FDFC4FF4827020F0D5FF0646002857D090
:106360000523037023888380877105812A46494667
:106370000A301FF053FB042130461DF095FE47E024
:10638000F52B40F09C80B5FBF7F64FF6FF7307FB4B
:106390001656ADF80630002E40F08980284620F0D1
:1063A000B1FF8046002840F08080E28FBDF80630C3
:1063B0009A4211D84FF4827020F0A4FF60B1228875
:1063C00082800F220270002282710281012280F8F5
:1063D000FF2004211DF068FEB8F1000F61D1BDF867
:1063E0000630E28F9A4266D901339BB2A387ADF89B
:1063F000083042F6030102230DF10D00ADF80A202A
:106400008DF80C3020F082FF02A9204610F04EFCDF
:1064100009B0BDE8F08FABF105020AF1050192B2B7
:10642000494402A820F076FF0AF1030149440DF126
:10643000060020F0ADFD7A1F216C02A81FF0E0FAE3
:1064400040B908EB06003A4609EB0A011FF0E6FAEC
:106450005E44B6B2DA441FFA8AFA0AEB07039D4299
:10646000D9DA002EA1D04FF4827020F04BFF054600
:10647000B8B1238883800F23037087710681324669
:1064800041460A301FF0CAFAE38FBDF80620934256
:106490008CBF0023012385F8FF30042128461DF01E
:1064A00003FE404620F030FF99E7B246D5E7E38F80
:1064B000ADF8063079E720461FF048FCA8E7F12B3D
:1064C000A6D1B5FBF7F307FB1353002B38D1E91B1B
:1064D00049440DF1060020F05BFDE28FBDF8063067
:1064E000511E8B4232D201339BB2A387ADF80830E4
:1064F00042F6030102230DF10D00ADF80A208DF8DC
:106500000C3020F003FF02A9204610F0CFFB4FF023
:1065100000084FF4827020F0F5FE064600283FF494
:1065200077AF03230370238883808771058125B1AA
:106530002A4649460A301FF071FA86F8FF801AE7AA
:10654000E38FADF8063045464746C6E70023E363D0
:1065500084F844304FF00108DBE700BF2DE9F04339
:106560000446C3788E4A806D617CA57A95B004AEEE
:10657000002B63D112688DF82010012192F8009051
:1065800092F80580B2F801E0B0F8E470B0F82CC0E1
:10659000D0F8E6208DF8221002218DF82150ADF8B8
:1065A0002A708DF823908DF82480ADF825E0ADF8A1
:1065B00027C08DF829100B9200F5C07708ADFA5C62
:1065C000595D4A40F2540133102BF8D10CAA3146E0
:1065D0006F300CF031FBE178231D04F10B02002930
:1065E00040F08A8018689B88ADF824301368CDF895
:1065F00026309388ADF82A300B9108900CAB08A98F
:1066000010251A7811F8010B013D424015F0FF05E5
:1066100003F8012BF5D1A06D10AA0CA96F300CF076
:106620000BFBA76D102207F5B87110A81FF0E8F951
:1066300090B30421204610F0E9FC5AE013688DF86D
:106640002110012193F800E093F805C0B3F8012070
:10665000D0F8E470838DB0F8E8808DF82210022124
:106660008DF82050CDF82370ADF82E30ADF827808E
:106670008DF829108DF82AE08DF82BC0ADF82C206C
:10668000002300F5E07708ADFA5C595D4A40F2540A
:106690000133102BF8D199E707F5E0723346106803
:1066A0005168ADF8045007F5C07203C31068516813
:1066B00006AB03C307F17F02314607F16F00CDE956
:1066C00002550CF0B9FAA16D20467F3119F09EFAFF
:1066D000204607F041FFA36D20887F3301AA02A95D
:1066E0001CF01BFDA36D2A467F33294620460FF080
:1066F00057FA15B0BDE8F08310689288ADF82420F1
:106700001A689B88ADF82A300023CDF826200B9319
:1067100008900CAA08AB1025117813F8010B013D65
:10672000414015F0FF0502F8011BF5D1A06D10AA3C
:106730000CA96F300CF080FAA76D102207F5D87104
:1067400010A81FF05DF900287FF473AF07F5E07221
:1067500033461068516807F5C07203C3106851686A
:1067600006AB03C307F17F02314607F16F000CF05F
:1067700063FAA16D20467F3119F048FAA36D2A46CD
:106780007F33294620460FF00BFAA16D204601F514
:10679000C07116F027FA204607F0DEFEA9E700BF19
:1067A0001804002030B591EA030F00F18280841AAA
:1067B00071EB030C05D2121953EB0C03001B71EBA8
:1067C0000C0140F2000CCFF6E07C1CEA430F52D0E3
:1067D000BCEB410F5FD90C0DA4EB135E5FF0010C15
:1067E0006CF31F516CF31F53DEF1200C2AD303FA14
:1067F0000CF5401941F1000122FA0EF5401923FA77
:106800000EF5694112FA0CF2CD0208D349085FEA8D
:1068100030005FEA320228BF42F001020134013C3D
:106820005FEA500C72F1004250F1000051EB04514C
:106830004FF4001313EB410F38BF30BD6FF313015A
:10684000002030BDBEF1200EBEF1200F1ED223FA73
:106850000EF5401941F10001CEF1200C124218BF93
:10686000012203FA0CF52A43CEE711EA5C0F04BFBC
:106870000020002130BD1CEA410F04BF01F000419F
:10688000002030BD01F00041002030BD21F4801116
:1068900001EB045130BD004218BF41F00101BCEBD7
:1068A000410F08BF30BD4FF0FE4141F47801002098
:1068B00030BD83F00043841A71EB030E07D28EF0D3
:1068C000004E001B71EB0E01121953EB0E0340F248
:1068D000000CCFF6E07C1CEA430FC6D0BCEB410FA6
:1068E00072D90C0DA4EB135EC90241EA5051C002EB
:1068F00041F00041DB0243EA5253D20243F000432D
:10690000DEF1200C41D312FA0CF522FA0EF203FA52
:106910000CF542EA050218BF42F0010223FA0EF319
:10692000801A9941E30AC4F30A0411F0404F03D4DA
:1069300018D0013C40004941013C23D44205C00A23
:1069400040EA4150C90A51EAC3715FEA500C72F142
:10695000004250F1000051EB045130BD01002FD036
:106960000020203C0029F9D0B1FA81FCDCF1200E96
:1069700011FA0CF130FA0EF510FA0CF02943A4EBE1
:106980000C04D9E70020D90730BDAEF1200EBEF1CE
:10699000200F0DD2CEF1200C03FA0CF533FA0EF3D2
:1069A0002A4318BF43F00103C01A61F10001B9E79F
:1069B00021F00041C00A40EA4150C90A01EB0451EC
:1069C00030BD0020002130BD004218BF41F0010160
:1069D000BCEB410F7FF467AFBCEB430F3FF463AFF9
:1069E00030BD70472DE9F04F05468FB00F460026A9
:1069F000BB5DAB550136202EFAD13C464FF0000866
:106A000054F82C0FCDF82080616809ABCDE90688D9
:106A100003C3A068E16803C306AA20691860114691
:106A2000334610461DF07EF806AA834629462846BE
:106A30001DF078F8BA4683445AF8300FDAF804109B
:106A400009AB03C3DAF80800DAF80C1006AA03C38E
:106A5000334611461046CDF834801DF063F85FFAD6
:106A60008BFB834406AA294628461DF05BF83B466B
:106A70005FFA8BFB834453F8200F01935968CDF8DC
:106A80002C800DF11809A9E803003A469868C9F866
:106A9000000052F8380F049251680CABCDE9098818
:106AA00006AA03C33346294628461DF03BF85FFA81
:106AB0008BFB3A465844C3B252F8240F05935168F1
:106AC0000292BB4606AB03C39068C9F800005BF8AE
:106AD000340FDBF8041009AB03C3DBF808001860BF
:106AE00003937B6B0C933B6A0D9306AA33462946AE
:106AF00028461DF017F8059B6168CDF82C801844D6
:106B0000C3B22068059306AB03C33B6AA0680C932D
:106B1000BB6AC9F800000D9306AA334629462846E9
:106B2000CDE909881CF0C8FB059BDAF80410181A97
:106B3000C4B2DAF8000006AB03C3DAF80800DAF8EA
:106B40000C1003C37B6A0C93FB6A0D9306AA3346B1
:106B500029462846CDE90A881CF0AEFBDBF8041074
:106B6000019A241ADBF8000006AB03C3DBF8080027
:106B70005168C9F80000106809AB03C3039B906813
:106B800018603B6B0D9306AA334629462846CDF87C
:106B900030801CF091FB049AE4B25168241A10680A
:106BA000029A06AB03C310685168C9F8008009ABAC
:106BB00003C3039B906818607B6B0D9306AA334652
:106BC00029462846CDF830801CF076FBE4B2241A22
:106BD00064B244450F4E10DB34B9202229463046BA
:106BE0001DF06EFC012812D020233246294628468B
:106BF0001CF062FB241A64B2EEE7202332462946D9
:106C000028461CF08FFF044464B2002CF5DB0FB063
:106C1000BDE8F08F10F900202DE9FF470478012C22
:106C2000054600F0A0802CB1032C00F0E48004B0F5
:106C3000BDE8F0878478002CF9D1794ED6F800A011
:106C40000AF1100353F824705FFA84F977BB8820A7
:106C500020F058FB04F104084AF82800336853F880
:106C60002800B0B1882239461FF054FD3368A400D3
:106C7000234417211A6991801B6983F802903368B5
:106C80001C440122236983F885202369DF6423697A
:106C90001F65336853F8284064B9624B00930022A3
:106CA00004239221EE2009F0E5FDC0E70134082C11
:106CB000C8D1F2E7AB882380AA79E378002A31D1E2
:106CC00043F02103584FE3703A68D2F80080E37A2A
:106CD000B8F1000F29D1980043B120F013FBE06018
:106CE00020B13B681968474600293AD1B4F85C30B6
:106CF000A178216640F2014203F0F8031343A4F89F
:106D00005C30B4F87430A16703F0F8031A433368B9
:106D1000A4F87420DB68002B89D0284604B0BDE8B5
:106D2000F047184743F01103CCE798F810201344BC
:106D3000E372D8F80080CAE788689B0030F822C068
:106D4000E06820F803C0E068034401325F80D2B2FB
:106D5000087C02EB08039042DBB2EDD80968984644
:106D6000C2E70022F4E7458828461CF06FF8064683
:106D700050B9CDE901542D4B0093024604239321D1
:106D8000EE2009F077FD52E700881FF0F8FF60B3AE
:106D90004FF4827020F0B6FA40B1112202703288AE
:106DA0008280B27A827104211DF07EF94FF48270E4
:106DB00020F0A8FA0446C0B1F07A800020F0A2FAD0
:106DC000054690B11223237033882381F37AA3728E
:106DD0006060F27AF16892001EF020FE20460421E5
:106DE0001DF062F9284620F08FFAB07804B0BDE8B3
:106DF000F0470FF08DB90379002B7FF418AF458869
:106E000028461CF023F8024628B9084B0093CDE928
:106E100001540423B3E7012380F8843007E700BF5F
:106E20001C04002004E90101140300201EE90101F3
:106E3000F0B581EA030E0EF0004E40F20007CFF6E7
:106E4000E07717EA41051EBF95EA070F17EA4304EA
:106E500094EA070F00F0C5806D0DA5EB545707F5B8
:106E600080674FF0004646EAC12444EA5054C0020D
:106E700046EAC32343EA5253D202801A9C4104D209
:106E80000018644180185C41013F5B084FEA320200
:106E90000025002140F001004FF0070604E0801AB1
:106EA0009C4136D340416441801A9C4136D34041D5
:106EB0006441801A9C4136D340416441801A9C4110
:106EC00036D340416441801A9C4136D340416441ED
:106ED000013E17D0801A9C4136D340416441801A4C
:106EE0009C4136D340416441801A9C4136D3404195
:106EF0006441090201EB156190EA052520F0FF00CD
:106F00004540CCE7801A9C4156D335E080185C415F
:106F1000C8D20018644180185C41C8D2001864418E
:106F200080185C41C8D20018644180185C41C8D206
:106F30000018644180185C41C8D200186441013EC9
:106F400017D080185C41C8D20018644180185C4199
:106F5000C8D20018644180185C41C8D2001864414E
:106F6000090201EB156190EA052520F0FF0045407C
:106F7000CCE780185C411FD3420918BF44F00104DC
:106F8000490101EBD56100F01F0000EB451021F431
:106F9000801141EA0E01013041F10001244208BF95
:106FA00020F00100B7F5006F3EDA013F49DD01EB4B
:106FB0000751BDE8F0407047490101EBD56100F091
:106FC0001F0000EB451021F4801141EA0E01B7F5D6
:106FD000006F29DA013F34DD01EB0751BDE8F040D5
:106FE0007047004218BF41F00101124218BF43F040
:106FF0000103B7EB410F2CBFB7EB430F1CE0B7EB1E
:10700000410F04BFB7EB430F16E017EA410F04BF6F
:1070100017EA430F10E017EA410F12D017EA430FA7
:1070200002D0B7EB430F0CD04EF0FE4141F470019B
:107030000020BDE8F04070474FF0FE4141F4780178
:10704000F6E77146F4E770472DE9F04FBBB0DFF883
:1070500000A20692126801928A6E1344019A12FAF3
:1070600083F9031F029300F12C038B46099300263A
:10707000029B53F8047F0293002F64D07B6E05932C
:10708000FB7AD7F86080BBF87620B7F87040B7F885
:107090007650012B04BFFB6BA8EB030840F23913B9
:1070A000B2FBF3F2B4FBF3F402F1010204F10104C8
:1070B00014440392B5FBF3F5BBF87020B2FBF3F276
:1070C00005F1010502F1010215440492059A08BF79
:1070D00008EA0A08424402EA0A021544BA6CA8EB1C
:1070E000040404EA0A0405EA0A05002A61D13A6C9C
:1070F00097425ED1786C1CF0A5FB40F239130890E2
:10710000079300BFA4EB09035B020BD484EA0903D5
:1071100013EA0A0F06D0182E14D0099B029A934244
:10712000A6D110E04B46019A294620461FF0B3FB3A
:10713000E0B13AAB03EBC6030136F6B2182E43E9D1
:10714000304513D11826449B721E1E700AA80021D8
:107150001CF032FF00230A981A464499097891429C
:1071600037D8459A13703BB0BDE8F08F7B7F002B7A
:10717000D1D0089BB7F87040B7F876509844079B79
:10718000B4FBF3F4039B01341C44079BB5FBF3F5FC
:10719000049B01351D44059B08EA0A08434403EAA1
:1071A0000A03A8EB04041D4404EA0A0405EA0A05DC
:1071B000A8E74B46019A294620461FF06CFB0028A1
:1071C000A9D03AAB03EBC603013643E93045F6B22A
:1071D000A1E75AB906990C68211A4D0206D54699BD
:1071E00001EBC301C1E900400133DBB244990978E6
:1071F00001398A4202F1010413DA3AA901EBC20112
:1072000051F8BC6C3AA901EBC40151F8C05C711B88
:10721000490206D5469901EBC301C1E90065013376
:10722000DBB24499097801398A420FD13AA901EBBE
:10723000C20252F8BC1CA1EB0902520206D5469AC2
:1072400002EBC302C2E900190133DBB2E2B284E708
:10725000FFFF7F00F8B5037E7E4D022B044621D14F
:107260001FF0A2FDD4F8A0307BB92376236E23F063
:10727000805323664FF00003A4F829302B69236361
:107280004FF48073A4F8233011E094F8A8214AB198
:107290001B7903F03003102B04D100232376C4F8AC
:1072A000A030E3E7217E0029E0D002295BD0204610
:1072B00012F07CFC94F8671084F82B0094F82A00F4
:1072C00019F09AF8D4F88830D4F87811D4F89420CA
:1072D0001844C4F8880094F86430D1F8B010012B39
:1072E00040F2712303FB01F340F09F809A4238BFC4
:1072F0009B1AD4F88C2028BF00239042226E80F085
:107300009180984280F08E80D10040F186800123E8
:1073100084F8293042F04002226618F0ABFB216B62
:10732000E8681BF00BF8EB6894F82B205A7094F87F
:10733000253094F82910EA68DB0043EA011394F839
:1073400024100B4394F8261043EA810313701CF0B9
:107350007FFD236E13F0200203D143F02003E2757A
:1073600023660020F8BDD4F8A02013895689F61AA8
:10737000236E23F080532366002384F82930137989
:1073800003F03000102829D112891ABB03F003033F
:10739000012B1FD084F82410D4F8A020B4F89E113B
:1073A00013890C331344B14223631ED310681FF0BA
:1073B00091FBD4F8A0301B7903F03003102B074663
:1073C0001ED160681FF086FB27B3236E43F0805305
:1073D00023660FE0012384F82430DDE7032384F8DB
:1073E000243020460EF078FFD6E7236E43F080531A
:1073F00023660E4684F82A6020461FF0CEFC56E72E
:10740000A0681FF067FB94F8A831002BDCD0002F98
:10741000DBD1EFE70028D8D1ECE794F82130002B3E
:107420007FF478AF22F0400276E79A4238BF9B1A89
:10743000D4F8902028BF00239042BFF46EAF98424A
:10744000BFF46BAF236EDB0044BF012384F8293007
:1074500063E700BFE8F5002010B5C2B0044603782A
:10746000172B1ED8DFE803F00C1F31363B5C61663A
:107470006B70757A7F84898E93989DA2B1B6BBC0DC
:1074800018215C480AF014F8A2885B4B9A820B23FF
:107490008DF8043000231A4601A95848406803F0CB
:1074A000F1FD42B010BD1B2155480AF001F80C2334
:1074B0008DF80430A3788DF8053000231A4601A911
:1074C0004E48406803F0DEFDEBE720214D4809F00F
:1074D000EFFFE6E71D214C4809F0EAFFE1E70289EA
:1074E00049F695439A42DCD1C388B3F5DC4FD8D135
:1074F0008388002BD5D1404A02F10C0354F8030FC6
:10750000D060A188A27999809A710A238DF80430FD
:1075100000231A4601A93948406803F0B3FDC0E7CB
:107520001F213A4809F0C4FFBBE72821384809F079
:10753000BFFFB6E71D21374809F0BAFFB1E71A21AE
:10754000354809F0B5FFACE71F21344809F0B0FF1A
:10755000A7E71921324809F0ABFFA2E7192130480B
:1075600009F0A6FF9DE719212D4809F0A1FF98E732
:1075700020212C4809F09CFF93E720212A4809F09C
:1075800097FF8EE72021294809F092FF89E71E2105
:10759000274809F08DFF84E72121264809F088FF5C
:1075A0007FE72121244809F083FF7AE71B21234844
:1075B00009F07EFF0D238DF8043000231A4601A93F
:1075C0000E48406803F05EFD6BE727211C4809F078
:1075D0006FFF66E718211B4809F06AFF61E7222167
:1075E000194809F065FF5CE72521184809F060FF9C
:1075F00057E700BF14590001D0F50020C802002051
:107600002C590001485900016859000188590001AE
:10761000A8590001D0590001F05900010C5A00018D
:107620002C5A0001485A0001685A0001885A00018A
:10763000A85A0001C85A0001EC5A0001105B000171
:107640002C5B0001545B00016C5B0001905B00014E
:107650002DE9F84307460E4698469500284606F061
:1076600065FE002800F0CA808146542006F05EFEC8
:107670000446002800F08D80542200211FF04AF8B3
:10768000C4F830902A46A52148461FF043F8043D2F
:10769000236B1D4425F0070596B1337884F8343008
:1076A0005BB1334604F134010F3600BF13F8012FEC
:1076B00001F8012F0AB1B342F8D1002384F8433016
:1076C000089B042B28BF04239946E3626364261DAC
:1076D00030461FF0D1FD04F118001FF0CDFD2461EC
:1076E000C9F10503A36164624246394628461BF08E
:1076F000DBFE2060099B03B11C601DF0A5FC434A22
:10770000136801331360424B1B68002B47D0414B79
:107710001B683BB93E4B1B68DA6AE36A9A429CBF1E
:107720003B4B1C603C4A136801331360E36A3B49DE
:10773000086801229A4002430A60394A03EB830336
:1077400002EB83035B68A3609968E1604E609E6012
:10775000E06A830019188900551865615158013194
:1077600003449B00D1501EF0F5FD2A4B1B68002BF3
:1077700048D0274B1B68DA6AE36A9A4244D2294B05
:107780004FF080521A60BFF34F8FBFF36F8F01200D
:1077900036E0484616F0DAF94FF0FF3030E01C4B87
:1077A0001C601368012BBDD11D4D28461EF086FCC0
:1077B00005F114001EF082FC05F128001EF07EFC8D
:1077C00005F13C001EF07AFC05F150001EF076FC3D
:1077D000154F38461EF072FC144D28461EF06EFC04
:1077E00013481EF06BFC13481EF068FC12481EF094
:1077F00065FC124B1F60124B1D6093E74FF0FF308A
:10780000BDE8F8830120FBE70120F9E7D8F7002065
:10781000CCF70020FCF70020E4F70020E8F7002078
:1078200090F2002004ED00E000F6002014F60020A5
:1078300028F6002050F600203CF60020D0F700206B
:10784000D4F70020F7B54388042B044605D008215F
:1078500020460FF0DBFB03B0F0BD806D0191E430FA
:1078600001A91FF062FAA06D01A9E5301FF05DFAD1
:10787000A06D01A9E6301FF058FAA06D01A9E7300C
:107880001FF053FAA06D01A9E8301FF04EFAA06D69
:1078900001A9E9301FF049FAA36D93F8E72084F8B5
:1078A000522093F8E620D00704D55D4A126852783A
:1078B000D10701D401225A71A26D92F8E730073B3B
:1078C000092B01D90621C3E792F8E630544D13F095
:1078D000080F2B6803D19B7923B10321B8E75B78AC
:1078E000C3F3C00384F85530204610F0D9FE04F1EC
:1078F0005C0717F015FE4B49384606F0BFF9A66D38
:10790000737813F1FF3218BF012284F8542094F8E1
:107910005520002A4DD0012B07D096F8E7300F2BC9
:1079200003D8384608F0EEFCCCE794F8533083B91E
:1079300002201BF0DFFF002837D12B68DA789AB1DC
:107940003949402204F112001EF068F8022384F83D
:107950005330204614F024FD04F11201204617F0A4
:10796000BCFD0B23A37076E77278032A06D19968D1
:1079700021B191F850300BB14022E3E72B481FF0C2
:1079800019F9064600287FF462AF2868022384F8BC
:107990005330103008F0B6FC2B6883F828609B68E1
:1079A0000BB183F850600A23DCE7012384F85330DD
:1079B000F9E7204614F0F4FCA36D93F8E920D20710
:1079C0005CBF01225A71A16D4B78012B0AD1204670
:1079D0006F3103F085F8A16D204601F5D87114F0E0
:1079E000D5F938E7022B13D12B681B78022B03D172
:1079F000204617F081FB2EE7042B05D191F8E430E7
:107A0000022B01D0042BF3D120461DF053FA22E7BC
:107A1000032B7FF420AF20461DF05DFA1BE700BF6B
:107A200018040020A064D101B8030201D9FC0101AF
:107A30002DE9FF4100230293ADF80430C37A012BF6
:107A4000044601A902A82DD11BF06AFF029AE36B3C
:107A5000218F1A44BDF804300B449BB240F2E1413F
:107A60008B42C2F31602029285BFA3F2E2430132B7
:107A7000ADF80430ADF8043088BF0292A37B029EBB
:107A8000002B55D1276CBC423D6E43D0DFF87C8182
:107A9000AB1B5B0209D5786C1BF0D4FE054405EAEC
:107AA0000805F5E71BF03CFFE8E7606C1BF0CAFE39
:107AB000284400EA0800801B40F27125C0F316003C
:107AC000BDF804306843B4F8705005EB9305237A91
:107AD000012B4C4B1A680BBF5368136843F40053D7
:107AE00043F400530CBF53601360C5EB5005C4F85A
:107AF0008440294604F1780006F0C0F8424B1B6828
:107B0000B3F82013A94239D2691A04F1900006F0A3
:107B1000B5F833E0606C1BF095FE237A2844012B06
:107B2000C0F31600C7D1A36C002BC4D02066C2E7F7
:107B3000206E801B40F27123C0F3160058430128C9
:107B400088BFBDF804304FEA500588BFA5EB930508
:107B5000B4F8703003F27122AA4212D9636D2BB1CE
:107B600093F84F2042F0080283F84F2020461DF082
:107B70007FF900222146207A0FF000FA04B0BDE818
:107B8000F081ED1AE37AC4F88440012B0DF106016F
:107B900003A833D11BF0C4FE039AE36B218F1A4470
:107BA000BDF806300B449BB240F2E1418B42C2F378
:107BB0001602039285BFA3F2E2430132ADF806300C
:107BC000ADF8063088BF0392DDE902239A4204D162
:107BD000BDF80630B3F5966F01D3A5F59C75237AF1
:107BE000012B084B1A680BBF5368136843F400530A
:107BF00043F400530CBF536013607AE71BF090FE10
:107C0000E2E700BF0404002008040020FFFF7F001B
:107C10002DE9F04F1646A1B0102281460C460DEB1F
:107C20000200002198461EF075FD30461FF06AFBE9
:107C3000074600287ED0A319421EA3427DD118AD6D
:107C40001022002128461EF065FD0DF1500A102279
:107C500000211CA81EF05EFD872310220021504643
:107C60008DF87F301EF056FD10AA514648460AF0A6
:107C7000E3FF0CAC10AA0023D17B19550133102B64
:107C800002F1FF32F8D19DF93030002B5ADB04A904
:107C900020461DF073FD9DF91030002B5CDB08A918
:107CA00004A81DF06BFD06F10F00000906F00F0699
:107CB0005CD01FFA80FB002E5AD100F180500138B1
:107CC00010AA04A907EB00101EF0E4FB102200210B
:107CD00068461EF01FFD00260BF1FF339E42224630
:107CE00065D310A968461EF0D5FB0023E27BEA5459
:107CF0000133102B04F1FF34F8D11CAA2946484661
:107D00000AF09AFF1CAB0022D97B0DF80210013259
:107D1000102A03F1FF33F7D10DF10F02002300BF4A
:107D200012F8011908F803100133102BF8D1384666
:107D30001FF0EAFA21B0BDE8F08F13F8011D02F838
:107D4000011F7AE7294620461DF018FD04AA1CA948
:107D500028461EF09FFB9EE7294604A81DF00EFD55
:107D600008AA1CA928461EF095FB9CE74FF0010BC2
:107D70000BF18053013B1A010023B6B21946802053
:107D80001FFA83FC66450CD907EB020C1CF803C0F4
:107D90000AF803C00133102BF2D110AA08A95046EB
:107DA00092E70CBF0AF803000AF80310F2E707EBAA
:107DB000061168461EF06EFB0023D17BE9540133A7
:107DC000102B02F1FF32F8D11CAA294648460AF0CE
:107DD00033FF1CAA0023D17B0DF803100133102BB5
:107DE00002F1FF32F7D10136B6B275E7F0B561287E
:107DF00085B00D4617460E6850D013D841282DD0B7
:107E000006D8A0F11303012B40F2988000246DE006
:107E1000542834D0602845D05228F7D1084612F0B3
:107E200073FFF3E7A02800F09E8007D8802811D0C8
:107E30008128EBD108461DF0E7FCE7E7A22800F017
:107E4000A380C0F09D80F128E0D130461BF0D8F926
:107E500004464BE0304614F098FED7E713685B8980
:107E6000029333880193544B0093022201233E2155
:107E7000EC2008F0FFFC30461DF03DFEC6E7D6F8CA
:107E8000843113F0010431D023F00103C6F88431AA
:107E900096F8B31128461EF0BFFCB7E708461EF05F
:107EA00015F8B3E713681E68937A032B21D1536842
:107EB0001B78029333880193404B009302220123E5
:107EC0003F21EC2008F0D6FC384612F0E7FE0446CD
:107ED00060B97B681B78022B02BFD6F8843143F06F
:107EE0000103C6F88431284612F00EFF204605B083
:107EF000F0BD537A029333880193314B00930222F1
:107F000001234021EC2008F0B5FC384611F0AAFC12
:107F100004460028EAD196F8A93163B1294B1868C4
:107F20001DF042F9336E43F0100333663D212846BD
:107F30001EF072FCDAE70EF049FFD7E796F86530DD
:107F4000403B022B07D8A0F1130359425941284660
:107F500015F086F85AE7346E14F00404C6D00846CB
:107F60000BF063FC52E708461FF060F9044600B3CB
:107F70000146284602F06AFE20461DF0D6FD45E780
:107F800030880FF021FC41E796F8AC31112B3FF41B
:107F90003DAF96F8AE31112B3FF438AFD6F8EC3246
:107FA0001BB11B79012B3FF431AF284615F05CFB68
:107FB0002CE707249AE700BFEAAA01010EAB0101F2
:107FC00035AB010170030020F7B590F84D30044641
:107FD0000E4633B919B10B78837280F8523003B072
:107FE000F0BD032BFBD1684D2B68D3F8303303B1C0
:107FF000984794F85220A27294F851302A6823725C
:1080000002EB8303614FD3F89812A14204BF002111
:10801000C3F89812D2F8A032A34204BF0023C2F8DA
:10802000A032237A3A68012B15BF1368536843F4D2
:10803000806343F4806314BF13605360042384F8A7
:108040004D3000238DF807305EB13378A37233785A
:1080500084F85230737823B10DF10701204611F0F6
:1080600017FA2B680022C3F8A422637F13B12046BD
:108070001DF071FA2A68D2F898320BB9D2F89C3206
:10808000C2F8A032002B5ED093F84D30022B5AD1AB
:108090001DF070FA94F85030DE0748BF23F001035A
:1080A00043F0020384F8503094F84F30D8070ED5CF
:1080B00023F00103002684F84F302046667212F048
:1080C000FDFB334632463249012013F0D4FB637F77
:1080D00003B9A3733A68B4F87000118988420DD0CF
:1080E000A4F870102968B1F82203A4F87200B1F85E
:1080F0002413A4F874105289A4F876204BB194F894
:108100004E30D90705D420461CF0C4FC2046FFF7AA
:108110008FFC94F84E30DA070FD523F0010384F872
:108120004E30A36D4BB9204612F0C8FBA36D23B9A6
:108130001A461849012013F09EFB296819F05CFBD0
:1081400081F834034BE792F8943223B100221146B0
:108150001046FDF731FD2B6893F89532002B99D02E
:10816000237A3A68012B0BBF5368136843F480539A
:1081700043F480530CBF536013600022114601206A
:108180000EF0FCFE86E700BF080400200404002077
:108190000B0100010901000170B5856D86B0044630
:1081A000002D00F0DB8095F82E30DE0722D511205F
:1081B0001FF06EF80646E8B100F11003062104A88E
:1081C00004931EF0EBFE2B46049953F8A02F0A608F
:1081D0005A684A609A688A60DA68CA60062300931F
:1081E00032460023112120881AF044F910B130469C
:1081F0001FF078F8A56D95F82E30980721D50B2043
:108200001FF046F80646E0B100F11003072104A86C
:1082100004931EF0C3FE049BB5F8B0201A80049AA4
:1082200055F8B23F13606B685360062300933246E3
:1082300000230B2120881AF01DF910B130461FF0E1
:1082400051F8A56D95F82E30590722D511201FF051
:108250001FF80646E8B100F11003082104A80493B2
:108260001EF09CFE2B46049953F8BC2F0A605A68F6
:108270004A609A688A60DA68CA60062300933246C8
:108280000023112120881AF0F5F810B130461FF0B4
:1082900029F8A36D93F82E301A0728D508201EF070
:1082A000F7FF054618B300F11003092103A8039353
:1082B0001EF074FE0DF1110104A81CF045FF9DF89D
:1082C000101003A81EF06AFE039BDDF811201A604F
:1082D000BDF815209A80062300932A460023082122
:1082E00020881AF0C7F810B128461EF0FBFFA56DD4
:1082F00095F82E30DB0622D511201EF0C9FF064668
:10830000E8B100F110030A2104A804931EF046FE10
:108310002B46049953F8D32F0A605A684A609A682A
:108320008A60DA68CA60062300933246002311216E
:1083300020881AF09FF810B130461EF0D3FFA36DCD
:1083400093F8EA2052B95B7913B920460CF08CFE01
:10835000A06D18B11EF0D8FF0023A36506B070BD54
:108360002DE9F041044616F0CFFC08B9BDE8F081D4
:108370001EF07FFF05461AF021FA014628461AF042
:1083800055FB0028F2D05B4B1B689C4228BF1C4663
:10839000594A136823F0010313601AF00FFA80465C
:1083A0004FF480701EF040FD1EF063FFA4FB0067D9
:1083B0004FF47A72002316F5FA7047F100011AF0B3
:1083C0007DFE4E4B1B680BB94D4B1B68984288BF16
:1083D000C01A40441DF0A0FF4FF480701EF01EFD37
:1083E000484B00221A70484B1B8813F0020F4BD0E9
:1083F00072B6BFF34F8FBFF36F8F03F0CBFD05460F
:10840000012844D1414B1B78002B47D0012005F0B7
:1084100055FD24B1BFF34F8F30BFBFF36F8F0020E6
:108420001DF07AFF4FF480701EF0FEFCFCF74EFE4C
:10843000012003F03DFE284603F0BCFD62B6BFF309
:108440004F8FBFF36F8F72B6BFF34F8FBFF36F8F36
:10845000294B06221A602B4B1B7813B3013C2C4B83
:1084600000221A702B4B00221A60234A136843F033
:1084700001031360204618F00FFA274B1B68013BDD
:10848000264A136062B671E71DF024FCB0E70320B2
:1084900003F090FD002003F00BFEB3E7F9F7F2FACA
:1084A000B7E71AF08BF91A4B1B78FBB9A0EB080061
:1084B000174B00221A704FF47A7808FB00F81EF070
:1084C000D8FEB8FBF0F41EF0D4FE134EB8FBF0F368
:1084D00003FB1080336803FB00F51EF0CAFEB5FBFA
:1084E000F0F035682D1A0D4B1D60BBE70C4B1B6877
:1084F000C01ADDE72CF8002010E000E024F800208E
:1085000020F80020F8F80020000001427DF0002053
:10851000F7F8002018E000E028F8002014E000E060
:108520001CF800202DE9F047C388172B8CB00746B4
:1085300040F0BD80837A0C2B07D003F0FD03082B9D
:1085400003D080200CB0BDE8F0874FF440701EF0DF
:10855000D9FE80460028F4D01022002108A81EF081
:10856000D9F85E4BCDF808801B681C6800250CBB51
:1085700028461EF0C7FE0646002800F094802A46D2
:1085800041461DF0AFFF40461EF0BEFE04AB2A463A
:10859000314608A8FFF73CFB30461EF0B5FE3B68AD
:1085A0005A6804AB03CB1060516003CB9060D1607C
:1085B0000020C7E7A689E389B34201D22468D6E741
:1085C000B4F80C906368A6EB090903EB091999F854
:1085D0000E305B074FD4D9F8001001A81EF0D8FC6C
:1085E000BDF80430A3F52052032A02D9B3F5245F65
:1085F00044D1D9F8083093F800A055441FFA85FA01
:108600000AF10405ADB2B5F5407F4CD8314602A859
:108610001EF0CAFCBDF8041002A81EF0C5FCD9F873
:108620000830D9F804101A7802A81DF06FFFBDF8C1
:10863000042042F602039A421DD1D9F808301B8863
:10864000042B18D1D9F804100DF106001EF0A0FC7F
:1086500003AA04A9BDF806001AF028F958B10AF1D6
:108660001405ADB2B5F5407F1DD8049B10225968A2
:1086700002A81DF04BFF0136B6B29CE703F5564346
:10868000FF339BB2042BF6D80435ADB2B5F5407F6D
:1086900009D8314602A81EF087FCBDF8041002A8D4
:1086A0001EF082FCE7E740461EF02EFE49E7152B40
:1086B0007FF447AF837A0C2B04D003F0FD03082B23
:1086C0007FF43FAFB8881AF0C1FB00283FF439AF00
:1086D0003B68827A5B681A706AE700BF1403002067
:1086E0002DE9F04F002311F0010A87B0CDE90433E2
:1086F0001FBF654B1B68D3F8A832049311F0100319
:10870000044601930CD006AA0AF1010302EB8A0A7F
:108710005D4A1268D2F8B0224AF8082C5FFA83FA50
:108720004FF0000B0DF110094FF0FF32CDF800B003
:1087300040F23913DA4500F09980DFF8508157E0B4
:1087400086680168C9F80010B44251D0B17B012994
:1087500030464DD1019919B1B57AA17A8D4247D9E8
:10876000E17A276E356E012904BFE16B7F1AF17A39
:1087700008BF07EA0807012902BFF16B6D1A05EA75
:108780000805E91B49023ED5B4F87010B6F876C06A
:10879000B1FBF3F1BCFBF3FC614401F1020C716E1F
:1087A000294401EA0801614401EA0801791A4902F1
:1087B00042D4B6F87010B4F87600B1FBF3F1B0FB18
:1087C000F3F001440231681A00EA0800A0EB070C3C
:1087D0001CF4800F35D1391A490203D4474017EAF7
:1087E000080F05D10CEA08018A4284BF0A460096A8
:1087F000D9F800000028A3D10BF1010B5FFA8BFB25
:1088000009F1040996E7D4F864C0B6F87010B4F81A
:1088100076E0B1FBF3F1BEFBF3FE71440CEB070E07
:1088200002310EEA080E714401EA0801691A490290
:10883000BFD5C4F86CC001E0636EE36607B0BDE865
:10884000F08F96F81DE0BEF1000FC4D0706CCDE93A
:1088500002211AF0F7FF0399029A054405EA080578
:10886000681A00EA080040F23913AFE7636E9342DA
:1088700002D9E3660098E1E7A36E93428CBFE266FB
:10888000E3660020DAE700BF08040020FFFF7F0056
:1088900038B5684B1A68052060F31F721A601EF025
:1088A0007AFC03F57E7140F23B100A8860F30F02F8
:1088B0000A8003F20C4240F2E244108840F00100CA
:1088C0001080088864F30F000880118841F00201CD
:1088D0001180A3F5DC724FF43470116860F31A4113
:1088E000116003F502723430118860F30F011180BA
:1088F000A3F2A4521420116860F31741116003F52C
:108900000471A4F5DB74088864F30F0008804FF04D
:1089100088411546096C484803F5067201F4405138
:10892000B1F5005F11880CBF24240C2464F3070107
:10893000118042490A886FF307020A801A686FF3B0
:1089400007021A600A4652F81C3F6FF300031360D7
:1089500013686FF34103136013686FF3041313601C
:1089600013686FF34513136013686FF38613136076
:108970000B4633F8244F6FF300041C801C886FF300
:1089800041041C801C886FF304141C801C886FF346
:1089900045141C801C886FF386141C80146844F0F6
:1089A00004041460146844F0080414601A8842F047
:1089B00004021A801A8842F008021A802B685C228E
:1089C00062F30F232B60B0F85031A12262F30F2322
:1089D000A0F85031B0F850318C2262F30703A0F8B0
:1089E0005031D0F8143102F26F1262F3184301F2E1
:1089F000FC42C0F81431136843F000531360A1F532
:108A000041731A686FF39E721A60A1F55573A1F550
:108A1000F2711A686FF310421A60B0F8083C122223
:108A200062F34913A0F8083C0B8843F003030B8062
:108A300038BD00BF0C3A014100240141043A014114
:108A40002DE9F84F5E4B1B68002B40F0B0805D4B6A
:108A50001D6801351D60E5B15B4B1B68AB4225D934
:108A600000245A4B1B68DB6A03EB83039B00584AC4
:108A7000D358022B28BF0124564B1B68002B00F053
:108A80009380554B1B68002B18BF01242046BDE87E
:108A9000F88F524A1168524B186810601960514A99
:108AA0001368013313601BF00BF9D5E700244B4921
:108AB000A3464D484FF0010E454ADFF810C137E09C
:108AC000414B4FF0FF321A60CBE73F4B1E60C8E7C7
:108AD000DE6AD0F800A00EFA06F848EA0A08C0F8E4
:108AE000008006EB860602EB860676689E60D6F866
:108AF0000880C3F80C80C8F80490C6F80890D3F832
:108B00002C904FEA890606EB090802EB880AC3F8A5
:108B100014A052F8288008F101084E4442F826803B
:108B2000DCF80080DE6AD8F82C309E4288BF012431
:108B30000B681B68002BC3D00B68DB68DB685E68C2
:108B4000B542C2D3D3F81480DE689F68BE609F68C8
:108B5000776003F10409D8F804604E4504BFDE686D
:108B6000C8F80460C3F814B0D8F80060013EC8F833
:108B70000060D3F82880B8F1000FA9D01E6ADF6921
:108B8000BE60DF69776003F1180AD8F804605645C3
:108B900004BF1E6AC8F80460C3F828B0D8F80060A3
:108BA000013EC8F8006093E71EF050F969E7094AF2
:108BB0001368013313601EF049F9002466E700BF13
:108BC000E0F7002000F80020F0F70020CCF70020AC
:108BD00090F20020F8F7002004F80020D0F70020E1
:108BE000D4F70020F4F70020E8F700202DE9F04F3B
:108BF00007298DB0074601D015293FD1053901322B
:108C00008CB204A805A905921DF084FA05A90DF1FE
:108C100012001DF07FFA08A8224605A91DF06CFC81
:108C2000384616F0CEFB68BB2246594908A81CF00E
:108C3000E7FE002840F0A380BDF81000002800F0F7
:108C4000A080BDF81210884200F29B80E4B207AD0C
:108C500006AE0195009608AB22460EF0E3FC834673
:108C6000002800F09280069B3888DA7B01210BF007
:108C7000ADFF80B270B1ADF810B003E00023ADF8E5
:108C800010300420C3B2BDF81020102138460CF07B
:108C9000D5FF41E0B8881EF0FBFA8246002872D06A
:108CA000069B9B68B3F8008008F1040900F11003EB
:108CB000112105A81FFA89F905931EF06FF95FFAD3
:108CC00089F105A81EF06AF9594605A81EF06CF94D
:108CD000079B05A8D9891EF067F9069B9A68596811
:108CE000128805A81DF012FC08F106081FFA88F882
:108CF000079BD8894FF6FF73984204D0BB8808EBD6
:108D0000090B9B450BDD5246414638461CF041FCA1
:108D100010B150461EF0E6FA0DB0BDE8F08F0130FC
:108D200080B2CDE9006508AB2246BDF81210ADF85F
:108D300010000EF077FC03900028E4D006998A68B2
:108D4000128804324A45DED1CA7B388801210BF0F3
:108D50003DFF0028D7D1039B05A819461EF024F932
:108D6000079B05A8D9891EF01FF9069B9A685968C8
:108D7000128805A81DF0CAFB1FFA8BF8B8E710206F
:108D800080E701207EE711207CE70A207AE700BF18
:108D90007C7302012DE9FF470025044689461F46E2
:108DA000057001F1FF3813780BB145450BD3624BC9
:108DB0001B7803B92370454588BF09F10105284692
:108DC00004B0BDE8F087252B07D05B49097811B9BD
:108DD00004F8013B01350132E5E75378252B37D004
:108DE000561C3378302B4FF000001AD101464FF05B
:108DF0000A0C725CA2F13003DBB2092B0ED922F00F
:108E0000200EAEF1410EA2F16103BEF1050FDBB2FF
:108E100006D8052B26D8A2F15703DBB2092B29D996
:108E20000E4433786C2B08BF01363378702B5FD03B
:108E300027D8632B39D0642B51D0582B3AD13E4BD5
:108E40003A681B7803920437002B68D1019058E0F0
:108E500039490978961C0029C3D104F8013B013532
:108E60003246A0E7A2F14103052B02D8A2F1370355
:108E7000D3E7002301310CFB0030735C002BB8D129
:108E8000CEE7752B18D0782BD9D0732B12D13B6835
:108E90000437013B5A1C0DD013F8012F52B1454540
:108EA00008D204F8012B0135F4E73B6804F8013BD4
:108EB00004370135721C76E71F4B3A681B78039222
:108EC00004370BBB019000930A23A8EB0501204651
:108ED0000FF072FE5FFA80FA54445544EAE7164BED
:108EE0003A681B780392043773B901900123EAE7CB
:108EF000114B3A681B78039204372BB90423019372
:108F0000012300931023E0E7002808BF04205FFA44
:108F100080FA524603A920461CF080FDDCE740B1F0
:108F2000C107C0F3470AF4D50AF1010A5FFA8AFAC9
:108F3000EFE74FF0010AECE7FEF800202DE9F74FCC
:108F4000054600891EF0CAF9002800F0C280288971
:108F5000EC6819F07BFF0546002800F0BC80838890
:108F60006788033B9F4200F2B68094F8F860122EA7
:108F700037D190F84630002B40F0A78007F1030965
:108F80001FFA89F94846B4F800A01EF081F980461E
:108F9000002800F09C8000F11003314601A80193E5
:108FA0001DF0FCFF514601A81DF0FEFF211D3A46B1
:108FB00001981CF033FD4246494628461CF0E9FA68
:108FC0000446A0BB85F84660A5F848A0A5F85E0059
:108FD000424905F1540004F051FE204603B0BDE8BB
:108FE000F08F522E27D107F103091FFA89F948465D
:108FF00034F804AB1EF04CF98046002867D000F12D
:109000001003314601A801931DF0C8FF514601A885
:109010001DF0CAFF21463A4601981CF0FFFC42466B
:10902000494628461CF0B5FA04460028D5D04046EB
:109030001EF058F9D1E7162E1DD190F84630002BBE
:1090400043D107F105091FFA89F94846B4F800A091
:10905000B4F8FAB01EF01CF98046C0B300F110035A
:10906000314601A801931DF099FF514601A81DF05A
:109070009BFF594697E7182E2DD194F8FC70012FCD
:1090800029D890F8463003BB0220B4F800801EF0C7
:10909000FFF80646D8B100F11003182101A801938A
:1090A0001DF07CFF394601A81DF078FF32460221F1
:1090B00028461CF06EFA044628B9182385F8463075
:1090C000A5F8488082E73046B2E7072485E7022406
:1090D00083E7042481E703247FE700BFA064D10174
:1090E0002DE9F743054635201EF00CF90446102003
:1090F0001EF008F9064610201EF004F907460CB1D0
:1091000006B150B95C4B009300220423C321EE202A
:1091100007F0B0FB03B0BDE8F083584A1368036062
:109120005368436093688360D368C360A96D334616
:1091300020222F31FEF76CFD95F8038050484FF444
:10914000807904F1020E2B1D04F1090C05F10B01CD
:1091500004F11002A4F80090B8F1000F4ED1D3F83A
:109160000090C4F80290B3F80490AEF804909B7994
:109170008EF806300B68C4F809308B88ACF80430E0
:109180008B798CF80630A96D01F5C0710B682361ED
:109190004B6853608B689360CB68D360AA6D02F50F
:1091A000E072214613682362536863629368A36286
:1091B000D368E3620123206384F83430AB6D352239
:1091C000A0333046FEF724FDA96D2846A03116F0E5
:1091D0001DFD84F83480AB6D3522063321463046C0
:1091E000FEF716FD20461EF08FF830461EF08CF874
:1091F000384603B0BDE8F0431EF086B8D1F80080D1
:10920000C4F80280B1F80480AEF8048089798EF841
:1092100006101968C4F809109988ACF804109B79F5
:109220008CF80630A96D01F5C0710B6823614B689D
:1092300053608B689360CB68D360AA6D02F5E072CF
:10924000214613682362536863629368A362D368FC
:10925000E3620123206384F83430AB6D3522A03300
:109260003046FEF7D5FCA96D2846A03116F0CEFC9D
:10927000002384F83430AEE738660201C46B020183
:10928000656C74622DE9F04182B00378012B04D043
:10929000022B76D002B0BDE8F08144682378062B1B
:1092A000F8D801A252F823F0C5920001F99200010A
:1092B0000993000195920001959200019592000199
:1092C0003B930001A378002BE4D1554B1D68AB788C
:1092D0004BB10123A81C194610F8232022B10133F9
:1092E000082BF8D1D6E7002105EB810301229A7003
:1092F000A38825F82130CDE7608818F013FD0028F9
:10930000C8D000220260C5E76588284618F00AFD2B
:1093100006460028BED0C378002BBBD02379002B93
:109320000CBF072308238DF80030ADF802506846C3
:1093300015F036FC0023F370ACE7394B1B6893F84B
:109340002A30002BA6D0B4F80480E78826896589E6
:109350002B463246394640460EF006F860B1ADF86D
:109360000080ADF80270ADF80460ADF806506946B3
:10937000608817F031FF8DE73B21608817F048FFC8
:1093800088E744682378E3B1012B83D165882846B8
:1093900018F0C8FC064600283FF47CAFA388002BD9
:1093A0003FF478AFC378002B3FF474AF08238DF8F7
:1093B0000030ADF80250684615F0F2FB0023F37060
:1093C00068E76588284618F0ADFC00283FF462AFD6
:1093D000134B1B6893F82A30002B3FF45BAF638973
:1093E0002289E188A0880DF0BFFFA0B100212846A6
:1093F00017F09AFFA388ADF80030E388ADF802308B
:109400002389ADF804306389ADF806306946608879
:1094100017F0C6FE3EE70121284617F085FF39E721
:1094200080F70020F7B50D78FF2D04460E4600F0BA
:109430008480342303FB050393F88020012A40F045
:10944000A58093F85E10594A41B193F85C1029B990
:10945000D2F81C11C1F3C30183F85D10544B196895
:10946000342303FB0543C1F3411183F86010D2F8A4
:109470004411A3F86210D2F84411C1F30F41A3F8CC
:109480006410D2F84811C1F30801A3F86610D2F8AD
:109490004811C1F30F41A3F86810D2F84C11A3F89A
:1094A0006A10D2F84C21C2F30842A3F86C20414B59
:1094B0001B68002B5AD100273F4B1B6863B129461C
:1094C0002046984740B12A460221204606F078F906
:1094D000B37843F04003B3703A462946204617F06C
:1094E0006FFC3423002855D003FB054393F85D300F
:1094F000072B4DD0217B2A4601B10121204606F0E1
:109500005FF9637C012B03D12946204606F05EF803
:10951000342303FB054393F88030012B07D1274BFD
:109520001A686FF3DB621A6000200FF03DF93423F4
:1095300003FB0545002385F88030A3680093B6F847
:1095400001301F495BBAADF80430F3788DF806306E
:1095500033788DF8073008226B46012012F08BF922
:109560003146204616F084FC03B0F0BD2946204663
:109570009847074600289ED02A460321204606F039
:109580001FF9B37863F07F03B37095E70027A3E773
:109590002A46B2E77278012AB3D103FB054393F858
:1095A0008920002AADD083F88900AAE70024014170
:1095B000C0340141D4F80020D8F800200C3A014111
:1095C0000401010137B5428840F201139A42044672
:1095D0000D4605D0082120460DF018FD03B030BD22
:1095E0000AF0BCFC0028F5D1A06D019501A9E4307A
:1095F0001DF09BFBA06D01A9E5301DF096FBA06D51
:1096000001A9E6301DF091FBA06D01A9E7301DF026
:109610008CFBA06D01A9E8301DF087FBA06D01A9AE
:10962000E9301DF082FBA36D93F8E72084F8522007
:10963000A27A83F858212346A26D53F8041FC2F87A
:1096400059119B88A2F85D31A36D93F8E620D507E8
:1096500004D5414A12685278D00701D401225A71C8
:10966000A26D92F8E730073B092B01D90621B2E73A
:1096700092F8E630384D13F0080F2B6803D19B7930
:1096800023B10321A7E75B78C3F3C00384F8553007
:1096900020460FF005F82B68DA7932B15B7859076C
:1096A00003D5A36D5B78012BEBD0204615F038FF76
:1096B000A36D5A7812F1FF3118BF012184F85410BC
:1096C00094F85510002940D0012A03D093F8E720E0
:1096D0000F2ACBD993F8E82022F0090283F8E8207A
:1096E000A26D92F8E93023F0090382F8E930A26D07
:1096F00092F82C3092F8E8100B4023F0040382F823
:109700002C30A26D92F82D3092F8E9100B4023F026
:10971000040382F82D3002231049A37004F15C0089
:1097200004F0ACFA08201DF0EDFD014600283FF4DE
:1097300055AF0623037023888380A36D93F8E6302A
:10974000837108201DF01DFD48E793F8E920D2073A
:109750005CBF01225A71CAE718040020A064D1013D
:1097600073B50023ADF8023090F85030604E0446D7
:1097700023F0020380F850300DF1020101A81AF025
:10978000CFF8237A3268012B0BBF5368136843F07C
:10979000100343F010030CBF53601360E37A012BF6
:1097A00017D1019AE36BBDF802101A44238F0B44C2
:1097B0009BB240F2E1418B42C2F31602019285BF97
:1097C000A3F2E2430132ADF80230ADF8023088BFB7
:1097D0000192019DB4F87230BDF80220294620465E
:1097E00018F010FD40B3237A3268012B0BBF536889
:1097F000136843F0200343F020030CBF5360136051
:10980000237A2BB1012B14D1A36C93B1637F83B165
:1098100020460FF091FAA36A13B1204619F063FDB8
:1098200020460AF063FD0022114601200DF0A6FB40
:1098300014E00022A273F7E7226EB4F87030521BD6
:10984000C2F3160203F2712340F23911B3FBF1F3B4
:109850000133934204D920460BF0B2FB02B070BD35
:10986000237A3168012B0BBF4B680B6843F08003F0
:1098700043F080030CBF4B600B6040F271256A43DC
:10988000BDF80230B4F87050019905EB9305C5EBB3
:1098900052052A4620460FF04FFB0028DED129460C
:1098A000C4F8844004F1780004F0E8F9114B1B6817
:1098B000B3F8201301F59C73AB4204D2691A04F18A
:1098C000900004F0DBF920460FF036FA042320461E
:1098D00084F84D3019F042FA207A012804D1626DE3
:1098E000002ABBD11146A1E70022114610469DE790
:1098F00004040020080400202DE9F04390F80E80B5
:10990000BBB00446B8F1000F40F0A280037AD0F853
:109910004090012B40F08E80484540F09980237A9A
:10992000002B40F0A180226CA24209BF40F201222C
:1099300042F20523ADF8182098461CBFADF8183048
:109940004FF00108A06C19F07DFFB4F8683087B2C1
:10995000DD19ADB2B5F5487F88BFC3F54877D9F8B2
:109960006030079384BFBFB24FF448751BF06CFCA6
:10997000444B45491B681E895B891E4440F23913DC
:10998000B6FBF3F6E37A01360644012B06EA01063C
:1099900004D1236EE26B9B1A0B400793B4F870005E
:1099A00000F2712019F04EFFD9F8683000EB03097E
:1099B000606C19F047FF484503D2B8F1000F18BF9B
:1099C0004846079B304A03441340A3EB060818F4AB
:1099D0008008F8D1013D1D440793154000238DF800
:1099E0001630079BCDE908350DF1170301930DF1F2
:1099F00020090DF1160306A80093CDF808903B4608
:109A000007AA214610F8080001268DF8176003F018
:109A1000A1FC079B00939DF817209DF816104B465C
:109A2000204602F0ABFC38B3236EEB1A5B0223D462
:109A3000A6730DE01BF008FC236CA3420FD099F82D
:109A40000E302BB1D9F86030C01A42023FF567AF33
:109A5000A07B003018BF01203BB0BDE8F083236934
:109A6000C3F3160323665AE740F61113ADF8183016
:109A700068E74FF00108B1E7B8F1010FF9D1002311
:109A8000A373E5E704040020FFFF7F0010B588B052
:109A900005F01AFA4A4B186820F49F7020F0010074
:109AA0004FF2D0231B6840F01200984718F056FE82
:109AB0000FF082FA05F00BFD15F0DEF813F05AFCFA
:109AC0001CF020FC1CF0CAF80120F8F775FF3D4B94
:109AD0003D4A1A603D4A5A603D4A9A603D4ADA6002
:109AE0003D4A1A613D4A5A613D4A9A613D4ADA61EE
:109AF0003D4A1A623D4A5A623D4A9A623D4ADA62DA
:109B00003D4A1A633D4A5A633D4A9A633D4ADA63C5
:109B10003D4A1A643D4B1A6E22F440721A661A6E60
:109B200042F480721A66002110200EF0C1F804225F
:109B3000202137481CF09EF80023059306930793D5
:109B40000DF11600F9F7E0FF9DF8153060F3000302
:109B50008DF815300DF11D00F9F7E8FF9DF815306F
:109B600060F341038DF8153005A8FAF705F810B930
:109B700003238DF814300DF11F010DF11E0000F0CC
:109B800054FD9DF8153060F382038DF815300024E4
:109B900001940294039404944FF4E04000901DF06B
:109BA00008FB0190049405AB6A460649184802F088
:109BB000CFFD1BF09DFD10F0F9FC08B010BD00BFFB
:109BC00000240144840200208D5C020191600201A6
:109BD00099CC0101AD670201A55C0201E507020114
:109BE000BF670201755C0201F1620201A90702016F
:109BF000896702019B670201C9620201DD620201FD
:109C00007B600201B3710201BB710201003E01449D
:109C10007C0200202DE9F04186B003790393C378DC
:109C200002930388019305465A4B009302220123B5
:109C30005121EC2006F01EFE28881AF04FFF07463F
:109C4000002800F0A4801AF028FC002800F0918081
:109C5000012138463C681AF073F90021064638465F
:109C60001AF06EF9AA78032A804612D0EB78B34234
:109C70001DD1297981421AD1042E0AD1EB88012BFA
:109C800008BF84F86830EB88022B02D1002384F8E7
:109C9000683030461CF0EDFD044640461CF0E9FDFE
:109CA000002302462146384616F040FF4EE012F0EF
:109CB000010F18BF072384F86332AB789B0754BFAA
:109CC0002B79072384F86432EB88A4F86C325A1E8F
:109CD000012A09D8012B08BF84F86830EB88022BD1
:109CE00004BF002384F8683094F8C63143F00203BF
:109CF00084F8C63194F98032002B23DA2B79042BB7
:109D000004D1EA88D2B994F86820CAB9002684F848
:109D10008B3284F88C62E8781CF052FC014638469D
:109D20001CF01CF9012384F88D0284F88132384636
:109D30001CF0F0F8304606B0BDE8F081022AE5D00C
:109D40000823E3E738461CF08BFD08B10026F1E755
:109D500094F8C63160F3410384F8C63107260E4BF0
:109D60000093019601230022FF21EC2006F082FDE2
:109D7000E0E72868696804AB03C3082204AB042148
:109D8000384617F048FF06460028E8D1DEE70226ED
:109D9000E5E700BFF03E0201E23E020137B55D4D4E
:109DA0002B68D3F898420CB9D3F89C42C3F8A04270
:109DB0001DF0CAF820B9584BD3F8AC30590616D567
:109DC000237A012B554B1A680CD1536843F4004396
:109DD0005360A36A13B1204619F085FA20460AF0B1
:109DE00085FA55E0136843F400431360F1E7002C53
:109DF0004ED094F84D30022B4AD1ADF802000DF14F
:109E0000020101A819F08CFDE37A012B17D1019A08
:109E1000E36BBDF802101A44238F0B449BB240F24F
:109E2000E1418B42C2F31602019285BFA3F2E243E5
:109E30000132ADF80230ADF8023088BF0192B4F8BB
:109E40007430BDF802200199204618F0DBF994F82F
:109E50004F305A0725D51B0723D5304BA56D1A68FF
:109E6000536843F480335360A36A13B1204619F05A
:109E70003AFA20460AF03AFA95F84D30022B0AD108
:109E80001BF078FB94F84F3023F0080384F84F3030
:109E9000002003B030BD2246002101200DF06EF8F5
:109EA000F0E72B68D3F8A422002A2BD100282BD16D
:109EB000C3F8A44220461BF017FD194B226A1A6012
:109EC000032384F84D3020461AF0D2FD237A012B6B
:109ED000124B1A6815BF1368536843F4007343F4B8
:109EE000007314BF136053602B68D3F82C332BB16D
:109EF000A07A032894BF00200120984720461AF03A
:109F000083F8C5E70028C3D0044B1A68136843F4EC
:109F100080736AE708040020002401410404002043
:109F2000140400202DE9FF47054630B1022800F057
:109F30009A80002004B0BDE8F087544B1B780BB129
:109F40001AF026F8524C2168D1E93423CDE90023D8
:109F5000002300228B70C1E93423236803F10B0234
:109F600003F1330012F8011B0D448242ADB2F9D166
:109F7000ED0893F803C0DFF81881DFF82491C5F1EC
:109F80002505EDB2AC4538BFAC460020D8F800300E
:109F90009B79834248D901224FF0000E0C2AD3B29C
:109FA0003CD00B2B94BF02F1FF3AA2F1020A4FF012
:109FB000010194BFA2F12103A2F12203CAF12005FD
:109FC00021FA05F501FA03F32B43D9F8005001FA01
:109FD0000AF1D5E902A501EA0A0603EA050756EAED
:109FE00007051BD0D4F800A00AEB0205ED7A8542E4
:109FF00014D1DAF8D4500395DAF8D0502943039DF0
:10A000002B43CAE934139AF8023001338AF802303C
:10A0100023689B78634528BF4FF0010E0132272A41
:10A02000BCD1BEF1000F1BD024682822002104F10E
:10A030000B001CF06FFBD4E93423DDE900018B42F7
:10A0400008BF82423FF475AF124B1B6813B104F195
:10A05000D00098470E4B1868D03012F055FC68E7D6
:10A060000130C0B292E70A4B1B680021B3F8C82048
:10A0700008460BF0F9FC18B9044B01221A7058E796
:10A08000054B0648196803F0F9FD52E7FC03002070
:10A090004C040020D8030020F8030020E003002037
:10A0A000600300202DE9FF470C4618F0CFFE05465F
:10A0B00020B90324204604B0BDE8F0872088013889
:10A0C00080B24FF6FD739842F3D8AB886288033BA9
:10A0D0009A42EED802AA01A918F0E8FB0028E8D0BD
:10A0E000019E4E49306802221BF08AFC0028E0D114
:10A0F00094F8F82073681B2A1B784CD113F0100FCA
:10A10000D7D02088013002AA01A980B218F0CEFB76
:10A110000028CED022880199013292B2284619F047
:10A1200047FA0028C5D1019B0DF1020059681CF0C7
:10A130002FFF94F8F8601B2E32D1BDF80230DA07F9
:10A14000B7D5B4F8029034F804AB09F103081FFA4C
:10A1500088F840461DF09CF8074600285BD000F1C7
:10A160001003314603A803931CF018FF514603A8BF
:10A170001CF01AFF21464A4603981BF04FFC3A4652
:10A18000414628461BF005FA0446002892D038467E
:10A190001DF0A8F88EE71D2AB3D113F0200FAFE70A
:10A1A0001D2E86D1BDF802309B0782D523882B82D5
:10A1B000AB7C73BBB4F80290B4F800A009F10308BB
:10A1C0001FFA88F840461DF063F8074618B300F1FF
:10A1D0001003314603A803931CF0E0FE514603A888
:10A1E0001CF0E2FE211D4A4603981BF017FC3A467C
:10A1F000414628461BF0CDF904460028C7D101236B
:10A20000AE74A5F87630064905F16C0003F036FD12
:10A2100050E707244EE702244CE700BF7A7302019F
:10A22000A064D1012DE9F04385B004461CF01AFC6E
:10A23000002840F0A980564B257B1B6823B193F87A
:10A24000C030012B00F0A0805DB9294602A81AF0A9
:10A250007BFF9DF8083053B11224204605B0BDE8BD
:10A26000F083012D16D11CF0EDFB0028F4D0494BF2
:10A270001B689847002840F08980237983BB607968
:10A28000454BA11D1B6800F00100984700283FD0F6
:10A290000B24E2E7AB1E012BE9D89DF80830627968
:10A2A00062F300038DF808302346002653F8062F8A
:10A2B0008DF806609B88CDF809200DF1060102A8F3
:10A2C000ADF80D3013F04AFE0028D0D0022DCAD1CF
:10A2D00031460DF107001AF037FF9DF80730BAE755
:10A2E0002E4B1B68A3B12C4D044602AA0DF10701A9
:10A2F000204616F00BFD20B10134E4B2082CF4D155
:10A30000C6E72B689DF8070002A998470028F3D1FB
:10A310004FF49A7102200FF043FF8146842007F02A
:10A320006DFF0646252007F069FF05461BF02EFE4F
:10A3300080460BF023F90746B9F1000F22D0B8F19F
:10A34000000F1DD0E0B1DEB1002D14BF00240724A2
:10A35000484614F0ADFEB8F1000F02D040461CF0A4
:10A36000EFFF17B138460BF087FE16B1304617F0F5
:10A3700045FE002D3FF471AF284617F03FFE6CE715
:10A380000724E5E70724E6E70C2466E7072464E7EB
:10A3900048F70020B4030020BC030020ACF80020E4
:10A3A0002DE9F0410678012E86B0044667D026B12B
:10A3B000032E7BD006B0BDE8F0818578002DF9D161
:10A3C000524E376807F12C0353F82580B8F1000F7F
:10A3D00020D174200A351CF095FFAA00174478603C
:10A3E00033681344586818B1742241461CF092F93E
:10A3F000336803EB85056D6885B923780293A388DC
:10A400000193434B009300220423C921EE2006F060
:10A4100031FACFE70135082DD6D1EEE70127AF702D
:10A42000A6882E80A379EB70234653F8082F6A6024
:10A430009B882B81E379003318BF0123AB72E3794A
:10A44000BB420FD8143400230622214604A80493EB
:10A45000ADF814301BF0D4FA20B123686B60A388E8
:10A460002B81AF72102385F852306B6E03F0F80326
:10A4700043F4A06343F00103C5E919369AE7458820
:10A48000284619F021FA044638B9CDE90156214B86
:10A49000009302460423CA21B8E75C3005F032FF7E
:10A4A000204606B0BDE8F04115F0D2BB47883846DB
:10A4B00019F00AFA054610B9CDE90176E7E72379E4
:10A4C000002B7FF477AF5C3005F01CFFAB6DCBB198
:10A4D000EA78012A12D195F855205AB95A794AB129
:10A4E00093F82E20D20705D50022A0331146284626
:10A4F0000BF056FB2846FDF74FFE03E093F8EA30D9
:10A50000002BF7D0012385F8573053E718040020BB
:10A5100053BE010184BE0101F8B5104B104A9A6088
:10A5200044780323B4FBF3F303EB4302A41A14F0BF
:10A53000FF0411D1DEB205462746B74201D12046BD
:10A54000F8BD2979EB78A87803EB0121013712F0E7
:10A5500081FFFFB20335F0E70124F0E7003E01443C
:10A560008848090030B54278034612F0030010D144
:10A57000920802330146914200D130BD5D8833F824
:10A58000044B04F1824404F5B03401312580C9B292
:10A59000F1E70120F1E72DE9F04142780323B2FB16
:10A5A000F3F303EB4301521A12F0FF0621D1DFF857
:10A5B0004880DFB204463546BD4202D13046BDE890
:10A5C000F0812379E178A07801EB032189B202F0D0
:10A5D0001DF8A178082906D1E37888F80030013504
:10A5E000EDB20334E8E7512904BFE37888F801307D
:10A5F000F5E70126E2E700BF99FA002050F8022FA4
:10A60000024B1A6002791A71704700BFF8020020ED
:10A6100008B5182200211CF07DF801461020F9F73A
:10A620003FFAB0FA80F0400908BD034B1A785B7816
:10A6300002700B700120704799FA0020114B1A68C4
:10A64000114BD96821F0F851D960D968C2F303528F
:10A6500012061143D960196921F0F851196119697D
:10A6600011431961596921F0F85159615969114330
:10A670005961996921F0F851996199690A439A6180
:10A68000704700BF00030044003E01442DE9F0473D
:10A690000521074600201AF085FB0446002800F03B
:10A6A0008B803E681823037396F8663296F86352DF
:10A6B00096F864921D4096F8653209EA03094FF056
:10A6C0000003A0F80D300121384619F039FC0021B3
:10A6D0008246384619F034FC96F86412804696F8A3
:10A6E000630219F00AFA30B996F8651296F8660214
:10A6F00019F003FA90B315EA090505D0AA4501D16E
:10A70000A84501D06573A573637B86F86832A57B85
:10A7100086F86952637B1D4350D04FF0FF33E373DB
:10A7200023741BF025FF0546002841D01823C37170
:10A730000123437106F51A73C360014638461CF0C5
:10A74000FDFC214638461BF015FC96F86812384689
:10A750000DF0E0FEA6F89E0101202DE005EA0A03B7
:10A76000DBB2002B18BF002519EA080F44D12DB128
:10A77000E8070CD4A9070DD5022309E0B9F1000FB1
:10A78000C2D019F0010F09D00123A373BCE7012344
:10A790006373F6E76A07F4D50423F9E719F0020FAB
:10A7A00001D00223F1E719F0040FADD00423ECE748
:10A7B00020461CF0BEFC2846BDE8F087E5732574F2
:10A7C00096F8C6319B0712D50121384619F0B8FB1F
:10A7D0001CF04FF829468046384619F0B1FB1CF0B2
:10A7E00048F82B4602464146384616F09FF9132199
:10A7F000384618F0E5FFA4E7002D85D08146B7E77D
:10A800002DE9F0471AF020FC504B1A68013A1A6003
:10A810001B68002B40F093804D4B1B680BB9002444
:10A820008EE000234B491C464B4801264B4ADFF87B
:10A830003CA1DFF830C10D68002D5FD0CB68DB682C
:10A84000D3F828E0DD691F6AAF601D6ADF696F60B9
:10A8500003F11808DEF80450454504BF1D6ACEF820
:10A8600004509C62DEF80050013DCEF80050D3F851
:10A870001480DD689F68BD609F686F6003F1040EFF
:10A88000D8F80450754504BFDD68C8F804505C6111
:10A89000D8F80050013DC8F80050DD6AD0F80090AB
:10A8A00006FA05F848EA0908C0F8008005EB8505B6
:10A8B00002EB85056D689D60D5F80880C3F80C80B3
:10A8C000C8F804E0C5F808E0D3F82C804FEA880502
:10A8D00005EB080E02EB8E09C3F8149052F82EE037
:10A8E0000EF1010E454442F825E0DAF80050ED6A19
:10A8F000DF6AAF429FD3CCF800609CE70BB119F040
:10A90000DFF9174B1C686CB1164E012501E0013CC4
:10A9100005D0FEF795F80028F9D03560F7E7104B21
:10A9200000221A600F4B1C6854B10F4B4FF080523D
:10A930001A60BFF34F8FBFF36F8F012400E0002434
:10A940001BF008FD2046BDE8F08700BFE0F70020BF
:10A95000D8F7002028F60020E8F7002090F2002029
:10A96000F8F7002004F8002004ED00E0CCF7002008
:10A97000F7B5534B00930546012302224521EC20F5
:10A9800005F078FF2846FFF74DFC0746002840F009
:10A990008D804FF49A7102200FF002FC494B04683D
:10A9A0001C60E0602B792374012363762A8862831C
:10A9B0006B88A3839A4204BFDA1C62832A7B2276C7
:10A9C0006A796274AA8A22862A8AA284EA89E28340
:10A9D0006A8A62852A8BA287EA8AE28655F8062F60
:10A9E000C4F81220AA88E28240F271225343C4F8CC
:10A9F000C8304FF47A73C4F8CC30638B5A43324B6F
:10AA0000C4F8DC20C4F8C430842007F0F7FBC4F895
:10AA1000B400252007F0F2FB00254FF40073012657
:10AA2000A4F80E31C4F8B000257284F8E660A4F8EA
:10AA30000B510E201AF0CCFE042184F8E70084F8B4
:10AA4000C06030460DF0DAFB2946204613F02BF8A3
:10AA50001BF09CFAC4F8EC000AF090FDD4F8EC204E
:10AA60001A495162D4F8EC2019499162D4F8EC20CB
:10AA70001849D162D4F8EC2017491163D4F8EC20BE
:10AA8000E1681162D4F8EC201560D4F8EC2041683C
:10AA90005160D4F8EC200A60426029460CF04EFE6A
:10AAA00030461BF0D7FF384603B0F0BD0B4B01908A
:10AAB000009300220123FF21EC2005F0DBFEF2E7EA
:10AAC0004556020148F7002000000103C90D0101AD
:10AAD00059730201433302013D54010154560201EE
:10AAE0002DE9F0430446C278836DA67A407C0D467A
:10AAF0008DB05549002A5AD109688DF8000001200F
:10AB000091F8009091F80580B1F801E0B3F82CC0FD
:10AB1000B3F8E470D3F8E6108DF8020002208DF847
:10AB200009008DF801608DF803908DF80480ADF870
:10AB300005E0ADF807C0ADF80A70039108A803F569
:10AB4000E073995C1DF80260714011540132102AC3
:10AB5000F7D104AA08A9284608F06EF8E178231D69
:10AB600004F10B02002951D118689B88ADF804301C
:10AB70001368CDF8063093880090ADF80A30039141
:10AB800004AA68461023117810F8016B013B71404C
:10AB900013F0FF0302F8011BF5D1A26D02F5D87284
:10ABA00004A9284608F048F80DB0BDE8F0830A680B
:10ABB0008DF80100012092F800E092F805C0B2F88B
:10ABC0000110D3F8E4709A8DB3F8E8808DF8020094
:10ABD00002208DF80900ADF80E208DF80060CDF848
:10ABE0000370ADF807808DF80AE08DF80BC0ADF862
:10ABF0000C10002208A803F5C073995C1DF80260D0
:10AC0000714011540132102AF7D1A2E710689288DE
:10AC1000ADF804201A689B88ADF80A300023CDF8FF
:10AC200006200393009004A96B461022087813F8BD
:10AC3000016B013A704012F0FF0201F8010BF5D1EF
:10AC4000A26D02F5B872ABE718040020F0B585B02C
:10AC50000468CB790293238801930E46534B0093EB
:10AC60000546012302225D21EC2005F003FEF37965
:10AC7000012B29D05EB21EB1182B2CD005B0F0BD2F
:10AC80002846112118F09CFD94F8C631D80703D549
:10AC90003146284613F0A6FE1CF0AAF90128EDD98A
:10ACA00094F89C30002BE9D00021D4F878011CF0F6
:10ACB000DBF90028E2D094F89C30013B84F89C300A
:10ACC000012384F89D30D9E71221284605B0BDE85C
:10ACD000F04018F075BD1321284618F071FD0121D0
:10ACE000284619F02DF91BF0C4FD0021074628461F
:10ACF00019F026F91BF0BDFD00230246394628460F
:10AD000015F014FF94F98032002B2ADA94F864606D
:10AD1000012E26D1032F38D194F87A3284F8933259
:10AD20000026042384F89232022184F89462284693
:10AD30001BF014F984F89502284619F0EDF894F800
:10AD40007B3284F89332082384F8946284F8923238
:10AD5000394628461BF002F984F89502284619F076
:10AD6000DBF8002384F88132114B1B681A7CD10771
:10AD700054BF5A7C072284F863221A7C92074CBF86
:10AD800007239B7C84F8643278E73146204616F02E
:10AD90003EF9002384F894322318864093F87832E1
:10ADA00084F89332014684F89262D2E7CA330201F2
:10ADB000600300202DE9FF41554B05681E7895F88A
:10ADC0000F80544C342303FB0653074693F8872027
:10ADD000013283F887201CF059F910B3D4F86C3F86
:10ADE000D904C3F300321CD4D4F8683F1B0318D530
:10ADF00008F0FD08B8F1010F13D1D4F8603F9805B1
:10AE00000FD5D4F8683F99000BD54349D4F8683F73
:10AE10000978C3F30263994203D08DF8082002A990
:10AE20002DE0FF238DF801301BF042FCD0BB1CF05D
:10AE300027F9B8BBD4F86C3F1B0533D40DF10202DF
:10AE400001A9284613F052F9804658BB019B1A68A5
:10AE5000CDF809209B88ADF80D309DF802209DF8B3
:10AE600008300DF1010162F3000302A88DF80830EB
:10AE70000DF072F8B0B18DF803800DF10301384682
:10AE800018F0D4F8D4F8283143F00803C4F8283176
:10AE9000D4F8283143F00403C4F82831002004B06A
:10AEA000BDE8F081342303FB0653D4F8201193F856
:10AEB0005E2002EB116283F85E20D4F8202193F823
:10AEC0005F10C2F307420A4483F85F20D4F82831A8
:10AED0009DF8011043F00803C4F82831D4F8283154
:10AEE000284643F00403C4F8283107F0B9FA6B7C14
:10AEF000012B07D1284617F089FA18B100238DF8E5
:10AF000008308CE7284610F0B5FB0FF07FFDC5E751
:10AF100045040020002401410AF900202DE9F043F6
:10AF2000046894F8AC31062B93B0074640F0A38038
:10AF3000002110F0CFFA94F88B021BF041FB94F83B
:10AF40008F3284F8853294F880325A07054622D52C
:10AF50006FF3820384F88032002241F22103ADF8BE
:10AF600000308DF804202388ADF8063002238DF8D8
:10AF70000830431C8DF8093094F890328DF80A306F
:10AF800094F88E328DF80C20C3F3010368468DF8D7
:10AF90000B3017F01DF994F990327E2B61D07F2B86
:10AFA0001FBF621982F8743294F88E3282F87C32B4
:10AFB00094F89132013BDBB2FD2B52D8294638463A
:10AFC0001AF0CCFF94F8913266195FFA80F8814646
:10AFD000A8EB030304F51C7086F8703201212844A5
:10AFE00015F0AAF996F9702286F878024A4514D02D
:10AFF000A2EB080284F8942296F8783284F893320F
:10B000000123AB4084F89232294638461AF0A6FF55
:10B0100084F89502384618F07FFF94F88032DB07F9
:10B020001FD541F22103ADF8003000238DF8043024
:10B030002288ADF8062001358DF808308DF80950CA
:10B0400096F970328DF80A3096F87822A3EB08034F
:10B05000C2F3010268468DF80B208DF80C3017F012
:10B06000B7F894F88132012B09D138461BF0F8FB70
:10B0700013B0BDE8F083242119F0B6FEF8E70120F3
:10B08000F6E770472DE9F04385B004468846019203
:10B090001D460027534E46E0A66B2A4641462046F1
:10B0A0000EF038FEA36CA3B1022D00F0968020466E
:10B0B00011F076FE38B14B4B4FF080521A60BFF35F
:10B0C0004F8FBFF36F8F1BF045F9012005B0BDE82E
:10B0D000F083636A53B90028F5D0424B4FF0805299
:10B0E0001A60BFF34F8FBFF36F8FECE704F12400BA
:10B0F00006F04AFA0028E6D03A4B4FF080521A6028
:10B10000BFF34F8FBFF36F8FDDE71BF023F90020F4
:10B11000DCE702A81AF00EFE12E020460CF096F8CA
:10B12000FFF76EFB012719F08FFFA26BE36B9A42CA
:10B13000B2D3022D47D0019B002BE6D0002FE8D0E0
:10B140001BF008F91BF006FC19F07EFF94F8443060
:10B150005BB2B3F1FF3F04BF002384F8443094F89E
:10B1600045305BB2B3F1FF3F04BF002384F84530A4
:10B170001BF0F0F801A902A80DF05CFFE0B919F08E
:10B1800063FFD4F83890E76B1BF0E4F8B945C4D1FD
:10B19000019904F110001AF08FFA20460CF056F8CD
:10B1A000FFF72EFB0028BDD14FF080533360BFF373
:10B1B0004F8FBFF36F8FB5E720460CF047F8FFF7CE
:10B1C0001FFB002082E7A66B0222414620460EF0BC
:10B1D000A1FDA36C002B3FF47CAF002E7FF473AF76
:10B1E00065E700BF04ED00E02DE9F04784B003F00F
:10B1F0006AFEDFF85081514FDFF84CA14FF08059C3
:10B20000D8F800301C6894B1DB681C681BF0A2FB06
:10B2100001A811F051F90546019A22BBA04214D3AE
:10B22000FFF7EEFA2946204614F0C6FE1DE01BF09B
:10B2300091FB01A811F040F90546019B9BB9404BD9
:10B240001B681A68B2FA82F25209611B386812F060
:10B25000C4FFFFF7D5FA40B9CAF80090BFF34F8F8B
:10B26000BFF36F8F01E0FFF7CBFA00252A4601A953
:10B27000386803F0FBF90028C2D0019B002BF5DBF6
:10B28000039C636913B1201D19F01EFA684611F082
:10B2900013F90646019B013B082BE7D8DFE803F0D2
:10B2A00005052A314005052A310094F8243043F081
:10B2B000010384F824300299A0690B463246014408
:10B2C000204613F045FD0028D0D094F8243013F028
:10B2D000040F07D123F0010384F82430236A2046A9
:10B2E0009847C3E7A369324602991944204618F0EB
:10B2F000DDFFF3E794F8243023F0010384F82430D1
:10B30000B4E794F8243043F0010384F82430029920
:10B31000A161034602460144204613F019FDA5E74A
:10B3200094F8243013F0020F04D023F0010384F8C2
:10B3300024309BE7204612F009FC97E714F8002020
:10B340000CF8002008F8002004ED00E02DE9F04F93
:10B3500097B019F0D9FA504BDFF850911A886FF373
:10B36000820283461A8000270BEB070323F0704309
:10B3700003934A4B1D7859F825404FF00208484B7B
:10B3800003EBC5030593002694B949F82540002432
:10B39000A6426DD8B8F1010F76D0404B1D7885F0EC
:10B3A00001054FF0010859F82540E8E74746DBE77B
:10B3B000039A6368D31A1A01E7D494F814A0BAF177
:10B3C000000F2AD104200FF04DFF60B1227A6AF3FA
:10B3D00045122272A26842600279E16881605307D7
:10B3E00018D117F0F3FA1AF0E5F92D4B049053F841
:10B3F0003520D4F800A0EAB92A4B00931146052362
:10B40000EF2005F037FA049819F06CFA0023237541
:10B410005446B9E718F0E0FCE5E71AF0020FE2D075
:10B420002369636016AA731C02EB860646F8404C3B
:10B430009EB2D8E7944210D143F835A0BAF1000F7C
:10B44000E1D1059A03EBC5035A60DCE71A4623B93C
:10B45000154B009301210523D2E713689C42F5D1D7
:10B4600023681360002BCED10D4B03EBC503EBE734
:10B4700016AB03EB84030022039953F8400C01340C
:10B4800008F044FBE4B283E7002F8FD0584617B092
:10B49000BDE8F04F0CF00CB9203E014102F900204C
:10B4A000C4F60020682602018026020140F7002031
:10B4B0000021F8B50846524A524C534E1AF08EFC01
:10B4C0004F4A002101201AF089FC4FF44F701BF005
:10B4D00019FF4FF44F72002120601BF01BF90C2064
:10B4E0001BF010FF236830600021196059609960DB
:10B4F000236883F89412C3F8981203F5E27203F5F7
:10B500000B70C2E9001208328242FAD103F52A70A8
:10B51000C3F8A812C3F8AC0283F8B81283F89512E6
:10B52000C3F89C1203F525700021C2E9001208320D
:10B530009042FAD103F52C72C3F8B422C3E9A811E2
:10B5400003F5C072C3F884210022C3F8B01283F857
:10B55000B91283F8C011C3F880110C271046216876
:10B5600007FB02F3194401320860486088602168D3
:10B57000C8502168D1F884511944202A4D602960AF
:10B5800021680B44C1F88431E9D14FF4C47300251C
:10B5900022681A440833B3F5E07F15605560F7D18F
:10B5A0000DF03CF82368012283F8342300201BF0BF
:10B5B000D1FC2368C3F838531BF0D2FC2468302236
:10B5C000002104F52F701BF0A5F83022002104F5AE
:10B5D0003C701BF09FF83368A4F8BA52A4F8EC5200
:10B5E000C4F82653C4E9CB551D60336807485D6035
:10B5F0001BF0A4FC0648BDE8F8401BF099BC00BF56
:10B60000392202010804002004040020D5040101AD
:10B61000A56B02012DE9F843002019F03FF981469E
:10B62000012019F03BF90746022019F037F94D4B7C
:10B630001D6895F824608046002E60D14A4CB4F80D
:10B64000AC30202243F0400305F1250104F5A06051
:10B65000A4F8AC301AF0E2F92022444904F5A460C1
:10B660001AF0DCF92022424904F5A8601AF0D6F954
:10B67000B4F8A43066F34103A4F8A430B4F8A430BD
:10B6800066F30413A4F8A430B4F8A43043F08003A4
:10B69000A4F8A430B4F8A43066F30003A4F8A430EE
:10B6A000B4F8A43043F00203A4F8A4304FF6FF71BD
:10B6B000002017F0D3F94FF6FF71012017F0CEF9F3
:10B6C0004FF6FF71022017F0C9F94946002019F022
:10B6D000F7F83946012019F0F3F84146022019F035
:10B6E000EFF8244A0D21012015F0C6F947F4005166
:10B6F00089B2012019F0E4F80020BDE8F883012E9A
:10B70000D4D1194CB4F8AC3043F04003A4F8AC30B9
:10B710002022296A04F5A0601AF080F92022E96944
:10B7200004F5A4601AF07AF9E9692022114404F5BD
:10B73000A8601AF073F9B4F8A4306FF34103A4F8C9
:10B74000A430B4F8A4306FF30413A4F8A430B4F810
:10B75000A43043F08003A4F8A430B4F8A4306FF30D
:10B7600000039BE76003002000240141FC5301011A
:10B770001C540101FD0D020170B5046888B0054636
:10B78000164619F0CAFB236E5B020ED514F072F94F
:10B79000236E23F48003236618F05AFB16B130465B
:10B7A00016F046FC002008B070BDA37D012B4AD1E5
:10B7B00094F82210002946D0A37F002B43D02046C6
:10B7C0001AF0E7F900283ED094F82230D4F8042388
:10B7D000C4F88C51834214BF0823002384F89431A9
:10B7E000A37FC4F89021032B84F8950184F8963147
:10B7F0000AD11378022B07D114F03CF9236E43F0E1
:10B800000043236618F024FB04F5C6720395106804
:10B81000516804AB03C39068D168142203C3009637
:10B8200003AB2B49012011F07AFD94F89C0101280B
:10B830000DD1022384F89C31042203AB25490395E2
:10B8400010F019F803E016B1304616F0F1FB19F0CC
:10B850006BFD94F91B30A0767BBBC300A383E0761D
:10B8600094F98032002B15DA94F8AC3193B994F83E
:10B87000AE31213B012B0DD994F8813253B9B4F884
:10B880008932B4F898209B1A1BB2002B02DC2846A0
:10B8900007F0B2FE94F89E3203F04102412A81D1B2
:10B8A00094F98022002ABFF67DAF6FF3861384F8E7
:10B8B0009E32284605F0B2FC74E7B4F91C30A3EBC5
:10B8C000E30303441BB2A383DB10E376C8E700BFA6
:10B8D00060040101010601012DE9F047052192B044
:10B8E0000746002019F05EFA0646002800F0928014
:10B8F0003C6894F88B021AF063FE2423337394F9A6
:10B900008C3280462518002B00F08780014638468F
:10B910001AF024FB94F88C325FFA80F904F51C7A53
:10B920004B44C24485F870320121504614F004FDA6
:10B9300095F8703285F87802A3EB090284F88F221B
:10B9400094F89122FF2A19D195F87822920715D000
:10B9500094F98C22002ACCBF03F1FF3301335BB290
:10B9600085F870320121504614F0E6FC95F87032EB
:10B9700085F87802A3EB090384F88F3294F88032BB
:10B98000DB0720D541F22103ADF8003000238DF80C
:10B99000043022888DF8083008F101038DF8093051
:10B9A00095F97032ADF806208DF80A3095F87822B6
:10B9B000A3EB0909C2F3010268468DF80B208DF84C
:10B9C0000C9016F005FC414638461AF0C7FA94F878
:10B9D000913284F89002FF2B1CBF002384F891322F
:10B9E00094F89122531EDBB2FD2B19D8B4F898308D
:10B9F000A4F887320233A4F8893295F8783284F8B3
:10BA00008E32D4F88E32C6F80D30384631461AF0F0
:10BA1000B1FA012012B0BDE8F08784F88F32D2E786
:10BA2000FF2AB4F8983004D13A79042A01D10733B7
:10BA3000E1E70133DFE7F0B58DB0002304290546C7
:10BA4000ADF80C30ADF80E308DF809308DF80A30B5
:10BA500040F28F800539013203A88FB204A9049205
:10BA60001AF058FB04A90DF10E001AF053FB2846FA
:10BA7000049E13F0A6FC0446002860D11221BDF8F4
:10BA80000C0012F051FD0446002858D106AA05A961
:10BA9000BDF80C0016F00AFF00286ED0059B288820
:10BAA000DA7B102109F092F884B2002C47D1BDF85E
:10BAB0000E301BB1059B9B7BDA0660D595F83B30B9
:10BAC000072B5ED8059B9B7BDB072ED52B88ADF81B
:10BAD0002430BDF80C30ADF82630BDF80E30ADF88E
:10BAE00028301623ADF82C300DF10901059B079382
:10BAF0000DF10A0207A8ADF82A70089605F06AFC55
:10BB00009DF80A309DF80B10044643B3072916D858
:10BB1000063155F8210090B11BF0F6FB9DF80B3073
:10BB20000633002245F8232009E0BDF80C200DF172
:10BB30000B01284611F060F904460028C6D09DF894
:10BB4000093053B9BDF80C20ECB9BDF80E300093A4
:10BB500031463B4628460FF057FF0DB0F0BD8B1D18
:10BB600055F82330002BEAD007AA28460EF03AFCFD
:10BB7000E5E71E461F460424E1E70124DFE78024B1
:10BB8000DDE70924DBE7E3B2162128460AF056F880
:10BB9000E3E7704705292DE9F74F81460D464FF041
:10BBA00000070ED0ADF800704FF0010A3E460424A5
:10BBB000E3B25246042148460AF040F8002E7FD0F6
:10BBC0007BE0013201A9684601921AF0A3FA01A9AB
:10BBD0000DF102001AF09EFA4846BDF800A013F0DD
:10BBE000F0FB0446002878D1BDF80030002B76D059
:10BBF000BDF802209A4272D3B9F804001BF048FB4A
:10BC0000064608B91124D3E706F11003294601A816
:10BC100001931BF0C3F94FF00108334BBDF80050FE
:10BC2000BDF802001B681B68002B3DD09A89AA4210
:10BC300002D99042F7D31546D989A942F3D35B685C
:10BC4000AA1A03EB021B7DB3B8F1010F9BF80E306B
:10BC500039D103F00403002B14BF02270127394612
:10BC600001A814BF122404241BF098F94FF0020815
:10BC7000294601A81BF098F9A21E92B2DBF8001029
:10BC800001A8A0441AF042FC1FFA88F8B9F8043061
:10BC900008EB04029A4207DC0135BDF80230ADB270
:10BCA000AB42ADF80050B8D2B8F1010F1AD032460D
:10BCB0004146484619F06DFC10B130461BF012FBAE
:10BCC00003B0BDE8F08F5B0703D5012FEFD002274B
:10BCD000CEE7022FEBD00127CAE73E4668E70646CB
:10BCE000012465E70A2463E71403002030B597B008
:10BCF0004A4B1B78012B17D004465AB21AB1022BBB
:10BD000037D017B030BD4FF47A73022201210846B4
:10BD100013F08AF80B21424805F0CAFB3F4B012281
:10BD20001A7018F03FFCECE703780A2B09D00B2BB4
:10BD300015D00D2BE5D1394B00221A7018F032FCCA
:10BD4000DFE71121374805F0B3FB4FF47A73022285
:10BD50000121002013F068F810F072F9D1E70B21EF
:10BD6000314805F0A5FB2D4B02221A7018F01AFC81
:10BD7000C7E703780C2B3AD0062BC2D11321274BEF
:10BD8000988A15F0F1F90C21284805F091FB00BFC5
:10BD90001AF0D0FD0028FBD019F036F900240094E9
:10BDA0002346224603211D48406812F025FB204D02
:10BDB0008023AB6301201AF0ADFD02201AF0AAFD2A
:10BDC0004FF0884308225A6003F528539C652C6382
:10BDD000A923AB61AB604FF400736B65154B5C60DE
:10BDE0009C6014F0E9F9144B01221A7089E7502283
:10BDF000002102A81AF08EFC6278104902A819F0FE
:10BE0000E2FE014602A805F053FB10F019F9034BBE
:10BE100001221A7018F0C6FB73E700BFD0F50020AE
:10BE200000C401010CC4010120C401014CC4010182
:10BE3000002B0044001000447DF000202CC40101C0
:10BE40002DE9F04184B0044601914FF000084646C8
:10BE500045464F4F43E0013BA36323684BB1236941
:10BE60005BB91AF077FA4FF00108404604B0BDE81C
:10BE7000F08119F02FFCA060F1E704F1100005F04B
:10BE800083FB0028EDD0424B4FF080521A60BFF385
:10BE90004F8FBFF36F8FE4E71AF05CFA4FF00008A2
:10BEA000E3E702A819F046FF23E019F0CDF8A068F7
:10BEB00006F060FE80461AF04DFA40E020460BF096
:10BEC000C5F9FEF79DFC09E020460BF0BFF9FEF72F
:10BED00097FC20461AF0E7F8002844D1012619F013
:10BEE000B3F8A36B002BB6D1019B002BD4D0002E4E
:10BEF000D7D01AF02FFA1AF02DFD19F0A5F894F802
:10BF000044305BB2B3F1FF3F08BF84F8445094F86B
:10BF100045305BB2B3F1FF3F08BF84F845501AF0DB
:10BF200019FA01A902A80DF085F80028CCD1204605
:10BF30001AF0B9F80028C1D02368002BB5D00199B8
:10BF400004F1240019F0B8FB20460BF07FF9FEF74E
:10BF500057FC0028C2D14FF080533B60BFF34F8F96
:10BF6000BFF36F8FBAE7B8F1000F3FF47EAF19F05F
:10BF70006BF8616A19B1236B1968C1F10501A068FA
:10BF800009F0ECFB1AF0E6F94FF000086DE700BF8E
:10BF900004ED00E0064B1B6A1B0E5A0606D403F0A4
:10BFA000A003A02B0CBF0220032070470120704784
:10BFB000003E014438B50146FFF7ECFF884201D14D
:10BFC00000200FE04FF088431C6814F480641CBF0D
:10BFD0004FF480625A6002293FD003294AD00129D8
:10BFE00001D0012038BD314DEB69C3F30F4222F07F
:10BFF0008002D204D20C42F4814262F31F432B4AE6
:10C00000EB61D36902296FF39653D36113463CD099
:10C01000032942D00129E4D11A6AC2F3076202F06F
:10C02000C002402AF8D101280FD1204DA86AC0F3E0
:10C030000F4141F00401C0F3072011F00BFAE86A48
:10C04000010CC0F3072011F005FA002CB8D04FF016
:10C0500088434FF480629A60B2E7144DEB69C3F3F2
:10C060000F4222F08002D204D20C42F4204242F06D
:10C070008002C2E70D4DEB69C3F30F4222F080024C
:10C08000D204D20C42F40042F1E71A6AC2F307620A
:10C0900002F0E002A02AF8D1C5E71A6AC2F30762EB
:10C0A00002F0E002802AF8D1BDE700BF003E014463
:10C0B00008B50146FFF76EFF03280FD1084BD86A79
:10C0C00039B9C0F30E41C0F3072011F0C3F90120C4
:10C0D00008BDC0F30F4141F40041F4E70020F7E749
:10C0E000003E01442DE9F34180460C200F461546E1
:10C0F0001E461BF007F90446002800F09380A0F8C4
:10C1000000808770858028461BF0FCF8A06000281E
:10C1100000F08580A288314619F080FCA388B3F531
:10C12000297F16D8A278022A4ED1012B11D9208856
:10C130003E4F17F029FE0828054615D13B6800251B
:10C140000C331A7892B10135EDB2082D03F10C03CE
:10C15000F7D1A0681BF0D8F81BF0E2F8204602B037
:10C16000BDE8F0411BF0D0B816F000FCA3683A68B7
:10C1700018880C2303FB05F6043080B202EB060896
:10C1800003F57E739842A8F81200E2D81BF0BAF8C3
:10C190003B68C8F8140033445A69002AD9D0228871
:10C1A000DA8100221A82DFF88480A288D8F8006041
:10C1B0000C276F433E44308A738A811899420ADD06
:10C1C000284616F0D3FBC4E7208817F0DDFD0828C9
:10C1D0000546E8D1BDE77369A168184419F01EFC53
:10C1E000A288338A1344728A9BB29342338213D15A
:10C1F0002188002201927069009001F5005189B2F6
:10C2000040F2031017F016FAD8F8003020881F44C7
:10C210009B6879699847D3E70123337399E71BF04B
:10C220007DF89BE702B0BDE8F08100BF3CF800203C
:10C230002DE9F34190F8C130C668012B04462FD197
:10C24000464B90F81611D3F82021C2F3076280F80C
:10C250001521D3F82021120E1EBFD3F81C21C2F3E2
:10C26000C30280F81421D3F82021C2F307420A4404
:10C2700080F816213A4A1268C2F3411280F8172159
:10C28000D3F84421A0F81821D3F84421C2F30F4277
:10C29000A0F81A21D3F84831C3F30803A0F81C31E1
:10C2A000204616F0ABFE2F4B1D68804615B1204688
:10C2B000A84705462C4B1F6817B12046B8470746CC
:10C2C000B8F1000F3DD094F8E430012563F07F030E
:10C2D00084F8E430204684F80C5106F0B5FF20467F
:10C2E0000FF060F96B4604222049009628460FF0B3
:10C2F000C2FA17B1002384F80D3194F8C130012B34
:10C300000BD11B4B1A686FF3DB6200201A600CF034
:10C3100009FA2146002004F0C5F9002384F8C13051
:10C3200094F8E4308DF8043005226B4611490096EC
:10C3300001200FF0A0FA204614F09EF802B0BDE8EC
:10C34000F081002DD5D094F8E43043F0400384F818
:10C35000E430094B20461B689847CAE70024014196
:10C36000C0340141C8F80020C4F8002001020101D6
:10C370000C3A014100020101CCF800202DE9F743FD
:10C3800004461F460A9809B1002A3FD0A36C23B186
:10C3900094F81D80B8F1000F1DD13968814235D164
:10C3A0007B68656E1B1A9AB295422FD8257B206652
:10C3B00005B941029BB2B3F5487F2161A36E01D15B
:10C3C000E36602E09342FBD3E2664FF00108404689
:10C3D00003B0BDE8F083E1B10025BC46FF212B4648
:10C3E0004FF6FF7E93420FD0DCE90060801B666E43
:10C3F00000EA0E094E4554D894F84F607607C0F312
:10C40000160046D5C5B21946FF2906D14FF00008DF
:10C41000DDE7D7E90035ED1AEDB2A37B0EB263BBC1
:10C42000237A012B42D1A36E9D423FD994F850301C
:10C43000DB073BD402210DF106000EF0AFFFA36E27
:10C44000BDF80620C3F101032B44B2FBF3F503FB57
:10C45000152557F8363053FA85F5C5F316052566C8
:10C46000227B236E32BB5A022261E27A012A01BF8B
:10C47000E26B9B18C3F31603236607EBC603226E19
:10C480005B689B1A9AB2B2F5487FA26E14D1E2663D
:10C490009DE7267A012EB5D186B2B54201D2C5B24A
:10C4A00019460133DBB20CF1080C9BE757F8363024
:10C4B0002366D5E71A46D7E79BB2934294BFE3665B
:10C4C000E26684E72DE9FF41054650201AF01AFF85
:10C4D000044610201AF016FF064604B150B9484B26
:10C4E000009300220423C121EE2004F0C3F904B01C
:10C4F000BDE8F081AA6D02F5C07204F11000136866
:10C500002360536863609368A360D368E360EB784B
:10C5100004F1300705F11208002B68D1A96D202223
:10C52000EB3119F07BFA20224146384619F076FAB1
:10C53000A86D33465022214600F5E070FBF768FBFA
:10C54000314603A819F06EFC03992E4AB1FBF2F3B1
:10C5500002FB13130393AB6D102283F86F20AB6DB6
:10C5600032681A6720461AF0CFFE30461AF0CCFE29
:10C570000C20039C1AF0C6FE01460028B7D0224AC0
:10C58000B4FBF2F303F13000887102FB13434FF464
:10C590007A7042F21072B3FBF2F33033CB71B4FB1A
:10C5A000F2F302FB1343B4FBF0F2B3FBF0F300FB36
:10C5B000124230336420B2FBF0F230320B724A7216
:10C5C000B4FBF0F30A2200FB1343B3FBF2F3303366
:10C5D0008B72B4FBF2F302FB134430340223CC72AF
:10C5E0000B702B888B800C201AF0CBFD7FE720226C
:10C5F000414619F013FAA96D2022EB3195E700BFEF
:10C600006066020140420F00A0860100084B41F223
:10C6100002029852074A118041F204015A5842F42A
:10C6200080125A50044A1368DB02FCD4704700BFE2
:10C63000002001410030014104300141094B41F229
:10C64000020241F2040198525A5842F480225A5090
:10C6500019440A685203FCD441F22802985880B267
:10C66000704700BF002001412DE9F04117460D46FB
:10C67000ED1B0135012406469846AC40FFF7DEFF6E
:10C68000013C04FA07F504EA080420EA0500BC406E
:10C690000443A1B23046BDE8F041FFF7B7BF38B55B
:10C6A00015460C46641BFFF7C9FF01340123A34064
:10C6B000013BAB401840284180B238BD074B41F6E2
:10C6C00014615A5842F004025A5019440A68520739
:10C6D000FCD441F60C62985880B2704700200141AA
:10C6E00070B5800086B2FFF7E9FF054600BF00BFC6
:10C6F00000BF0824B44200D370BDFFF7DFFF8542BE
:10C7000088BF04F2E244641B10FA84F4A4B2054624
:10C71000F0E7F8B54FF47A744CF2503360430025DB
:10C72000B0FBF3F41E46A7B203FB1404BD4207D1CD
:10C7300064B14FF6F8702040BDE8F840FFF7D0BF75
:10C7400030460135FFF7CCFFADB2EFE7F8BD00BFD3
:10C75000F0B5144687B0054618B90025284607B03D
:10C76000F0BD0029F9D0002AF7D05268002AF4D091
:10C770002268002AF1D03E4ADFF810C111603D4F17
:10C780003D493E4E3E4893B93E4A8CF80030D2F8BF
:10C7900000E0C1F800E00323B2F804E09279A1F8C8
:10C7A00004E08A713B70F82333700E231FE05A783F
:10C7B000D2074BBF1A46334A52F802EFD2F800E0D4
:10C7C000C1F800E0B2F804E0A1F804E092798A71BF
:10C7D000597811F0020218BF93F909208CF8002053
:10C7E0001A783A704F07DED59A7ADB7A3270037086
:10C7F00011F074FA224603AB52F8080F516803C3D4
:10C8000090681860D4E90023590705D0D91D21F09C
:10C8100007011A44521A0B46CDE9012317F004FB15
:10C82000DDE9010110F0CCFE284604F01BFC0546B2
:10C83000002892D0144B4FF48062C3F88420BFF3D9
:10C840004F8FBFF36F8FA02183F82A13C3F8842181
:10C850005A6004F0DDFF13F0CFFC01A818F084FC4F
:10C86000237BDB073FF57AAF11F042FF054675E702
:10C870002C03002040030020380300204103002047
:10C880003F0300206472020100E100E03003002059
:10C890000378012B00D0704770B594B044682378BA
:10C8A000002B62D1A3780BB114B070BD444B1E684D
:10C8B00033684BB1321D01231D4652F8041B21B1D0
:10C8C0000133082BF8D1EFE7002520201AF071FC86
:10C8D00046F825003A4B1E6856F825000028E3D09C
:10C8E0002022002119F016FF56F82550002DDBD02C
:10C8F000A3882B80A379AB70281D234653F8072FFC
:10C900006A609A889B79828083710123EB7008F0BA
:10C91000B3F9A877082809D1A388ADF80630012318
:10C920008DF8043001A812F03BF9BDE74C2200213C
:10C9300001A819F0EFFE01A9A87F04F0D5F900289D
:10C94000EAD19DF84C10C1F300029DF8003062F36B
:10C950004103C1F3400262F300038DF800306A46E0
:10C960008908288815F09FFDD6E7012B9CD100236C
:10C970008DF804306388ADF80630608812F0ECF86A
:10C9800060B1827F8DF8082013F0F6FA0D4B1B780A
:10C99000002B89D000240C4E0A4D09E008238DF8A5
:10C9A0000830F3E701342A78E3B29A427FF67CAF8D
:10C9B000E3B256F82330002BF4D001A89847F1E7F2
:10C9C00078F700206C020020700200202DE9F04F63
:10C9D000092989B007460D4601D0172927D1013210
:10C9E00005A904A8059219F095FB05A90DF11200FF
:10C9F00019F090FB03A8022205A919F07DFD384625
:10CA0000DDF81490BDF8108012F0DBFC002874D122
:10CA1000BDF81030002B72D0BDF812209A426ED3B0
:10CA2000B8881AF035FC044680B9112005E00024CE
:10CA3000ADF810404FF001080420C3B24246062171
:10CA4000384609F0FBF8002C54D050E004F11003F4
:10CA5000072105A805931AF0A1FA073DADB20126FA
:10CA6000DFF8A0B00DF11C0A06AB0093CDF804A0CE
:10CA700003AB0222BDF81210BDF810000AF0D2FD7F
:10CA800058B30222594603A818F0BAFF0028EBD188
:10CA9000069B9A681288AA4211D12A4649465868CC
:10CAA00018F0AEFF58B9079B05A899891AF07CFACF
:10CAB000079B05A8D9891AF077FA0436B6B2BA8866
:10CAC000331D934209D8079BBDF81220DB8901333F
:10CAD0009BB29A42ADF81030C2D2012E01D10A2089
:10CAE000ABE722463146384618F053FD10B12046D8
:10CAF0001AF0F8FB09B0BDE8F08F00249DE704466A
:10CB000001209AE77C73020138B50468494A94F819
:10CB1000C831126823F0030384F8C8310023C4F835
:10CB2000AC31A4F8B03184F8C631117884F8BF3143
:10CB3000C4F8C031A4F8C4310546FB2394F866005C
:10CB4000A4F82232A4F81E321B2384F8BE11A4F8E4
:10CB5000F63244F2902103F62D0310F0100F0CBFB3
:10CB600008461846A4F8240294F8670010F0100F45
:10CB700008BF0B46A4F82032137CD90754BF537C5E
:10CB8000072384F86332137C9B0754BF937C0723ED
:10CB900084F86432284BC4F8A03240F2026229467D
:10CBA00004F5297018F0DBFF40F20362294604F512
:10CBB0002F7018F0D4FF40F20462294604F5357056
:10CBC00018F0CDFF4FF07E33C4E99C33A3F17C33E2
:10CBD000C4F87832B4F8803203F07803A4F88032D5
:10CBE00094F89E3223F07F03002243F07C03C4F8C4
:10CBF0007C22A4F89C2284F89E322B79C4F8EC2283
:10CC0000042B0CBF07231346A4F889320B4B84F87E
:10CC1000F42293F90710B3F80530A4F88232EF2319
:10CC2000C4F8853204F53B7384F88412C4F8F032FA
:10CC300038BD00BF60030020B80BDC0526040020CF
:10CC40002DE9F74F494E346807468946002C78D0C5
:10CC50003379257823F0070315F0010533710DD0E2
:10CC60000023ADF806300DF10602092313F004FA93
:10CC7000BDF806100246002968D1002523789A07DE
:10CC800033D50023ADF80630A37C022B6CD0042BE7
:10CC90000CBF202321230DF106024946384613F02C
:10CCA000EBF9BDF8063003B310F0FF001DD094F887
:10CCB00012A094F823B00AEB0B02904215D107EBB7
:10CCC00003085246414604F1130018F099FE60B97A
:10CCD0005A4608EB0A0104F1240018F091FE20B92D
:10CCE000337943F002033371012523785B0729D59B
:10CCF0000023ADF806300DF10602FF234946384601
:10CD000013F0BAF9BDF80630E3B110F0FF0019D006
:10CD100094F8368008F10202904213D11F44022297
:10CD2000394604F1340018F06BFE58B94246B91C7C
:10CD300004F1370018F064FE20B9337943F004039E
:10CD400033710125284603B0BDE8F08F002894D048
:10CD50003944A01C18F054FE00288ED1337943F0DA
:10CD600001033371012589E7162394E718F70020A2
:10CD70002DE9F0418AB0174602294FF0000206461D
:10CD80000D468DF804208DF8052020D9013302A925
:10CD90000DF10600029319F0BDF93046DDF8088068
:10CDA00012F00FFB044630B93946BDF8060011F009
:10CDB000BBFB0446C0B1122F06D19DF804301BB94D
:10CDC00054B9304611F0E9FD0AB0BDE8F081122FE8
:10CDD000ADF80620F8D10424E3B2BDF806201221F4
:10CDE000304608F02BFFEFE704AA03A9BDF80600C0
:10CDF00015F05CFD002851D0039B3088DA7B1021B0
:10CE000007F0E4FE84B2002CD5D1039A937B92897B
:10CE1000033D13F0080FADB232D1AA4232D103F074
:10CE20002103202B30D03388ADF81C30BDF80630FC
:10CE3000ADF81E300023ADF820308DF825300DF10F
:10CE40000502039B059301A905A8ADF822508DF8B2
:10CE50002470CDF8188004F0BDFA039B9A7BD107AB
:10CE60000446A8D40028A6D12A465868414618F09E
:10CE7000D5FD039B9A7B12079DD59B681D809AE781
:10CE8000AA42CCD20D2496E7BDF806204146304692
:10CE900007F090FB044600288DD1C4E701248AE7FF
:10CEA000F0B50E4690F82C1085B00446002940F0ED
:10CEB00083801022684619F02DFC16F08AF9054689
:10CEC000C0B90746306805F099F94DF82700A0B1C0
:10CED0000137042FF6D100275DF8270008B115F0BF
:10CEE0008DF80137042FF7D125B9706805F086F960
:10CEF00028B90725284605B0F0BD0725EBE715F052
:10CF00007DF83368A3617368A28AE36140F27123FC
:10CF10005A4362634FF47A72A263628A5343A364F2
:10CF2000264B236304F1780604F5A477A06905F085
:10CF300065F946F8340BB742F8D1E06905F05EF9BF
:10CF4000002384F85C3084F8903084F8C43084F88E
:10CF5000F830A37D6062DA072CD513F0020F0CBF06
:10CF600002230423012084F82030022184F82C00BD
:10CF70000BF044F919F00AF8206508F0FFFA226D69
:10CF8000A1681162226D0E495162226D0D49D16274
:10CF9000226D0D499162226D0C491163226D0021B1
:10CFA0001160226D46685660226D3260426006F064
:10CFB0001DFF9FE70123D5E700259BE70000010344
:10CFC0007DD400012D3002015D730201ADC8010165
:10CFD000F0B540F2FF7681EA030C16EA115E1EBF3F
:10CFE000B64516EA1355B54252D021EA465141F4EE
:10CFF0008011A1FB024723EA465343F48013AE4459
:10D00000A0FB03650CF0004C36197D41A1FB0347E2
:10D0100047F10003A0FB0217F619654153F1000325
:10D02000094218BF46F0010640F2FE74B3F5007FD6
:10D0300013D2AEF5806EA64523D24CEA0331280305
:10D0400041EA155140EA16503203450872F1004298
:10D0500050F1000051EB0E51F0BDAEF2FF3EA6457F
:10D060000FD24CEAC321E80241EA555140EA56503A
:10D07000F202450872F1004250F1000051EB0E51EE
:10D08000F0BD1EEA0E0F2DD50CF000410020F0BDC2
:10D0900016EA115F04BF01F000410020004218BFF2
:10D0A00041F0010116EA135F04BF03F000430022C0
:10D0B000124218BF43F0010306EA1354B44218BFEA
:10D0C000B64503D00CF000410020F0BD21F0004136
:10D0D00023F00043B1EB065F0CD8B3EB065F09D831
:10D0E00041B13BB10CF0004141F0FE4141F470010F
:10D0F0000020F0BD40F20001C7F6F8710020F0BD3D
:10D10000F0B5474C236895B093F824300193454B14
:10D11000009302231A4606467721EC2003F0AAFB6F
:10D1200023689D6CC5B108F029FA002835D0226823
:10D13000926C00251560216842688F6C7A60896C5A
:10D1400011602268926C426019F024FD2368986C8B
:10D150001AF0F6F823689D64334A136800211970A9
:10D160002768367897F8243056B3012B17D141F24F
:10D170000903ADF808308DF80C602022FF210DF175
:10D180000D0019F0C7FA3A2E36D197F82430012B4A
:10D190002ED1F86914F032FF2AE00725DCE741F2CE
:10D1A00008032022FF210DF10D00ADF808308DF8A5
:10D1B0000C6019F0AFFA2022FF210DF12D00E0E7FD
:10D1C00003BB12680121517026688DF80C3041F2C2
:10D1D0000802ADF80820B16920220DF10D0018F009
:10D1E0001DFCB169202211440DF12D0018F016FC30
:10D1F0002368986914F002FF02A814F0E9FF28469A
:10D2000015B0F0BD41F209032022B969ADF808302C
:10D210000DF10D008DF80C6018F000FCB9E700BFAF
:10D2200060030020247202015C030020F7B5C5688A
:10D23000008916F049FB0446002800F08780866DBF
:10D24000002E00F08380AB882868ADF80430009091
:10D250006B4606251A78013D303A15F0FF0503F8B4
:10D26000012BF7D19DF801209DF800309DF80310A7
:10D270009DF8047042F210705043354A02FB0303DC
:10D280009DF805201344642212FB01329DF8023000
:10D290004FF47A7101FB03230A2101FB073106F1E8
:10D2A0006F001AF035F8A26DC2F87350C2F87750CB
:10D2B000C2F87B50A36D01229A7094F85530A16D8D
:10D2C00083B391F8713091F870201B0443EA022374
:10D2D00091F86F2013438B62A36D83F82650A36DE2
:10D2E00093F82620996AD14001F0010141F08001B4
:10D2F000204604F079FDE378A16D3BB901F5D871C2
:10D30000204603B0BDE8F0400EF040BDCB7813B925
:10D31000002003B0F0BDCD70A36D9D70A16D01F52F
:10D32000B871EDE7E3782BB96F312046FDF7D8FBF4
:10D33000A16DE3E7CB78002BEAD0CD70A36D9D7093
:10D34000A16D20466F31FDF7CBFBE7E70120E0E759
:10D35000A08601002DE9F04790B005460E469046A4
:10D360000021302204A8994619F0D4F915F00304DD
:10D370000DD0414F3B6893F8B84244B112F07AFBAC
:10D380003B68D3F8A87216F063FD00248FB915F03E
:10D390003C0F2CD11A9B0293199B0193189B00936D
:10D3A00042464B46314604A8F9F74EFE10B0BDE8A0
:10D3B000F08712F05FFBD7F800A016F049FDBB68BC
:10D3C0009E4212D09A7B012A0FD1E90707D510A9F6
:10D3D000621C01EB840444F8303CD4B205E0AA0797
:10D3E00003D5997AB27A9142F1D85746CEE7224FC7
:10D3F0003B6893F8B932002BCCD012F03BFB3B6872
:10D40000D3F8B07216F024FD002FC3D012F032FB17
:10D41000D7F800A016F01CFDBB689E4215D09A7B81
:10D42000012A12D1726D93420FD06F0707D510A950
:10D43000621C01EB840444F8303CD4B205E0E806F9
:10D4400005D5997AB27A9142F1D85746DCE7290797
:10D4500004D5997AB27A9142F7D3E8E7AA06F4D5CF
:10D46000326C9A42F1D110A9631C01EB840444F898
:10D47000302CDCB2E9E700BF0804002070B586B0AC
:10D480000D46046819F002FE48B13D4E3078013077
:10D4900000F00700307019F015F90028F6D095F863
:10D4A0004F30384E13F0040F0DD0D5F8AC10606D2E
:10D4B00016F09AFE344B98424FD818F093FAA36BAB
:10D4C00083424AD8E06394F82F30002B45D10DF108
:10D4D0000301204617F040F800283ED12B4B9DF861
:10D4E00003201A702A4B18702A4B187033785A1C74
:10D4F0003270294A1370294B1D6095F84F305B0735
:10D500000BD4A86918F0A0FE0146D5F8AC0011F0C4
:10D51000CBFE6065D5F8B030E363D5F8AC209DF85C
:10D5200003302264342202FB034303F1580000223B
:10D5300083F85C20C280A3F887200F2283F85D2047
:10D54000012283F88020164A1378B3FA83F35B092B
:10D550002046137010F002FA0FE0FF23ADF80430FC
:10D5600010238DF8063033788DF807305A1C01A946
:10D57000204632700595FBF755FF002006B070BDC0
:10D580000AF9002008F9002038FEFF7F450400203A
:10D5900044040020460400204704002040040020EA
:10D5A00009F900202DE9F7430E46042107461446E9
:10D5B00014F092FF002875D107F1540002F0A2FE8A
:10D5C000052E6FD997F8443094F80180F22B04F1BE
:10D5D0000204019466D14FF4827019F093FE05465F
:10D5E00000285FD004230370023E3B888380B8F19B
:10D5F000010FB6B239D116F003043DD1A14601A9FD
:10D60000684618F087FD01A90DF1020018F082FDAF
:10D61000BDF80230A3F52453FF2B07D8019B53F824
:10D62000042C2B190434C3F80A20A4B209F104090C
:10D630001FFA89F909F10403B342E0D9FA8FBDF862
:10D6400000108A4231D9013189B2B98738460CF0CD
:10D6500085FC24B3002385F806802C8185F8FF30F3
:10D660000421284616F020FD1CE01223B6FBF3F43B
:10D6700003FB1464A4B284B1FB8FADF80030002426
:10D68000DCE701996846194419F082FC1FFA89F316
:10D6900003F11209B145F4D9D0E72346F8E728464B
:10D6A00019F032FE03B0BDE8F0830023002CFB63C9
:10D6B00087F8443008BF4FF00008012385F8FF3099
:10D6C0002C8185F80680CBE72DE9F04104682346DC
:10D6D0000025C4E9015543F80C5F884623610746DD
:10D6E0001646FFF711FAA5822222414604F13400C2
:10D6F00018F094F994F8473013B9012384F84730AF
:10D700003B79042B13D1002384F864300023236673
:10D71000C4E961334FF6FF73E3832362012384F886
:10D72000243094F8643033B9A4F8253005E0052B93
:10D73000ECD10123E8E7012BF6D002236376FF2327
:10D74000002584F8293003F57F432A463146E382D9
:10D750002046658525630EF0DFFB0623C4E92033F0
:10D760002046C4E91D5507F02DF894F8A820A4F828
:10D77000985094F8553094F85410206D3ABB84F8C2
:10D78000AA2084F8B420C3F3040284F8AB20012259
:10D79000C4F8AC0084F8B010A4F8B2200020C3F3A1
:10D7A0004213C4E92800C4E95E000F4A84F8AA3194
:10D7B0000323C4F89E21C4F8A221C4F8A601C4F82A
:10D7C000800184F89C0184F89C30BDE8F081226CD3
:10D7D000C4F8B82084F8BC50C4F8BD0084F8C11067
:10D7E000A4F8C250DAE700BF1B0048012DE9F0435E
:10D7F0000746A5B017F040F804AE3C68DFF80C818E
:10D8000080220021304618F085FF2468002564B985
:10D81000384619F04CFD12F02DF9E3B29D4262D862
:10D8200025B0BDE8F04316F013BB637FD4F8009039
:10D83000227A0393A37ACDE90143002A4DD1304BDC
:10D84000009302231A467E21EC2003F013F82046B1
:10D8500010F034FB237A012B03D118F097FBC4F8A6
:10D86000A800012384F85030237A84F85130A37A39
:10D8700084F85230D4F8803003F0F80343F4A02346
:10D88000C4F88030D4F8983003F0F803002043F453
:10D890009013C4E92630C4E91500D8F80030C4F864
:10D8A00084001A89A4F87020164A1268B2F822136C
:10D8B000A4F87210B2F82423A4F874205B89A4F8A9
:10D8C000763024AB03EB85032146013543F8804CC9
:10D8D000EDB215F073FA4C4699E70B4B0093022317
:10D8E0001A467F21B0E756F82470384617F0C0FA80
:10D8F00000223946387A09F041FB01348DE700BF38
:10D9000043B701010804002077B701010404002097
:10D9100030B5836D5A78012A89B0044601D0042AB3
:10D9200012D10021204604F05FFAA06D102200F50C
:10D93000B87100F5F07018F063F880B1042120464A
:10D9400009F064FB09B030BD022A08D193F8262003
:10D95000996AD14001F0010141F08001E3E7A26D35
:10D960005378042B0BD12046FEF7ACFD2046FBF785
:10D97000B7FB002211462046F7F772FEE2E7012BC3
:10D980000ED12046FBF7ACFB002211462046F7F7EC
:10D9900067FEA16D204601F5E8710FF050F9D1E75F
:10D9A000022B31D192F82630122B27D8684620213D
:10D9B0000DF0F4FCA56D6B4603CB05F5E072C5F8E0
:10D9C000C001516003CB9060D160A26D92F8263007
:10D9D000013382F82630A36D93F82620996AD1404E
:10D9E00001F00101204641F0800104F0FDF9A16D34
:10D9F000204601F5D8710EF0C9F9A3E72046FBF7E0
:10DA00006FFBA26D6F32C0E7032B9BD12046FBF763
:10DA100067FBA36D997809B103F16F0193F8E520D5
:10DA2000002AB3D0024B1B689A684032AEE700BFB1
:10DA30001804002010B5464A90F8E510454B1488AC
:10DA4000002946D1D0F8B420D3F80811121B92B2A5
:10DA500062F31F41C3F80811D0F8B420D3F80C11B9
:10DA6000121B92B262F30F01C3F80C11D0F8B4107C
:10DA7000D3F80C218331091B89B261F31F42C3F82B
:10DA80000C21D0F8B020D3F81011121B92B262F31F
:10DA90000F01C3F81011D0F8B020D3F81011121BE9
:10DAA00092B262F31F41C3F81011D0F8B020D3F83E
:10DAB00014112432121B92B262F30F01C3F8141135
:10DAC000D0F8B430C0F8BC30D0F8B030C0F8B830BE
:10DAD00010BDD0F8BC20D3F80811121B92B262F32B
:10DAE0001F41C3F80811D0F8B420D3F80C11121B51
:10DAF00092B262F30F01C3F80C11D0F8B410D3F84E
:10DB00000C218431091B89B261F31F42C3F80C2137
:10DB1000D0F8B820D3F81011121B92B262F30F01A3
:10DB2000C3F81011D0F8B020D3F81011121B92B224
:10DB300062F31F41C3F81011D0F8B020D3F81411CC
:10DB40002532121B92B262F30F01C3F81411BFE722
:10DB500000040020002401412DE9F04F0E464968E1
:10DB60003568D6F80890F7688BB0CDE90323002913
:10DB7000ACBF25F00205012115F010030593039BAE
:10DB80008346D3E900232FD052EA03002CD0A9F119
:10DB90000208346915F0080004F1FF3408904FF0D2
:10DBA0000000385518BF08F1FF388A46012C1DDCEB
:10DBB000059B002B54D1089B13B1013C20233B55FE
:10DBC00032690095013A4B46121B391958460AF042
:10DBD0002DFEDBF80430DB0503D573689842B8BF2F
:10DBE00018460BB0BDE8F08FC846D2E752EA0300F2
:10DBF00009D1BAF1000F06DCA8EB0100504400285F
:10DC0000D6DDA807D4D502F00F000928D4BF00F153
:10DC1000300E00F1570E0498A0F1410CBCF1190F21
:10DC200004F1FF3410D84EF0200CACF1610CBCF1C3
:10DC3000190F09D870460991CDE9062319F0C2F8E9
:10DC4000DDE9062309998646100940EA03704FEA88
:10DC5000131C07F804E00AF1FF3A02466346A5E701
:10DC6000039BD3E9000150EA0103A4D03A19049BB5
:10DC700002F8013C023C30233B559CE72DE9F3417F
:10DC80000E46044650B93F4B00930246052304213B
:10DC9000EF2002F0EFFD02B0BDE8F08116F0ECFDE0
:10DCA00017F088FD7600804616F02EFE40F2E14324
:10DCB0009E42257A92BF022640F27121B6FBF1F610
:10DCC000AB060644074626F0704609D445F0200509
:10DCD0006660257201223946204605F017FF18E0DC
:10DCE00015F0070518BF0125274B53F8252094424E
:10DCF000194619D1254A1278AA4222D163681A1A04
:10DD000044BF03F180531A1A012A08D8022323754D
:10DD10002661404602B0BDE8F04116F0E3BD23683D
:10DD200041F8253009F0C4FC194B53F83520194649
:10DD30005AB9184B009311460523EF2002F09AFDC3
:10DD40000CE0226843F82520EEE7A2420FD12268BA
:10DD500043F8352012B903EBC5056D606660B9E77D
:10DD60001A4623B90C4B009301210523E5E71368FC
:10DD7000A342F5D123681360002BEFD101EBC50559
:10DD80006A60EBE78962020140F7002002F9002097
:10DD9000C4F60020682602018026020170B5284DD5
:10DDA000284E2846002119F0B1FA274B274A1E6257
:10DDB000274E5E62274E9E620426DE62264E1A6061
:10DDC000264A5A60C3E90C65254A264D26499A60C1
:10DDD0009D63264A264DDA60264A5A61C3E90F51EF
:10DDE000254A264D9A615D64254A264D26481961CB
:10DDF000C3E91252254DDA610024C3E914500470BE
:10DE0000234898652348C3E91701234959662349E4
:10DE10002348C3E91A12234A1A67234A5A67234A36
:10DE20009A67234ADA67C0E90043224B83600122E4
:10DE3000214BC36002740821BDE8704011F02CBD75
:10DE4000F2F800208473020110F200207C730201BA
:10DE500050730201927302017873020194730201FC
:10DE600096730201907302017A73020102000001AD
:10DE700002002011D37202018A730201C9720201E9
:10DE8000050000018673020106F90020807302017B
:10DE90008C73020101000311CE720201887302012A
:10DEA000A0F6002082730201D4F600208E730201D6
:10DEB000100002014C7302011000170070B50646F5
:10DEC0004FF088440025C4F8B0503D4BC4F8B03042
:10DED00003F12B43A3F54B13A3F6AB43C4F8B030C7
:10DEE00010F064FA236823F4805323604FF0FF336B
:10DEF000C4F8C830C4F8D8304FF6FF73C4F8E8301F
:10DF00004FF4801363612F4B9D6003F500531A8813
:10DF10001D802D4B1D70A3F580631D7017F0BEFB97
:10DF200015F0ACFA236C03F44053B3F5005F36D11F
:10DF3000264B4FF400421A60254A136E23F44073B7
:10DF4000136615F095FE12F06BFC224B1A6842F432
:10DF500080521A601A6842F480521A601A6842F4B9
:10DF600080721A601A6842F480721A604FF0884317
:10DF70001B6C13F0006F04D04FF088434FF0006229
:10DF80005A64CEB90CF01EFE72B6BFF34F8FBFF3CA
:10DF90006F8FBFF34F8F30BFBFF36F8F70BD4FF0E8
:10DFA0008842136C23F4784343F470431364074BA3
:10DFB0004FF400421A60BFE715F04BFDE2E700BFE7
:10DFC000556699AA0020004100080040B0F70020E3
:10DFD000003E01440010014270B586B003880193F1
:10DFE0000546424B0093022201234C21EC2002F013
:10DFF00041FC288816F072FD0646002870D004689F
:10E0000094F86430012B03D194F8BE319B0769D595
:10E01000304616F042FA002847D06B88A4F82E321A
:10E02000AB88A4F83032EB88A4F832322B89A4F8FC
:10E0300034326B89A4F83632AB89A4F8383294F8BC
:10E040009E304BB3002384F89E3018F0D1FF012896
:10E0500029D9B4F83032B4F84A20D4F878019A4279
:10E060001ABF40F2E2415943002118F0FDFFA4F825
:10E070009A00B4F89A203AB1B4F83012B2FBF1F336
:10E0800001FB1323A4F89A30304612F086FF58B3F0
:10E090000024204606B070BD94F8C63143F0010359
:10E0A00084F8C631D1E70023ECE728686968AA89BB
:10E0B00002AB03C3A86818609A80012102AB0E224C
:10E0C000304613F0A8FD04460028E1D0084B009329
:10E0D000019401230022FF21EC2002F0CBFBD8E7C2
:10E0E0000224F3E71A24F1E70724EFE7C83E020110
:10E0F000E23E020170B5444B1C68444B272101FBF2
:10E100000042D3F8845F92F8226066F31F65C3F87B
:10E11000845FD3F8885F92F8236066F30705C3F83D
:10E12000885FD3F8885F92F8246066F30F25C3F800
:10E13000885FD3F8885F92F8256066F31745C3F8C7
:10E14000885FD3F8885F92F8266066F31F65C3F88E
:10E15000885FD3F88C5F92F8276066F30705C3F8F1
:10E160008C5FD3F88C5F92F8286066F30F25C3F8B4
:10E170008C5F92F82960D3F88C5F66F31745C3F87B
:10E180008C5F92F82A60D3F88C5F66F31F65C3F842
:10E190008C5F92F82B60D3F8905F66F30705C3F8A5
:10E1A000905F92F82C60D3F8905F66F30F25C3F868
:10E1B000905FD3F8905F92F82D6066F31745C3F82F
:10E1C000905FD3F8905F92F82E6066F31F65C3F8F6
:10E1D000905FD3F8945F92F82F6066F30705C3F859
:10E1E000945F92F83050D3F8942F00FB011165F33F
:10E1F0000F222144C3F8942F897AD3F8942F61F326
:10E200001742C3F8942F70BD200400200024014160
:10E210002DE9F34101200E4616F040FB3A4A044630
:10E22000002E65D0394D29684B792BB90B702968C0
:10E230004B702968CB710B81354B00271F70354B14
:10E2400017700921344A1E60012012F015FC4FF6A8
:10E25000FF71012014F002FC44F400712F4C89B2CC
:10E26000012016F02DFB23882D4A4FF0020868F399
:10E27000830323800521404612F0FEFB4046294AD5
:10E28000042112F0F9FB04F5AC6303211A6861F371
:10E2900013421A601A6861F317521A6054F8903DDD
:10E2A00067F30003236012F009FF0DEB080101A8DA
:10E2B000D6F8AC4015F020FFBDF90220019BBA4210
:10E2C00023F07043B8BF03F1FF331C442B680222D4
:10E2D0005A71D6F8B020A3F8CA20204604F01EFBDD
:10E2E0002B68B3F8CA3053B1A01C04F07BFB06E0E6
:10E2F0000D4B12781868002AF7D104F00FFB0020AC
:10E3000002B0BDE8F08100BF580400204C0400209A
:10E310005004002054040020754A0101C03401411A
:10E32000C9530201E95302014804002070B50446B4
:10E3300018F010FB3D4B1B689BB1002C3AD004F049
:10E340000703C3F11003DA43A24233D3E3182AD4FC
:10E35000002B2FD0364A16689E422ED335490C68C2
:10E3600030E0354A12F0070F1AD0D11D21F0070115
:10E3700002F568435B1A0A462E480260002141609C
:10E380001344083B23F007032848036059601960D1
:10E39000991A51601360294B1960254B1960CCE71D
:10E3A0004FF46843E8E7FCF72BFA18F01AFA002557
:10E3B000284670BDFCF724FAF7E7FCF721FAF4E7EA
:10E3C0002146144662689A4202D22268002AF7D196
:10E3D000164A1268A2421FD00D68083522680A60EA
:10E3E0006268D21A102A1AD86368F61A104A1660A0
:10E3F000124A126896423CBF104A166043F000432E
:10E400006360002323600E4A136801331360FCF736
:10E41000F7F9002DCCD1C8E7FCF7F2F9C5E7E01811
:10E42000426063600EF090FCDEE700BFB8F70020AA
:10E43000BCF7002010F7002068040020C0F700207F
:10E44000C4F70020F7B5057A012D044609D0404BEA
:10E450001B681D895B891D4440F23913B5FBF3F538
:10E460000135267B012E49D100263A4F08E00136BE
:10E4700016F0FF0604D0A36A13B1204614F033FF50
:10E48000606C15F0DFF9236E1844E37A3840012BF5
:10E49000206620610DF1020101A82CD115F040FA8F
:10E4A000019AE36B218F1A44BDF802300B449BB2F2
:10E4B00040F2E1418B4202EA0702019285BFA3F2DA
:10E4C000E2430132ADF80230ADF8023088BF01926C
:10E4D000019B226E2B443B40D31A5A02C7D4237AA5
:10E4E0002BB9BDF802200199204607F079FD0123E0
:10E4F000A37303B0F0BD15F013FAE9E7002EEED1D7
:10E50000144F606C15F09EF9236E1844236938404F
:10E51000C3F30803206603EB4020E37A206123B9AC
:10E520000DF1020101A815F0FBF9019B226E2B44AD
:10E530003B40D31A5B02D2D5013616F0FF06E0D07D
:10E54000A36A002BDDD0204614F0CDFED9E700BF32
:10E5500004040020FFFF7F0070B5044686B00E2241
:10E5600000210DF10A0018F0D5F8A06D02A9B0F84D
:10E57000B030ADF8083000F1A0024F3004F05CFB81
:10E58000A16D2046A03111F041FB102018F0BAFE19
:10E59000054680BB334B009302460423C521EE2081
:10E5A00002F068F9102018F0ADFE0546102018F0B2
:10E5B000A9FE064605B180BB2B4B00930022042325
:10E5C000C421EE2002F056F9102018F09BFE0546FB
:10E5D00078B11022002118F09DF80123AB70A06DD6
:10E5E000294600F1D3024F3004F026FB284618F0EC
:10E5F0008BFE06B070BD032300F8013B0F22002103
:10E6000018F088F8A06D294600F18F025F3004F001
:10E6100013FB284618F078FEC4E7A26D52F8B23F0B
:10E620002B6053686B600023AB60EB60A06D3246DB
:10E6300029468F3004F000FBA26D337892F8B010B9
:10E640004B4082F8B030A26D737892F8B1104B4015
:10E65000284682F8B13018F057FE304618F054FEC4
:10E66000B2E700BFF73302010E3402012DE9F04397
:10E6700085B004468846019200263546DFF8F890BA
:10E6800035E04146204616F00DF87B1EA363236952
:10E690002BB917F05FFE012005B0BDE8F08304F14F
:10E6A000100002F071FF0028F3D0334B4FF080527E
:10E6B0001A60BFF34F8FBFF36F8FEAE717F04AFE80
:10E6C0000020E9E702A817F035FB1AE0204608F021
:10E6D000BDFDFCF795F809E0204608F0B7FDFCF712
:10E6E0008FF8204617F0DFFC002842D1012616F0F3
:10E6F000ABFCA76B002FC4D1019B002BDED0002EFA
:10E70000E0D017F027FE18F025F916F09DFC94F8DC
:10E7100044305BB2B3F1FF3F08BF84F8445094F833
:10E7200045305BB2B3F1FF3F08BF84F8455017F0A6
:10E7300011FE01A902A80AF07DFC0028CCD12046D8
:10E7400017F0B1FC0028C1D0019904F1240016F0A3
:10E75000B3FF204608F07AFDFCF752F80028C5D137
:10E760004FF08053C9F80030BFF34F8FBFF36F8F66
:10E77000BCE7002090E700BF04ED00E000238342E7
:10E7800000D1704700BF00BF00BF00BF00BF00BF87
:10E7900000BF00BF00BF00BF00BF00BF00BF00BF81
:10E7A00000BF00BF00BF00BF00BF00BF00BF00BF71
:10E7B0000133E4E77047044A536823F4006343F0ED
:10E7C00001035360704700BF00400141064AB2F8A0
:10E7D000BA3420B943F00203A2F8BA34704723F0E8
:10E7E00002031B041B0CF7E700200141704708B52A
:10E7F00050B95D20FDF722FF4FF6FF3101405D204B
:10E80000BDE80840FDF702BF5D20FDF717FF40F4AB
:10E81000806189B2F3E77047054A41F20403D15899
:10E8200018B921F04001D150704741F04001FAE79A
:10E8300000200141054A41F20403D15818B921F0E2
:10E840000201D150704741F00201FAE70020014176
:10E8500008B50C4B5A6842F400025A605A6AD10655
:10E86000FCD540F27710FFF789FF074AD2F8303421
:10E8700043F08003C2F83034024B1A6AD203FCD54D
:10E8800008BD00BF00400141002001412DE9FF47C4
:10E890003B4E336890461A7882468946002A57D103
:10E8A000B8F1000F02D15B78002B51D0402003F06B
:10E8B000A5FC0546202003F0A1FC0746002D5CD0F6
:10E8C00000285AD02F4C15F0D7FF2268012382F878
:10E8D00024303268514613702846202217F09EF8E3
:10E8E00020224946A81817F099F82368B8F1000FBC
:10E8F0001BD0254A1A6218F0A1FC0146284612F0E6
:10E900008DF9A8B9284613F079FB384613F076FB49
:10E91000122402AB05221D498DF80C4001200CF099
:10E92000AAFF204604B0BDE8F08703F12502E1E725
:10E930002368C3E9067506F0ADFF044648B13368A5
:10E94000002228461A7013F059FB384613F056FB84
:10E950000C240F4B0093022201233421EC2001F000
:10E9600089FF002CDDD00B4B009301940123002282
:10E97000FD21EC2001F07EFFD3E70724E9E700BF8B
:10E980005C03002060030020C0C1010102050101F9
:10E99000C46A0201B83E0201F0B53F4B3F4C1D78FE
:10E9A0002488342303FB0505D0E9061695F85C702E
:10E9B000AA6F3B4B0139013E002F36D1D3F808C175
:10E9C000171BBFB267F31F4CC3F808C1D3F80CC1C3
:10E9D00067F30F0CC3F80CC11144D3F80C71091B79
:10E9E00089B261F31F47C3F80C71416AD3F8107103
:10E9F000091B89B261F30F07C3F81071416AD3F89C
:10EA00001071091B89B261F31F47C3F81071416A85
:10EA10003144091BD3F8144189B261F30F04C3F8E0
:10EA20001441EA67436A8362F0BDED6FD3F8087161
:10EA30002D1BADB265F31F47C3F80871D3F80C71F5
:10EA4000151BADB265F30F07C3F80C710A44121B16
:10EA5000D3F80C1192B262F31F41C3F80C11826A11
:10EA6000D3F81011121B92B262F30F01C3F8101108
:10EA7000456AD3F810212D1BADB265F31F42C3F8D0
:10EA80001021426AD3F814113244121B92B262F37D
:10EA90000F01C3F81411C7E745040020000400204B
:10EAA000002401412DE9F04107460E4600200C21CB
:10EAB00016F078F90546002847D00023F1073C6896
:10EAC00003734AD5B4F83022A4F83E22082A9ABF2C
:10EAD00002F1FF33DBB2082384F83A32B4F89A30FB
:10EAE000A4F83C32B207D4F83232C4F8403206D52A
:10EAF00094F84E12B4F8483249BBA4F83E3294F868
:10EB00003A326B73B4F83C32EB81B4F83E322B826C
:10EB1000B4F840326B82B4F84232AB8217F028FD71
:10EB2000064600283ED000234FF0010804F23A24A4
:10EB3000C371014680F80580C460384618F0FEFABB
:10EB40003846294617F016FA4046BDE8F081B3FB77
:10EB5000F1F201FB12329B1ACFE7B4F84822082ADF
:10EB60009ABF02F1FF33DBB2082384F83A3273070D
:10EB700015D5B4F852124FF6FF73994209D101230B
:10EB8000A4F83C32D4F84A32A4F83E22C4F8403209
:10EB9000B5E7B4F89A30002B08BF0B46F0E7B4F89D
:10EBA0009A30EDE7284618F0C4FA3046CDE77047B2
:10EBB0002DE9F0430578012D85B0044656D05DB1AE
:10EBC000032D64D0394B1B681B68002B42D02046B4
:10EBD00005B0BDE8F04318478578002DF2D1334BDE
:10EBE0001F68984607F1100353F825605FFA85F90E
:10EBF0009EBB0C2018F086FB2A1D47F82200D8F88F
:10EC0000003053F82230A3B11E609E605E60D8F8D9
:10EC1000003003EB850540212B6919812969012307
:10EC2000CB71296981F80290D8F8001051F82210B0
:10EC30008B72D8F8003053F8223093B923780293BE
:10EC4000A38801931A4B0093002204235321EE2042
:10EC500001F010FE05B0BDE8F0830135082DC3D1E9
:10EC6000ECE7A2881A80A279DA70ABE746883046D2
:10EC700014F072FC024630B90E4B0093CDE90165E9
:10EC800004235421E3E7807815F0C0FD9AE7468815
:10EC9000304614F061FC02460028EDD0237913B908
:10ECA0000123C3728EE70023FBE700BF08030020A7
:10ECB000F0BD010121BE0101F8B5404B1D682C6873
:10ECC000237D990779D514200CF0CCFA074608204B
:10ECD0000CF0C8FA08230646014623753A46284632
:10ECE00003F054FD40B1304613F0A2F9284622212A
:10ECF000BDE8F84017F086B9C4E9BF7694F86460BF
:10ED0000012E1CD120460FF0A1F93146F8F7A2FAE6
:10ED1000A37D012B0FD194F8223063B1A37F53B1AF
:10ED200017F0E8FE0368826894F822001344C4F8E0
:10ED3000043315F00DFE012384F80833D6E784F878
:10ED40000903D4F87801037F0BB918F0B3FA236EE6
:10ED5000DA0329D594F8292023F480332366A2B955
:10ED600094F8211001B3D4F87811D1F8B00040F232
:10ED700071214143D4F89400884238BF0A1AD4E97B
:10ED80002210814210D291420ED243F040032366FA
:10ED90002023237520460FF059F90121F8F75AFA7C
:10EDA000012384F80933B3E7236E23F0400343F0D3
:10EDB0000053236600232375AAE7F8BD140400203E
:10EDC0002DE9F04391F90040E5B26A000023804646
:10EDD000A9B00E4652B2184659B28A4265DC0028E4
:10EDE00060D006F1040922464146484615F068FB0A
:10EDF000012866D108EB040722463946484615F03B
:10EE00005FFB01285DD123463A4618A803F026F996
:10EE100018A96846F7F7E6FD2022002110A817F090
:10EE200079FC96F900700323424608AC8DF8403017
:10EE300041463B4618A803F011F918A92046F7F7F8
:10EE4000D1FD3B4610AA2146204614F035FA18B1F0
:10EE50004A46204614F066FE16F9843B4246214697
:10EE600018A803F0FBF818A92046F7F7BBFD3B46AE
:10EE700032462146204614F055FE28B93A46484607
:10EE800015F01EFB012805D03B464A462146204688
:10EE900014F012FA6B1E5BB200201A060AD5B0FA03
:10EEA00080F0400929B0BDE8F08318F80310013361
:10EEB000084391E71DF80320E15C4A401043013B01
:10EEC000EBE70020EEE770474FF08842D2F80031C0
:10EED00013F4007FFAD0364A536823F4704343F4A6
:10EEE00080535360536A13F0010FFBD0314AB2F8DC
:10EEF000BA3423F002031B041B0CA2F8BA3402F547
:10EF00000052D36823F07E0343F00403D3604FF034
:10EF100088430022C3F8B020274AC3F8B02002F18A
:10EF20002B42A2F54B12A2F6AB42C3F8B02003F578
:10EF30002063224A1A621E4A536A03F00303032B1A
:10EF4000FAD11F4B1F4A1A6001229A601A461368B1
:10EF500013F0010FFBD11A4B48F20902C3F85021FC
:10EF600040F201221A674FF400429A674FF088433B
:10EF700049F209021A6600221A67C3F88020C3F812
:10EF800090201149C3F8C010C3F8D02047F6FE7294
:10EF9000C3F8E0204FF03332C3F8B020044B5A6876
:10EFA00042F010025A601A6842F088721A60704784
:10EFB0000040014100200141556699AA280101C085
:10EFC000000A004407012000CF03802030B5816D86
:10EFD0004B78042B89B004460FD101F5C0710DF0B8
:10EFE00001FE2046FDF76EFA2046FAF779F8002276
:10EFF00011462046F6F734FB41E0012B04D101F520
:10F00000C0710DF0EFFDEFE7022B47D191F82630EC
:10F01000132B41D8896AD94001F0010141F08001E8
:10F0200002F0E2FEA56D102205F5D87105F5D0704D
:10F0300016F0E6FC58BB05F5C07120460DF0D2FD78
:10F04000A36D93F82630122B1BD8202168460CF0B4
:10F05000A5F9A56D6B4603CB05F5C072C5F8800117
:10F06000516003CB9060D160A26D92F826300133DD
:10F0700082F82630A36D01229A700623A37009B08E
:10F0800030BD2046FAF72CF8A26D6F32B0E70421AC
:10F09000204607F0BBFFF2E70121FAE7032BEED190
:10F0A00001F5C0710DF09EFD2046FAF719F8A36D29
:10F0B00093F8E51019B1054A1268916840319A78C1
:10F0C000002A96D003F16F0293E700BF18040020D6
:10F0D00038B5244C244D2046002118F017F9234B55
:10F0E000234A1D62234D1A605D62234A234D244941
:10F0F0005A609D62234A244D9A60244A1961C3E9EB
:10F100000B515A611965224A224D23499A615D6368
:10F11000224A5965224D2349DA61C3E90E52C3E9F7
:10F120001612214A1A66214D214A5A66214A22485E
:10F130009A66C3E91054214A214CDA66214AD86004
:10F14000C3E912400721204811700022C0E90023C2
:10F150001E4B8260C3600274BDE83840012210F08B
:10F160009BBB00BF6AF400203AA5010180F000209B
:10F170007C73020138F500207E5602016AF70020F8
:10F180007A730201125C020120001B11BF7202019E
:10F1900012E30101BA72020194FA00200500000195
:10F1A000FEC301014ADB01018A9D0101B68F010105
:10F1B0009BFA0020368A01010200000101000001D3
:10F1C000FA810101FAF800208CF600200100070006
:10F1D0002DE9F04F07683B4D3C68894629689A46FF
:10F1E00085B0064690462346A3B9F4B917F09AFEB7
:10F1F00000284FD003AB04223349039701200CF0C1
:10F200003AFB2B6893F8ED2293F8EC329A4255D1F1
:10F2100000244BE091F8EC2202F1BC00013241F8ED
:10F2200020301B6881F8EC22DEE7284B0093022394
:10F230001A468921EC20CDF8048001F01BFB84F8EC
:10F240005C90A4F85E80D4F800B010F013FC94F841
:10F250004D30042B01D0012B0ED1002363722046C8
:10F260000BF02CFB2A6892F8ED32013382F8ED3274
:10F2700014F0EEFD5C46B8E794F84F3043F001031C
:10F2800084F84F30BAF1000FF2D00421204612F07A
:10F29000DDFCEDE7304618F00AF8B2E704F1BC02F5
:10F2A000013453F8220015F007FCE4B22B6893F800
:10F2B000ED22A242F2D80022A3F8EC2205B0BDE86C
:10F2C000F08F00BF080400200D010001E05B020187
:10F2D0002DE9F04190F855300446B3B13A4D866DB2
:10F2E000D5F8008098F8043033B94022374906F148
:10F2F000EB0016F085FB40B104F11207EB3620223B
:10F300003146384616F07CFB28B90A212046BDE874
:10F31000F04107F07BBE98F80310304617F0DCFF91
:10F320000328F2D008B10821F0E72B6883F8280001
:10F33000E27852BBA16D4A78022A12D11B78022BC7
:10F3400004D12046BDE8F0410FF0D6BE042B03D116
:10F3500091F8E430022BF4D12046BDE8F04115F0DD
:10F36000A9BD032A0DD15B7923B12046BDE8F04148
:10F3700015F08FBD204601F5E071BDE8F0410DF0BC
:10F3800031BC0623A370BDE8F0813946204610F059
:10F39000A4F8A36D5B78012B01D0042B0BD1204680
:10F3A000002102F021FDA16D204601F5B871BDE8F4
:10F3B000F0410CF0EBBC032BE3D12B685B79002B05
:10F3C000D3D10723DEE700BF18040020B8030201F1
:10F3D000037813F03F0278D04A1E062A73D8DFE87C
:10F3E00002F00A04111B2A3D5500427812F0010F69
:10F3F0000CBF0121072103F03F038B4265D9013186
:10F4000008447047427812F0010F0CBF0121072118
:10F410009207F0D50631EEE7427812F0010F14BFE3
:10F420000721012112F0020F18BF06311207E2D5A1
:10F430000231C9B2DFE7427812F0010F14BF072191
:10F44000012112F0020F18BF063112F0080F1CBF85
:10F450000231C9B2D206CED50331EAE7427812F0C2
:10F46000010F14BF0721012112F0020F18BF06314E
:10F4700012F0080F1CBF0231C9B212F0100F1CBFEE
:10F480000331C9B29206B6D51231D2E7427812F0F2
:10F49000010F08BF012112F0020F1CBF0631C9B2D3
:10F4A00012F0080F1CBF0231C9B212F0100F1CBFBE
:10F4B0000331C9B212F0200F1CBF1231C9B252067B
:10F4C00099D50131B5E7002195E7002070477047D5
:10F4D00010B590B0384817F013FD0FF081FC15F00F
:10F4E000E3FD07F09BFB002016F08EFF00200DF0DF
:10F4F0006DF805F007F815F067F8304815F076F864
:10F500000FF096FB2E4817F07DFC2E4A06AB07CA7B
:10F5100003C31A8006A90A2011F0B2FE00248DF858
:10F520003040ADF832408DF834400CA812F0B0FCF9
:10F530008DF81040A023ADF812302023ADF8143020
:10F540008DF816408DF8174004A812F0D5FC0DF187
:10F5500007010E2011F0B0FEADF80A408DF80C4006
:10F5600003238DF8083009238DF8093002A811F023
:10F57000F7FE01238DF82E308DF82C300623ADF8E0
:10F5800024304FF44863ADF82630ADF8284040F2FF
:10F59000F313ADF82A3009A816F063F80A4A137875
:10F5A00003F0FE0343F0020303F0FB0364F3C30321
:10F5B000137010B010BD00BF25AF010183B0000172
:10F5C00093BB0001E06D020168020020F7B53C4BDF
:10F5D000D3F81C61D3F81C213A4B1C78C6F3403693
:10F5E000C2F380225FFA86FCD7B21D46002C4AD0B7
:10F5F0009C78BCF1000F32D000232B70342303FB26
:10F60000010393F88730022B3FD10C2303FB0453F3
:10F6100000211A7A59720132D2B2022A1A7206D124
:10F6200001221A72DA88012A01D05208DA800121F7
:10F630000DF107000BF0B2FE0C2202FB04539DF803
:10F6400007109B79013B0B40FF2B18BF01338DF84E
:10F65000073002FB04549DF80730237113E05FB1BB
:10F660001E70342303FB010191F85C3013BB91F849
:10F670008730022BC9D80AE00C2101FB04341A7030
:10F6800021790131217103B0F0BD002FE9D10C23A4
:10F6900003FB045300215A7A19720132D2B2022AB2
:10F6A0005A72C4D101225A72DA88B2F5807FBED074
:10F6B0005200BBE7012BEAD191F88730012BD9E743
:10F6C00000240141F4F200202DE9F04786B0814684
:10F6D0000F46904615F002FA0646002867D00468E7
:10F6E00094F98032002B64DA0021204611F08FFC5F
:10F6F000824627B1231893F970327E2B08D0B8F1D7
:10F70000000F4AD004EB0A0393F974327E2B44D1E4
:10F71000304614F0C2FE90B394F8803267F30003D1
:10F7200068F3410384F88032012303FA0AF30025C9
:10F7300084F88B3284F88C525146304616F00EFC19
:10F7400084F88D02304617F0F7FD1B4B0093CDE98E
:10F750000278CDF80490012302225421EC2001F01C
:10F7600089F845B1154B0093019501230022FD2135
:10F77000EC2001F07FF8284606B0BDE8F08705AB25
:10F78000042207213046ADF814908DF816708DF8DC
:10F79000178012F040FA0546D7E794F8803267F3F5
:10F7A000000368F3410384F880320025CDE7022589
:10F7B000CBE71A25C9E700BF600F0201BA33020187
:10F7C0002DE9F843012907460E461546D0F8088072
:10F7D0002DD80C200BF046FD0446002862D03423BF
:10F7E00003FB0573012283F88A2087F82F2000206D
:10F7F000A38803F0F80343F4807343F00103A3806C
:10F80000012E46F48073E38041D815F08DFD264B20
:10F81000C4F808801A689B882073C4F80D20A4F8E7
:10F820001130E5742046BDE8F84314F0D5BA02293A
:10F830000BD105200BF016FD044698B3342303FBCF
:10F840000577012387F88B30D1E703292AD10920D6
:10F850000BF008FD044628B34FF0340909FB057985
:10F86000012389F88930114B29461B68384698478F
:10F870000F4B1049D3F80821096801EB1242C9F86F
:10F880007C20D3F8103111FA83F3BB62B0E7022E6B
:10F89000C4F8088001D12573C4E7032E04BFE060DB
:10F8A0002574BFE7BDE8F8835EF70020DCF8002090
:10F8B00000240141000400202DE9F74F2F4F304C68
:10F8C0003E78DFF8E490B51EEDB205F102084FEA8C
:10F8D000081CCDE90023ACF12003234483468A466B
:10F8E0000FCB04EB0C0E8EE80F000CF1100EACF1F8
:10F8F000100CA4449CE80F00A6448EE80F00B11C35
:10F90000204817F003FD3B7848460222023300F8F6
:10F91000012B414604EB05153B7017F0F7FC09F18C
:10F92000030042F6042117F0F1FC174A174BAB60B5
:10F93000174BEB60C5E90029164D5946284617F0CC
:10F94000E5FC5146A81C17F0E1FC0099281D17F0B2
:10F95000DDFC013E0199A81D17F0D8FCF6B20E4B54
:10F960003A7804EB0614C4E900350C4BA3600C4B49
:10F97000E3600C4BDA8103B0BDE8F08FFAF80020A9
:10F9800080F0002095FA00207A73020156EB010105
:10F990000500000128F700203EC00101F610020119
:10F9A000080000018CF6002071F700202DE9F043DB
:10F9B00095B081460F4615F091F80646002866D0AE
:10F9C000056895F98032002B63DA7C1E5FFA84F8B3
:10F9D00005EB080292F974C2BCF17E0F3AD114F023
:10F9E0005CFD58B395F880220123A34042F0040245
:10F9F000002485F8802285F88B3285F88C424146B8
:10FA0000304616F0ABFA85F88D02304617F092FCBE
:10FA1000214B0093022201235321EC2000F02AFF06
:10FA200044B11E4B0093019401230022FD21EC20E0
:10FA300000F020FF204615B0BDE8F08302AB0322A2
:10FA400006213046ADF808908DF80A7012F0E3F800
:10FA50000446DDE7002441F22103ADF808308DF8BB
:10FA60000C402B88ADF80E3002238DF810308DF845
:10FA700011708DF812C092F87C328DF81440C3F3E7
:10FA8000010302A88DF8133012F0A2FBC0E7022494
:10FA9000BEE71A24BCE700BF8B5A0201BA33020149
:10FAA000F0B50368B3F82A02B3F81E42B3F8206237
:10FAB000B3F82C52B3F82222B3F82612B3F8287206
:10FAC000B3F89EC1A04228BF2046B54228BF3546A4
:10FAD000914228BF1146B3F82422BA4228BF3A46C1
:10FAE00084450BD1B3F8A0C1AC4507D1B3F8A2C18E
:10FAF0008C4503D1B3F8A4C1944548D01A2823D823
:10FB00001B20A3F89E01B3F89E01A3F8F6021A2960
:10FB10001ED81B21A3F8A21193F86610C9061FD5A1
:10FB2000B2F5A47F18D24FF4A472A3F8A42193F8DD
:10FB30006720D2061ED5B5F5A47F21D24FF4A4725A
:10FB4000A3F8A0210120F0BDA04228BF2046D8E79D
:10FB5000FB2988BFFB21DDE7974238BF3246E4E747
:10FB6000B2F5296F02D24FF42962DEE7BA4228BF0C
:10FB70003A46DAE7B5F5296F02D24FF42962DFE79A
:10FB8000AE4234BFA3F8A061A3F8A051DAE7002089
:10FB9000D9E7704730B584682388043B9BB243F6AD
:10FBA000FC72934289B066D86388043B9BB293424F
:10FBB00061D82379012B5ED8A1898B1F9BB240F6B7
:10FBC0007A40834257D8E289931F9BB2834252D82E
:10FBD000914250D8238AB3F5FA7F4CD2638A0A3B0C
:10FBE0009BB240F67642934245D80FF089FD054618
:10FBF000002842D02388ADF804306388ADF8063081
:10FC0000607923798DF8083017F0F8FA23468DF8DB
:10FC1000090053F8062FCDF80A209B88ADF80E3066
:10FC2000A389ADF81230E289ADF81420228AADF82C
:10FC30001620628AADF8182004A8ADF81A30ADF885
:10FC40001C3015F063FD0221012013F06FFC01A8A8
:10FC500011F02EFC044650B90123EB70084B1A68D2
:10FC6000137843F004031370204609B030BD2846D2
:10FC700012F0A6F8F8E70324F6E70424F4E700BF3F
:10FC8000040300200000000075690201010000006B
:10FC9000756902010200000075690201050000009B
:10FCA00009330101060000000933010107000000CB
:10FCB0007569020108000000756902011300000067
:10FCC0007569020109000000756902010A0000005F
:10FCD000956902010B000000856902010C0000001B
:10FCE000756902010D000000756902010E00000037
:10FCF000093301010F000000093301011000000069
:10FD0000B569020111000000756902011F000000C1
:10FD100075690201120000007569020114000000FB
:10FD20007569020115000000C56902011600000096
:10FD3000B569020117000000D56902011800000032
:10FD4000D569020119000000D56902011A000000FE
:10FD5000B56902011B000000C56902011C0000001A
:10FD6000756902011E000000A56902011D00000066
:10FD7000756902012DE9FF4104680023CDE90233D2
:10FD800094F8E830EBB9314B94F8F5601B6898476C
:10FD90002F4B04F1F60806F0010607461B684146A2
:10FDA000304698470546002F44D170B1294B009347
:10FDB000022201234A21EC2000F05CFD002384F89C
:10FDC0000C31002004B0BDE8F0814FF443710420F1
:10FDD0000AF0E6F905460028F0D0C4F810010768DB
:10FDE0001D4B38881B6842463146984739462046A5
:10FDF00014F0E1FA0FF008FB94F80211D4F8042192
:10FE0000222303FB0141154B4A311B6828469847C2
:10FE10000123A4F80E3103A902A802F055FA002824
:10FE2000CCD10398036813B117F092F9C6E706F036
:10FE300023F9C3E70A4B0093022201234921EC2056
:10FE400000F018FD002DB9D0B0E700BFB4030020CA
:10FE5000BC0300207E450201B803002088F8002082
:10FE60008E450201F8B5CB6890F866701E785D7813
:10FE7000002102460FF0B8FF022E044692F86430CB
:10FE80002BD0042E2DD0012E05D1012B4FF01101C6
:10FE90002FD182F86610022D30D0042D32D0012DE2
:10FEA0003ED1012B4FF0110138D182F86710212F7C
:10FEB00092F8663045D1212B34D0D06E116F6FF49B
:10FEC000C6754FF49C73284403FB0101B1FBF3F0AA
:10FED00003FB1013C2E91B3024E0012B4FF0120189
:10FEE000D6E7012B01D12121D3E792F8681019B987
:10FEF000232182F86710CEE72221FAE7012B4FF089
:10FF00001201D1E7012B08D192F868301BB92323E5
:10FF100082F86730CBE72223FAE7212182F86610C6
:10FF2000012BC4D0002110460FF05EFF13190244CC
:10FF300093F9701282F8701293F8783282F878325E
:10FF4000F8BD212BEED1D06E116F03F2171300F222
:10FF50008D10B9E730B50388132BC3B0044620D009
:10FF600041F20A0293422CD0052B45D10579002D90
:10FF700042D1C08812F0E2FC58B12F4BC5701A680C
:10FF80001378013BDBB213701BB11821B1FBF3F303
:10FF90005370E08813F0F8FE08282DD012F0E6FC2C
:10FFA0002AE0C08812F0CAFC30B3227A83789B1A08
:10FFB000214ADBB21268837052789A421CD843B04F
:10FFC00030BD0379C3B91C4A126802F16F0100BF4A
:10FFD00011F8230040BB02EB8303E188A3F86C1007
:10FFE0004FF48071A3F86E1013780133DBB21370F5
:10FFF0001821B1FBF3F353702188104A002300BF8E
:020000040101F8
:1000000032F82300884213D102EB8303211D9B7831
:100010008DF80430442202A815F000FD064B1B6841
:1000200001A85B689847CAE70133082BD0D1E3E702
:1000300001331E2BE4D1C2E73CF80020EC9701010C
:100040002DE9F8438046894616461C46056805F0AA
:1000500095FA074600285DD000212160436863605F
:100060001C602D4B4460C5F87841E3622B4B636202
:100070002B4BA3622B4B236301236372A373AA6DE3
:10008000226140F201122464E372A281637721723B
:10009000A16495F84A30D5F878215B00DBB2936112
:1000A00028460EF00FF9D5F87831C0B25861B5F88E
:1000B0004A2084F80A9040F2E2435343636426BB2B
:1000C0002687E663C4F8208095F86530122B17D197
:1000D00095F86430A3B995F84700B5F84A6003F283
:1000E000E24358435E4314F04BFF00220E4B17F0DF
:1000F000B1F814F0DDFD324681B220460DF05CFB14
:100100003846BDE8F84316F03DBD33682387736871
:10011000E363D7E7BDE8F883B170020149530201F8
:10012000ED6602014771020100888340F7B513783C
:100130000193364B009307460423EE200E461546E6
:100140009021022200F096FB384612F07FFE044612
:1001500058B92F4B00930246019704239121EE20BA
:1001600000F088FB002003B0F0BD8388B342F9D3D0
:1001700029780D2927D02DD8062907D01AD8032988
:1001800021D00BD801291ED002290BD1214B1B688D
:100190005B682A4631462046984719E00429F5D085
:1001A000052910D011F0400212D10623204605F097
:1001B00045FD0DE0092906D003D8072903D00829F9
:1001C000E3E70B29E2D1134B1B689B68002BE0D1BE
:1001D0000120C8E71729F6D00AD81229D6D003D8AB
:1001E0001029D3D01129DCE71329ECD01629CCE74C
:1001F0001B29E8D003D81829C8D01929D1E71E290E
:10020000C4D05229C2D01D29CBE700BFB8050201D6
:10021000D00502011C04002038B5837B0546032B62
:100220002BD8DFE803F002153148334CD4F8683F8F
:1002300004F6AC716FF38A230020C4F8683F14F011
:1002400083FFB4F86C3F43F04003A4F86C3F14E024
:10025000294BD3F8682F42F48062C3F8682F274AED
:1002600003F6AC7110689288C3F8AC0F8A80B3F8BB
:100270006C2F42F04002A3F86C2FEB7B032B31D89C
:10028000DFE803F0292931311B4CD4F8683F04F62C
:10029000AC716FF38A230020C4F8683F14F054FF58
:1002A000174B187816F096FCB4F86C3F0028CAD1AA
:1002B00060F38613C9E7104CD4F8683F43F48063B9
:1002C000C4F8683F0D4B04F6AC7218689B88C4F8FC
:1002D000AC0F9380E4E7084BB3F86C2F6FF3CF3289
:1002E000A3F86C2F38BD044AB2F86C3F43F40043C6
:1002F000A2F86C3FF6E700BF002401415EF7002042
:100300000AF90020F7B5064648B9324B0093052399
:1003100002461946EF2000F0ADFA03B0F0BD14F02C
:10032000ABFA15F047FA337A9B0605463AD514F036
:10033000EBFA347A284B6FF34514347214F0070447
:1003400018BF0124194653F8242096420ED1234A9F
:100350001278A242326819D1736841F824201F1A1A
:1003600044BF03F180531F1A012F0CD81C4B53F8C4
:10037000342019466AB91B4B009311460523EF2020
:1003800000F078FA0EE007F093F9EFE743F8242045
:10039000ECE7B24213D1326843F8342012B903EBD0
:1003A000C4046460284603B0BDE8F04014F09ABA73
:1003B0001A4623B90C4B009301210523DFE713688C
:1003C000B342F5D133681360002BEBD101EBC404C9
:1003D0006260E7E72065020140F7002002F9002093
:1003E000C4F600206826020180260201F8B5064600
:1003F00005680F460020182114F0D4FC044600289C
:100400003FD00F2F07733DD1B5F82E32A0F80D3035
:10041000B5F83032A0F80F30B5F83232A0F811300C
:10042000B5F83432A0F81330B5F89A304FF6FF72B1
:10043000002B08BF134603834FF0FF33C0F81A3078
:10044000C0F81E3080F8223080F823300023637516
:1004500016F0CEFDB5F84C30B5F89820052803F11C
:1004600001038BBF03EBC30303EB430302EB430323
:1004700002EB83039BB23046E382214615F07AFDFE
:100480000120F8BD102FE1D1B5F84632A0F80D30AB
:10049000B5F84832A0F80F30B5F84A32A0F811305C
:1004A000B5F84C32A0F81330B5F89A300BB9B5F85E
:1004B00052322383B5F854326383B5F85632A3839E
:1004C000B5F85832E383B5F85A322384B5F85C3274
:1004D0006384BBE7F0B5334D2C6866075CD5002814
:1004E00051D1314C276897F83463002E4AD055F823
:1004F000144F2E4D641A611E21F07041A94241D85B
:1005000040F271214FF0884C61436FF41C74214418
:10051000DCF8404040F6BB5504F4405440F2657EA0
:10052000B4F5005F0CBF2C4674464908204DB5FB5E
:10053000F2F52544A94225D9DCF8404004F44054A2
:10054000B4F5005FA1EB050109D197F8274334B159
:100550004EF28F24A14215D9A1F5624190394FF492
:100560007A75B1FBF5F005FB101102FB00F44A436C
:10057000B4FBF5F40E49B2FBF1F214441C440D4BEC
:1005800030461C60F0BD0B4A0B481468E41A8442E4
:100590008CBF00200120F5E7034B1B6893F8340360
:1005A000F0E700BF203E014108040020FEFFFF07E6
:1005B00040420F00A4F80020FEFFFF7FF8B50022A4
:1005C000354C80F84220D4F86C2F037E0D4611057F
:1005D000064600F1430752D4D4F8682F92004ED556
:1005E000032B2ED8DFE803F00444072EFF2D06D19D
:1005F000D4F8003109E0D4F8685FC5F302652846F5
:1006000016F0E8FAD4F8003148B16FF34103C4F8AA
:10061000003122490020BDE8F84014F095BD43F0B8
:100620000203C4F80031284616F0FCFA04460CF028
:10063000F5F9012386F842302368C6F84330A388D1
:10064000BB80F8BDD4F8685FC5F30265284616F094
:10065000C1FAD4F8003143F00203C4F80031002895
:10066000E1D00F48BDE8F8400CF0D8B9FF2DEDD12E
:10067000D4F8003143F00203C4F80031F1E7032B52
:10068000DFD801A252F823F0F10501017106010142
:10069000ED0501016D06010100240141AC3301416A
:1006A00058F7002070B50E460546002861D00B7E35
:1006B000032B42D8DFE803F00213294D304CD4F865
:1006C000683F04F6AC7143F480630020C4F8683FCF
:1006D00014F03AFDB4F86C3F43F040032BE0284B94
:1006E000D3F8682F42F48062C3F8682F254A03F6D6
:1006F000AC7110689288C3F8AC0F8A80B3F86C2F85
:1007000042F04002A3F86C2F17E01D4CD4F8683F6C
:1007100004F6AC716FF38A230020C4F8683F14F02C
:1007200013FD194B187816F055FAB4F86C3F0028F1
:10073000D2D160F38613A4F86C3F314628460AF004
:100740002DF9E5B1104B30461978BDE8704015F031
:1007500065BD0B4CD4F8683F43F48063C4F8683F30
:10076000084B04F6AC7218689B88C4F8AC0F9380F1
:10077000D7E7034BB3F86C2F60F38612C2E770BD66
:100780000024014158F7002007F90020F0B585B09A
:100790000646056816F07AFC90B3344CD4F86C3FEA
:1007A000C3F30032DB042BD4D4F8683F1F0327D5F2
:1007B000D4F8603F980523D5D4F8683F99001FD539
:1007C0002B49D4F8683F0978C3F30263994217D0E4
:1007D0008DF8082002A9304612F0B3FD95F8E530F7
:1007E0002BB9D4F8283143F00803C4F82831D4F8E1
:1007F000283143F00403C4F82831002005B0F0BDCF
:10080000FF238DF8013015F053FF48BB16F038FC7C
:1008100030BB164CD4F86C3F1B0521D40DF10202FD
:1008200001A928460EF0D4FC0746C8B9019B1A68F6
:10083000CDF809209B88ADF80D309DF802209DF879
:1008400008300DF1010162F3000302A88DF80830B1
:1008500007F082FB20B18DF803700DF10301BAE7B8
:100860009DF801102846FFF7A9FEC6E700240141C4
:1008700007F900202DE9F041334D1E462B68A2B048
:1008800004460F469046002B58D016F07BFB0028FC
:1008900054D116F047FB002850D1F20703D52B4B5B
:1008A0001B68DB070BD4B00703D5284B1B689907DF
:1008B00005D4720742D5254B1B685B073ED5244BF8
:1008C0008DF800801B788DF801408DF80270002BA8
:1008D00037D1C4F1EF041F4F04EB8404274438469A
:1008E00015F0A8FB39460646C4B2024602A815F028
:1008F00095F822AB1E4401343A2306F8803CE4B25A
:1009000002AB181929AB289A0193C4F17E01F8F7BC
:1009100041FA54FA80F0C0B222AB03440D2203F82E
:10092000802C431C22AA52FA83F302300A2203F8D5
:10093000802CC1B22B6802AA6846984722B0BDE855
:10094000F08102A80024DDE774F8002078F8002088
:10095000FEF80020D0640201F0B5324A324885B07A
:1009600000231546C158D1500433102BFAD12F4B18
:100970002F4E1A8842F001021A801A8842F00402AF
:100980001A801A8842F002021A801A8842F008027D
:100990001A801A68D007FCD41A685107F9D41A686B
:1009A0009207F6D41A68C2F3C002002AF1D1214B93
:1009B0001968ADF8001018461C4650F8041DC1F324
:1009C0000F41ADF8021054F8041FADF80410194699
:1009D00051F8087FADF806702468C4F30F44ADF8F1
:1009E00008401B68ADF80A300368ADF80C300B689E
:1009F000ADF80E30694613460A460878EC5C0133C0
:100A00002043102B01F8010BF7D1B6F8A0350A4CA2
:100A10006FF30003A6F8A0350FCA84E80F0005B0F5
:100A2000F0BD00BFB4F6002000000020143E0141DC
:100A300000240141043E0141802901412DE9F34791
:100A4000DFF8D88006460F46C92501F0070980F077
:100A5000010A032101A80AF0A1FC9DF806302B4CE5
:100A600003F07F0343F040038DF80630D8F80030E0
:100A70009A00FBD4264B1A8842F040021A801A884A
:100A800042F020021A8016B13846FDF733FBD4F845
:100A9000683F9DF8041069F31243C4F8683FB4F846
:100AA0006C3F6AF30003A4F86C3F1A4B1A6861F3B9
:100AB00007021A601A689DF8051061F30F221A6088
:100AC0001A689DF8061061F317421A60D4F8683F5F
:100AD00043F48003C4F8683FD4F8683F5B02FBD45A
:100AE000D8F8003013F0807F0B4B1B6814BF1F2019
:100AF0000020013D13F0020F18BF1F2015F0FF0565
:100B000001D01F28A5D002B0BDE8F0870024014124
:100B1000C4340141103401418C340141303401416D
:100B200070B50468344D03F075FA236E002143F468
:100B3000C0732366C4F8881020460FF0BBF905F592
:100B40008353B4F840101A6861F30F021A601A68F0
:100B5000B4F8421061F31F421A6005F581531A6917
:100B600042F001021A6105F5825394F84410DA69E3
:100B700061F30F22DA61B4F84510DA6961F31F42BC
:100B8000DA6194F8671094F8660005F08FFE1B4B4D
:100B9000022158690FF04AF915F0ACFF184B0268B2
:100BA0001E8805F58251921B8B6892B262F30F0387
:100BB0008B60436805F582559B1B2A699BB263F3E2
:100BC0000F022A61204608F0F7F894F866000FF04B
:100BD000C7F894F86710012014F08EF994F86610A5
:100BE000022014F089F9204613F0D6FA94F91B007C
:100BF000AFF3008070BD00BF00240141E8F5002084
:100C0000000400202DE9F0430C468BB0102107466C
:100C1000164611F061FC0546002855D107F1540035
:100C2000FFF770FB052C4FD9023C96F80180A4B267
:100C3000A04549D8B4FBF8F308FB13430236002B58
:100C400045D1A4EB0801023131440DF10E0016F03C
:100C50009FF9FA8FBDF80E309A423ED001339BB215
:100C60000DF11505BB87ADF810304FF4205102236C
:100C70002846ADF812208DF8143016F047FB009589
:100C80009DF81430BDF81220BDF81010384607F05A
:100C900053F84FF000094FF4827016F033FB05460D
:100CA00090B1012303703B88838080F80680048123
:100CB00024B1224631460A3014F0B0FE85F8FF9088
:100CC0000421284613F0F0F90BB0BDE8F083FB8F48
:100CD000ADF80E302C46A846BBE7384615F036F87E
:100CE0004FF00109D7E7FEE7072865D870B50D4634
:100CF00084B204F500563046F2F79EF900285DD024
:100D00003046F2F7BCF908B9012058E034460834FF
:100D10002046F2F791F9C8B12046F2F7B0F908B9C8
:100D200001204CE0264C0FCCC5F81700C5F81B106D
:100D3000C5F81F20C5F823302068C5F82700A28811
:100D4000A379A5F82B2085F82D300CE00022C5F8FA
:100D50001720C5F81B20C5F81F20C5F82320C5F8AB
:100D60002720C5F82A20174C26460FCE2860696038
:100D7000AA60EB6030682861B288B379AA82AB754B
:100D8000234653F8170F59689E68DC68C5F82E0093
:100D9000C5F83210C5F83660C5F83A401869596987
:100DA000C5F83E00C5F84210198B9B7EA5F8461089
:100DB00085F84830002002E003207047032070BD12
:100DC00018F5002038F40020F8B5046891F84F6059
:100DD000002384F8E430314B0D4606F00406196018
:100DE00016F054F948B12E4F3878013000F0070062
:100DF000387015F067FC0028F6D0DEB1D5F8AC10DD
:100E0000D4F82C0113F0F0F9264B98420AD994F843
:100E1000E43043F0100384F8E4302046FBF708FA8E
:100E20000020F8BD14F0DEFDD4F8CC308342EED8BB
:100E3000C4F8D0000021204615F0E5F90028E6D1DD
:100E4000E6B194F8E630012B0CBF04235B0884F86C
:100E5000E630D5F8AC30C4F8D4300122002384F851
:100E6000C1200F2284F8E53084F80A31A4F8142157
:100E700084F8163120460BF063FAD1E7A86915F023
:100E8000E3F90146D5F8AC000EF00EFAC4F82C01D7
:100E9000D5F8B030C4F8D030DBE700BF3C04002008
:100EA00007F9002038FEFF7F10B588B00023052920
:100EB00004468DF803303CD1013202A901A8029208
:100EC00015F028F90DF1060002A915F023F92046C6
:100ED0000EF077FA80BB04AA03A9BDF8040011F054
:100EE000E5FC002843D0039B2088DA7B012103F036
:100EF0006DFE80B200BB0399BDF806208B681B888D
:100F0000934236D38B7B13F0020F28D02388ADF8A1
:100F10001830BDF804300591ADF81A300DF1030119
:100F20000C2305A8ADF81C208DF81E300AF0FEF841
:100F300002E0ADF8043004209DF803306BB9D0B95D
:100F4000039BBDF806109A6858681288521A0D2340
:100F5000014492B220460BF095FB08B010BD9B06F1
:100F6000EAD5BDF80420204612F022FBE4E7012078
:100F7000E2E70720E0E7C3B2BDF804200C212046D9
:100F800004F05CFEE9E770B58378062B044668D16F
:100F9000836D0122DA70C678836D90F855500A6827
:100FA000BEB98DB103F5F070C3F8E0214B68436022
:100FB0008B688360CB68C360A16D204601F5E0714A
:100FC000BDE870400BF00EBE03F5B870C3F8702199
:100FD000ECE725B3C3F8A02103F5D0754B686B602F
:100FE0008B68AB60CB68EB60826D136823F07F4346
:100FF00023F0FF03B3F5813F33D192F82630916A95
:10100000D94001F0010141F0800100F0EDFEA16D39
:10101000204601F5B871BDE870400AF0B7BEC3F8CC
:10102000B02103F5D8704B6843608B688360CB6850
:10103000C360A16D4B78012B04D0023B012B10D86B
:101040008B7873B16F312046F9F74AFDA16D2046C8
:1010500001F5B8710AF09AFEA26D00239370A26D9B
:10106000D37070BD2DE9FF412E4E2F4C2F4B2268BF
:101070000093336803922E4A029307460192002B95
:101080003BD0236833B94FF4487016F03BF9206029
:10109000002838D0274D2B68A84623B9102016F019
:1010A00031F9286078B33368029323680393224BA5
:1010B0003A685A6000210DF1040C02AE6C460F46EE
:1010C000D8F800300B44C3E900730020BCF80020BE
:1010D00082421CDC083110290CF1020C06F10406D6
:1010E00004F10204ECD1154B1A46002142F8081F06
:1010F000C3E90013DA60012006E0902016F002F93F
:1011000030600028BDD1002004B0BDE8F081356812
:10111000228800FB02520130576017605D682A6028
:101120005A60D3E760F8002058F800200C0028002F
:101130000C0014005CF8002054030020440300203D
:1011400010B50B46114602680C78023C232C61D87E
:10115000DFE804F012606060181D60226018272C20
:10116000602E6033181838383D60606060606042FF
:101170004260606060485259022B4DD115F0EDFF7E
:10118000012010BD012B14BF00200120F9E7022B24
:1011900042D115F0E7FFF3E7092B3DD105F0A6FE9C
:1011A000EEE7062B38D113F030FEE9E7022BEAE731
:1011B000182B31D10CF0D6FAE2E7032B2CD115F025
:1011C000C9FCDDE7092B27D113F040FCD8E7032B3E
:1011D00022D115F0C7FCD3E7022B1DD14B7882F842
:1011E000AA31CDE7042B17D131F8013FA2F88B3299
:1011F0008B7882F88D32C3E7052B0DD1D1F8013001
:10120000C2F88E32BCE7052B06D1D1F80130C2F806
:101210009232B5E70220B4E70020B2E7F7B50468E0
:101220000646012120460EF0DFFD204490F974327D
:101230007E2B3BD0E27E94F89E12B4F898709B1AF5
:10124000C1F30110DBB2032847D8DFE800F0310218
:101250003C0294F899229A4241D294F896529D42C7
:1012600094BF0225012585422AD0C1F38102AA42FA
:1012700002D0B4F89A22C2BBB4F89C22B4F89A12F5
:101280000A44013AD21B120410D58DF8043006220C
:101290006B461849009601208DF805500AF0EBFACC
:1012A00094F89E3265F3051384F89E3203B0F0BDC6
:1012B00094F896229A4214D994F898229A420AD91C
:1012C000A4F89C72F2E794F899229A420BD294F80F
:1012D00097229A42F4D30125C7E70546C3E70025C4
:1012E000C1E70225C1E70025BFE765F3830184F864
:1012F0009E12E5E706060101344B1B78342202FBFF
:10130000030090F85C30002B49D1314BD3F82421F5
:1013100042F40012C3F82421D3F8242142F48012AD
:10132000C3F82421D3F8242142F40022C3F8242155
:10133000D3F8242142F48022C3F82421D3F82421B5
:1013400042F40032C3F82421D3F8242142F480323D
:10135000C3F82421D3F8282142F48072C3F828214D
:10136000D3F8282142F08002C3F82821D3F828219D
:1013700042F04002C3F82821D3F8282142F020028D
:10138000C3F82821D3F8282142F01002C3F82821FD
:10139000D3F8282142F40072C3F828217047012BAA
:1013A000FCD10B4BD3F8242142F48012C3F8242142
:1013B000D3F8242142F40022C3F82421D3F82421B5
:1013C00042F48022C3F82421CAE700BF450400206C
:1013D000002401412DE9F041044600898846174662
:1013E00011F034FD064600284DD000233B7088F8EC
:1013F00000306389A3F11002072A04D82046BDE813
:10140000F0410BF011B9013B082B06D821460DF035
:10141000B5FF01233B70BDE8F0814FF4827015F0F9
:1014200071FF054600283CD00B230370238983807D
:101430006389C380237C0372A3894381E389838109
:10144000637C4372E2891AB161680E3014F0E6FAE7
:101450000421284612F028FE23689B7BD90712D569
:10146000012388F80030237C522B18BFF374237CAF
:10147000122B0AD123689B7B9A0604D56389B38219
:1014800063681B88F3820020C5E7162BFBD101237C
:101490003B7086F8383096F83930013386F83930A9
:1014A000F1E723689B7BDB07EDD58020B3E7FEE700
:1014B0002DE9F84300295ED00F4600242F4E304B13
:1014C00000F1010EDFF8BCC006E00CF801809A6064
:1014D000621C0134974244D9726802F00702012A63
:1014E00018D09968DD684A1CD3F81080424528BF9F
:1014F0000022954236D010F80480756805F0070583
:10150000012DE2D14D000CF81180691C00250CF86A
:101510000150DCE7D3F80880D96808F101021D69A1
:10152000AA4228BF002291421CD01EF8145010F885
:10153000141041EA0521756805F00705012D05D055
:10154000C9B20CF808109A60621CC2E74FEA48055D
:101550005FFA81F90CF818900135090A0CF80510AA
:10156000F1E7144614F0C2FB10B1044B01229A7546
:101570002046BDE8F8830C46F4E700BF000C0040AD
:10158000F8F3002090F1002038B5C368DC68A36A46
:10159000E169226A8A60E169516004F118015A68C0
:1015A0008A4204BF226A5A600022A2621A68013A83
:1015B0001A60254B1B68002B3AD16369A168E26869
:1015C0008A60A1685160211D5A688A4204BFE2689E
:1015D0005A60002262611A68013A1A60E36A1B4885
:1015E000056801229A402A430260194A03EB8303EB
:1015F00002EB83035B68A3609868E06041609960D8
:10160000E06A830019188900551865615158013145
:1016100003449B00D15012F053FB0E4B1B68E26A4F
:10162000DB6A9A4283BF01200B4B1860002038BD53
:101630000A4B5A68E2619068206241609160A3623F
:101640001A6801321A60E8E7E0F70020E8F70020A6
:1016500090F20020CCF7002004F8002028F60020AB
:101660002DE9F3410446008915F038FE00285DD0CD
:1016700020896789B4F80C8011F0E8FB0546002842
:1016800056D090F84630B8F1000F29D1002B49D13F
:10169000032015F0FDFD0646002845D000F110039B
:1016A0000A2101A8019315F079FC394601A815F02B
:1016B0007BFC32460321284613F06BFF044668BBCF
:1016C0000A23A5F85E0085F84630A5F84870194948
:1016D00005F15400FCF7D2FA204602B0BDE8F081D3
:1016E00003BB052015F0D4FD0646E8B100F1100358
:1016F0000C2101A8019315F051FC394601A815F001
:1017000053FC414601A815F04FFC324605212846FE
:1017100013F03FFF044608B90C23D2E7304615F01A
:10172000E1FDD9E70724D7E70224D5E70424D3E76E
:101730000324D1E7A064D10173B500230229044634
:101740001546ADF8063054D10DF03BFE002852D1BD
:101750006D78012D4DD894F83B6094F838305EB91F
:10176000012B0ED12946204611F0D0F8182384F819
:101770003860E37402B070BD204613BB2DB912F07F
:101780007FFC20460CF066F9F4E712F0E9FA054612
:1017900078B90DF1060120460BF0CAF9054640B9AB
:1017A000204609F0F7FC0546204612F069FC002DA2
:1017B000E7D0EBB2BDF806201821204604F03EFA2F
:1017C000D8E735B912F05CFC2946204611F09EF8A6
:1017D000D0E712F0C5FA054678B90DF106012046AA
:1017E0000BF0A6F9054640B9032384F838300121EF
:1017F000EBE70425DDE71225DBE72046022111F0A7
:1018000085F8002384F83830204612F039FCD0E700
:101810002F4B70B500251D702E4B80241C802E4B45
:101820001D802E4B302628464FF6FF711E8011F08A
:1018300015F94FF6FF71012011F010F94FF6FF7105
:10184000022011F00BF9264B03F5D952118864F3ED
:101850000F011180918865F30F01918003F5D95232
:10186000118966F30F01118103F5D9514FF6FF720B
:10187000088A62F30F00088203F5D951888A62F35F
:101880000F00888203F5D95103F5D853088B62F312
:101890000F000883998962F30F019981114BD207D8
:1018A000C3F88020BFF34F8FBFF36F8F83F81F43C0
:1018B000C3F880211A600122C3F88420BFF34F8F40
:1018C000BFF36F8F83F82043C3F884215A6070BD43
:1018D00001F9002076F700207EF00020ECF80020CF
:1018E0000024014100E100E030B5837BBBB0044639
:1018F000002B63D10DF1160106A8ADF8163012F0D9
:101900000FF8E37A012B17D1069AE36BBDF8161096
:101910001A44238F0B449BB240F2E1418B42C2F345
:101920001602069285BFA3F2E2430132ADF81630EB
:10193000ADF8163088BF0692B4F87030BDF81600C6
:1019400003EB900011F07EFF069A0244C2F31605E5
:101950002566A06C11F076FFB4F86810079583B285
:10196000CA1892B2B2F5487F88BF4FF448722A4431
:1019700088BFC1F54871C2F3160288BF8BB20992C5
:1019800000210DF115028DF814100895012108AD04
:10199000019205AA8DF815100092214607AA092088
:1019A0000295FBF7D7FC079B00939DF815209DF847
:1019B00014102B462046FAF7E1FCA0733BB030BD73
:1019C000F0B585B0137801932F4B0093064604239E
:1019D000EE200F461546C0210222FEF74BFF30468F
:1019E00011F072FF044658B9284B00930246019645
:1019F0000423C621EE20FEF73DFF012005B0F0BD17
:101A000003A90DF10B00039515F08FF99DF80B302C
:101A1000013BDAB20D2A04D90821204605F0F6FA76
:101A2000EBE71B4AD25CBA4201D00A21F5E7194A1A
:101A300052F8233013B103992046984794F8573051
:101A4000002BDAD0A36D002BD7D093F8EA20002A20
:101A5000D3D01B789342D0D1E37813B92046F6F760
:101A60009BFBA36D5B7913B9204603F0FDFAA36DD0
:101A7000002583F8EA50A06D10B115F045FCA5656E
:101A80000123A370B9E700BF6B07020182070201BF
:101A90008C6D02013018020108B5284B4FF47A42D0
:101AA0001A6015F0E6FB00F5FA70254BA3FB003039
:101AB00080094FF0FF33B3FBF0F0224B1860002396
:101AC000214A1360214A136015F0D3FBB0F5FA4F99
:101AD00012D34FF088431B6C03F44053B3F5005FFF
:101AE0001FD015F0C6FB00EB40008000184BA3FB95
:101AF0000030400B144B1860164B01221A70002165
:101B0000154815F097F90023144A1370144A13600E
:101B100014490B60144B4FF6FF1119600723136033
:101B200008BD15F0A6FB162303FB00F30848A0FB35
:101B300003235B0B054A1360DEE700BF28F8002093
:101B4000D34D62102CF8002020F8002024F800204B
:101B50005917B7D1F7F8002069630201F8F800209F
:101B600010E000E018E000E014E000E030B52B4C9D
:101B7000236885B02546002B47D02949294C0120F0
:101B800014F0F0F82B68284A1A60284B18689A88D5
:101B90009B798DF80630264BADF80420254A1A6053
:101BA00000254FF6FF53009002A8ADF80830CDF89D
:101BB0000A50ADF80E5015F09BFB23681D7023688A
:101BC0004FF461721A636946072010F027FE2068FF
:101BD000213015F057FB206890F8213013B12230E6
:101BE0000FF0BAFC0120144A062114F0F7F821681E
:101BF000D1F8EC3103F0F802104B1343C1F8EC318B
:101C0000FEF7AAFE002005B030BD302015F07AFBAB
:101C100020600028B1D10220F5E700BF38F800208D
:101C2000B963020104030020F01202010C720201E8
:101C30000C030020013502015D1E020101060200B5
:101C400070B50646582015F05DFB2D4C2D4D2060DB
:101C50005822002114F05EFD4FF4A07015F052FBE5
:101C60004FF4A0720021286014F054FD2B684FF44B
:101C70006172A3F800212368FF221A702368F922F9
:101C80005A70236801229A70F30758BF22682168AE
:101C90005EBF137943F00E0313710C2381F84530B6
:101CA0004FF0FF321F23C1E9022340F20773A1F86E
:101CB00011302B6800204FF0884283F80A01126C23
:101CC00002F44052B2F5005F14BF07220246CA7404
:101CD0000A75D3F8F02002F0F8010B4A0A43C3E971
:101CE0003C200A4A0A49C3E94722C3E94922C3E919
:101CF0004B22C3E94D220520BDE8704015F09CB988
:101D0000600300205C030020010100052D73020127
:101D1000E536020130B5037A012B90F84D3085B0DD
:101D20000446CDE901031BD12C4B009302231A4634
:101D30008521EC20FEF79EFD0DF09CFE94F84D50A1
:101D4000012D2AD1264B227AA17A1B680D2000FB97
:101D5000021203EBC203D3F8C4313BB9002515E0EE
:101D6000204B009302231A468621E2E71A689B68FB
:101D70009C4210D1204606F0DFFF94F84E3043F02D
:101D8000040384F84E30204608F098FD12F060F805
:101D9000284605B030BD1346DFE7023D012D0AD8C5
:101DA00094F84E3043F0050384F84E30012120466C
:101DB0000FF04CFFD2E704F17800FEF7A3FA04F12C
:101DC0009000FEF79FFA204608F078FD94F84E3018
:101DD00043F0060384F84E300125D7E7C2EA01013B
:101DE00008040020E5EA01012DE9F3410446412001
:101DF0000F4615F087FA054650B92F4B009302465F
:101E00000423C821EE20FEF735FD02B0BDE8F081C5
:101E1000064604F1120806F8017BE37800F1210779
:101E20006BBB20224146304613F0F8FDA16D202205
:101E3000EB31384613F0F2FDA06D412200F5B87386
:101E4000294600F5C070F5F7E3FEA16D2022EB31C5
:101E5000304613F0E3FD20224146384613F0DEFD04
:101E6000A06D412200F5D873294600F5E070F5F722
:101E7000CFFE284602B0BDE8F04115F045BAA16D8D
:101E80002022EB31304613F0C9FD2022414638466E
:101E900013F0C4FDA06D412200F5B873294600F58A
:101EA000C070F5F7B5FE20224146304613F0B6FD6E
:101EB000A16D2022EB31D0E7246602012DE9F74322
:101EC0002F4FDFF8C49080460B25013D15F0FF052C
:101ED00052D004210DEB010009F060FA3B68D3F801
:101EE0001031002B3ED13B68D3F80C31002B3ED192
:101EF000019C204610F0E2FD0528E6D8204615F0AA
:101F0000CAF90528E1D884EA090011F0D5FB0128B7
:101F1000DBD9E6B2C4F307239E4206D1C4F30743DC
:101F20009E4202D1B6EB146FCFD02021204611F093
:101F3000A3FF1828C9D80621A00E11F09DFF012883
:101F4000C3D9304611F0B8FB0228BED91021A0B287
:101F500011F092FF0B28B8D8019BC8F8003003B0ED
:101F6000BDE8F083019898470028BCD0ADE7019800
:101F700098470028BCD0A8E7024B0193ECE700BFCC
:101F80005C030020F6782B9DD6BE898E2DE9F041AA
:101F90008AB01C462F4B019007460093EC2001238A
:101FA0000D4690464B210222FEF764FC384612F0A3
:101FB00095FD0646002847D012F06FFA00B332684C
:101FC00092F8BE31DB0741D52B68C2F8D3316B687C
:101FD000C2F8D731A2F8DC812368C2F8F63102F5E5
:101FE000FB7163684B60A3688B60E368CB6030462D
:101FF0000FF0DBFD60B3002420460AB0BDE8F0819D
:102000002B6820686168CDF80E306B68CDF812300F
:1020100006AB03C3A068E168ADF80C7003C31C22D3
:1020200003AB05213046ADF816800FF0F4FD0446F1
:102030000028E0D0084B0093019401230022FF21E7
:10204000EC20FEF717FCD7E70224F3E71A24F1E7A8
:102050000724EFE7D03A0201EC3A02012DE9F04FF4
:1020600000252F462C4600BF4FFA85F8984512DB15
:102070004FEA430909F1FF3A4FF000085FFA88F68A
:1020800006EB030E4FFA8EFED64528DB484400F8D7
:10209000014CBDE8F08F4FF0000C02EB0509E6465D
:1020A00011F80CA019F8016944EA07240AFB06F6A6
:1020B00016FA84F4A4B20CF1010CA64288BF0EF10A
:1020C000010E4FFA8CF6B0454FEA14275FFA8EFEE8
:1020D000E4B2E5DA44553C4601357746C4E70136BB
:1020E0003D4676B2002700BF4FFA86FC634505DC0B
:1020F00000F80E4008F101082C46BFE702EB0E0C79
:10210000C6F1000B44EA05251CF80BB011F806C017
:102110000BFB0CFC1CFA85F5ADB2AC4588BF013752
:10212000ECB2FFB201362D0ADEE700BF324BD3F826
:10213000602F10F0010114BF42F0010261F30002B0
:10214000C3F8602FD3F8602F10F0020114BF42F0E3
:10215000020261F34102C3F8602FD3F8602F10F040
:10216000040114BF42F0040261F38202C3F8602F3D
:10217000D3F8602F10F0080114BF42F0080261F399
:10218000C302C3F8602FD3F8602F10F0100114BF02
:1021900042F0100261F30412C3F8602FD3F8602FED
:1021A00010F0200114BF42F0200261F34512C3F881
:1021B000602FD3F8602F10F0400114BF42F04002AE
:1021C00061F38612C3F8602FD3F8602F10F08001FE
:1021D00014BF42F0800261F3C712C3F8602FD3F836
:1021E000602F10F4807014BF42F4807260F30822F4
:1021F000C3F8602F704700BF002401412DE9F74369
:102200002A4BD3F8008018EA000F044638D1002882
:1022100036D0083463071CBF24F007040834002CB0
:102220002ED0234B1E68A642994629D3214B1D6808
:102230006A68A24202D22A68002A34D11E4A126871
:10224000AA421DD02A681F681A606B681B1B102BDE
:1022500007F1080704D9281943606C600CF0D6F91F
:1022600016496A680868B61A864248EA02024FF0C0
:102270000003C9F8006038BF0E606A602B6077B950
:102280000F4B1B680BB1002098470E4B0093019435
:10229000052300220221EF20FEF7ECFA0027384642
:1022A00003B0BDE8F0832B461546C1E748F800208F
:1022B0004CF8002030F7002054F8002050F800209F
:1022C00034030020C45D0201F8B50C4630490A68A9
:1022D0000546002A51D092F8C030012B4DD192F81A
:1022E000E800002849D1D2F8F020002A18BF0223C4
:1022F0004A6832B192F8C010012902D192F8E82060
:102300000AB1002B3DD003F039F9024600283CD039
:1023100003F0B2FE1E4E03F031F900220221944672
:1023200056F8043B13B393F8C0E0BEF1010F1DD182
:1023300093F8E870D7B9D3F8F02083F8E8E042B119
:102340001760D3F8F02047685760D3F8F0203A6060
:102350004260D3F8EC20C2F800C0D3F8EC20476804
:102360005760D3F8EC203A6042601A46012906D142
:1023700000212A6020600846F8BD0023B8E701214B
:10238000CEE71F2118461A46F3E70721F1E700BF01
:1023900048F70020023908B523295FD8DFE801F0AB
:1023A000125E5E5E161A5E1E5E22262A5E2E5E3269
:1023B000363A3E42465E5E5E5E5E5E4A4E5E5E5E01
:1023C0005E52565ABDE8084013F0BCBDBDE8084057
:1023D00009F04CB8BDE8084000F016BEBDE8084062
:1023E00013F0E5BEBDE8084006F066BCBDE8084055
:1023F0000DF02DB8BDE8084012F03CB8BDE808402B
:1024000000F07CBCBDE8084004F0BCB9BDE8084061
:1024100010F024BF10F0DDF8012008BDBDE8084031
:102420000EF0D8BDBDE8084010F02FBFBDE8084051
:102430000EF09ABBBDE8084011F0ACB9BDE8084009
:1024400013F0C0BEBDE808400BF056BBBDE8084025
:10245000F8F764BDBDE8084005F0FCB90020DCE7F2
:1024600038B52F4C837BD4F86C2F0D46110547D41B
:10247000D4F8682F920043D5032B4FD8DFE803F040
:1024800004390726FF2D06D1D4F8003109E0D4F82D
:10249000685FC5F30265284614F09CFBD4F8003150
:1024A00048B16FF34103C4F800311E490020BDE874
:1024B000384012F049BE43F00203C4F80031284608
:1024C00014F0B0FBBDE838400AF0A8BAD4F8685F51
:1024D000C5F30265284614F07DFBD4F8003143F0C3
:1024E0000203C4F800310028E9D00F48EAE7FF2DC5
:1024F000F0D1D4F8003143F00203C4F80031F4E71E
:10250000032B0BD801A252F823F000BF892401014C
:10251000F324010185240101EF24010138BD00BF2E
:1025200000240141AC3301415EF7002013F094BF59
:1025300053EC102BC3F30A512DE9F04140F2FD702A
:102540004E1E86421D4645D8A1F2FF30002835DBDD
:10255000332831DC284BC0F120084FF0FF3C03FA50
:1025600008F2A1F21F412CFA00FC10EE104A4CEACE
:10257000020C23FA01F24CEA020C23FA00FE04EAF0
:102580000C0605EA0E0724EA0C0256EA070425EABF
:102590000E030FD0002A73F100040BDB4FF48015FB
:1025A00005FA08F425FA01F10C43121925FA00F096
:1025B00040EB030343EC102BBDE8F081002A73F1DC
:1025C000000303DB9FED080BBDE8F0819FED080BD6
:1025D000BDE8F0810029EFD10A4603F0004343EC47
:1025E000102BE9E7AFF30080000000000000F03F8F
:1025F0000000000000000000FFFF0F002DE9F04187
:102600000F4615463A78C17902F00F0CBCF1060F5F
:1026100092B0064618D8012404FA0CF414F05504BC
:1026200002D07C78063CE4B241F20200ADF8000032
:1026300001208DF80400BCF1060F36D8DFE80CF05D
:102640000607313533352F000024EDE700208DF8E3
:102650000500342000FB013393F8811039B393F85F
:102660008580404613F06AF940F002008DF80600BC
:102670000DF1070140460CF087F83B788DF80D40CE
:1026800013F0090F0CBF0635002533780495684612
:102690008DF814300FF09CFD12B0BDE8F0810220DF
:1026A000D5E70320D3E70420D1E7FF20CFE72B684D
:1026B000CDF80730C2F38012AB888DF80620ADF854
:1026C0000B30DAE7304BD3F8842F6FF31F62C3F877
:1026D000842FD3F8882F6FF30702C3F8882FD3F81D
:1026E000882F6FF30F22C3F8882FD3F8882F6FF34A
:1026F0001742C3F8882FD3F8882F6FF31F62C3F8EF
:10270000882FD3F88C2F6FF30702C3F88C2FD3F8E0
:102710008C2F6FF30F22C3F88C2FD3F88C2F6FF30D
:102720001742C3F88C2FD3F88C2F6FF31F62C3F8B6
:102730008C2FD3F8902F6FF30702C3F8902FD3F8A4
:10274000902F6FF30F22C3F8902FD3F8902F6FF3D1
:102750001742C3F8902FD3F8902F6FF31F62C3F87E
:10276000902FD3F8942F6FF30702C3F8942FD3F868
:10277000942F6FF30F22C3F8942FD3F8942F6FF395
:102780001742C3F8942F70470024014170B52F4BB6
:102790000468586903781646427884F82220C3F307
:1027A000C00003F00305E077C3F38000C3F3001318
:1027B000A57784F8200084F8213031BBE17500232F
:1027C000A375AEB194F8F83213B1214B1B787BB9E5
:1027D00094F82620E37F9A420AD194F8A7313BB9B6
:1027E000637E012B04D094F82230DBB90123A3755A
:1027F00094F8661094F822000DF0FEFDD4F88830AD
:102800001844C4F88800002015E094F8253083426D
:1028100005D00123E37520460FF0B2F8CFE700237F
:10282000E375CCE7204611F0A7F828B1236E43F0FA
:1028300010032366012070BD94F89C31002BD5D184
:10284000032D1CBF012384F89C31CFE7E8F500205D
:102850003A04002090F8E530002B48D1D0F8D03071
:1028600040F27122B3FBF2F39AB22B4BD3F804116E
:1028700062F31F41C3F80411417ED3F8002161F3D4
:102880008302C3F8002190F8E620022A13D0042A1C
:102890001FD0012A3ED1D3F8041162F3CC21C3F832
:1028A0000411D3F8001162F30611C3F800110223DA
:1028B00080F8E6307047D3F8041162F3CC21C3F8F6
:1028C0000411D3F8001162F30611C3F800110423B8
:1028D000EEE7D3F8041141F4C051C3F80411D3F862
:1028E000001162F30611C3F800110123E0E7012B88
:1028F00010D1094B90F80811D3F8002161F3CC12E4
:10290000C3F8002190F80911D3F8002161F3830284
:10291000C3F80021704700BF0024014170B52D4C61
:102920002268557A002D53D111782B4B49001E682F
:10293000C9B261F307061E6011781E6801314900B3
:10294000C9B261F30F261E6011781E68023149007A
:10295000C9B261F317461E6011781E680331490041
:10296000C9B261F31F661E60117804311170821CB8
:102970001A4922F070420A60A3F51472C0B211889D
:1029800060F307011180A3F58362A3F50B7311684F
:1029900065F34D3111601A8842F001021A802368F4
:1029A0001A78272A08D91D7023689A79D979013AAB
:1029B000914204BF01225A722368B3F8CA20013A37
:1029C000A3F8CA201A7A01321A72054B01221A7032
:1029D00070BD00BF4C040020503C01414804002061
:1029E0005804002070B52D4C2268557A002D53D123
:1029F00011782B4B49001E68C9B261F307061E60AF
:102A000011781E6801314900C9B261F30F261E60BA
:102A100011781E6802314900C9B261F317461E6081
:102A200011781E6803314900C9B261F31F661E6048
:102A3000117804311170821C1A4922F070420A6028
:102A4000A3F51372C0B2118860F307011180A3F2DD
:102A50001C42A3F50A73116865F34D3111601A88A1
:102A600042F001021A8023681A78272A08D91D70BB
:102A700023689A79D979013A914204BF01225A72A6
:102A80002368B3F8CA20013AA3F8CA201A7A01329F
:102A90001A72054B00221A7070BD00BF4C04002052
:102AA000543C01414804002058040020F0B5D0E90E
:102AB000037585B0008910F007FF0446002854D044
:102AC000816D002951D090F85530002B4DD007B1C1
:102AD0003DB92046082104F099FA0446204605B085
:102AE000F0BD2B68C1F86F306B68C1F87330AB680C
:102AF000C1F87730EB68C1F87B30836D01229A70A2
:102B0000412014F0FFFB064688B3002300F8013B88
:102B1000A16D2022EB3112F081FFA16D2022EB315B
:102B200006F1210012F07AFF4122314628466B4619
:102B3000F5F76EF810226946384612F061FF78B951
:102B4000E37853B9A16D204601F5E0710AF04AF827
:102B50000446304614F0D8FBC0E70723A370F7E71C
:102B60000421204604F052FAF2E70124B6E70224D9
:102B7000B4E7FEE7002856D070B50446C26A2B4978
:102B80000968C96A8A4245D28169002905DB27495B
:102B90000968C96AC1F10501816102EB8202244919
:102BA00001EB82026169914205D0204A1268D26A23
:102BB000E262012036E0251D284611F085FD38B976
:102BC0001C490B68E06A0122824023EA02030B6081
:102BD000164B1B68DB6AE36216490E68012000FA97
:102BE00003F232430A60124A03EB830302EB8303CE
:102BF0005B68A3609968E1604D609D60E56AAB0029
:102C00005919890056186661515801442B449B009C
:102C1000D15007E0054A1268406CD36A98422CBF35
:102C20000020012070BD0020704700BFCCF70020BD
:102C300090F20020E8F700202DE9FF4705460E46F8
:102C4000144611F019FE0027294B99461A68920084
:102C5000FCD428686968274B03C3A868E96803C3E4
:102C600030687168A3F1DC0203C2B068F16803C286
:102C7000A3F1600AA3F128080CF0FCFED9F800309B
:102C800043F00063C9F8003011F0E2F8D9F80030E1
:102C90009B00FBD4DAF80030C3F3400353B9164A63
:102CA00003CA2060616003CAE160E27BA06042B1B8
:102CB000184619E0B8F8003043F02003A8F80030B7
:102CC000DAE72FB110222146684612F099FE58B17A
:102CD000206861686B4603C30137A068E168FFB2F2
:102CE000052F03C3B0D1012004B0BDE8F08700BFB9
:102CF00030340141DC3401412034014170B50468B5
:102D000094F8AE51064615B10125284670BD0CF069
:102D1000C1FB00284DD0112384F8AE310F2130467D
:102D200005F0B6FB0028EFD014F062F9012829D98C
:102D3000B4F84832B4F84A20D4F878019A421ABF5D
:102D400040F2E2415943294614F08EF9A4F89A0062
:102D5000B4F89A203AB1B4F84812B2FBF1F301FB8F
:102D60001323A4F89A3030460DF084FC054660B178
:102D700030460FF01BFF94F8C63143F0010384F88E
:102D8000C631C2E7A4F89A50EDE794F864304BB925
:102D900004213046FBF786FE05460028B4D184F8AE
:102DA000AE01B2E7012BAFD110213046FDF71EFB7B
:102DB000F2E730461E220F21BDE870400BF037BE0F
:102DC0002DE9F74FCD790468032D88460CD92B4B9C
:102DD0000093019501230022BE21EC20FDF74AFD5E
:102DE0001E2003B0BDE8F08F342707FB054797F896
:102DF0005EA00AF1FF33012B07D9214B0093CDF8D8
:102E000004A001230222BF21E7E7D4F82490BE6F7B
:102E100094F80FB04FF6FF71484602F0D7FDE0B9C5
:102E200097F8843013B3ABF1020BBBF1010F1DD83F
:102E300023464A463146404605F0AEFBBAF1020F42
:102E40000BD1B37803F00F03042B06D1727823461D
:102E50004A44B11C4046FFF7D1FB342303FB054530
:102E6000002085F88A0084F82F00BAE723464A46F6
:102E700031464046FFF7C2FBE0E700BF683F020172
:102E8000783F02012F4BD3F8642F70B342F0010258
:102E9000C3F8642FD3F8642F42F00202C3F8642F02
:102EA000D3F8642F42F00402C3F8642FD3F8642FE0
:102EB00042F00802C3F8642FD3F8642F42F01002E6
:102EC000C3F8642FD3F8642F42F02002C3F8642FB4
:102ED000D3F8642F42F04002C3F8642FD3F8642F74
:102EE00042F08002C3F8642F704760F30002C3F819
:102EF000642FD3F8642F60F34102C3F8642FD3F832
:102F0000642F60F38202C3F8642FD3F8642F60F358
:102F1000C302C3F8642FD3F8642F60F30412C3F81C
:102F2000642FD3F8642F60F34512C3F8642FD3F8ED
:102F3000642F60F38612C3F8642FD3F8642F60F314
:102F4000C712CFE70024014130B50C4693B00828E2
:102F50000AD8DFE800F0050C1014181C4251550087
:102F6000117820460CF0CAFD002013B030BD084691
:102F70000FF02FFBF8E7084614F096F9F4E708463F
:102F800012F0CBFAF0E7084612F0DCFDECE70D6832
:102F9000B5F88712B5F898309942E5D092F900302B
:102FA00085F88C32002128460EF031F8012101FA13
:102FB00000F085F88B0228460EF029F801462046DD
:102FC00012F0CCFFB5F8983085F88D020133A5F8E2
:102FD0008932204612F09EFFC6E70B684FF48151FC
:102FE000ADF800101B88ADF8043068461388ADF8C2
:102FF00006300FF0EDF8B7E7084600F09BFEB3E7A8
:1030000008460FF082FAAFE738B5036893F8B421A9
:10301000142A044639D00CD80E2A1AD00F2A22D0EE
:10302000032A0CD193F8BE216FF3000283F8BE216E
:1030300005E0162A2ED002D3233A022A3DD90021D8
:10304000204608F047FA2046012108F043FA012003
:1030500016E093F8BE216FF3C30283F8BE211A2154
:103060000FF08CFDEBE793F8BE216FF3410283F87C
:10307000BE2193F8643023B90DF08FFF0028DED114
:1030800038BD1A210BF0AEFCD9E793F8BE216FF3DF
:103090004512CBE7012110F053FF13F0EAFB0021AA
:1030A0000546204610F04CFF13F0E3FB1A230246BE
:1030B000294620460DF03AFDC1E793F880226FF3D0
:1030C000C71283F88022BAE72DE9F041074611F0D4
:1030D000D3FB3B682B4D1C6829682346A3B914BB5E
:1030E000384614F0E4F82B6893F8BB2293F8BA3210
:1030F0009A4207D12B6893F8BB22A24238D800220B
:10310000A3F8BA22BDE8F08193F84E20520708D404
:1031100091F8BA2201EB82000132C0F8BC3281F88A
:10312000BA221B68DAE794F84E10D4F8008011F048
:1031300004061BD12046FEF7EDFD012809D12A68BF
:1031400092F8BB32013382F8BB323146224603F09B
:1031500015FF606D08B1FEF7DDFDD4F8A80008B1D9
:1031600014F0EEF8214603200FF028FE4446B6E79F
:1031700003EB84030134D3F8BC0212F055F8E4B237
:10318000B8E700BF0804002038B50468236ED905ED
:1031900005462AD51A0524D506F034FA294BDA6AF1
:1031A00042F40032DA62DA6A6FF35142DA62DA6CC0
:1031B00042F40032DA64DA6C6FF35142DA64DA6CAA
:1031C00042F48022DA64DA6C6FF39242DA6494F8A3
:1031D00008335BB9637D01336375204610F0C8FF87
:1031E00016E011F0A6F90028D6D038BD236E1B06D4
:1031F00006D594F86430012B1AD1284611F0A4FCAE
:103200000CF038FC236E23F04003236610F020FE00
:1032100094F86430012B06D1237D13F0180F02D0EF
:1032200028460BF0B1FF2846BDE83840F1F73CB91D
:103230000CF020FC236E23F08073236610F008FE50
:10324000DEE700BF002401412DE9F04190F8143180
:10325000072B0446D0F8B40031D00678D4F8B0502B
:10326000C6F38016274BD3F86C2F12F4006F04F1CD
:10327000FC0804F1F6070DD1D3F86C2FD10534D535
:10328000D3F8682F920030D5D3F8683FC3F30263B8
:1032900084F8F43094F8F40012F050FB40F002008F
:1032A00084F8F5002B68C4F8FC30AB88A8F804302B
:1032B000394694F8F400BDE8F0410BF065BA837824
:1032C000033003F03F03034401219878033300F0F7
:1032D0003F00184410F8026BFCF77AF8C6F380162A
:1032E00005460028BED1BDE8F081002384F8F560D2
:1032F000C4F8FC30A8F804302B68C4F8F630AB886A
:10330000BB80F0E70024014130B503780E2BC3B039
:10331000044622D00F2B3ED0062B1BD100250CE0FB
:1033200009238DF8083004EB850302A8DB88ADF88B
:103330000A300AF05BFC0135EDB22379AB42EFD8DD
:1033400000220434019200941A2313214FF4827056
:1033500010F070F9012043B030BD03798DF80930C9
:103360000025411D20220DF10A008DF8085012F0B1
:1033700055FB04F1250120220DF12A0012F04EFB2D
:10338000043402A811F01EFA0195009441232A4644
:1033900040F63E01DAE70123411D20228DF8083076
:1033A00003798DF809300DF10A0012F037FB02A8FD
:1033B00011F008FA0434002201920094212340F60F
:1033C0003E11C3E7F0B585B013780193294B009304
:1033D00005460423EE200F46164650210222FDF733
:1033E00049FA284610F0B8F8044658B9224B009321
:1033F0000246019504235221EE20FDF73BFA0020FE
:1034000005B0F0BD03A902A8039613F08EFC03A932
:103410000DF1090013F089FC03A90DF10A0012F067
:1034200079FEBDF80A203B1F9A4206D000231A46B7
:103430001946284603F0AAFBE1E79DF80930A3717D
:103440009DF80830013BDAB2192A07D900231A4641
:103450001946284603F09AFB0120D1E7074A52F8A3
:10346000233023B13246394628469847F4E71846B8
:10347000C6E700BF2E070201450702018CAF01011C
:1034800003297FB5044615464CD10BF09AFF00285E
:1034900049D1E3789A074DD413F0100F264B1B68DF
:1034A00005F101010DF10A0014BF1E895E8913F0B8
:1034B0006FFDBDF80A30162B9CBF1723ADF80A30FC
:1034C000BDF80A30B34228BF3346A380032013F06F
:1034D000DFFE0546B0B100F11003032103A80393FA
:1034E00013F05CFD314603A813F05EFD0423009346
:1034F0002A460023032120880EF0BCFF10B1284685
:1035000013F0F0FE4FF4827013F0FCFE40B10E2277
:10351000027022888280A288C280042110F0C4FD3B
:1035200004B070BD0420C3B200220221204602F084
:1035300085FBF5E70620F6E71403002007B50B46E8
:1035400013281CD8DFE800F00A1B1E1B1B22383C86
:10355000401B1B1B1B1B48454E1B1B53254A126857
:1035600092F8262342B10B680193042201AB00219B
:10357000002008F080F902E00846FAF737F903B0B6
:103580005DF804FB084610F073F9F8E7194A116872
:1035900091F8262362B1D1F8A4121A6841B1907A49
:1035A000897A884204D8019201AB04220521DFE721
:1035B000184609F005FAE2E7084613F04FFDDEE78A
:1035C000084613F05FF9DAE70979184611F03FFC75
:1035D000D5E7F6F7E3FBD2E7D1E901121878F2F765
:1035E000EBFACCE74968186808F09EFBC7E710F0D3
:1035F0001FFDC4E70804002037B50468B4F84A305A
:1036000094F98422F02B94BF94F91B3094F91A306A
:103610009A4205460CDC94F91B3094F982229A42B6
:1036200006DBB4F898300133A4F8893203B030BD1A
:1036300094F883220121D21A204652B20CF0D4FB16
:10364000002A1FDD231893F87C329B07E9D4174B1F
:10365000009593F908309A42B8BF1A46002A08DA52
:10366000204490F9743299181031BCBFC3F1F002B4
:1036700052B28DF804206B4605220D49012008F056
:10368000FAF8CEE7CDD0231893F87C12C907C8D436
:1036900094F98612002903DA94F985120029C0D022
:1036A00093F974320F33BCDBD1E700BF260400204E
:1036B0000506010130B501792A4BF1B1012934D059
:1036C0001A6842F080021A60274AD0F8051011608B
:1036D00052F8041F407A60F3040111601A6842F046
:1036E00040021A601A685106FCD41A685200FCD5D0
:1036F0001E4B1868C0F3054030BD1A46058852F8C5
:103700000C4F65F30F0414601468458865F31F447B
:1037100014601A6861F34D321A601A46448952F8EF
:103720005C1F64F30F011160CAE703F5007204889F
:10373000116864F31F41116003F501724488116838
:1037400064F30F011160116841F4E02111601A68FF
:1037500042F400521A601A46448952F8681F64F312
:103760001F41E0E75434014158340141B034014174
:103770002DE9F843EFF311874FF0200484F311880B
:10378000BFF36F8FBFF34F8F856BC46BA54206D31A
:10379000022B04D0002087F31188BDE8F8831D4672
:1037A0009046044690F8456076B2D0F838901A46B4
:1037B00006F0B0FAB6F1FF3F21D1A36C7BB1022D28
:1037C00002D1B9F1000F24D1204609F0E9FA10B373
:1037D000B8F1000F21D00120C8F80000DBE7636AD0
:1037E0000BB90120D7E704F12400FDF7CDFEB0B1FD
:1037F000B8F1000F15D00120C8F80000CBE713F096
:1038000037FB86420FD2013676B284F8456001203C
:10381000C1E70120BFE70120BDE70120BBE7012090
:10382000B9E70120B7E70120B5E773B50468E36D98
:10383000B4F84A10DB689A889142064609D1B4F878
:103840004C10DA88914204D1B4F84E101A89914292
:1038500002D0032284F89C201A7884F847205A88E2
:10386000A4F848209A88A4F84A20DA88A4F84C20C2
:103870001B89A16DA4F84E302046012208F04CFBB4
:10388000236EB4F84A2023F001032366B4F84E30C7
:1038900000252046C4E91D55DB00B3FBF2F3C4F854
:1038A000803000F08FFFD4F878311A8FDB6B0092F4
:1038B000019312F049FE04F1C4032946B4221846CC
:1038C00012F028FF6A4603460C213046FCF7B8FB8D
:1038D000236EC4F87C5123F0040343F008032366ED
:1038E00002B070BD2DE9F041294E2A4C4FF001087D
:1038F000294F13E0226AFAB1616A236A4046984769
:10390000A36A0133226B934228BF002314E0A26A0A
:10391000EDB2BD54A36294F83430FBB9337E13F09A
:10392000040F32D0B56AA36A0133226B934228BFD9
:103930000023E26A9A42DDD0E26A9A42EED07268CF
:1039400002F00702012AE2D1A16A4A00E8B207F8B0
:1039500011000132C5F30725BD54DBE712F0D2F99F
:10396000236A002BDAD0616A94F83C3033B1A36B40
:103970009842D3D3236A00209847CFE7A36B98429D
:10398000CCD1236A00209847C8E7BDE8F08100BF8A
:10399000000C0040F8F3002010F1002070B5044640
:1039A0000E46254B1D68254B1A68002182F85110E0
:1039B0001868043010F088FE48B9204B1A68204976
:1039C0000B68D06A0122824023EA02030B60B4F143
:1039D000FF3F0DD02C44194B1B685C60A5421DD9DC
:1039E000184B1868154B196804310EF0CFF970BDEB
:1039F000002EEFD0144A5168104B18688160186887
:103A00008C68C4601868043060601868043088608E
:103A10001B685A61136801331360E8E70B4B1868A1
:103A2000064B196804310EF0B1F9094B1B68A3422B
:103A300084BF074B1C60DAE700F80020CCF70020B9
:103A4000E8F70020D4F700203CF60020D0F7002053
:103A5000F0F7002070B5294E01233370284B53F83E
:103A6000045B1C68E30602D5264B1B699847A00639
:103A700002D5244B5B699847E90602D5224B1B69A6
:103A80009847AA0402D5204B5B6B98472B0602D5BA
:103A90001D4BDB699847E80502D51B4B1B6A98470D
:103AA000A90502D5184B5B6A9847E20502D5154B6C
:103AB0001B6A9847A30502D5124B5B6A98476505B8
:103AC00002D5104B9B6A9847E00402D50D4B1B6B47
:103AD0009847A10402D50B4B5B6B9847620402D553
:103AE000084B9B6B9847230402D5064BDB6B98472A
:103AF00012F080F90023337070BD00BF00F9002080
:103B0000143F014130FA0020F0F900202DE9F04F78
:103B1000047A14F00704034618BF0124274850F81C
:103B2000346084467EB900EBC4051E6040F8343032
:103B30006B60234840F82430002A3CD00846BDE89A
:103B4000F04F03F0B5BDD3F804A04FF0000EAAEB80
:103B5000010BB0463746F146BBF1000F1FFA8EF558
:103B6000786807DB401A002816DADDB91E604CF8C9
:103B70003430DEE7B9F1000F0ED1401A002809DB1E
:103B800038680135ADB20EF1010EB8460028ECD010
:103B90000746E1E74FF001097868A0EB0A0000282A
:103BA000EEDDE2E7D8F800201A6012B90CEBC4048D
:103BB0006360C8F80030BDE8F08F00BFC4F6002095
:103BC00040F700202DE9F04192B01D464B79069355
:103BD0000B790593CB7804938B7803934B780293FE
:103BE0000B780193234B009380460123EC200C4675
:103BF000174620210222FCF73DFE28460AF0BEF8B7
:103C0000064660BB9DF8203068F3000360F3410373
:103C10008DF820302368CDF82130A388ADF8253009
:103C20003B68CDF827307B68CDF82B30BB68CDF8EA
:103C30002F30FB68CDF833302B68CDF837306B6808
:103C4000CDF83B30AB68CDF83F3008A8EB68CDF835
:103C5000433002F0A9FA304612B0BDE8F081064BBD
:103C60000190009300220123FF21EC20FCF702FECB
:103C7000F1E700BF7C3A0201B54F020130B50446BE
:103C800089B0008810F02AFF00284AD0036893F911
:103C90008022002A47DAA278FF2A3DD0E1780A4440
:103CA00083F89622A278E178521A83F897226179F4
:103CB00022790A4483F8982222796179521A83F88A
:103CC0009922E288A3F89A2293F89E2242F00202F7
:103CD00083F89E220025E388069363790593237970
:103CE0000493E3780393A3780293238801930F4B03
:103CF0000093022201235521EC20FCF7BBFD45B1C6
:103D00000B4B0093019501230022FD21EC20FCF7D1
:103D1000B1FD284609B030BD4FF6FF72A3F89622D8
:103D2000C5E70225D7E71A25D5E700BFDCBF0101AB
:103D3000BA33020138B50568D5F8EC4264B3012303
:103D400085F8F4322379082B0AD8DFE803F005263A
:103D50002A2F36093A404700A368188803F07EF8F6
:103D6000214B1B680BB12046984795F8F432012B84
:103D70000FD1D5F8EC321B68C5F8EC321BB905F54C
:103D80003B73C5F8F032A06813F0BEFA204613F07A
:103D9000BBFA002385F8F43238BDA068FAF71CF9A5
:103DA000DEE7A368188803F00FFDD9E7A3689A88B7
:103DB0005988188801F092FBD2E7A068F5F72AFF2E
:103DC000CEE7A36899781888FBF7F0FDC8E7A368E9
:103DD000DA7899781888FBF777FCC1E7A368187838
:103DE00001F08CFABCE700BFC00300202DE9F341CD
:103DF00004680646002C4ED031BB284F0125012314
:103E00000222C3210097EC20FCF734FD236A002234
:103E10001B686572E272A28193F832106177257295
:103E2000596BA161996B616193F83310A17224649D
:103E30009B6CC4E911322468002CE0D1304602B0FA
:103E4000BDE8F04112F09EBE0129F7D1144F0D4696
:103E50004FF0807801230222C4210097EC20FCF768
:103E600009FD236A1B6865721A6C2261C4F80B8015
:103E700093F83220627700222272596BA161996B0C
:103E8000616193F83330A372C4E91022A2642468FC
:103E9000002CDFD1D2E702B0BDE8F081CC5802019E
:103EA000DA5802012DE9F043CFB00D460446014631
:103EB000B42221A811F0B2FDC5B13295264B399F2D
:103EC0001B68D3F8A852002601A8ADB9B1464FF03F
:103ED0000C082C46B9F1000F04D008F1FF3818F097
:103EE000FF0819D13998C01BC0B202E032980028EF
:103EF000E4D14FB0BDE8F083AA6894420AD0916C37
:103F000041B9116C914205D14A6C1AB140F82610A2
:103F10000136F6B22D68D8E701AB21A853F824107A
:103F2000F0F766FF002818BF25460134E4B209F116
:103F3000FF33A64208BF002413F0FF0309D130B1BC
:103F40006C1C701EE4B2C0B2A64208BF00248146B9
:103F5000C0E71846FBE700BF0804002030B5836DBA
:103F600085B00446002B3AD04FF4F8720021A06DC2
:103F700012F0D0FBA06DBC3011F000FF684613F0CA
:103F800081F9A26D0098C2F8CC0002F1CC03BDF813
:103F900004109DF80620998025469A7135F80B0B80
:103FA00002A911F071F8DDF80930C4F80B30BDF842
:103FB0000D30AB809DF80830A26D003318BF01238F
:103FC0006374022382F82C30A26D82F82D30104BDE
:103FD0001B68587810F001000AD105B030BD4FF4CD
:103FE000F87013F08FF9A0650028BDD10120F4E727
:103FF000A26D92F82C3043F0010382F82C30A26DB0
:1040000092F82D3043F0010382F82D300020E4E7D0
:104010001804002038B5002010F040FC05460120AF
:1040200010F03CFC224A04460D2100200CF024FD37
:10403000204A0C2100200CF01FFD1F4A0B210020FC
:104040000CF01AFD1D4A0E2100200CF015FD1C4A33
:10405000042101200CF010FD1A4A052102200CF069
:104060000BFD194A042102200CF006FD4FF6FF71EA
:1040700000200EF0F3FC4FF6FF7101200EF0EEFC75
:104080004FF6FF7102200EF0E9FC45F4F04189B2D1
:10409000002010F015FC44F0100189B2012010F04E
:1040A0000FFC30210220BDE8384010F009BC00BFF1
:1040B000B9EC000171D20101ADDF0101A5FD0101E3
:1040C000398E010191590201AD59020110B586B036
:1040D0000023032904468DF801302FD10DF1020091
:1040E000511C12F055FF20460BF06BF948BB02AA99
:1040F00001A9BDF802000EF0D9FB002837D0019BC2
:104100002088DA7B012100F061FD80B2C8B90199F5
:104110008B7B9A0723D52388ADF81030BDF8023089
:104120000391ADF81230ADF814000A230DF101012E
:1041300003A88DF8163006F0F9FF02E0ADF8023062
:1041400004209DF8013043B998B901998A684968FB
:1041500012880B23204608F095FA06B010BD9B0686
:10416000EFD5BDF8022020460FF022FAE9E7012042
:10417000E7E7C3B2BDF802200A21204601F05EFD48
:10418000EBE7FEE7F7B5047A082C4CD8C5680023A6
:10419000A5F128012820DAB294423ED8254F3B6889
:1041A0001E78002E41D130460BF0A6FF0DF00CFA20
:1041B0003F6807F134034FF4A0723146184612F0FD
:1041C000A9FA87F8324094B304EB8402D20029465E
:1041D00011F024FC28460BF0E7FB95F82720012A74
:1041E0000FD12B788DF800302B46684653F8011F0D
:1041F000CDF801109B88ADF805308DF807200DF043
:10420000E3FE0136F6B2B44205F12805E2D1012001
:104210000BF072FF002003B0F0BD013300FB03F28E
:104220008A5C012AB7D90320F5E70520F3E7204689
:10423000F1E700BF040300202DE9FF410C460621F1
:10424000074616460EF048F90546002840D107F10A
:104250005400FCF757F8042C3AD997F84430F42B63
:1042600036D1013CA4B2A30706F1010633D1A11E49
:1042700031440DF10E0012F08BFEFA8FBDF80E10D6
:104280008A422DD93B6C0193013197F84530009358
:1042900089B2B9874FF42053384602F095F94FF0B0
:1042A00000084FF4827013F02DF8054680B1022308
:1042B00003703B888380C48024B122463146083095
:1042C00011F0ACFB85F8FE80042128460FF0ECFECF
:1042D00004B0BDE8F081FB8FADF80E302C46CCE782
:1042E000384611F033FD4FF00108DAE738B52A4DB2
:1042F000037A2A68012B0BBF5368136843F0080345
:1043000043F008030CBF5360136090F84D30032B4B
:1043100004463FD0022B12D10BF0ACFB1F4B1A68A6
:10432000237A02EB8303D3F89812A1424FF00001E5
:1043300008BFC3F89812C2F8A0120FF089FD637F7E
:1043400003B9A3732A68B4F87000118988420ED0AB
:10435000A4F8701011490968B1F82203A4F872009A
:10436000B1F82413A4F874105289A4F8762004221A
:1043700084F84D2073B194F84E30DB070AD4204600
:1043800011F0E9F8204610F085FB2046BDE83840E2
:10439000F3F74EBB38BD00BF040400200804002022
:1043A00030B5C278837885B004462ABB0D2B0BD17B
:1043B000806D102200F5C87011F022FB054628B16F
:1043C0000B21204602F022FE05B030BDADF80400FE
:1043D000CDE9020020460CF07BFCA36D2088A033C1
:1043E00001AA02A90EF099FEA36D2A46A033294620
:1043F000204601F0D5FBE7E7092BE5D1856D1022BA
:1044000005F5E87011F0FCFA0028D9D16B78042B7F
:1044100016D101232B71A36D9A78002AD4D018717C
:10442000A36D9870A16D01F5C871204608F007FCD6
:1044300020460CF04DFCA36D0022A0331146D7E7B7
:10444000012B02D105F5C871EFE7022BFAD0032B3F
:10445000BAD1F7E770B503780A2BCEB004464BD13A
:10446000C61D012331468DF80C30437980798DF8D3
:104470000D300FF04DFC03ADD4F80730667BCDF85E
:104480000F30B4F80B30ADF81330A8706E721F22E5
:1044900000210DF1160012F03DF9324621690DF1AF
:1044A000160011F0BBFA237D85F829300022CDE9F2
:1044B00000522A2340F23E214FF482700FF0BAF8E6
:1044C0000F4B657B1B78022B04D0216928460BF02B
:1044D000B3FD88B129462069F8F7B2FB60B1292203
:1044E0000DF10D010DF13A0011F098FA04230EA818
:1044F0008DF8383009F07AFB01204EB070BD00BF56
:10450000F9F8002038B5254D2549032011F02AFC83
:104510002B682C4633B94C2012F0F4FE286060B9A9
:10452000022538E00025236803EB8503D86A08B12B
:104530000BF08EFB0135082DF5D14C2200212068AF
:1045400012F0E8F82368174803221A70236809223A
:104550005A70226810210023917053712268D37120
:104560000EF044FC0546B0B90F480EF057FC054666
:1045700088B90E4A0521012011F030FC0C490620B3
:1045800010F0D2FD2268936903F0F80343F00113A1
:1045900043F4A0639361284638BD00BF180400208F
:1045A000056A0201A1A30001459A010115A20101BA
:1045B000C1190101F7B50446C07A16460023DAB2E4
:1045C000904201D8802029E09D00E268525BB2420F
:1045D00003F10103F3D10DF1060012F0D9FC204BD9
:1045E0001B681B6863B11A7C0021C8B28242F8D9EB
:1045F000986800EB810001310788B742F5D1438804
:10460000BDF80620022A01D91A42DBD0E3682B4408
:104610005A80208812F0B3FB10B9002003B0F0BD1F
:104620004FF4827012F06EFE05460028F5D0E07A55
:10463000800012F067FE68600028EED012232B7015
:1046400023882B81E27AAA72E168920011F0E6F9E0
:10465000284604210FF028FD686812F055FEDCE7BB
:104660001403002070B583780B2B044641D1806D74
:104670004022EB3011F0D2F994F853308BB902207C
:104680000FF038F900283BD11F4D2B68DA786AB15A
:104690001E49402204F1120011F0C0F9022384F8EF
:1046A00053302046BDE87040FAF712BEE278012A86
:1046B0000AD1A26D5278032A06D1996821B191F8E6
:1046C00050300BB14022E5E7114812F073FA06466C
:1046D00080B92868022384F853301030FBF712FEAB
:1046E0002B6883F828609B680BB183F850600C231B
:1046F000A37070BD20460821BDE8704002F086BC62
:10470000012384F85330F2E718040020B8030201B3
:10471000D9FC010173B5284D284C2B6893F824600F
:104720009869202204F5AC61C6BB11F077F9B4F8A2
:10473000A43043F01003A4F8A430B4F8A43066F316
:10474000C713A4F8A430B4F8A43043F00203A4F8CB
:10475000A4302B689869202204F5AC61104411F054
:104760005DF9B4F8A43066F34103A4F8A430B4F8BA
:10477000AC3066F38613A4F8AC302B680021986C3B
:1047800012F0DCFD00246B4605220D498DF8044033
:10479000012007F070F8204602B070BD11F03EF91C
:1047A000B4F8A4306FF34103A4F8A430B4F8AC30EB
:1047B0006FF38613DFE700BF600300200024014190
:1047C0000205010110B5294B90F867401B68198953
:1047D0005B891944B0F84A3040F2E242122C02FBE5
:1047E00003F2B0F89E3128D0222C2BD0112C2ED1E0
:1047F00001F1E60404EBC30390F86640122C2BD0C1
:10480000222C2CD0112C2DD103F5E6739342A3EB6F
:104810000101C0F8941023F0004194BFD31A002383
:10482000C0F88C308A424FF000032CBF521A1A464F
:10483000C0F89020C0F8883010BD01F1C20404EB2C
:104840008303D9E701F5197404EB0313D4E701F2EC
:10485000663404EB8313CFE703F5C273D6E703F5A1
:104860009963D3E703F2CC63D0E700BF04040020D0
:104870002DE9F34190F82C70012F044640D100F04F
:104880007DFE002843D001F0F7FB00F077FE94F89E
:104890002D600546002E2ED1DFF87C8084F82D7027
:1048A00004F18C073B6883B101230222CDE9008625
:1048B000C121EC20FBF7DEFF3B6800221A603B6859
:1048C0006A685A603B6813606B600136042E07F11A
:1048D0003407E7D10F4B009302220123C221EC20C1
:1048E000FBF7C8FF236D00221A60236D6A685A60C7
:1048F000236D13606B602C6828462CB112F03CFCD1
:10490000002002B0BDE8F08101F0B6FBF8E7072017
:10491000F7E700BF0C4D0201F74C02010229F8B580
:1049200006460C4617464BD9008812F028FA3B7809
:1049300048B196F8842032B91D2B41D13046BDE8EC
:10494000F8400CF09EBB1B2B4FF4827001D0222B41
:1049500018D112F0D7FC054690B3082303703388B2
:104960008380791C063012F013FBE21EF91C2A81A9
:1049700005F10A0011F052F828460421BDE8F8407C
:104980000FF092BB12F0BEFC054690B109230370F4
:1049900033888380791C063012F0FAFAE21EF91C83
:1049A0002A8105F10A0011F039F8042128460FF098
:1049B0007BFB044B1B88DB07C0D51D2386F84730E3
:1049C000F8BD00BF1003002010B5284B1B7834221F
:1049D00002FB0303044693F85C3093BBC36B02F203
:1049E0003D22B3FBF2F39AB2214BD3F8041162F3E8
:1049F0001F41C3F80411017CD3F8002161F3830245
:104A0000C3F8002190F82020022A03D0042A13D0F2
:104A1000012A0BD1D3F8041162F3CC21C3F804119D
:104A2000D3F8001162F30611C3F80011204610F00C
:104A300096FA84F8200010BDD3F8041141F4C05157
:104A4000ECE7012BF7D10A4B90F82110D3F80021A5
:104A500061F3CC12C3F8002190F82210D3F80021A2
:104A600061F38302C3F80021E5E700BF450400209D
:104A700000240141F0B52549254E0B7883F001074C
:104A8000002B40D1234C336825685A78187903EB02
:104A9000020E5FFA85FC9EF80B50844598BF0135E5
:104AA0008EF80B502568C5F3072E551C1D4495F84C
:104AB0000BC0704528BF0CF1010C85F80BC02568B0
:104AC000C5F3074E951C1D44033295F80BC0704585
:104AD00028BF0CF1010C85F80BC013442468DA7A66
:104AE000240E84428CBF1046501CD87232680F705E
:104AF000537809490433537000231A461846BDE819
:104B0000F04006F0B8BE054CBDE700BF50040020E1
:104B10004C040020583C0141010801005C3C01416B
:104B2000882910B536D012DC812943D003DC8029D6
:104B300040D0002010BD82290ED08429F9D11968F7
:104B400002B30A1D1A60B1F90020D3171EE0A02994
:104B50002BD00BDC9029ECD11968073121F007012B
:104B600001F108021A60D1E900230FE0C02901D049
:104B7000F029DED11A68111D196013680360002343
:104B8000436005E00A1D1A600A880023C0E900237B
:104B90000120CFE7196822B10A1D1A6091F900209F
:104BA000D3E70A1D1A600A78EFE71A68111D196029
:104BB0001268CAE719681AB10A1D1A600A68C4E7C0
:104BC0000C1D1C600B68C0E90032E1E737B500231B
:104BD0000D4614468DF806308DF807300EF036F984
:104BE00010B90F2003B030BD2C4204D1012D0CBFF1
:104BF00002200320F6E7012D04D114F00E0F1CD182
:104C00000020EFE714F0E00FFAD0102D09D1610673
:104C100020D50DF107030DF106020321008806F0EF
:104C2000F7FD9DF8073003BB14F0EE0FE8D09DF8B8
:104C300006300F2BE4D80C20D4E76507E9D4A2078F
:104C40000AD414F0080FECD00DF107030DF10602A1
:104C50000121E3E7A30605D50DF107030DF10602D7
:104C60000221DBE714F0800FEDE7012BB9D0022B16
:104C7000C6D10520B6E7FEE72DE9F04383B00378FF
:104C8000032B42D0064668460DF01CF9002841D19E
:104C90004FF40054204F07F1010817E04846EEF7A3
:104CA000EEF958B1072269461C4810F0A9FE08B376
:104CB00004E0711CF81D03F0BFFE38BB0135EDB2F6
:104CC0000134A4B242F208039C421FD0E5B2204650
:104CD000EEF7B2F90028F1D02046EEF7D0F900281F
:104CE000ECD004F108091FFA89F94846EEF7A4F957
:104CF0000028D3D13378022BDBD006224146701C2A
:104D000010F07EFE0028D9D100E00825284603B027
:104D1000BDE8F0830825F9E738F4002018F50020F5
:104D200070B582B0254D264C264E14E0F25C8DF80D
:104D30000620013322699A4298BF0023E3606B6822
:104D400003F00703012B14BF9DF80630BDF80630B1
:104D5000AB62237DBBB92B7E13F0010F2CD0A26870
:104D6000E3689A4225D06A6802F00702012ADDD181
:104D70005A0016F813108DF806100132B25C8DF847
:104D800007200133D6E711F0D1FA2368002BE2D0D7
:104D90006168237F33B1A3699842DCD32368032081
:104DA0009847D8E7A3699842D5D12368032098474C
:104DB000D1E7024B01221A7502B070BD000C004011
:104DC000F8F3002090F10020244B1B681BB1244B0A
:104DD00001221A60704710B5214B00221A60214B46
:104DE0001B681B6B1A68B2F1A53F03D15A68B2F178
:104DF000A53F23D01B4B18681968343111F0E8FC2B
:104E0000194B1B68B3FA83F3DBB2C3F11F03174AD4
:104E10009900C81802EB8000446864684460194433
:104E200002460832944212D003EB83030F4A02EB8E
:104E300083035B68DA680B4B1A6010BD9A68B2F1A5
:104E4000A53FD7D1DB68B3F1A53FD3D1D8E76068E0
:104E50000A46064901EB82025060E5E7E0F70020D0
:104E600004F80020CCF70020E8F7002090F20020A2
:104E700010B5274C206890F82130032B8CB01AD144
:104E8000223011F0A3FA206890F82130012B02D9CA
:104E900022300CF061FB23680020D3F8743198476E
:104EA0002068038E2BB11B4900F5F2705943F8F7C7
:104EB000E5FE0CB010BD022BE5D1032104A806F0DD
:104EC0006DFA0D2200210DF1130011F023FC9DF865
:104ED000123003F07F0343F0400368468DF8123030
:104EE00010F04CFF08AA04A96846FDF7A5FE236848
:104EF000BDF820109DF82220598483F82420BDF8A5
:104F000010109DF81220A3F8251083F82720BAE787
:104F10000403002040420F00F8B509210646002096
:104F20000FF040FF044680B30121304635680FF092
:104F300007F80021074630460FF002F814232373C8
:104F4000193B63730023A373B5F81E32A4F8113024
:104F5000BB071BD0B5F8203240F64802934222D955
:104F60004823E37408232375A5F8202282071DD067
:104F70004823E3730823237403F50463A5F824325C
:104F80003046214610F0F6FF0120F8BD7907EDD537
:104F9000B5F8203244F29022934204D96FF06F03A7
:104FA000E3744223DFE7A4F81330DFE74307E7D5D4
:104FB0006FF06F03E3734223237444F29023DDE721
:104FC00070B5274D04460AF055FD2B68D3F8A06252
:104FD0000EF03EFF94F84C308BB1236C93F85030B8
:104FE0009B070CD4204603F0A7FEA36A13B120460A
:104FF0000EF079F92046BDE87040FFF777B93146E9
:10500000204600F053FF844228D10DF05FFE014698
:10501000204609F030F9844220D1237A012B114B2C
:105020001A680BBF5368136843F0400343F0400312
:105030000CBF5360136094F84D30012B0ED1204605
:1050400003F07AFE022384F84D30237A2A68A633CF
:1050500042F82340BDE8704010F08CBA70BD00BF2C
:10506000080400200404002073B505460DF1010179
:10507000684610F069F8902012F044F904460028C0
:1050800044D0A96D00F10806442201F596714C3018
:1050900010F0C4FCA96D4422A031304610F0BEFCD3
:1050A00095F855305BB194F8663043F0010384F80D
:1050B000663094F8223043F0010384F8223095F8EA
:1050C00054305BB194F8663043F0020384F86630E4
:1050D00094F8223043F0020384F8223095F85220ED
:1050E00094F8663062F3870384F8663095F85220AE
:1050F00094F8223062F3870384F82230052323706A
:105100002B88A3802146902012F03BF802B070BD9E
:105110002DE9F3470446008912F0E0F8002848D052
:10512000278938460EF018FA064600283DD0C37885
:10513000002B3AD01C20B4F80AA0B4F80C90B4F8B4
:105140000E80248A12F0DEF8054680B300F11003C9
:10515000122101A8019311F021FFF1794B1CF37189
:1051600001A811F01BFF082101A811F01DFF5146F5
:1051700001A811F019FF494601A811F015FF414699
:1051800001A811F011FF214601A811F00DFF2A46D8
:105190000C2138460DF0EFFF044610B1284612F0FE
:1051A000B3F8204602B0BDE8F0870124F9E70224F5
:1051B000F7E70424F5E7FEE710B5274B90F86740C2
:1051C0001B681A895B891A44B0F84A3040F2E24100
:1051D000122C01FB03F1B0F89E3125D0222C28D0EF
:1051E000112C2BD102F1E60404EBC30390F86640C6
:1051F000122C28D0222C29D0112C2AD103F5E673A9
:105200009A1A8B42C0F8942023F0004294BFCB1A24
:1052100000239142C0F88C302DBF891A0023C0F8BA
:105220008C30C0F8901010BD02F1C20404EB83036F
:10523000DCE702F5197404EB0313D7E702F26634D6
:1052400004EB8313D2E703F5C273D9E703F599633F
:10525000D6E703F2CC63D3E704040020072847D83D
:10526000F8B50C4607460E46224D56F8170F7168E2
:10527000B268F3680FC530692860B28AB37DAA802E
:10528000AB71BDB205F500500830EDF787FD08B9E8
:105290000120F8BD184F3E4620686168A268E368A7
:1052A0000FC620693060A28AA37DB280B37154F822
:1052B0002E1F6268A668E068C7F81710C7F81B20A1
:1052C000C7F81F60C7F8230021696269C7F8271073
:1052D000C7F82B20218BA27EA7F82F1087F831204A
:1052E00005F50050EDF75AFD80F00100C0B2D0E79F
:1052F0000320704718F5002038F400202DE9F7430B
:10530000244E336807461D7DF8B9DB7CAB4201D9DA
:105310000135EDB2204B1C684FF000084FF0010939
:10532000CCB9B9F1000F2AD0336820461D75326818
:10533000137D0BB9012F2BD0D27C9A4202D1002FC2
:1053400008BF432003B0BDE8F0830128E2D1002D5F
:10535000E0D0013DDDE7A2681379043B012B09D8B9
:10536000106811F007FC38B9D4F808808146A068AD
:1053700010F0DCFD2468D3E733681D75F7E701AB57
:105380000222082140468DF804700CF044FCCEE760
:105390004320D7E7600300200C040020FFFFFFFF3D
:1053A000FFFFFFFFFFFFFFFF000000000000000005
:1053B0000000000001000000FFFFFFFFFCFFFFFFF7
:1053C000FFFFFFFFFFFFFFFF0000000000000000E5
:1053D0000000000001000000FFFFFFFF4B60D2272C
:1053E0003E3CCE3BF6B053CCB0061D65BC869876ED
:1053F00055BDEBB3E7933AAAD835C65A96C298D8AA
:105400004539A1F4A033EB2D817D0377F240A463ED
:10541000E5E6BCF847422CE1F2D1176BF551BF37F6
:105420006840B6CBCE5E316B5733CE2B169E0F7CC9
:105430004AEBE78E9B7F1AFEE242E34F70B50468A9
:10544000D4F8EC00E66811F07BFF94F8E820002324
:10545000C4F8EC30AAB384F8E83084F8C0300FF018
:105460009BFA18B90421022002F0C8FE94F80E310C
:105470008BB194F80F2132BBD4F810311D6820464F
:10548000298801F035F994F80F3123B995F8A8105F
:1054900028880FF0A9FED4F8B4000CF0AFFDD4F8C2
:1054A000B0000CF0ABFD0C4B1A68944211D05A6856
:1054B000A24203D10122002143F82210304609F014
:1054C000F7FD002070BD4FF6FF71204601F010F986
:1054D000E1E70022EFE700BF48F700202DE9F041A7
:1054E00086B0244B0190CDE9021207460093EC20D0
:1054F00001230E46154650210222FBF7BBF9384620
:105500000FF0ECFA044670B3D0F8008098F8BE3182
:105510009B062AD50EF0C1FF60B1A8F81E62A8F85C
:105520002052204611F093F908B30024204606B01B
:10553000BDE8F081204604AB06220321ADF81070CF
:10554000ADF81260ADF814500CF065FB044600286D
:10555000EBD0094B0093019401230022FF21EC20A2
:10556000FBF788F9E2E70224F3E71A24F1E70724BE
:10557000EFE700BFCA260201E23E020110B50AF0C1
:1055800079FA254B1C6894F8C031DA070CD443F043
:10559000010384F8C03104F5C4740023C4E9003465
:1055A0000EF056FC204610BD980706D443F00203C7
:1055B00084F8C03104F5C874EFE7590706D443F006
:1055C000040384F8C03104F5CC74E6E71A0706D466
:1055D00043F0080384F8C03104F5D074DDE7D80641
:1055E00006D443F0100384F8C03104F5D474D4E732
:1055F000990606D443F0200384F8C03104F5D8742A
:10560000CBE75A0606D443F0400384F8C03104F5D2
:10561000DC74C2E70024C3E708040020F7B505687E
:10562000EC68064644B32B6E234F43F480532B663D
:10563000A388F3B9E2790ABB2B6E1A070AD50123B6
:1056400023716B46082239460120CDE9006406F03B
:1056500012F90EE043F400532B66B5F89830228916
:10566000DB4313441BB2002B03DC214628460FF01A
:10567000AEFF2468002CDBD103B0F0BD2389B5F860
:1056800098105B1A1BB2002BF3DC01239A422371A2
:105690000DD0182AEDD121462846FAF7E3FB28461B
:1056A000FFF78AFD2B6E43F400132B66C9E72146F2
:1056B000284608F0D5F8C4E7A004010170B5234BD3
:1056C000D3F81C31C3F3C3030BB1062B0CD1456ACD
:1056D0004DB11F4E002406222946304610F090F9A5
:1056E000B8B91C4B9C7070BD1B4B1B78342202FB5D
:1056F000030300219C6FA37803F03F031C4405348F
:105700002046F9F765FE01212046F9F761FE0546BE
:10571000DEE70134E4B2082C06F10C06DBD10D4BB8
:105720005A780C2101FB023001240471C0F80640B4
:105730002968C0F80A105A789A70072AA988C18186
:105740000CBF002201325A70CDE700BF0024014196
:10575000FEF20020F4F2002045040020002846D08C
:1057600038B50446426C914238BF1146C26A8A423B
:1057700002D0806C012800D038BDE162A069002809
:10578000A4BFC1F10501A16102EB8202184901EB3E
:10579000820261699142EFD1251D28460EF094FFE7
:1057A00038B914490B68E06A0122824023EA0203F7
:1057B0000B60E36A0F49086801229A4002430A60BD
:1057C0000B4A03EB830302EB83035B68A3609968D6
:1057D000E1604D609D60E06A8300191889005518EA
:1057E00065615158013103449B00D150C4E77047B3
:1057F00090F20020E8F7002013B50321846801A887
:1058000005F0CCFD9DF805309DF804201F48204987
:105810001B0243EA02439DF806201343B3FBF1F257
:1058200001FB1232B3FBF0F1B2FBF0F200FB1131DD
:10583000303242F210702270B1FBF0F1B3FBF0F2A3
:10584000303100FB12324FF47A706170B2FBF0F22B
:10585000B3FBF0F1303200FB11316420B1FBF0F109
:105860003031A270E170B3FBF0F20A2100FB12327A
:10587000B2FBF1F230322271B3FBF1F201FB1233D1
:1058800030330020637102B010BD00BFA08601005C
:1058900040420F0038B5234B1C6810F077FBA06422
:1058A000002839D0FFF76AFE002835D0A26C002509
:1058B0001560A26C41685160A26C0A604260A36CE2
:1058C000194A5A62A36C194A9A62A36CDD62A36CEE
:1058D0001D63A36C5D63A26C01235372A26CD5722D
:1058E000A26C1373A26C9573A26C5373A36C5D7757
:1058F000A36C1D72A36C9D64A26C38239361A26C8F
:105900005361A36C5D64A36C0C229A72A36C1B643C
:1059100011F038F9284638BDA06C08B111F010FD1F
:105920000720F8E76003002015B60001A953020123
:1059300070B505460E460468092100200FF032FAC2
:1059400000283FD0204B06731B681A68C0F80D2052
:105950005A68C0F81120092E2FD11A7894F8B61180
:105960000A4084F8BE215A7894F8B7110A4084F8A6
:10597000BF219A7894F8B8110A4084F8C021DA78E7
:1059800094F8B9110A4084F8C1211A7994F8BA112F
:105990000A4084F8C2215A7994F8BB110A4084F86D
:1059A000C3219A7994F8BC110A4084F8C421DB79A8
:1059B00094F8BD21134084F8C5310146284610F003
:1059C000D9FA012070BD00BF600300202DE9F84323
:1059D000224B1B78012B05460E4628D1204B1F6811
:1059E0004FF6FF797C1C07F2F5181DBB14F8010C6B
:1059F000A0F1FF03584258414E452BD0B4F8073070
:105A000008B1B34214D00A34A045EED115490B7841
:105A100003EB830207EB42021681A5B9FF20107049
:105A200001333220B3FBF0F200FB12330B70002085
:105A3000BDE8F8830622294620460FF0E1FFB0FAC0
:105A400080F04009D8E72868C2F80100A888A2F8C9
:105A50000500E5E70028D6D0EAE700BFCC03002028
:105A6000A0F8002005F900202DE9F34107468846FB
:105A700016460DF0AEFB0446002832D110F086FA2F
:105A80001A4D2860FFF77AFD00282AD02A681849A5
:105A90005162184991621849D16218491163391C41
:105AA00018BF01215177966140F20111012614605F
:105AB0009160918194645661C2F844809473126439
:105AC000426829684A6011602A68426011F05AF8F9
:105AD0000B4B0093019733460222D421EC20FAF7B6
:105AE000C9FE204602B0BDE8F08100BFDC03002003
:105AF00011E20001617302016DE80101E10B020195
:105B000062670201F0B5044685B0072011F0C0FBC2
:105B1000054600283FD0214E00F11003022103A8C2
:105B2000039311F03BFA336803A8197811F036FAA1
:105B3000336803A8597911F031FA336803A859780A
:105B400011F02CFA336803A8997811F027FAA36DA5
:105B500003A893F82C1011F021FAA36D03A893F871
:105B60002D10062711F01AFA009700232A46072164
:105B700020880CF07FFC064648B994F8553023B1D4
:105B80000B23A370304605B0F0BDA770FAE7284696
:105B900011F0A8FBF6E70226F4E700BF1804002086
:105BA0002DE9F8430546A420884691461E4611F08B
:105BB000A9FB044600283DD00127AF70A422002194
:105BC00010F0A8FD002020702B88A38084F80680A8
:105BD00084F80790B8F1000F1BD13268C4F809208F
:105BE0007268C4F80D20B268C4F81120F268C4F8D5
:105BF0001520AB6D3BB15B792BB92772288885F8EE
:105C0000567010F037FD2146A420BDE8F84311F08E
:105C1000B8BA95F85330022BF5D105F023FB0028D4
:105C2000F1D0436803F0F802034B134343600EF0D6
:105C3000E7F8E8E7BDE8F8830105020012292DE93D
:105C4000F34104460E4690461F462AD1838A0BB183
:105C500000238382052011F01BFB0546002839D064
:105C600000F11003012101A8019311F097F93146C9
:105C700001A811F093F9414601A811F095F93946B0
:105C800001A811F08BF920462A4605210FF081FC6E
:105C9000044610B1284611F025FB204602B0BDE8AD
:105CA000F08116290AD190F83930013BDBB280F837
:105CB0003930002BCED180F83830CBE71829C9D144
:105CC00090F83830032BC5D10EF0DAF9002384F8B0
:105CD0003830BFE70224E0E7F0B5244E0346006801
:105CE00030609A889B79B280A6F57764B371B4F876
:105CF0006C3F43F00203A4F86C3FD4F8683F5A00AD
:105D00008BB00F4630D5756AD4F8683FC5F302658D
:105D100065F31243C4F8683F2722314668460FF006
:105D20007DFE9DF8003007F0010767F3410327224D
:105D3000694630468DF800300FF070FED4F8683FA9
:105D400043F48013C4F8683FD4F8683FDB02FBD407
:105D5000074B1B68272202FB05330020DA7A67F322
:105D60004102DA720BB0F0BD0220FBE77033014153
:105D700020040020244B1B78342202FB030090F8FF
:105D80005C30EBBB214BD3F8242142F00042C3F836
:105D90002421D3F8242142F08042C3F82421D3F8EF
:105DA000242142F00052C3F82421D3F8242142F0E8
:105DB0008072C3F82421D3F8242142F08052C3F822
:105DC0002421D3F8242142F00062C3F82421D3F81F
:105DD000242142F08062C3F82421D3F8242142F028
:105DE0000072C3F82421D3F8242142F40002C3F83E
:105DF0002421D3F8242142F48002C3F824217047DF
:105E0000012BFCD1014BD6E74504002000240141C1
:105E1000244B1B78342202FB030393F85C206AB9FD
:105E2000037B002B3CD008231E210B4403F2971365
:105E3000B3F5D27F1AD24FF4D2731BE0012A2ED1D0
:105E400093F96E2090F822005B6F002AACBF1E21F0
:105E50004FF4967102284FEA430311D00328E4D08F
:105E600001280CD13D330B44472B02D9C3F30E0359
:105E700000E048230C4A118863F30E01118070473B
:105E800028330B442C2B84BF47F6FE721A40064B76
:105E9000198898BF2D2262F30E01198070470023E4
:105EA0001946C2E7450400206C38014170B504462C
:105EB0000D46B9B191F84D60032E08D091F84F30DE
:105EC0005A0704D4826E05F0FDFE002836D0237AEE
:105ED0003BBB2B7A012B10D1032E05D10021284684
:105EE0000BF0B4FE204670BDAB6A13B128460DF02E
:105EF000FAF92846FEF7FAF9F4E72B7F002BEDD1EB
:105F0000A27AAB7A9A42E7D8204602F015FFA36A3C
:105F100013B120460DF0E7F92046FEF7E7F92C46CD
:105F2000E0E7A36C13B90023A373F8E7637F002BAA
:105F3000F9D094F85030DB07F5D4E5E7023E012EA6
:105F400098BF2C46CEE7FEE721498B68214AA2FB89
:105F50000302D20802EB8202A3EB4202012303FAFE
:105F600002F293B209781C4A32F8312013421B4ADC
:105F70004FF0800014BF50639063174A02EBC102D8
:105F800052881342154A4FF0010114BF91635163C7
:105F90000F4A1178104A02EBC102928813420F4A4D
:105FA0004FF0080114BF91635163094A11780A4AFE
:105FB00002EBC102D2881342084B4FF0200214BFFB
:105FC0009A635A63024A936801339360704700BF33
:105FD000D0F50020CDCCCCCC2C5C0201002B0044B1
:105FE0002DE9F041C37A046E012B0E46154605D10A
:105FF000C36B1F49E41AF61A0C400E4009F03AFD33
:106000001C4B1B68D3F8B0820DF022FFAD08B8F12D
:10601000000F01D1BDE8F08109F02CFDD8F8007027
:106020000DF016FFD8F80800837B012B1ED1036EFC
:106030009C421BD10269631CC2F3080202EB43229B
:1060400003669B1B40F27121C3F316034B43B0F868
:1060500070100261C5EB530301F271229A4205D818
:10606000C0F88400591A7830F7F708FEB846CEE732
:10607000FFFF7F000804002010B5044609F0FAFC79
:10608000224B1B6803F5C472944209D193F8C021D6
:1060900022F0010283F8C021BDE810400DF0D8BE07
:1060A00003F5C872944204D193F8C02122F0020291
:1060B000F0E703F5CC72944204D193F8C02122F0AA
:1060C0000402E7E703F5D072944204D193F8C021AB
:1060D00022F00802DEE703F5D472944204D193F86B
:1060E000C02122F01002D5E703F5D872944204D102
:1060F00093F8C02122F02002CCE703F5DC72944231
:10610000CAD193F8C02122F04002C3E7080400205E
:10611000072870B545D8234D041D2B6853F824601B
:10612000002E3ED096F846301BB106F15400FAF727
:10613000E9F8B37C1D2B03D106F16C00FAF7E2F805
:106140002B6853F82430D86808B111F0DDF82B68BB
:1061500053F82430186C08B111F0D6F82B6853F8B6
:1061600024004C300FF0CBFF68B12B6853F82400AB
:106170004C3010F057FC064628B1406811F0C4F8C6
:10618000304611F0C1F82B6853F824000DF078FF69
:106190002B6853F8240011F0B7F82B68002243F85D
:1061A000242070BD1C040020F8B5272201460646B5
:1061B00020480FF033FC0FF0A7F81F4BD3F8682FDF
:1061C00060F31242C3F8682FD3F8682F42F48012AC
:1061D0000546C3F8682F00BFD3F8682FC2F30052FA
:1061E000002AF9D1012493F8681FAC40E4B221439E
:1061F00083F8681F06F1170306F1270113F8010B56
:1062000010B98B42FAD101220C4F3B682B44304627
:10621000DA7009F083FD27220B2012FB0505386890
:10622000314628440FF0FAFB3B681A7814431C707F
:10623000F8BD00BF7033014100240141200400205B
:1062400037B5214C23788342054627D0022828D130
:106250001E4B1B884FF67F7119401F200BF020FB4F
:106260000DF107010DF106000FF0A0FD184B9DF890
:1062700006101B8801F0E80123F0E8031943082009
:106280000BF00EFB134B9DF807101B8801F0030168
:1062900023F00303194351200BF002FB257003B0D8
:1062A00030BD022B01D0FF2BF8D1094B19880820F3
:1062B00041F0E8010BF0F4FA064B198821F00301D4
:1062C00041F00201E7E700BF340400203804002059
:1062D000360400203204002070B5D0F8A0100E7BE8
:1062E000182E044634D80122204BB24013407BB311
:1062F000182EC56802D1B1F80F304BB36B793BB3A0
:1063000010F076FEB4F84C20B4F89830052802F16D
:1063100001028BBF02EBC20202EB420203EB42031B
:1063200003EB82039BB2012E2B8118D08EB1182E65
:106330000CD1D4F8A010A4F86A32A1F80F3094F967
:106340008022002A02DA0733A4F8893200236B7115
:1063500070BDD4F8A010A4F84432CB82F6E7D4F88C
:10636000A010A4F81C324B82F0E700BF030000012C
:10637000244BD3F8242142F40012C3F82421D3F88B
:10638000242142F48012C3F82421D3F8242142F4BA
:106390000022C3F82421D3F8242142F48022C3F838
:1063A0002421D3F8242142F40032C3F82421D3F865
:1063B000242142F48032C3F82421D3F8282142F466
:1063C0000072C3F82821D3F8282142F48072C3F860
:1063D0002821D3F8282142F08002C3F82821D3F8DD
:1063E000282142F04002C3F82821D3F8282142F0A6
:1063F0002002C3F82821D3F8282142F01002C3F864
:10640000282170470024014137B5224D2B681A7AA4
:10641000013A1A725A78272A29461DD900245C703D
:106420002A68D3790133DBB2D37192799A4213D8B7
:10643000012002F041FD2B68DC715C725C71164B2F
:106440002146186810F07AFF23462246134901209E
:1064500005F011FA03B030BD0B685A79022AF9D160
:10646000597A0029F6D1B3F8CA201AB10846F7F7CD
:10647000CFFEEFE71B7A002BECD1012002F01CFDD0
:106480004FF48073ADF80430034B01A9186810F085
:1064900055FFDFE74C0400205404002000070101F1
:1064A00008B5204B1B6B13F4806F35D01E4B0522B3
:1064B0001A701E4B5B6813F0040F12D01A4B0422A3
:1064C0001A70184B4FF0FF325A63184B00221A60B3
:1064D0001A605A605A600CF071F9154B186001206F
:1064E00008BD124B5B6813F4807F03D00E4B012272
:1064F0001A70E6E70D4B5B6813F0080F03D00A4BE8
:1065000002221A70DDE7094B5B6813F0100FD8D038
:10651000054B03221A70D4E70020034B1870044B7C
:106520001860DDE7000A0044F6F800200010014280
:10653000B4F700202DE9F0411E4C1F4F1F4EDFF82D
:10654000848005E010F041FE0AF088F9042826D87E
:106550002368BBB10EF078FDFB68DD68281D0EF0E6
:10656000B3F83368013B33602368013B23600FF0CD
:10657000F1FE286B07F0EAFA284607F0E7FA2368ED
:10658000002BE7D10E4B1B68012BDBD94FF080535A
:10659000C8F80030BFF34F8FBFF36F8FD2E710F012
:1065A000D9F90AF05BF9042801D9F1F7D9FEF4F71B
:1065B00027F9CDE7DCF7002050F60020D8F70020BF
:1065C00090F2002004ED00E02DE9F347984690F8A2
:1065D0004630BDF8287005468A469146002B37D1D3
:1065E000FC1DA4B2204610F053FE064690B300F105
:1065F0001003062101A8019310F0D0FC514601A818
:1066000010F0D2FC494601A810F0CEFC414601A88A
:1066100010F0CAFC3A460B9901A80FF077FF21460B
:10662000324628460EF0B5FF044668B90623A5F8A1
:106630005E0085F84630084905F15400F7F71EFB67
:10664000204602B0BDE8F087304610F04BFEF7E779
:106650000724F5E70224F3E7A064D101F0B585B083
:106660000C460CF0F3FB054600283AD0C3789B0794
:1066700039D490F8467087BB032010F009FE064617
:1066800068B300F11003022103A8039310F086FC05
:10669000F72C214628BFF721172938BF172103A857
:1066A00010F082FC04232888009332463B460321E5
:1066B0000BF0E0FE044660B90223A5F85E0085F801
:1066C00046300A4905F15400F7F7D8FA204605B0DC
:1066D000F0BD304610F006FEF8E70724F6E7022486
:1066E000F4E70324F2E70124F0E700BFA064D1013E
:1066F00010B592B090F802318DF8042000228DF888
:10670000082090F8F5208DF809200246ADF8061013
:1067100052F8F61FCDF80A109288ADF80E2022220A
:1067200002FB030341F20A04196EB3F86420ADF8CA
:106730002020ADF80040079193F86B30C3F342136B
:106740008DF82230034653F8FC2FCDF816209B8895
:10675000ADF81A30037E012B08D800230493ADF85E
:10676000143068460BF034FD12B010BD90F8423082
:10677000012BF2D1034653F8430F04909B88ADF8E8
:106780001430EEE770B5046894F8AC31132B05466D
:106790002ED007D8112B10D02846002104F09AFEE5
:1067A000012016E0213B012BF6D80022A4F8A821F5
:1067B00094F8B3110DF012FEEEE794F8643083B94B
:1067C00094F8B3111A2905D10121F8F76BF90028C3
:1067D000E2D170BD94F8C631DA07DDD508F002F9D0
:1067E000DAE794F8C631DB07D6D594F8B311F5E7AC
:1067F00001210DF0A5FB10F03CF8002106462846CB
:106800000DF09EFB10F035F894F8B3310246314696
:1068100028460AF08BF9BFE77FB5204B1B681D683F
:106820001F4B00930446012302226221EC20FAF759
:1068300021F820460CF0EAF9064620BBA388039312
:106840006388029323780193164B0093022201235D
:10685000EC206321FAF70EF8A379AB73E379EB73BD
:1068600063886B82A288AA82934204BF03336B823F
:1068700023786B7401202874237AAB7510F0EAF842
:10688000304604B070BD084B0190009300220123F4
:10689000FF21EC20F9F7EEFFF2E700BFD003002064
:1068A000B2060201C2060201E2060201234B1A6887
:1068B0006FF31F721A601A6812286FF31B621A6056
:1068C0001A461CD002D8112804D07047213802285B
:1068D00024D9704712290CD002D8112903D070474F
:1068E000213902290AD81368162161F3174313606E
:1068F00070471A68172161F317421A60704712290E
:1069000009D002D8112903D0704721390229F5D8BE
:1069100013681A21E9E71A681B21ECE7122909D04C
:1069200002D8112903D0704721390229E6D813680B
:106930001321DAE71A681621DDE700BF6834014148
:1069400038B51D4C237813F0010532D143F0010313
:1069500004202370FBF752FCE06010B9072528469D
:1069600038BD0420FBF74AFC20610028F6D00A203D
:10697000FBF744FC60610028F0D0E3680F4A1D700B
:10698000E3685D70E3689D70E368DD701268E3683A
:106990009B1A0B4A11689BB263F30F01116006202A
:1069A000084910F091FB084A084B1360084A13602D
:1069B000D5E70025D3E700BFE8F50020000400205C
:1069C00080340141E56B0201A4FA00209B730201AF
:1069D000A8FA0020F0B50468236EDB0585B00546F3
:1069E0000E46174610D501F0C5FB02F00BFE09F06C
:1069F00041F8236E23F4807323660DF029FA0021F9
:106A0000D4F8780110F09AFC812E12D0822E14D086
:106A1000802E06D109F02EF8402384F865300DF061
:106A200017FAD4F8783163B128460EF095FF05B017
:106A3000F0BD09F01FF84123EFE709F01BF84223EE
:106A4000EBE703953FB1009703AB04220549012012
:106A500006F065FCEBE703AB04220249012004F0D9
:106A60000AFFE4E71404010190F8E53010B56BB9B2
:106A7000037A002B3DD008231E210B4403F2971309
:106A8000B3F5D27F1BD24FF4D2731CE0012B2FD170
:106A900090F91E3190F80941002BD0F82831ACBF95
:106AA0001E214FF49671022C4FEA430311D0032CA0
:106AB000E3D0012C1BD13D330B44472B02D9C3F348
:106AC0000E0300E048230C4A118863F30E01118085
:106AD0000DE028330B442C2B84BF47F6FE721A407E
:106AE000054B198898BF2D2262F30E01198010BD45
:106AF00000231946C1E700BF6C38014100283ED091
:106B000038B50446C36B002B3BD0006CA0FB0323BD
:106B10000BB1002036E00D460EF096FA2268216C8B
:106B2000E36B03FB01F3D018A0600020A063626058
:106B30005B1A1344E360FF2384F8443084F8453043
:106B4000A5B923691BB90FF005FC01201AE004F177
:106B50001000FAF719FD0028F5D00B4B4FF08052CA
:106B60001A60BFF34F8FBFF36F8FECE704F1100093
:106B70000FF0A4FA04F124000FF0A0FAE3E70020DC
:106B80007047002038BD00BF04ED00E02DE9FF474D
:106B90008A46164699460CF0DFFC054620B90125C9
:106BA000284604B0BDE8F0871FFA86F808F106070A
:106BB000384610F06DFB04460028F0D000F11003B9
:106BC000012103A8039310F0E9F9A97903A810F0B3
:106BD000E5F908F1020103A810F0E6F9514603A80F
:106BE00010F0E2F926B13246494603980EF016FF3E
:106BF0002888224639460CF0BEFA05460028CFD038
:106C0000204610F081FB044B009300220423512105
:106C1000EE20F9F72FFEC3E7705A020138B5184984
:106C2000184C02200FF09EF8174B184A1A60236880
:106C3000254633B9302010F065FB206048B90220AA
:106C40001CE0002420460134E4B20DF0DFFD082CE6
:106C5000F8D13022002128680FF05CFD0C480CF0C0
:106C6000C5F80C4B0C4A1B685A600C4A5A612B68D9
:106C70000B4A5A600B4A9A600B4ADA6038BD00BF73
:106C8000F56302010803002020F7002014720201BE
:106C9000B1EB000118030020C5330101E1630201DB
:106CA000F5690201E1720201E94702012DE9F347AA
:106CB00090F8463005460C46002B39D191F80480F7
:106CC000B1F800A0B1F8029008F10507384610F0BD
:106CD000DFFA064670B300F11003082101A8019302
:106CE00010F05CF9514601A810F05EF9494601A880
:106CF00010F05AF9611D424601A80FF007FC324618
:106D0000394628460EF045FC044668B90823A5F824
:106D10005E0085F84630084905F15400F6F7AEFFED
:106D2000204602B0BDE8F087304610F0DBFAF7E706
:106D30000724F5E70224F3E7A064D10138B51D4C20
:106D40000EF038FD236813F0040FA4F5D15412D0CF
:106D5000194B1A8842F001021A801A68D507FCD430
:106D6000164B174A1B6812689B1A012B03D9BDE802
:106D700038400DF0B7BD134D01232B70124B5968ED
:106D800041F400015960596AC906FCD50DF0AAFD0D
:106D900040F277100AF06CFC0EF00CFD2B78002B03
:106DA000E5D0238E43F080032386074B1A6AD20373
:106DB000FCD5DCE7203E0141143E0141083E014183
:106DC00064F80020FCF80020004001412DE9F0416A
:106DD0001C4B1A689846002A32D01B4E346814B9EE
:106DE0000020BDE8F081FF20FBF708FA054650B906
:106DF000164B1C68002CF3D10122154915481A6066
:106E0000F6F73CFFECE7627B2169284608F054F86E
:106E1000D8F80070627B217DE08A2B46B8470E4B84
:106E20001F685FB920460EF0BFF93468002CEAD124
:106E300028460BF0E3F8002FDAD1D1E70127F7E776
:106E40000220CEE784F80020700300207CF80020A8
:106E5000A08601007803002080F800207FB5204B39
:106E6000019005460093022201235821EC20F9F7F6
:106E700001FD28460DF032FE044670B306680DF0A1
:106E80000CFB0146A8B196F8C6311B070AD503AB27
:106E9000042214490394032004F0EDFC002420464E
:106EA00004B070BD20460FF077F90028F6D1072412
:106EB00009E0204603AB0222ADF80C500AF0ABFE0D
:106EC00004460028EAD0084B0093019401230022D5
:106ED000FF21EC20F9F7CEFCE1E70224F3E700BF45
:106EE000E44F020108060101E23E020110B5036809
:106EF00051F8012FC3F8B6214A68C3F8BA211E4AD7
:106F000093F8B601126893F8BB411178014083F8F9
:106F1000BE11517893F8B701014083F8BF11917801
:106F200093F8B801014083F8C011D17893F8B90102
:106F3000014083F8C111117993F8BA01014083F837
:106F4000C2115079204083F8C301907993F8BC4175
:106F5000204083F8C401D27993F8BD0111F0060FE7
:106F600002EA000283F8C5211EBF93F8802242F096
:106F7000800283F8802210BD6003002030B585B008
:106F800099B10B7A91F84F000392CDE9013110F0DD
:106F9000040429D00FF0C6FF01AB0C22194908B335
:106FA000012004F068FC05B030BD174B1C682318A5
:106FB00093F89432002BF6D0682300FB034303F5CB
:106FC000E6730B2453F8345005B1A968B1B14D7A7A
:106FD000012D13D191F84F300392CDE9010113F047
:106FE0000404D6E70320DCE70FF09CFF01AB0C2282
:106FF0000E2108B12046D4E70220D2E7013CA51CAF
:10700000E0D1D0E70E01000108040020F0B50646EB
:1070100085B002200F4610F03BF90546C8B91E4B5B
:1070200000930224024601940423C721EE20F9F7BD
:1070300021FC06F15C00F9F765F9304600233A4679
:107040000121FEF7ADFD0023204686F8533005B040
:10705000F0BD00F11003052103A803930FF09EFF7C
:10706000394603A80FF09AFF062300932A4600230F
:10707000022130880BF0FEF904460028D9D0064BD7
:107080000190009300220423C721EE20F9F7F2FBC0
:10709000284610F027F9CCE71A4D02017FB50546C6
:1070A000072010F0F5F8044600283AD01E4E00F1F3
:1070B0001003012103A803930FF070FF336803A8A6
:1070C00019780FF06BFF336803A859790FF066FF4A
:1070D000336803A859780FF061FF336803A89978E3
:1070E0000FF05CFFAB6D03A893F82C100FF056FF68
:1070F000AB6D03A893F82D100FF050FF06230093FB
:1071000022460023072128880BF0B4F9064620B94F
:107110000423AB70304604B070BD204610F0E2F896
:10712000F8E70226F6E700BF1804002090F8E530E3
:10713000EBBB214BD3F8242142F00042C3F82421B9
:10714000D3F8242142F08042C3F82421D3F824212B
:1071500042F00052C3F82421D3F8242142F0807277
:10716000C3F82421D3F8242142F08052C3F824210B
:10717000D3F8242142F00062C3F82421D3F824215B
:1071800042F08062C3F82421D3F8242142F0007237
:10719000C3F82421D3F8242142F40002C3F82421A7
:1071A000D3F8242142F48002C3F824217047012B34
:1071B000FCD1014BD6E700BF0024014173B5056C3B
:1071C0001F4B06460DF1020201A928461C780FF05C
:1071D00039FD1C4BD3F800216FF31C72C3F800215A
:1071E000BDF80210D3F8082161F30F02C3F808219B
:1071F0009DF80410D3F8282161F31742C3F8282121
:10720000342202FB046494F85C2092B9D3F8002184
:1072100042F40042C3F8002128460EF0B5F830B120
:10722000094A137843F00203137000F0B7FC02B070
:1072300070BD012AF0D1D3F8002142F48042E9E781
:1072400045040020002401414404002070B5054697
:107250000DF0FAFE95F8454064B2002C19DD05F1F9
:10726000240608E06B6AA3B13046FAF78DF968B9D5
:10727000013C64B26CB1AB6C002BF3D0284605F036
:107280008FFD0028F4D00FF0F9FDF1E70FF0F6FDC7
:10729000EEE7FF2385F845300FF05CF80DF0D4FEE3
:1072A00095F8444064B2002C11DD2B697BB105F1E7
:1072B000100606E00FF0E2FD013C64B23CB12B6920
:1072C0002BB13046FAF760F90028F5D0F2E7FF233A
:1072D00085F844300FF03EF870BD2A2B10B584B00D
:1072E00000221B4901200BF021FA01200FF00AFBBC
:1072F0000022184902200BF019FA02200FF002FBBD
:10730000154B009303AB01226421144807F0F0FFF2
:10731000134B586000229A6048B104460FF0A2FD5A
:107320000023009302460121204607F065F817214B
:107330000C48FAF7BDF800BF0FF0FCFA0028FBD0AC
:10734000074B00221A700DF02DF904B010BD00BFDC
:1073500031110201F9100201495F010124340201D7
:10736000D0F500203834020130B4841FA4B240F6B6
:107370007A45AC4228D88C1FA4B2AC4227D8B2F5CB
:10738000FA7F26D2A3F10A04A4B240F67645AC42B5
:1073900021D8884221D8541C14FB01F46400A4B203
:1073A000B4EBC30F1BD8124B1B685C8C844218D300
:1073B000188C884217D8D98C914216D3988C904259
:1073C0008CBF0020012000E0002030BC704700206E
:1073D000FBE70020F9E70020F7E70020F5E70020B1
:1073E000F3E70020F1E70020EFE70020EDE700BF22
:1073F00080F7002070B586B00446204B1D68027BE4
:10740000D300981805EB8000A67AC16B01EBC6018A
:1074100048686060134405EB830393F8402002EB57
:107420004202520000210FF075F9236800221A6011
:107430005A600123ADF800304FF6FF73ADF802300B
:10744000237BD900CA1805EB820292F830208DF810
:107450000420194405EB810120310DF105000EF0E7
:10746000DDFA6946208909F0B3FF072801D006B08C
:1074700070BD236806225A71F9E700BF88F7002023
:10748000F8B5EFF311864FF0200383F31188BFF3B3
:107490006F8FBFF34F8F836BC26B9A4228D90F4611
:1074A000044690F845506DB201338363B5F1FF3F58
:1074B00014D1836C33B105F073FCE8B1F7B101204E
:1074C000386016E0436A0BB9012012E02430FAF765
:1074D0005BF8A8B1B7B1012038600AE00FF0C8FC32
:1074E000854211D201356DB284F84550012000E08B
:1074F000002086F31188F8BD0120FAE70120F8E7A3
:107500000120F6E70120F4E70120F2E700283BD054
:1075100070B50446826C013A8264C06A616C88422C
:1075200034D00AB1002070BD251D28460DF0CCF8DE
:1075300038B917490B68E06A0122824023EA020346
:107540000B60636CE362C3F10502A26110490E682F
:10755000012000FA03F232430A600E4A03EB830370
:1075600002EB83035B68A3609968E1604D609D60F6
:10757000E56AAB00591989005618666151580144F3
:107580002B449B00D150CEE7002070470020CAE773
:10759000E8F7002090F20020F0B5214C236819781C
:1075A00085B0002937D1C568067A7DB16A881A8608
:1075B000684610222F1D0FF0ADF81022394668469C
:1075C0000EF01EFA10B138460EF0E4FBB6B12B787F
:1075D0009A1E012A21D86888421EB2F5E16F1CD29A
:1075E000022B01D108F0A8FD23682A7883F8212016
:1075F0002368002083F8336005B0F0BD2068213097
:107600000FF040FE206890F82130012BF0D122309D
:1076100009F0A2FFECE70520EEE70320ECE700BF4E
:10762000040300202DE9F84F9946204B0A9F1B6860
:107630001D688846164604464FF6FF7A0DB92C465B
:1076400030E0AA89A2420ED942450BD92D68F5E750
:10765000102E1CE05445F9D001340BF11003A4B2F4
:107660003B6008E01446EB89A342EFD36B68A21A93
:1076700003EB02123A60EB89A342E7D34445E5D815
:10768000D7F800B09BF80E305B07E1D4022EE1D1B1
:1076900032464946DBF800000EF0B2F90028D9D195
:1076A0000B9B1D602046BDE8F88F00BF140300202F
:1076B00030B51F4A1368002B31D059680B1A48BFE8
:1076C00001F18053516848BF1B1A39B349680C1A3D
:1076D00044BF01F180510C1A1B1B002BD4BF0023A7
:1076E0000123144852F82310134D02462B7052F810
:1076F0001449C9B113684D6813F0040F12D024F077
:1077000070439D4209D013886FF3820313804B6846
:107710000360138843F00403138030BD012383F01A
:107720000103DEE70560F4E7138861F38203F3E702
:1077300040F70020343E014102F90020036870B494
:10774000002B3FD0E9B901241A6A12685C72D97221
:10775000998192F8C6505D771C72D2F8C8509D612D
:10776000D2F8CC505D6192F8C7509D721B64D2F87C
:10777000DC20C3E911211B68002BE5D170BC0FF0A0
:1077800001BA0129FAD14FF0807600241A6A1268F2
:107790005972D2F8D4501D61C3F80B6092F8C650EC
:1077A0005D771C72D2F8C8509D61D2F8CC505D61F3
:1077B00092F8C7209A72C3E910449C641B68002B9E
:1077C000E4D1DBE770BC70477FB5204B01900646E3
:1077D0000093022201234D21EC20F9F74BF83046AB
:1077E0000DF07CF9054670B3036893F86420012A14
:1077F00019D193F8BE3113F0080F14BF00241A24D6
:1078000028460CF04AFE80B128460CF00DFEA8B9BF
:1078100007240F4B0093019401230022FF21EC2049
:10782000F9F728F80CE00024EAE7022203AB11463E
:107830002846ADF80C600AF0EEF90446002CE8D1B9
:10784000204604B070BD0224E3E700BFE049020116
:10785000E23E020170B5046894F995327F2B92B034
:107860003BD00426012500BF94F892321D422ED051
:1078700028460EF0A5FE221894F9953282F874324B
:1078800094F8931282F87C1294F8802292071ED505
:1078900041F22102ADF8002000228DF80420228858
:1078A0008DF80A3094F89332ADF806200122104486
:1078B000C3F301038DF809008DF80B30684694F886
:1078C00094328DF808208DF80C300AF081FC013ECE
:1078D0006D0016F0FF06EDB2C6D1012012B070BDEA
:1078E000F0B51E4B1B6885B01E681D4B0190054608
:1078F000009302220123EC200F466421F8F7BAFF1F
:10790000284606F08BFA044658B9B5B93046FCF75C
:10791000AFFF044608B90BF07FFF01200FF09AF883
:1079200044B1104B0093019401230022FF21EC206D
:10793000F8F7A0FF204605B0F0BD04224A2302A9B3
:107940003046CDE90223F5F7ABFA04460028E4D12E
:10795000054B5F7004F064FCDFE700BFD00300203C
:10796000A65A0201E2060201CC03002070B5214BA9
:107970000568D3F81C31C3F3C303DAB2072A85F8CC
:10798000143132D1D5F8B460B41C00212046F7F789
:107990001FFD20B30378DB0621D504212046F7F72D
:1079A00017FD00B30388A5F81E31837885F82031D0
:1079B00081784909012914D002290CBF022400242E
:1079C000013103200EF070FFB37803F0C003402BA9
:1079D00005D1214628460CF0F3FB85F80241002032
:1079E00070BD0C46ECE70446EEE7002385F8023153
:1079F000F5E700BF0024014137B5204B1B68D3F8E1
:107A0000AC5004460DF1020201A928460FF01AF904
:107A10001B4BD3F800216FF31C72C3F80021BDF893
:107A20000210D3F8082161F30F02C3F808219DF872
:107A30000410D3F8282161F31742C3F8282194F8E1
:107A4000E5209AB9D3F8002142F40042C3F800219E
:107A500028460DF089FC38B194F8E43043F0020375
:107A600084F8E43000F09AF803B030BD012AEFD179
:107A7000D3F8002142F48042E8E700BF3C04002034
:107A80000024014130B5204B204C1A78342303FBED
:107A90000203054693F85C1021BB93F85E00D4F80E
:107AA0001C11D4F81C410128C1F3C301C4F34104E3
:107AB00006D193F88700012802D191B1062910D090
:107AC000342000FB025240F20113B2F85E109942DA
:107AD00018D192F88730022B14D1022C14BF002049
:107AE000012030BDB3F85E10D4F81C0140F2011241
:107AF0009142C0F3410005D193F88730012B01D1A9
:107B00000228EBE70020ECE74504002000240141B7
:107B100070B5D8200FF0F6FB1C4D1D4928600820D9
:107B20000FF0D2FA08F028FD2E682822002106F175
:107B30000B0000240EF0EEFD0021942206F134002B
:107B40000EF0E8FD34704FF0FF321F23C6E93423F6
:107B50002B685C702B6825229A702B6802F21B122E
:107B6000A3F8C8202022DC705C71DA80094B1C600D
:107B70000FF0CCF92B68084A1C81C0F1470018713E
:107B80001268C2F340329A72204670BD4C04002045
:107B9000AD5B0201480400203838014138B51F4C64
:107BA0001F4D236843F0C06323602368032043F024
:107BB000006323600AF026FDD5F8003143F400533A
:107BC000C5F80031D5F800319B04FBD42368154D6E
:107BD0006FF3DB63032023600AF014FD23686FF367
:107BE0005A6323602B6813F0606F00D138BD23689F
:107BF000032043F0006323600AF004FD23680320A0
:107C00006FF3DB6323600AF0FDFC23682268C3F393
:107C10004163013363F35A622260E3E70C3A0141A6
:107C200000240141203A014108B5194B9847194BEE
:107C30009847EFF3108172B6174AD2F8883043F4B0
:107C40007003C2F88830BFF34F8FBFF36F8F01B955
:107C500062B6124A936823F0010393601346DA6810
:107C600012F0010FFBD10D4B24225A6001229A60C1
:107C700009F012FF0A4B23F07F03074A9360094B78
:107C80009847094B9847094B98470FF032F8FEE7A1
:107C9000416E020193FB000100ED00E00020004175
:107CA00000020001D5CA010193FB000193FB000112
:107CB00038B505460C46ECF71FFFE8F7D9FF054B32
:107CC00005481D80054B0C221C801421BDE838405E
:107CD0000DF0D0BFB8F5002030F80020BAF5002034
:107CE00030B5044685B00D46AC4201D905B030BD73
:107CF00069462046EBF7A0F8D8B1BDF8021041B9AB
:107D00004FF0200383F31188BFF36F8FBFF34F8FC2
:107D1000FEE700222046E9F75DF810F0FD0F08D0DD
:107D20004FF0200383F31188BFF36F8FBFF34F8FA2
:107D3000FEE70134A4B2D7E72DE9F7431F4690F8D8
:107D400046300546894690469BBB7C1DA4B2204622
:107D50000FF09EFA064670B300F11003102101A83F
:107D600001930FF01BF9494601A80FF01DF9414698
:107D700001A80FF019F93A460A9901A80EF0C6FBBE
:107D80002146324628460DF004FC044668B910230B
:107D9000A5F85E0085F84630084905F15400F5F76E
:107DA0006DFF204603B0BDE8F08330460FF09AFA2D
:107DB000F7E70724F5E70224F3E700BFA064D10149
:107DC000F7B51D4F3B681E78EEB91C4C0CF054FD06
:107DD00020682021253003F0E1FA4020FAF70EFA5E
:107DE000054630B3236883F824603B6801221A708B
:107DF00023689861FDF74EFD044628B13B6828468C
:107E00001E700AF0FBF80C240D4B00930222012394
:107E10003321EC20F8F72EFD44B10A4B0093019476
:107E200001230022FD21EC20F8F724FD204603B0B9
:107E3000F0BD0724E8E700BF5C03002060030020DA
:107E4000F0680201B83E020173B5054600230DF14A
:107E5000020101A8ADF802300BF062FDEB7A012BB4
:107E600017D1019AEB6BBDF802101A442B8F0B440B
:107E70009BB240F2E1418B42C2F31602019285BFF0
:107E8000A3F2E2430132ADF80230ADF8023088BF10
:107E90000192B5F87030BDF802000C4E03EB900073
:107EA0000BF0D0FC019C044434402C660021284691
:107EB000FBF7F8FF2B7B20443040286603B94002D3
:107EC00001232861AB7302B070BD00BFFFFF7F00CC
:107ED00038B51D4C2368254633B94FF410700FF0A8
:107EE00011FA206060B938BD00242B6804F18802C3
:107EF00053F8220008B10FF007FA0134082CF4D12E
:107F00004FF41072002128680EF004FC2C680F4911
:107F10000F4A04F5BC7304F5CE7500BF43F8041B8B
:107F20009D42C3F88020F9D14822002104F5DA707F
:107F30000EF0F0FB0023C4F89C316B60AB60054B86
:107F4000C4F874310120CEE7040300204573020118
:107F5000D37102010369020100B51F4B024600689C
:107F600018609088927998809A7133F8040C40F0E8
:107F7000020023F8040C53F8080CC0F380708BB097
:107F8000D0B1586AC0F30260087053F8081C60F35F
:107F9000124143F8081C2722194668460DF03EFDA1
:107FA000002300BF0DEB0302D07940B90133102B41
:107FB000F8D10BB05DF804FBFF230B70F9E7074A1B
:107FC0001268272101FB0323D87AC0F3400080F018
:107FD0000100C0B2EDE700BF703301412004002072
:107FE00038B5204C056806F059F801F00BFB20234A
:107FF0002B7504F5A3539A896FF3CF329A81B5F8A4
:108000007C1095F866000AF065F9D5F8783193F898
:10801000AC1004F5B0537F201A8961F307021A816E
:1080200004F5B15306211A6861F313421A601A6805
:1080300061F317521A6004F5B052116960F30F0131
:108040001161116960F31F4111611A8942F0010247
:108050001A811A6842F010021A601A6842F002028D
:108060001A6038BD0024014173B5054600890FF040
:1080700035F9002835D02889EC680AF0E7FE054676
:1080800088B323888088023383422ED8EB7C082B68
:108090002BD10FF0FDF8064608B300F110030921BB
:1080A00001A801930EF07AFFA17801A80EF076FFE7
:1080B0002146019831F8032B0FF02CF92188023169
:1080C000324689B228460DF064FA044618B9E874BD
:1080D000204602B070BD30460FF004F9F8E70224E4
:1080E000F6E70424F4E70324F2E70124F0E70000B4
:1080F0000100020101000100050106010200080162
:10810000010001000B010C010D010E010100010035
:108110000300030013010100010001000100180128
:1081200001001A010100010001000100010001002D
:108130000100010001000100010001000100010037
:108140000100010001000100010001002F010100F8
:108150000100010001000100010001000100010017
:108160000100010001003C013D010100010001008E
:108170000100420170B500200CF090FB0646012082
:108180000CF08CFB054602200CF088FB4FF6FF71CB
:10819000044600200AF062FC4FF6FF7101200AF04D
:1081A0005DFC4FF6FF7102200AF058FC31460020BA
:1081B0000CF086FB294601200CF082FB21460220B0
:1081C0000CF07EFB002210460D2108F055FC002229
:1081D00010460C2108F050FC002210460B2108F03C
:1081E0004BFC002210460E2108F046FC0022042120
:1081F0000120BDE8704008F03FBC0200022838B5FD
:108200000D4619D0032828D0012814D11A4C236810
:1082100093F802314BB90DF0E9FA20681749B0F82C
:108220000031E8305943F5F729FD236893F802112E
:10823000294383F8021138BD0F4B186890F80211DA
:108240000029F8D021EA050180F802110029F2D1B5
:10825000E830BDE83840F8F755B8074B186890F893
:108260000231002BE7D0B0F800310449E83059431F
:10827000BDE83840F5F702BD5C03002040420F0026
:10828000F0B58BB0074607924B7906930B790593AF
:10829000CB7804938B7803934B7802930B780193FC
:1082A000164B00930C4601232C21EC20164602228B
:1082B000F8F7E0FA2146384601F0FEFE054690B98F
:1082C0009DF8203067F300038DF820302368CDF847
:1082D00021303146A388ADF8253008A8FDF7FCFC15
:1082E00028460BB0F0BD064B0190009300220123FD
:1082F000FF21EC20F8F7BEFAF2E700BFB00E020152
:10830000B54F020137B50D4614460CF0E7FBC0B976
:10831000FF232B7023700224194B009302220123A8
:108320003721EC20F8F7A6FA44B1164B00930194DC
:1083300001230022FD21EC20F8F79CFA204603B02F
:1083400030BD026892F86730122B11D002D3213B66
:10835000022B0FD901232B7092F86630122B0BD011
:1083600002D3213B022B09D9012323700024D3E738
:108370000223F0E70323EEE70223F6E70323F4E703
:10838000D46C0201D44F020113B503880193044653
:108390001C4B0093EC20012302224E21F8F76AFACD
:1083A00020880CF09BFB30B303686288A3F82E2270
:1083B000A288A3F83022E288A3F832222289A3F807
:1083C00034226289A3F83622A289A3F8382293F8CE
:1083D000AE31112B11D10EF0E9F880B907240A4B08
:1083E0000093019401230022FF21EC20F8F742FAC8
:1083F000204602B010BD0224F1E70C24EFE7002470
:10840000F6E700BF044A0201E23E0201F8B5044665
:108410000F461646F8F794FE0228054627D1237921
:10842000042B19D02379052B25D03378022B01BFDB
:108430002268D2F8843123F00103C2F88431317804
:1084400020460CF0D1FC2046002103F043F8012126
:10845000204603F03FF80CE00B4B1B68002BE4D0E8
:1084600032463946204698470228DBD00546012D82
:10847000DBD12846F8BD054B1B68002BD5D0324612
:10848000394620469847F1E794F8002098F80020F4
:10849000F8B5036893F8644005460E468CBB93F824
:1084A000AC21A2F12107012F18D8B3F8AC2140F27A
:1084B00021118A4203D001F201318A4208D10322FC
:1084C000002083F8B02183F8B16183F8AE01F8BDD4
:1084D0003D2128460EF0A0F90020F8E793F8AE31D0
:1084E00002EA0306F40613D59A420CBF23222A227D
:1084F00006F09DFA0028EAD00121284602F0EAFFA2
:10850000EAE7012C04D193F8AE31213B012BDFD9EE
:108510000120DCE70368002939D04A0715D5B3F8F4
:108520009E01B3F8A011820102F5747292B29142D9
:108530002BD2A1F57470C0F387101A282AD9B3F88A
:108540009E31984227D9D8B27047C8070DD5B3F8E5
:108550009E01B3F8A011C200703292B2914214D2BF
:10856000A1F17000C0F3C700E7E78A0712D5B3F89E
:108570009E01B3F8A01182003C3292B2914204D223
:10858000A1F13C00C0F38700D7E7C0B2D5E793F86C
:108590009E0170471B207047F0B593B0144641F21E
:1085A0000B02ADF80020A2F60A72ADF80420C279E1
:1085B0000E46342101FB0233054693F881200AB3AD
:1085C00093F8857038460DF0B9F940F002008DF847
:1085D00006000DF10701384606F0D6F83378C3F3EC
:1085E000C0138DF80D3054F8063FCDF80E30A38837
:1085F000ADF8123068462B788DF8143009F0E8FD9C
:1086000013B0F0BD3378C3F380138DF806302368C0
:10861000CDF80730A388ADF80B30DFE738B54FF061
:1086200088431C4C1B6C1C4D1C4903F44053B3F590
:10863000005F23680CBF40F6722240F21C42A3F890
:1086400020232B684FF496621A812268C2F8221305
:108650004FF4A0725A810DF0BDFC2B68C0F30710D7
:108660001A89B2FBF0F21A812268B2F82213B1FB28
:10867000F0F1A2F82213B2F82413B1FBF0F1A2F842
:1086800024135A89B2FBF0F01A895881A8321A8152
:1086900038BD00BF08040020040400209001400100
:1086A00090F85520836D30B51C4C42B12268527948
:1086B00012B993F8E52032B103225A7029E02268FA
:1086C0005279002AF5D193F8E620510705D42268A3
:1086D0005278520701D40122EFE72468C578104A86
:1086E00093F8E41024786DB901EB81010A44125D1E
:1086F0005A7090F85520836D62B15A78062A06D1D7
:108700000422DAE704EB84042244525CF0E7052AF1
:10871000F6D030BD5A7822F00402CEE718040020CB
:10872000F95B0201F8B5064600200CF0B7F80546E3
:1087300001200CF0B3F8074602200CF0AFF8044615
:10874000CEB10EF087FA0EF08DFA0EF093FA0EF01D
:1087500099FA45F4005189B200200CF0B1F839467D
:1087600001200CF0ADF844F4E06189B20220BDE8CC
:10877000F8400CF0A5B84FF6FF7130460AF06EF9DC
:108780004FF6FF7101200AF069F94FF6FF710220E0
:108790000AF064F9294630460CF092F83946012077
:1087A0000CF08EF82146E1E7F8B5064600200CF003
:1087B00075F8054601200CF071F8074602200CF010
:1087C0006DF80446CEB10EF065FA0EF06BFA0EF0BD
:1087D00071FA0EF077FA45F4005189B200200CF0DE
:1087E0006FF8394601200CF06BF844F4E06189B26F
:1087F0000220BDE8F8400CF063B84FF6FF71304638
:108800000AF02CF94FF6FF7101200AF027F94FF614
:10881000FF7102200AF022F9294630460CF050F888
:10882000394601200CF04CF82146E1E72DE9FF47DD
:108830001D460C9B13F0010906468A46144601D1D9
:1088400095420BD82246514630460BF0E1FCA5423A
:1088500004D82546284604B0BDE8F0872F1B102F0A
:108860003A464FF0200128BF10226846B8460DF066
:1088700051FF00BFB8F10F0F11D83B096FF00F0285
:1088800002FB0372694630460BF0C2FCB9F1000FDF
:10889000E0D12246514630460BF0BAFCDAE710220E
:1088A000694630460BF0B4FCA8F11008E2E700BFBF
:1088B00030B585B0043205460C4603920AF04CFEF2
:1088C00038B10C2C07D000231A4619462846FEF76B
:1088D0005DF905B030BDC378012BF4D003A901A820
:1088E0000DF018FC03A90DF106000DF013FC03A90F
:1088F00002A80DF00FFC03A90DF10A000DF00AFC0F
:1089000020460EF0FFFC01460028E2D00023037051
:10891000BDF804308380BDF80630C380BDF8083050
:108920000381BDF80A304381458020460EF0E8FB04
:10893000CFE730B5044687B000890EF0CFFC0028A1
:1089400036D02089E5680AF081FA044660B32879B8
:108950000EF0D8FC206448B3F52384F844302B880B
:10896000A3876B88E3872A7984F84520691D0DF079
:1089700055F82B88ADF800306B88ADF8023042F620
:10898000030102230DF105008DF804300EF0BEFC4A
:1089900069462046FEF78AF9054610B120460DF0DB
:1089A000D5F9284607B030BD0325FAE70225F8E7D8
:1089B0000425F6E7F8B50446008A0EF08FFC00287F
:1089C00035D0208AA568A77CE6680AF03FFA0446FD
:1089D00078B39DB196B12B7843726B788372C7726E
:1089E000BA003146C0680DF019F8637ADB0705D587
:1089F0004FF6FF720121207803F072FE012304F18B
:108A00004C05237228460DF07AFB78B128460EF00B
:108A100009F8054642680189204600F08DF868682B
:108A20000EF072FC28460EF06FFC0020F8BD04200A
:108A3000FCE70320FAE7010010B5C2B00C46103085
:108A40003AAB3EA910F8012D03F8012B8B42F9D166
:108A50003AA9684606F010FE10B1002042B010BDE1
:108A600000233E933F9340938DF8043163798DF852
:108A7000053123798DF80631E3788DF807313EAB67
:108A80003AAA1021684605F063FF90B9A3788DF8E3
:108A9000F83063788DF8F93023788DF8FA300322B6
:108AA0003EA90DF1F5000CF0ABFFB0FA80F04009E3
:108AB000D4E70020D2E700BF70B5C56800890AF08E
:108AC00003FF0446A0B3866D96B390F855207ABB99
:108AD00025B90821BDE87040FEF798BA2B68C6F8A2
:108AE0006F306B68C6F87330AB68C6F87730EB68E8
:108AF000C6F87B30836D01219970C378816D53B9BD
:108B00006F31F1F7EDFFA16D01F5D8712046BDE899
:108B1000704003F03BB9CB7863B1CA70836D9A7033
:108B2000816D6F31F1F7DCFFA16D01F5B871EDE7F3
:108B3000012070BD1846FCE72DE9F04190F808804F
:108B400006460D461746B8F1000F1CD1184B1B689E
:108B50009B89DB0717D50C200EF0D4FB044628B305
:108B600028460EF0CFFB606000B33946C4F80080A1
:108B700025812A460CF052FF214606F14C00BDE843
:108B8000F0410DF091BC39780A4A002312F8330005
:108B9000884208D102EBC30329463A4630465B6857
:108BA000BDE8F041184701330C2BEFD1BDE8F0814F
:108BB00014030020A0C00101F8B5079C07469DF8EA
:108BC000180092B91B4E601E3D4620EAE074224612
:108BD000302128460DF09EFD314628190EF07AFA14
:108BE0003846BDE8F8400DF025BA00B30A2B1ED177
:108BF000002A1CDA3D462D2005F8010B5242601E6A
:108C000001396E18002131700CB10028DDDDB2FB96
:108C1000F3FC03FB1C21092988BF07313031934243
:108C200006F8011D00F1FF30CFD86246ECE7204680
:108C30003D46E5E70550020137B51B4D01462B685F
:108C40000C689C6003F1080009790171D3E90221E5
:108C5000164C246801F01F01D960C4E93421DC6C92
:108C60000CB1A04704462868036DDBB10830984773
:108C7000044314F0FF040E4B009318BF0C2401238F
:108C800002221F21EC20F7F7F5FD44B1094B0093B8
:108C9000019401230022FD21EC20F7F7EBFD204693
:108CA00003B030BD1846E3E7600300204C04002009
:108CB000A03E0201B83E020170B5056895F8644017
:108CC00006461CBB95F8AC31222B33D195F8AD315B
:108CD000042B2FD10B210CF02FFC044678B1304629
:108CE00002F07EF8044660B195F8C831012223F005
:108CF000030385F8AD2185F8C83185F8A921204600
:108D000070BD014630680DF0EDFEF8E7012C11D181
:108D100095F8AE31222BF2D195F8AF31042BEED17C
:108D2000022385F8AF3195F8C8316FF3000385F859
:108D3000C831E4E70124E2E7F8B51E4E027A817AF1
:108D4000336805460D2000FB021203EBC203D3F883
:108D5000C44104B306F08EFE27680BF079F8A368CF
:108D60009D4225D106F086FED4E90031ABB15960B1
:108D7000D4E900231A602A7A3368134493F89422C2
:108D8000013A83F89422002385F84D300BF060F807
:108D9000204607F061FF0020F8BD2A7AA87A3368E0
:108DA0000D2707FB020203EBC203C3F8C811DFE77C
:108DB0003C46CEE70804002090F8682090F8673021
:108DC0006AB9222B1BD1232380F86730194B1A88EC
:108DD00042F003021A801A886FF3041221E0012A7C
:108DE0000DD1232B0BD1222380F86730114B1A8829
:108DF00042F003021A801A8842F0100211E0122B8E
:108E000012D004D8112B4FF0010006D07047222B4E
:108E1000ECD0232BDAD001207047064B1A8860F380
:108E200001021A8000207047024B1A88022161F368
:108E30000102F6E7C034014138B51E4B1D682C68AD
:108E400094F8640078B9236E190608D50CF00CFA72
:108E5000A06720460AF0BAF8B0FA80F04009237DF6
:108E60009A0622D438BD012809D1237D13F01E0FA4
:108E7000F8D0D4F87801037F0BB90EF01BFA236EFB
:108E80005B0602D520460DF021FD94F86430012BDD
:108E90000ED1226E12F0400F08BF402323752846E2
:108EA0002521BDE838400DF0ADB80028DAD1E6E75D
:108EB0004023F3E71404002010B51B4A136823F481
:108EC00000731B041B0C138004460022092101209F
:108ED00007F0D2FD00220521022007F0CDFD00227F
:108EE0000421022007F0C8FD7CB900BF0CF0CCF9CA
:108EF0006FF4E173C3189BB2942BF7D9A0F213401F
:108F000080B29428F2D900F07DFB07F015FB074BE7
:108F100000221A60064B1B68997A064B1A6861F3A7
:108F20004D321A6010BD00BF243F014148040020AB
:108F30004C0400203838014173B5C37A012B054633
:108F40000C4616460DF1020101A82FD10AF0E8FCEB
:108F50000199EB6B2A8F1944BDF8023013449BB280
:108F600040F2E1429342C1F31601019185BFA3F2A1
:108F7000E2430131ADF80230ADF8023088BF019113
:108F8000019BA34205D1BDF8022040F29B439A42C7
:108F900002D96FF49C731E4440F271239E4208D89C
:108FA0002846FCF70DF8012002B070BD0AF0B8FCAD
:108FB000E6E70020F8E7012A1B4B1C4A1A604FF62F
:108FC000A0029A814FF440325A601A46D369002BAE
:108FD000FCD1154A136843F002031360D369002BD8
:108FE000FCD1134B00221A629A62DA6283F83420B1
:108FF00083F83C209A63DA871A609A60DA601A75FF
:109000001A779A61084B5B6803F00703012B084B42
:1090100014BF802240221A631A61034B80229A7582
:1090200004229A75704700BF000C004004011040F4
:10903000F8F3002070B505460C460CF005F8194B06
:109040001A68194B1B6893F851304BB1164B1B68CB
:10905000002283F8512001240DF07CF9204670BDD8
:109060002368B3F1FF3F1AD06968104800682E6882
:10907000864205D0914203D8002323600124EBE708
:10908000501A834203D8002323600124E4E79B1A8B
:109090000B44236028460CF04DFE0024DCE700243E
:1090A000DAE700BF00F80020CCF70020F4F700203A
:1090B000F8B50C4616461F46054608B3022A2DD8B9
:1090C00001292BD8012108460AF030FA3FB1144B90
:1090D00014491868794300F5E670F4F7CFFD21468E
:1090E000284606F083FC044640B90F4B1E700C4B1B
:1090F0001A6813785DB143F0020313702046F8BD7F
:10910000074B186800F5E670F7F7FCF8E7E723F07F
:109110000203137001210AF009FAEFE70324EDE7D7
:1091200004030020A0860100F9F800202DE9F34196
:109130000E4616210746154609F0CEF9804680BB3B
:1091400007F15400F7F7DEF84FF482700EF0DAF80A
:10915000044630B34FF4827241460DF0DBFA072328
:1091600023703B88A380B7F848302381053E17233E
:10917000A37101A904F10800A681013501950CF045
:10918000C9FF01A904F10A000CF0C4FFA28922B1B1
:10919000019904F10E000CF041FC042120460AF074
:1091A00083FF02B0BDE8F08173B5044601916846C3
:1091B0000D4601A90CF0AEFF01A90DF102000CF063
:1091C000A9FFBDF80230019A062B1AD8DFE803F098
:1091D0000B040B190D111500114B1B681B68BDF812
:1091E00000102046984702B070BD0D4B1B689B686D
:1091F000F5E70B4B1B685B68F1E7094B1B68DB6805
:10920000EDE7074E336829465B69204698470128F9
:10921000E9D0336829461B6920469847E3E700BF39
:109220001803002010B5164A1378D90726D443F046
:1092300001031370134B1B221A80134B02F22D12E1
:109240001A800CF037FE0446B0B9104B01461822C4
:1092500018460DF05FFA82680D4B02F0F8010D4AD6
:109260001C600A4382600C4904200DF0E5FE09F001
:10927000B5FC0A480DF0FEFB204610BD0024FBE7BC
:1092800003F90020EEF80020F0F800207803002019
:109290007CF8002001016104ED7D00012D490201EF
:1092A0007FB506460D460BF019FC50B3036893F9E1
:1092B0008022002A27DA93F89E22910725D565F3AC
:1092C000000283F89E2215B3D2B242F0300283F836
:1092D0009E2200240F4B0093CDE901650123022259
:1092E0005621EC20F7F7C6FA44B10B4B00930194DA
:1092F00001230022FD21EC20F7F7BCFA204604B040
:1093000070BD0224E6E71A24E4E70C24E2E72C46C9
:10931000E0E700BF9C210201BA3302010239006874
:10932000212916D8DFE801F0291A151A16151A1581
:109330001A2511151A1A15151A151A151A1A151AA9
:109340001515151A15151515151A90F8AC31022BAF
:1093500004D0704790F86430002BFAD190F8C631F1
:109360000C4943F0040380F8C63100F52970F4F786
:1093700085BC90F86430012BEAE790F8C63143F0E1
:10938000040380F8C631B0F84E3042F210715943F0
:10939000EBE700BF005A620210B502680C788878CB
:1093A000CB78497886B0B9B9CDE90203137C019333
:1093B000154B0093022201236521EC20F7F75AFA9E
:1093C000124B0093022301941A468321EC20F7F7F5
:1093D00051FA002006B010BD3421CDE9030301FB92
:1093E000032368339A7902F03F0202921B7A5B09E9
:1093F00001330193064B0093022201236621EC20E6
:10940000F7F738FADCE700BF28E201016AE2010160
:1094100047E2010138B50D46044606F02BFB012D4D
:109420001A4D2A6892F8293321D1012B13D0217AC1
:1094300092F8B83292F8B92289B9216CA1420ED1C2
:10944000C97A134489B9012B01DD02F019FF2B6899
:10945000012283F82923BDE838400AF0F9BCA16C49
:10946000134411B9216CA142EDD0022BECE7002B83
:10947000F1D092F8B83292F8B9221344012B01DCF2
:10948000FFF7CCF82B680022E3E700BF08040020B8
:1094900038B51D4B1A68536843F4006353600023CA
:1094A0000B70836D0446ABB101230B70002363770F
:1094B000A364A373236384F84D30A4F84E3024646E
:1094C000204601F0C3F994F84F3043F0040384F8C8
:1094D0004F3038BD456D45B195F84D30012B2C46C8
:1094E000E4D12846FFF728FCE0E7D0F8A830002BAD
:1094F000EFD00146B42218460CF090FA60658465FE
:10950000A56545650446D1E70404002030B4C4785D
:1095100082780346FCB9092A14D1856D0A68C5F81A
:10952000802105F5C0744A6862608A68A260CA68D2
:10953000E26090F8552052B190F85320022A03D1EE
:1095400008229A7030BC704730BCF4F7E1B9184675
:1095500030BCEDF703B8072AF4D1856D0A68C5F869
:10956000C02105F5E0744A6862608A68A260CA6832
:10957000E26090F85520002AE9D090F85320022AA2
:10958000DED030BCF5F722BD012970B506460D4688
:1095900003D9FF2923D000202CE0084605F0CEF89F
:1095A0000728F8D803B203EB4302134B03EB420343
:1095B00032681A60B2889A80294600F07FFA052244
:1095C000092313FB00230D4A3168134400EBC00448
:1095D00019601444B1889980257101200AE0084B74
:1095E0009B78DB07F9D4084605F0A8F807288CBF5C
:1095F0000020012070BD00BF003301411000002099
:10960000ACF8002038B51B4B1B4C1B681B4D13F0EE
:10961000100F1AD0236823F073032360236843F0EC
:109620000C032360032008F0EDFF2B6823F0730385
:109630002B602B6843F00C032B60052008F0E2FF41
:109640000520BDE8384008F0DDBF2B6823F0730328
:109650002B602B6843F00C032B60032008F0D2FF33
:10966000236823F073032360236843F00C03236013
:10967000E3E700BF283A0141283A0141203A01417D
:10968000842910B523D00CDC812903D0822913D082
:1096900080290BD119680C1D1C600B6803601A60CF
:1096A00013E0902921D003DC882917D0002010BDB9
:1096B000A029EFD0C029ECE719680C1D1C600B68CD
:1096C0000360D1171046C3E900010120EFE71968D4
:1096D0000C1D1C600B6803601A80F6E719680C1DEE
:1096E0001C600B6803601A70EFE719680C1D1C60A2
:1096F00009680160D317C1E90023E6E700B5C3B0EC
:10970000194B1B7823B1012B12D043B05DF804FB39
:109710000DF05FFB154B1B8813F0020F05D0FDF712
:10972000DDFD114B01221A70EFE70CF0D3FAF6E7DA
:109730004FF0FF3201A90E480DF026F80028E4D0C2
:109740009DF804302BB1012B08D001A8F2F7CEFA16
:10975000DBE70DF1050004F0DDFDD6E70DF10500B6
:10976000F5F725FAD1E700BFC8020020000001424A
:10977000CC020020F0B5074685B041200DF0C2FDB7
:10978000054678B30646002306F8013B164C2368CD
:1097900098681021403001F001FE236840223946CC
:1097A00098680CF03BF923682022996830460CF049
:1097B00035F926682022B16805F121000CF02EF958
:1097C000B0686B46412229464030EEF721FA284620
:1097D0000DF09AFD23689B68012283F850206846AB
:1097E00004F094FB05B0F0BD180400200500000053
:1097F000080001000C000200100005001300060024
:109800003000070057001F0086001E0001100800EE
:1098100002100A00031009000410110005100B00CB
:1098200006100C0007100D0008100E0009100F00A4
:109830000A1013000B1016000C1012000D1010006F
:109840000E1017000F1018001010190011101A0038
:1098500012101B00131015001410140020101D000E
:1098600021101C0013B504460DF04CF918B3236801
:109870008361A37A037523681B681B88C3826368AE
:109880000361637A4373227A037B134323F0040357
:1098900043F0020303730E4A00230360516808601B
:1098A00050600C4A436054688460011D2160184672
:1098B000516002B010BD0724074B0093EC200194C7
:1098C000012302224121F6F7D5FF2046F1E700BF30
:1098D0007003002064030020DE54020130B51B4BEE
:1098E0001C6885B005465CB3A0680379042B2BD1B6
:1098F0000AF0D3FDB0B1A3682A681B68C3F816222A
:109900002A7983F81A22A0680CF046FEE0B90724F1
:109910000F4B0093019401230022FF21EC20F6F766
:10992000A9FF0EE02B7928688DF80C30029002AB6D
:10993000A0680522092108F06EF904460028E7D145
:109940000024204605B030BD2468CCE70C0400207C
:10995000EC3A020108B54FF49671012000F020FCAA
:10996000174B186048B3026800239060137382F8A5
:109970002F30136582F82C3002F15C0102F59670ED
:109980000B7081F8243081F82D3081F82E3081F869
:109990002F300B6334318142F2D14FF48033C2F85F
:1099A0000E30084BC2F812300123002082F82E300E
:1099B00005490DF04DFB002008BD0720FCE700BF66
:1099C000D003002013001000C12D010110B40C467B
:1099D0000E2834D8DFE800F0080D33333333333347
:1099E000331A1E2327152C0008465DF8044BF3F7A5
:1099F000FDBE20460023D1E901125DF8044BF5F7C6
:109A0000E7BB08465DF8044B0DF051BC5DF8044B14
:109A100005F006BB08685DF8044B09F06FB95DF806
:109A2000044B05F021BB08685DF8044B09F07EB9D2
:109A300020785DF8044BD1E90112ECF7BDB85DF870
:109A4000044B704770B50378054613B1012B11D054
:109A500070BD194E3368DB68002BF9D0447824B907
:109A6000023098473368DC60F2E72046BDE870407A
:109A700006F082BC022009F03DFF044688B16E78F2
:109A8000B6B9806D2022A91C2F300BF0C7FFA37838
:109A900084F85360082B04D1E37820462BB9F3F700
:109AA00037FFBDE8704006F0F5B8F5F78FFAF8E734
:109AB000304606F061FCF4E71804002007280CD8B3
:109AC000DFE800F0040C12181E242A30184BD3F8DB
:109AD000642F61F31042C3F8642F7047144BD3F81E
:109AE000642F61F35142F6E7114BD3F8642F61F311
:109AF0009242F0E70E4BD3F8642F61F3D342EAE7CA
:109B00000B4BD3F8642F61F31452E4E7084BD3F8FE
:109B1000642F61F35552DEE7054BD3F8642F61F3F0
:109B20009652D8E7024BD3F8642F61F3D752D2E7AD
:109B30000024014107280BD8DFE800F0040B1117BF
:109B40001D23292F184BD3F8643FC3F300430B7038
:109B50007047154BD3F8643FC3F34043F7E7124B0C
:109B6000D3F8643FC3F38043F1E70F4BD3F8643F6E
:109B7000C3F3C043EBE70C4BD3F8643FC3F300538C
:109B8000E5E7094BD3F8643FC3F34053DFE7064BE7
:109B9000D3F8643FC3F38053D9E7034BD3F8643F52
:109BA000C3F3C053D3E700BF0024014138B590F898
:109BB00023201B4D044662B30AF0A8FC2B4694F800
:109BC000C91153F8602F61F307021A601A6894F8FC
:109BD000CA1161F30F221A601A6894F8CB1161F36D
:109BE00017421A601A6894F8CC1161F31F621A6068
:109BF0002B4694F8CD1153F8642F61F307021A60D5
:109C00002B6843F000732B6094F82A000430C0B234
:109C100038BD2B6862F359632B6090F82A00F7E790
:109C2000303401411B4BD3F80021962161F31742D8
:109C3000C3F80021D3F80021022161F31962C3F8AF
:109C40000021428B818B9142D3F800210CBF42F05E
:109C500080626FF39A62C3F80021027AAAB1D3F846
:109C600000216FF30002C3F800210B4B1A6842F485
:109C700080421A6090F8E720012A1A680CBF42F06F
:109C800080026FF3C7121A607047D3F8002142F0C8
:109C90000102E8E7002401415434014130B51C4B76
:109CA00041781A6861F30C221A601A68017861F32E
:109CB00005021A601A6819466FF34D3241F8042BF9
:109CC0001A46058952F85C4F65F30F041460D0F80A
:109CD00002400C601946857951F8084F65F3040479
:109CE0000C6019686FF3C7111960196841F04001E1
:109CF000196019684C06FCD419684900FCD5126833
:109D0000C2F30542C2721B68C3F30563837230BDA0
:109D10005434014170B504461646856B026C5AB93D
:109D200003681BB100200135A56370BD8068FDF795
:109D3000EDFB0023A360F6E76EB940680BF06EFE02
:109D40006368226C13446360A268934219D323684A
:109D500063603046E7E7C0680BF060FE226C524259
:109D6000E3681344E36021688B4202D2A3681A447B
:109D7000E260022E01D00020D5E725B1013D002090
:109D8000D1E73046CFE70020CDE7A62A00B583B063
:109D9000144B0193002300934FF48072124913482F
:109DA000EDF756FC012804D0114B1B6803B05DF899
:109DB00004FB06F021F90128F6D14FF0200383F3CC
:109DC0001188BFF36F8FBFF34F8F0A4B4FF0FF32F5
:109DD0001A60094B01221A60084B00221A6004F035
:109DE0006FFFE1E7ECF70020D47102013565010156
:109DF000A0FA0020F0F70020FCF7002000F8002077
:109E000038B5E9F7BEF80446E8F796FDF4B948B965
:109E10000DF02FFA044608F0D1FC0146204601F06F
:109E200055FA38BD01200BF031FF0546012008F03E
:109E300019F90446294601200CF02AF9002CE7D034
:109E4000012C13D10120E8F793FD0FE001200BF066
:109E50001DFF0546012008F005F9044629460120AA
:109E60000CF016F9002CD3D0E9F794F8002008F094
:109E7000F9F8CDE77FB50689B6F5706F30D2C468C2
:109E800021888B1F9BB240F67A40834228D8628893
:109E9000931F9BB2834223D8914221D8A388B3F564
:109EA000FA7F1DD2E3880A3B9BB240F6764293428A
:109EB00016D8304608F09AFC054688B1837C8BB9E9
:109EC000ADF800602368CDF802306368CDF8063045
:109ED000684607F0B5FA08B90123AB7404B070BD49
:109EE0000320FBE70120F9E770B5867A012E31D80F
:109EF000008909F0E9FC054670B3816D61B34B78C8
:109F00005B0729D526B10C21BDE87040FDF77EB86E
:109F1000C3782BB901F5E871BDE8704002F08FBE3F
:109F20000C79A4B10E71816D01F5C87102F087FE44
:109F3000044640B9AB6D0246A03301462846FBF704
:109F40002FFE204670BD334632460121F6E701233D
:109F50008B70F6E70324F4E70124F2E7F7B590F8F5
:109F6000463005460F46144663BB05200DF090F9B8
:109F7000064648B3042100F110030DEB01000193E4
:109F80000DF00CF8394601A80DF00EF8214601A895
:109F90000DF00AF83246052128460BF0FAFA04467D
:109FA00060B90423A5F85E0085F84630074905F13D
:109FB0005400F3F763FE204603B0F0BD30460DF0C9
:109FC00091F9F8E70724F6E70224F4E7A064D10149
:109FD0002DE9F04387B004AD914698460E460746FA
:109FE000039502F0D9FB0446014603A8ADF80870BA
:109FF0008DF80A600CF0D2FF394603A80CF0D4FFAC
:10A00000314603A80CF0CAFF99F8001003A80CF021
:10A01000C5FF98F8001003A80CF0C0FF02AB009336
:10A0200001950423062242F2760140F2011009F064
:10A0300001FB034B33F8140007B0BDE8F08300BF09
:10A04000EE80010130B5194D02682B68C3F8E0209D
:10A050008288A3F8E420012289B083F8E620D3F8AF
:10A060001C310446984718B12B68D3F8183198472B
:10A0700000231A460E49022001F0FDFB6379069386
:10A0800023790593E3780493A37803936378029389
:10A0900023780193074B0093022201231A21EC201D
:10A0A000F6F7E8FB002009B030BD00BF5C030020DC
:10A0B00001070100EC2A02017FB5002306460D4688
:10A0C0008DF807300CF0DCFF90B99DF8083066F38E
:10A0D00000038DF808302B68CDF809300DF1070129
:10A0E000AB88ADF80D3002A803F038FF04B070BDA6
:10A0F0000D4C2368D3F82031984708B10C20F5E7C0
:10A100002368D3F8243198470028F7D12368D3F87F
:10A11000283198470028F1D12368D3F82C3198478B
:10A120000028D2D0EAE700BF5C030020F8B51B4E40
:10A13000037A32685533044652F8337047BB08F04F
:10A1400025FE0546846005F095FC2F60227A336871
:10A1500003EBC202D2F8AC226A60227A03EBC2039C
:10A16000D3F8AC321D60227A336803EBC202C2F826
:10A17000AC52227A134493F8B822013283F8B82201
:10A1800009F066FE20460121FFF744F90020F8BDE2
:10A19000BB689C42F6D03F68D0E700BF08040020AF
:10A1A000F8B5064608200F460DF0ACF80446C0B1DD
:10A1B000002545600560067138460DF0A3F8206063
:10A1C00078B129463A460CF0A5FA0C200DF09AF821
:10A1D000054660B920680DF097F8204604F068FF46
:10A1E00003E0204604F064FF00252846F8BD043E45
:10A1F000012E846002D8204606F04CFD00232B601F
:10A20000034B5A686A6015605D602546EDE700BF44
:10A210000C04002010B5C288012A10D014B214B169
:10A22000022A2AD010BD008909F04EFB0028F9D07F
:10A23000234622460221BDE81040FBF7B1BC0220B4
:10A2400009F058FB0F4B1B68DA6804465AB10AF054
:10A2500015FA0028E6D0002CE4D020460821BDE8FD
:10A260001040FCF7D3BE0028DCD0806DD978EB30ED
:10A270000DF032F80028D5D0EFE7BDE8104005F02A
:10A2800009BD00BF1804002038B5194D2B6833B93B
:10A2900030200DF037F8286048B9002038BD002480
:10A2A00020460134E4B2FBF733FF082CF8D1114CFF
:10A2B0002368ABB13022002128680CF02BFA102261
:10A2C000002120680CF026FA22680B490023136055
:10A2D000226853602A680120C2E90113D360DDE7D8
:10A2E00010200DF00FF820600028E3D1D5E700BF63
:10A2F0001C040020140300207F73020138B51A4D9E
:10A3000000242B681B78E340DB07E1B227D501204E
:10A31000F6F794FB2868154A062303FB0403D2F8DA
:10A32000A41F83F84311D2F8A41FC1F3072183F8B7
:10A330004411D2F8A41FC1F3074183F84511D2F8A4
:10A34000A41FC1F3076183F84611D2F8A81F83F850
:10A350004711D2F8A82FC2F3072283F8482101340D
:10A36000082CCED138BD00BF2004002000240141BC
:10A3700010B500681A4C90F8E530FBB907F01CFBEB
:10A38000D4F80C31D4F808219BB263F31F42C4F80F
:10A390000821D4F81031D4F810211B0C63F30F02FC
:10A3A000C4F81021D4F81C311A0210D5D4F8243185
:10A3B00043F48023C4F82431002010BD90F8E43029
:10A3C00043F0020380F8E430FDF7E8FBEAE7D4F855
:10A3D0001C31DB01F0D5D4F8243143F40023E9E744
:10A3E00000240141F7B500EB81060546B36993F8F7
:10A3F00004311446A3B901AA6946608908F056FAE7
:10A4000070B1009AA3899789B069BB4201D907232B
:10A4100004E0E289D118B94209DD0D2380F8043146
:10A4200095F83B30013385F83B3003B0F0BDB3F510
:10A43000807FECD8B1F5807FEFDC0433616818448D
:10A440000BF0ECFAA189E389B2690B4451888B4285
:10A45000C8BF5380E4E738B5837C1D2B04461CD16C
:10A46000002383744FF482700CF04CFF054648B112
:10A47000142303702388838006F0BEF80421284645
:10A4800009F012FE04F16C00F5F73CFF4FF4827006
:10A490000CF038FF054608B9208238BD0C23037044
:10A4A00023888380238AC380122B08D10023238230
:10A4B00006F0A2F82846BDE838400CF025BF04217C
:10A4C000BDE8384009F0F0BDF8B50C461F46064619
:10A4D00015460AF0B9FE40F6C4139C421BD003F2A5
:10A4E000E2439C4219D040F2E2418C420CBF04216D
:10A4F0000021B5F5AB7F1CD011D8A5F1FA035A4263
:10A500005A41B38A052F01EB830108BF01F1FF31E6
:10A51000891A0844F8BD0821EBE70C21E9E7B5F5F5
:10A52000517F08D040F2E66295420CBF062200221D
:10A53000E7E70222E5E70322E3E7002A10B51A4B1A
:10A540001B68047BE200111903EB8101896B224433
:10A5500003EB820393F840201AB30B681B7913F0C6
:10A56000010F0CD10B46013AD2B201EB82018B42B2
:10A5700015D053F8042F127912F0010FF7D00446CA
:10A5800003685A881988008905F042F9072801D024
:10A59000012005E0236804225A71012000E0002018
:10A5A00010BD0020FCE700BF88F70020194BDA68D7
:10A5B00022F4E0621204120C42F0BF6242F4003254
:10A5C000DA60BFF35F8F62B6E02183F82310124A8E
:10A5D00082F800130120106082F80113022010603D
:10A5E00082F803130820106082F80C134FF4805196
:10A5F00011605A6A42F480225A625A6942F010028B
:10A600005A615A6A42F400325A625A6A42F48032FB
:10A610005A62704700ED00E000E100E030B50589C6
:10A62000B5F5706F85B02DD2C46821888B1F9BB2A1
:10A6300040F67A40834225D86288931F9BB28342BA
:10A6400020D891421ED8A388B3F5FA7F1AD2E388A6
:10A650000A3B9BB240F67642934213D8284608F054
:10A66000C5F878B1084BCDF80A30ADF80050236832
:10A67000CDF802306368CDF80630684605F01CFD61
:10A6800005B030BD0320FBE710002000F7B50446FD
:10A6900000890CF023FE78B32689304608F05CFF71
:10A6A000074628B3162064890CF02CFE054608B333
:10A6B00000F11003132101A801930CF06FFCB9798C
:10A6C00001A80CF06BFC022101A80CF06DFC2146E6
:10A6D00001A80CF069FC2A460621304608F04BFD23
:10A6E000044610B128460CF00FFE204603B0F0BD22
:10A6F0000124FAE70224F8E70424F6E738B50089D4
:10A7000009F0E2F8044668B38378022B2AD1FBF7FC
:10A71000F9F9054670B9204601F042FEA26D537862
:10A72000022B15D1104B1B681B78022B04D120463D
:10A7300004F0E2FC284638BD042B07D192F8E4303F
:10A74000022B2046F4D10AF0B5FBF3E72046FAE7E6
:10A75000032BEFD194F85530002BEBD120460AF0B3
:10A76000BAFBE7E70325E5E718040020052937B51C
:10A770000446154630D15430F5F7C4FD013501A922
:10A78000684601950CF0D1FA01A90DF102000BF019
:10A79000C1FC01A90DF101000CF0C7FA9DF80010F1
:10A7A000204607F099FE0546B0B94FF482700CF0D0
:10A7B000A9FD70B10570228882809DF80020827109
:10A7C000BDF8022002819DF801208272042109F067
:10A7D0006BFC20460BF0BAFA03B030BD184B1A6878
:10A7E00002B11268174B1B6803B11B681649086851
:10A7F00000B1006842B192F82C10012904D1D27B3B
:10A8000002F0FD02012A15D043B193F82C20012A51
:10A8100004D1DB7B03F0FD03012B0DD078B190F860
:10A820002C30012B0AD1C07B00F0FD00431E5842A2
:10A8300058417047104670471846704700207047CF
:10A84000D0030020C8030020C4030020F8B504464C
:10A8500008F09CFA05468460002605F00BF92E608E
:10A86000154AA77A237A11680D2000FB037301EBC8
:10A87000C303D3F8C8316B60237AA77A00FB037354
:10A8800001EBC301D1F8C8311D60A17A1368227AA7
:10A8900000FB021203EBC202C2F8C851227A134431
:10A8A00093F89422013283F89422012384F84D30E6
:10A8B00009F0CEFA3046F8BD08040020F8B51A4E6B
:10A8C000037A32685533054652F83340ECB105F04F
:10A8D000D1F8276809F0BCFAA3689D4222D105F09F
:10A8E000C9F8D4E90032B3B15A60D4E900231A6040
:10A8F0002A7A3368134493F8B822013A83F8B822CD
:10A9000009F0A6FA204606F0A7F928460021BDE87E
:10A91000F840FEF77FBD297A336803EBC103C3F823
:10A92000AC22E2E73C46D1E70804002038B590F8B5
:10A93000C831194C13F00203054628D009F0E6FD92
:10A94000234695F8CE1153F8842F61F307021A605D
:10A950001A6895F8CF1161F30F221A601A6895F8FA
:10A96000D01161F317421A601A6895F8D11161F39A
:10A970001F621A60234695F8D21133F8882F61F3CD
:10A9800007021A80236843F08063236038BD226881
:10A9900063F39A622260F9E73034014170B50D46E5
:10A9A000184C48B9D4F8643F60F30823C4F8643FF6
:10A9B000BDE87040F8F766BA0B7A0E7C6BB140F2D6
:10A9C0008310F7F7B3FBD4F89C3F6FF31843C4F838
:10A9D0009C3F26B1012E0ED070BD0320F1E7697CAB
:10A9E00005F112000AF09CFFD4F8643F43F4807331
:10A9F000C4F8643FF0E7044B186808B9F7F796FB12
:10AA00000120D5E700240141ACF8002030B5194AF7
:10AA1000D2F86C3F13F4805F114610D1D2F86C4F1E
:10AA2000154BA4051B780BD5D2F8682F1503C2F37C
:10AA3000C04405D5342202FB030383F8834030BDB4
:10AA4000342202FB0302002482F88340D1F86C4FC9
:10AA5000C4F34025A40506D5D1F8681F090302D424
:10AA600082F88450EBE7342202FB0303002283F8D0
:10AA70008420E4E7002401414504002073B5044626
:10AA800000890CF02BFC70B32089E56808F0DEF932
:10AA9000044620B328790CF035FC206408B3F42375
:10AAA00084F844302B88A3876B88E3872A7984F85D
:10AAB00045206E1D31460AF0B1FF6A88298801964B
:10AAC0002B79009320464FF42053FBF77DFD05467C
:10AAD00010B120460BF03AF9284602B070BD0325AC
:10AAE000FAE70225F8E70425F6E7434F4E4E3A41D0
:10AAF000636C5478446F6E653A48646C3D307825D9
:10AB00003034782C6C656E6774683D257800434F4F
:10AB10004E4E3A4374726C5064755263763A486490
:10AB20006C3D3078253034782C4F70436F64653D30
:10AB30003078257800434F4E4E3A44617461526339
:10AB4000763A48646C3D3078253034782C6C656EEC
:07AB50006774683D256400F5
:10AB5800037A5BB310B4428803889A421DD3C18834
:10AB680084888C4219D8052B17D9B2F5486F14D8A8
:10AB7800B1F5FA7F11D2104B1B68012283F82A2005
:10AB880002881A8442885A8482889A84C288DA841D
:10AB9800027A83F82820002005E0074B1B68002272
:10ABA80083F82A2003205DF8044B7047024B1B688A
:10ABB800002083F82A00704780F7002010B54FF076
:10ABC80088440023C4F8B030144BC4F8B03003F103
:10ABD8002B43A3F54B13A3F6AB43C4F8B030F3F7FC
:10ABE80033FE236813F4404F03D0236823F4404313
:10ABF80023604FF088434FF080529A64084B1A68DC
:10AC080042F400421A601A6842F400421A60054A87
:10AC1800136843F01003136010BD00BF556699AA6E
:10AC280000100142000A0044F8B50E4607461546D2
:10AC38000BF090FC0028114630460CBF0024092474
:10AC480005F052FFF8B9BCB9104B20460A2200BFE4
:10AC580002FB00F131F803C0BCF5706F0ED15A1831
:10AC68000331178096700B442A681A60AA889A8064
:10AC7800074A1378013313702046F8BD01300828BD
:10AC8800E6D11F24F8E70B24F6E700BF58F30020AD
:10AC980004F9002013B504460BF038FFE8B1236827
:10ACA800436163680361637A4373227A037B1343C6
:10ACB80023F0040343F0010303730E4A00230360E7
:10ACC8005168086050600C4A436054688460011DF4
:10ACD80021601846516002B010BD0724074B00934D
:10ACE800EC200194012302224221F5F7BFFD204602
:10ACF800F1E700BFA80300206403002028560201E2
:10AD0800F8B5164E346807462CB3FF20F7F772FAE9
:10AD1800054650B9124B1A68EAB901221A6011495E
:10AD28001148BDE8F840F2F7A5BF627B21692846C3
:10AD380004F0BEF82A46617B384607F02DFC58B16E
:10AD480020460AF03DFA3468002CEED1284607F078
:10AD580051F9002CDED1F8BD0124F7E7A803002043
:10AD68007CF80020A08601007803002030B585B06B
:10AD7800174B0093022201234621EC200025CDE940
:10AD88000255F5F773FD0BF0D1FE0446B0B903A9DF
:10AD980002A8F7F795FA044648B9039803684BB137
:10ADA800029B40F20122A3F80E210CF0CDF92046B7
:10ADB80005B030BDFBF75CF90C24F8E7054B0190B2
:10ADC80000932A460123FF21EC20F5F74FFDEEE71B
:10ADD800B3620201545602017FB506460568172181
:10ADE800002009F0DBFF044650B30C2101A800F055
:10ADF800D1FA01AB03CB05F5EF72C5F8DE0151605E
:10AE0800039BC5F8EE3105F2D311032323730B68B6
:10AE1800C4F80D304B68C4F81130B5F8DC31A4F82B
:10AE280015301368C4F817305368C4F81B30D5F8C8
:10AE3800EE31C4F81F30304621460BF097F8012058
:10AE480004B070BD006825292ED8DFE801F013137F
:10AE5800132D1F2D13132D132D1313132D2D131312
:10AE68002D132D132D13132D2D2D2D2D132D2D2D8C
:10AE78002D2D131390F8C6315A0715D56FF3820399
:10AE880080F8C63100F52970F5F738BA90F86430C3
:10AE980053B990F8C631054943F0040380F8C63128
:10AEA80000F52970F2F7E6BE704700BF005A62024B
:10AEB800FF282DE9F84F80468A4617464FF00005CF
:10AEC800144B05D11570987800F00100BDE8F88F93
:10AED800D3F80090104E680029FA00F000F003043F
:10AEE800012C5FFA85FB0CD106225146701D0AF031
:10AEF80083FD30B93379434503D187F800B0204644
:10AF0800E4E70135082D06F10906E4D107233B7073
:10AF18000020DBE7ACF800201000002070B5C2B0BC
:10AF2800044640880CF041F9B0B105466288616872
:10AF38000AF070FD2378042B10D000228DF804202D
:10AF480023788DF805306388ADF80730CDF80950BF
:10AF580001A90B480BF0C8F942B070BD2B78122B31
:10AF6800EBD1A87A80000CF020F906460028E4D03E
:10AF7800AA7A920069680AF04DFD6E60DDE700BFAD
:10AF8800CC020020AD6E02010B7102010B710201AF
:10AF98000B7102010B710201AD6E0201AD6E02016F
:10AFA8000B7102010B7102010B7102010B7102019D
:10AFB8000B7102010B7102010B7102010B7102018D
:10AFC8000B7102010B710201B188010137F3010114
:10AFD800AD6E0201AD6E0201AD6E02010B71020190
:10AFE8000B7102010B7102010B71020138B5008966
:10AFF80008F066FC044610B90125284638BDC27819
:10B00800837802BB03F0FD03012BF5D1F8F7A2FF0B
:10B018000028F1D1A36DA27A83F858212346A26DA6
:10B0280053F8041FC2F859119B88A2F85D312046D5
:10B03800FCF730F805460028DFD1054904F15C002B
:10B04800F2F718FED9E7012BD6D102F0DBFBF1E7C6
:10B05800A064D10170B5164D2E68B3682C463BB17B
:10B068002268D37873B11348FEF780FB002070BDC7
:10B0780051200CF043F92B68B0609B68002BEFD18E
:10B088000220F4E79268022082F8503008F02EFC83
:10B09800054658B920681030F5F730F92368064896
:10B0A80083F82850BDE870400BF080BD0720DEE72C
:10B0B80018040020B803020175970101010000007F
:10B0C8006DA7010103000000A5B9010105000000FA
:10B0D800A5D5000107000000394201010900000060
:10B0E8000D6300010B0000004D2802010D00000057
:10B0F8007D28020111000000050C01011300000069
:10B1080003DA0101170000002D9101011900000068
:10B11800DDE401011B0000001D4901011D000000C4
:10B128001D490101F8B500260E70C3885A1E082A69
:10B1380005460F4603D8BDE8F84006F061B9103B54
:10B14800072B03D8BDE8F840EDF7E8B94FF4827053
:10B158000CF0D4F80446B8B1A88807F073FE90B193
:10B16800AB7AC3740A232370AB88A380EB88E3808F
:10B17800AB7A23722B8963812046042108F090FF63
:10B1880001233B703046F8BD8020FCE773B50546C7
:10B19800044600F12006A3692BB301AA6946188862
:10B1A80007F080FBE0B1A369194631F8042B032AA4
:10B1B8001CD05A88009B58680AF02CFC009BA26996
:10B1C8009B6852881A80009B9B7B9B0605D5A169CA
:10B1D800284631F8042BF9F7E9F9A0690CF090F842
:10B1E8000434B442D7D1002002B070BD987807F07B
:10B1F800A7FFE8E737B5044600890CF06BF838B3C9
:10B208002089E56807F01EFE044618B32B78132B37
:10B2180008D1C37C122B1FD103F0BBFB00B9E0742B
:10B2280003B030BD172B0BD1C37C162B14D1A988C2
:10B23800EB886A88009105F1080100F0E1FBEDE771
:10B24800192B09D1C37C182B06D102F0FFFBE5E7C7
:10B258000420E5E70320E3E70120E1E7202837B5EC
:10B26800054628D80AF0A2FA144A042D98BF136894
:10B2780012689DBF1B68B3FA83F35B09012302EBD5
:10B28800C302146844B12168116001B952601BB14E
:10B29800237943F04003237109F020FB44B9084B9C
:10B2A80000930195052322460321EF20F5F7DEFAE6
:10B2B800204603B030BD0024FAE700BF5CF8002048
:10B2C800BC6402012DE9F041134D2B7807468846EE
:10B2D8001BB100242046BDE8F0810AF067FA064653
:10B2E8000E48048844F0010404800368DB07FCD49A
:10B2F8000B4B287819680B4B19600B4B3A461C68A6
:10B308004346A0470446304609F0E8FA002CE0D04E
:10B31800FBF710FDDEE700BFFCF80020143E0141FA
:10B32800083E014164F8002068F8002038B5164D41
:10B3380001222A70154A1468220607D50BF012FE5E
:10B3480008B105F077FB124BDB699847630602D515
:10B358000F4B9B699847200502D50D4BDB6A984730
:10B36800E10402D50A4B1B6B9847A20402D5084B8F
:10B378005B6B9847630402D5054B9B6B98470AF0B3
:10B3880035FD00232B7038BD00F90020103F014126
:10B39800B0F9002070B505460E4604F067FB134B64
:10B3A800B3F8A04544F00104A3F8A045B3F8A045BC
:10B3B80044F00204A3F8A045D3F8A0259207FBD4D3
:10B3C80032460B4928460AF025FB0A490A4A002357
:10B3D800D058C8500433102BFAD1138C6FF30003E4
:10B3E8001384BDE8704008F02FBD00BF0024014160
:10B3F80090290141000000208029014138B501460B
:10B4080090F8640040B391F8AA010AF02BFD134BA1
:10B418001B680246187D0AF025FDB1F84A50104411
:10B42800684340F2E24404FB00F20D4CB2FBF4F036
:10B4380004FB102404B1013091F86630212B40F24E
:10B44800712303FB05F308BF00F28D10A3F19602E8
:10B45800904228BFA3F1970038BD00BF60030020C9
:10B4680040420F00F8B5046894F864300546B3B953
:10B4780094F8AC610027A4F8A871284607F0A5F84D
:10B48800212E19D101223946284608F0A3FF94F845
:10B498006440BCB92146284600F018F814E006219B
:10B4A8000AF046F888B194F8C83194F8AE6143F0D0
:10B4B800010384F8C831DDE7222EE8D1284609F0D7
:10B4C80079FAE4E7012CE5D00120F8BD37B5054647
:10B4D800046809BB94F8AC31032B4FF0000318BF84
:10B4E80084F8AC1184F8AD3194F8B031032B19D13C
:10B4F80094F8B111284604F01FFB98B1002384F892
:10B50800B031D4F8EC328BB101AB04220849019573
:10B51800032000F0ACF909E0012904BF0023A4F8D6
:10B52800AE31E1E794F8B031002BEAD003B030BD7A
:10B538000706010110B5184A047802F584535969C1
:10B5480064F30F2159615969447864F317415961CB
:10B558005969847864F31F61596102F58453C4788A
:10B56800996964F3070199619969047964F30F2172
:10B5780099619969447964F3174199619969847962
:10B5880064F31F61996102F58453C1799A8B61F361
:10B5980007029A8310BD00BF0024014138B5044654
:10B5A80090F8020194F81431072B1AD101281CD005
:10B5B800F8B1022820D194F81731012B40F2E66245
:10B5C80040F6A66108BF4FF451720D4B1D683DB19E
:10B5D800222303FB00404A300423A847C4F804018F
:10B5E80038BD002240F2E241EFE7FA2240F6C411EA
:10B5F800EBE74FF4AB72F9E700221146E5E700BF2D
:10B60800C0F8002010B5C37B0446032B0CD8DFE834
:10B6180003F002210221124BD3F89C2F40F2FF11B4
:10B6280061F31842C3F89C2F0E4B1B686BB1984707
:10B6380058B10D4B1B7843B9094BD3F89C2F40F2F6
:10B64800FF1161F31842C3F89C2F2046BDE8104053
:10B6580006F0BEBE024BD3F89C2F6FF31842E1E709
:10B6680000240141D0F8002009F9002030B517491D
:10B67800D1F81C21C2F340321AB9D1F81C21C2F307
:10B688008022D1F86C3F1B0517D4D1F86C4F104BB2
:10B69800E5051B7812D5D1F8684FC4F34075A400AE
:10B6A8000CD5342404FB0303134483F88150D1F8E8
:10B6B800682FC2F3026283F8852030BD342101FB74
:10B6C80003031344002283F88120F6E70024014194
:10B6D800450400204741503A457674207263762C21
:10B6E8006E6F20617661696C20636F6E6E2C2068C6
:10B6F800646C3D3078253034782C20657674496444
:10B708003D307825303278004741503A45767420EC
:10B718007263762C6E6F206672656520636F6E6E3D
:10B728002C2068646C3D3078253034782C20657680
:10B738007449643D3078253032780052433A416488
:10B748006452657120507265656D7074203078257B
:10B758003032782C7072696F726974793A25642C6A
:10B7680020706572696F646963616C3A2564005280
:10B77800433A416464526571204E6F726D616C206A
:10B788003078253032782C7072696F726974793A22
:10B7980025642C20706572696F646963616C3A2551
:10B7A800640008B50B46114612780E2A20D005D839
:10B7B800042A0ED0052A12D0022008BD172A1CD050
:10B7C800192A10D0102AF7D1182B1BD101F0C6FF67
:10B7D80003E00D2B16D10AF059F80120EDE7013BE3
:10B7E80058425841E9E7032B0CD10BF0A7F9F4E7CD
:10B7F800092B07D1FBF776FBEFE7032B02D10BF000
:10B80800ADF9EAE70020D8E7F8B50E4617461D4619
:10B8180008F056F8044640B390F852303B700020C8
:10B82800012E28700BD194F857302BB994F8563064
:10B838001BB902232B700020F8BD0123FAE7022E62
:10B8480008D194F85730002BF0D094F85430002BDE
:10B85800F2D1EEE7032EEFD194F85730002BE5D064
:10B8680094F85530002BE4D0EFE70320E4E72DE906
:10B87800F041074690B20E4615469846FFF7EEFC93
:10B88800044628B30279C680330E63F30202330CF0
:10B898000271437125B12A46414608300AF0BAF8C8
:10B8A800032F15D8DFE807F002080C10204607F030
:10B8B80089F80020BDE8F081204608F089FAF8E709
:10B8C800204607F097F8F4E7204608F095FAF0E7E5
:10B8D8001F20EFE74FF08843D3F8D03001280CD071
:10B8E800022812D0032815D0042818D005281AD108
:10B8F80013F0807F04D10120704713F0805F19D0C6
:10B90800072814BF00200120704713F0005FF7D10B
:10B918000120704713F0804FF2D101207047002BAF
:10B92800EEDB012070470628EAD113F0007FE7D14B
:10B938000120704701207047EFF30980BFF36F8F34
:10B94800154B1A681EF0100F08BF20ED108A20E969
:10B95800F04F10602DE909004FF0200080F31188A6
:10B96800BFF34F8FBFF36F8FF9F72AFA4FF000003C
:10B9780080F3118809BC19680868B0E8F04F1EF018
:10B98800100F08BFB0EC108A80F30988BFF36F8FDF
:10B99800704700BFAFF30080CCF7002073B50E46A8
:10B9A80002210446154606F093FDF0B904F154004F
:10B9B800F4F7A4FC032E18D1691C0DF106000BF056
:10B9C800E3FABDF80630172B11D81723A3804FF4DC
:10B9D80082700BF093FC40B10E22027022888280A4
:10B9E800A288C280042108F05BFB02B070BD034A44
:10B9F8005288934228BF1346E8E700BF100300208F
:10BA08002DE9F7435D1DADB20746284688469146A5
:10BA18001E460BF039FC044610B300F11003172141
:10BA280001A801930BF0B6FA494601A80BF0B8FA41
:10BA3800BDF8281001A80BF0B3FA32464146019828
:10BA480009F0E8FF29462246384609F09EFD0546DA
:10BA580010B120460BF042FC284603B0BDE8F08345
:10BA68000225F9E7F0B50E468BB00968CDF80E103F
:10BA78007168CDF8121007465968ADF80C001868BF
:10BA88001288ADF8162006AC03C49868D96803C4B8
:10BA980031463846F6F776FA0DF10B03019303ABFE
:10BAA8008DF80B00009300221C2342F2190140F28A
:10BAB800011007F0BBFD9DF80B20024B33F8120074
:10BAC8000BB0F0BDEE8001012DE9F04100F1200638
:10BAD80094B00D460A4631468046F2F7D3FE03ACD1
:10BAE80020278DF80B003A464146204609F092FF80
:10BAF8003A4631460BA809F08DFF0DF10B03CDE94D
:10BB080000430122412342F2260140F201108DF840
:10BB18004C5007F08BFD9DF80B20034B33F81200B7
:10BB280014B0BDE8F08100BFEE8001012DE9F341BA
:10BB3800804617461C4606F0FDFE064618B32379D4
:10BB4800A4F8068023F00F0343F0020323716781F2
:10BB580020460BF0E3FB054658B908F500510C34B4
:10BB68000190024600943B4689B24FF4817007F079
:10BB78005DFD064B33F8150010B9B3780133B37087
:10BB880002B0BDE8F0814FF48170F9E7146A020150
:10BB9800144B70B54FF48062134C144EC3F88421D3
:10BBA80023681BB9BDE870400AF020B909F0FEFD12
:10BBB80025682B68236003B9646008F08FFE0123B1
:10BBC8006A7933700A4B284653F82230984795F91A
:10BBD8000430002B02DB284606F026FA00233370D7
:10BBE800DEE700BF00E100E044030020FBF800208E
:10BBF80038F7002013B50C4608F06CFF28B303682B
:10BC080093F85020227093F85120627093F85220D4
:10BC1800A27093F85320E27093F8543023710024F3
:10BC28000B4B0093022201233521EC20F4F71EFE72
:10BC380044B1084B0093019401230022FD21EC201C
:10BC4800F4F714FE204602B010BD0224E8E700BF56
:10BC5800C34F0201D44F020130B585B0154B009394
:10BC6800CDE9010105460C46EC20012302224F21B3
:10BC7800F4F7FCFD284608F02DFFA8B1036893F8F7
:10BC8800AE31112B12D1214608F0DDFB80B9072413
:10BC9800094B0093019401230022FF21EC20F4F7C3
:10BCA800E5FD204605B030BD0224F1E70C24EFE79E
:10BCB8000024F6E73C250201E23E020170B4C37A93
:10BCC800066E0D6E012B08BFC06BCB7A04BF361A07
:10BCD800C6F31606012B104B08BFCC6B1B680F4828
:10BCE80008BF2D1B1C895B891C4440F23913B4FB27
:10BCF800F3F4CB6E03F1010308BFC5F31605234423
:10BD08000134B1182B442C1B04EA00020340014003
:10BD1800304670BC0AF0BBBD04040020FFFF7F0062
:10BD280038B5037A012B164B1A680BBF5368136892
:10BD380043F4003343F400330CBF536013600B78B3
:10BD4800DA0704460D4606D5637B48686061012B17
:10BD58000CD1400060662B789B0706D5637BA868EA
:10BD6800A061012B07D14000A06638BD002BF2D19D
:10BD780007F064FDEEE7002BF7D107F05FFDF3E76E
:10BD880004040020F0B5054685B011200E460BF0DE
:10BD98007BFA044630B300F11003032103A8039390
:10BDA8000BF0F8F8039A3368136073685360B3684C
:10BDB8009360F368D3600627009700232246112179
:10BDC800288806F053FB064640B9EB781BB9AF70DC
:10BDD800304605B0F0BD0723AB70F9E720460BF0FD
:10BDE8007DFAF5E70226F3E74C32433A45767420AC
:10BDF8007263762C6E6F206672656520636F6E6E57
:10BE08002068646C3D3078253034782C6576744928
:10BE1800643D307825303278004C32433A457674A8
:10BE2800207263762C6E6F20617661696C20636F77
:10BE38006E6E2C68646C3D3078253034782C6576CD
:10BE48007449643D30782530327800534D503A4576
:10BE58007674207263762C6E6F2066726565206337
:10BE68006F6E6E2068646C3D3078253034782C65B0
:10BE7800767449643D30782530327800534D503A15
:10BE8800457674207263762C6E6F20617661696CDA
:10BE980020636F6E6E2C68646C3D30782530347882
:10BEA8002C65767449643D3078253032780073B556
:10BEB800047A04B3C5680023E91FDAB294421FD894
:10BEC80005F062FB00262B78003318BF01238DF89C
:10BED80000302B46013653F8012FCDF801209B88FE
:10BEE800ADF805306846F6B204F04AFDB44205F1F3
:10BEF8000705E8D101E005F047FB002002B070BD5E
:10BF08000133C3EBC3028A5C032AD6D90320F5E7C1
:10BF180070B50E4690F8471040F2E24304464B4392
:10BF2800AAB12033C36700252046FFF767FA4FF40C
:10BF38009C73B0FBF3F203FB1203C4E91B3294F8C1
:10BF480064306BB902366423A665E36770BDB0F848
:10BF5800485003F282230035C36718BF0125E3E781
:10BF6800E36F40F27222761B02FB0535A665E56792
:10BF7800ECE770B5056895F8AC31213B012B064616
:10BF880026D895F8AD31022B16D101F01BFF0621FA
:10BF9800304609F0CDFA044610B90024204670BD99
:10BFA800032385F8AD3195F8C83123F0030343F036
:10BFB800030385F8C831F1E70622032102F033FDB7
:10BFC80004460028E9D000213046FFF77FFAE5E76C
:10BFD8000124E3E7434D443A536574506174684C57
:10BFE8006F73735265706F7274696E6750617261B6
:10BFF8006D2C48646C3D307825782C6869676854E6
:10C00800687265733D25642C68696768487973743C
:10C018003D25642C6C6F7754687265733D25642CDC
:10C028006C6F77487973743D25642C6D696E54691B
:10C038006D653D256400042A00B587B03C23ADF842
:10C0480004301E23ADF8063000228DF80820104B6E
:10C05800197B8DF8091053F80D1FCDF80A109B882D
:10C06800ADF80E301023ADF81030ADF81230ADF841
:10C0780014204FF4FA73ADF8163017210548F5F778
:10C0880013FA01A805F0B2FE07B05DF804FB00BF83
:10C09800D0F50020145C0201020000008134010187
:10C0A8000400000095BB000106000000CDC9000196
:10C0B80008000000455E00010A000000CD400101B3
:10C0C8000C000000A90E010110000000ED8B00011A
:10C0D800120000001D720201520000001D640201DE
:10C0E8001600000037BA00011800000039170101D6
:10C0F8001E00000057A4010170B5164D00242B68DE
:10C1080003EB84031A6992B1D17881B10126567282
:10C118001B6918880BF0DEF848B1221D2B6853F80C
:10C12800223031464FF6FF72187800F0D5FA013404
:10C13800082CE4D14FF482700BF0E0F840B11022E3
:10C1480002700022828001228271042107F0A8FF78
:10C15800002070BD1C040020F0B589B006AD16465D
:10C168000F46ADF80E000595FCF7C8F804460146E1
:10C1780005A80AF00FFFBDF80E1005A80AF010FF79
:10C18800397805A80AF006FF317805A80AF002FFF9
:10C198000DF10E03009301950223052242F23001AE
:10C1A80040F2011007F042FA024B33F8140009B0CC
:10C1B800F0BD00BFEE800101BD1A3CCDA6B899586C
:10C1C80099B740EB7B60FF4A503F10D2E3B3C97484
:10C1D800385FC5A3D4F6493FE69D350E480103CC28
:10C1E800DBFDF4AC1191F4EFB9A5F9E9A7832C5E56
:10C1F8002CBE97F2D203B0208BD28915D08E1C7436
:10C208002430ED8FC24563765C15525ABF9A32636B
:10C218006DEB2A65499C80DC37B5144D2B786C781A
:10C228001BB1012B15D003B030BD013C012CFAD84D
:10C2380006F000FD0E4B01900446009302220123F4
:10C24800C521EC20F4F712FB002CECD101232B7054
:10C25800E9E7002CE7D1074A0092C6210222EC2028
:10C26800F4F704FB0AF0B2F92C70DCE7CC030020E9
:10C278006C2C0201892C020138B5134C134D23682C
:10C28800134AC3F822232B68124A9A6009F09EFECB
:10C298002B68C0F307101A89B2FBF0F21A812268E2
:10C2A800B2F82213B1FBF0F1A2F82213B2F824136A
:10C2B800B1FBF0F1A2F824135A89B2FBF0F01A8905
:10C2C8005881A8321A8138BD0804002004040020CF
:10C2D800100448038007E80337B50468236E1B047D
:10C2E80005461AD403F0C2FB236E43F400432366C9
:10C2F80007F0AAFDD4E9201320465B1AD9B20AF048
:10C30800E7F9D4F8803001955B1AC4F8803004222C
:10C3180001AB08490120FFF7AAFA237D3BB103F0DE
:10C32800A5FB236E43F08063236607F08DFD03B001
:10C3380030BD00BFA104010110B5044615480AF03C
:10C3480075FC2046FAF78CFB0120FCF7E7F921463B
:10C358000120F4F7A3F90AF051FC94F8E53083B909
:10C36800617E03200AF09CFA94F8E51071B984F80C
:10C378000211204607F020FF2046BDE8104005F0D6
:10C3880097BC012B02D194F80911EAE794F802113D
:10C39800EFE700BF58F7002038B5816D91F82C30D1
:10C3A80091F8E85004461D4091F8E90091F82D30C5
:10C3B8001840E378CBB9EA3107F04AFEA16D2E3177
:10C3C800284607F045FE94F855306BB1A26D92F8F7
:10C3D800EA3023F0030382F8EA30A26D92F82E3097
:10C3E80023F0030382F82E3038BD2E3107F030FEDB
:10C3F800A16DEA31E4E705005363616E6E696E670B
:10C40800200D0A00466F756E642050656572204ED7
:10C418006F64650D0A000000436F6E6E6563746596
:10C42800640D0A00446973636F6E6E6563746564B6
:10C438002052652D436F6E6E6563742025780D0A52
:10C4480000000000535749544348204F46460D0A00
:10C45800000000BFF8B50024134D144E03E07761C7
:10C468000134042C1ED0214604EB440305EB83035E
:10C478001B89DBB2E2B29342F2D173690127A7406C
:10C488003B42EDD004EB440355F82330002BE6D0B3
:10C4980063001A1905EB82025068194455F82130D7
:10C4A8009847DCE7F8BD00BF6CF4002000080040A6
:10C4B800F8B505460AF0D2FC0446114B1B688342C6
:10C4C80005D800232B600E4B1C602046F8BD0D4B91
:10C4D8001B681A685AB14FF0FF370A4EDB683946B5
:10C4E800186803F065FD33681A68002AF6D1064A11
:10C4F800106804490860136001232B60E3E700BF5C
:10C5080010F8002008F800200CF8002030B58368E7
:10C518001C78012C85B025D85888021F92B243F6A2
:10C52800FC75AA421ED899880A1F92B2AA4219D845
:10C538009A79032A16D8DB7913F0F80F12D1ADF8DF
:10C5480006000DF10A008DF80440ADF808108DF8CA
:10C558000B208DF80C3009F0D5F801A805F068F823
:10C5680005B030BD0320FBE730B5044689B000892B
:10C578000AF0B0FE10B3208906F064FC0446D8B176
:10C58800F32380F844300DF10D050D4BC36302937E
:10C598004FF42051022328468DF80C300AF0B2FEE1
:10C5A80000959DF80C30BDF80A20BDF8081020460B
:10C5B800FBF7BEFB09B030BD0320FBE70420F9E719
:10C5C8000100FFFF38B510490446042009F0C6FBF6
:10C5D80001200E490AF04AFD0D4B1B68002503F1A6
:10C5E800100203F1300000BF52F8041B01B10D64C2
:10C5F8008242F9D1074AF72114805180064A9A608D
:10C60800064ADA60002038BD8966020184350201D5
:10C618001C04002010030020393D0201E9500201EA
:10C6280038B54389152B044622D1037C122B21D11E
:10C63800008906F007FC08B9002038BD63681B783C
:10C64800DB0719D50125857200880AF094FB0028BC
:10C65800F2D04FF482700AF051FE0028ECD011227B
:10C668000270228982808571042107F019FDE3E7B1
:10C67800132BE1D08020E0E71320DEE72DE9F3411A
:10C68800064680880F46144698460AF0FDFD054682
:10C6980000B300F11003414601A801930AF07AFCA7
:10C6A800B388013B9C4288BF9CB224B122463946DC
:10C6B80001980AF02BFE611C2A4689B2304608F020
:10C6C80064FF044610B128460AF008FE204602B06E
:10C6D800BDE8F0811124F9E7F8B50F46154606F0D4
:10C6E800B1FB064600B3FA200AF008FE0446E8B19A
:10C6F8000F4B40F8043B39460AF004FE2946A01DBA
:10C708000AF000FE1D2384F8F83021463088EDF742
:10C71800C5FC054618B9737A43F0020373722046C4
:10C728000AF0EEFD2846F8BD0325FBE70225F9E7E8
:10C738001200040030B589B00B7806934B78059346
:10C748008B780493CB7803930B7902934B790193FD
:10C758000D4B00930C460546012302221D21EC20B7
:10C76800F4F784F82146284600F04AFC044640B114
:10C77800064B0190009300220123FF21EC20F4F7DF
:10C7880075F8204609B030BDA63A0201B54F02013E
:10C7980073B50C4616461D4608F09CF9F0B1611EAB
:10C7A800C9B209F0D7FB0E4B307093F901302B70EA
:10C7B80000240C4B0093022201235221EC20F4F7B1
:10C7C80055F844B1084B0093019401230022FD2140
:10C7D800EC20F4F74BF8204602B070BD0224E8E7DD
:10C7E800260400209D330201BA33020130B585B01A
:10C7F800134B0093CDE9010105460C46EC200123BB
:10C8080002225721F4F732F8284608F063F990B16C
:10C81800036883F8B54109F0B0FC70B90724094BE7
:10C828000093019401230022FF21EC20F4F71EF865
:10C83800204605B030BD0224F1E70024F8E700BF28
:10C8480002440201E23E020130B585B0134B009369
:10C85800CDE90101022205460123EC200C465A21AC
:10C86800F4F704F8284608F035F9024658B90224C6
:10C878000B4B0093EC2001940123FF21F3F7F6FF03
:10C88800204605B030BD0368A3F8A0426408A3F8A9
:10C89800A24205F09AFE0020F3E700BF6E250201D0
:10C8A800E23E0201F8B506680024306D0AF044FD46
:10C8B80006F15C05346506F59677E86910B105F070
:10C8C80099FBEC6185F824402C7085F82E4085F89A
:10C8D8002D4085F82F403435BD42EED1706A10B135
:10C8E80005F088FB7462002386F82F30B38501F0C9
:10C8F800B9FA18B902210846FBF77CFC0020F8BDFC
:10C9080073B5144B144E1C68054614B9204602B082
:10C9180070BDA0680379042B17D107F0BAFDA0B148
:10C92800A3682A681B68C3F816222A7983F81A2292
:10C93800A06809F02DFE50B10023CDE90063022262
:10C948000123D421EC20F3F791FF2468DDE70720C9
:10C95800DDE700BF0C040020706D02010D4B0E4A8C
:10C968000E4910B51A600E4B00241C600D4B1C605C
:10C978000D4B1C700D4B07201C700AF059FB0C4B1B
:10C9880018222146184609F0C1FE0A4A826020464C
:10C9980010BD00BFF803002080841E00259F000101
:10C9A800D8030020DC030020D4030020FC0300206F
:10C9B800E00300200101020710B50468237A012B67
:10C9C800134B1A680BBF5368136843F0010343F015
:10C9D80001030CBF5360136094F84E309B070FD4CB
:10C9E800636D2BB193F84F2042F0080283F84F2073
:10C9F800204608F039FA00222146207AE9F7D8F8CB
:10CA080094F84E3023F0020384F84E3010BD00BF76
:10CA180004040020154B0178D3F8B02F61F31742B6
:10CA2800C3F8B02FD3F8B02F417861F31F62C3F871
:10CA3800B02FD3F8B42F817861F30702C3F8B42F6D
:10CA4800D3F8B42FC17861F30F22C3F8B42F01795A
:10CA5800D3F8B42F61F31742C3F8B42F4179D3F850
:10CA6800B42F61F31F62C3F8B42F7047002401414B
:10CA780038B5134CD4F800316FF3DB63C4F80031D8
:10CA8800D4F8003143F00053C4F80031437C254604
:10CA980033B9D4F8003143F08043C4F8003138BDCD
:10CAA800084B1B682BB1984718B1074B1B78002B14
:10CAB800EFD0D5F800316FF39E73C5F80031EEE77B
:10CAC80000240141D0F8002009F900200E4A38B5A9
:10CAD800002313600D4A0E4C13600E4A0E4D13606E
:10CAE8000E4A13600E4A13600E4A53621361012303
:10CAF80093600AF050FC0AF04EFCAC4200D338BDFB
:10CB080054F8043B9847F8E7E4F80020B4F3002011
:10CB1800F8030001B0F30020FC030001A8F3002093
:10CB2800ACF30020B8F30020F7B5002407460E4602
:10CB38000C800546AB69EBB101AA6946188805F077
:10CB4800B1FE38B90634802057F824301B8833806A
:10CB580003B0F0BD009A937B928913F0080FAB697C
:10CB6800598805D18A4205D01B8833800D20EFE70C
:10CB78008A42F9D30134082C05F10405DAD10020E2
:10CB8800E6E700B5036EDA0693B021D490F8652085
:10CB9800422A12D190F89D318DF808300522ADF85F
:10CBA800002000228DF804200288ADF8062068468F
:10CBB80005F00AFB13B05DF804FB412A0AD01B04F8
:10CBC8000AD590F8AC31032B0CBF16230823E3E7F2
:10CBD8003D23E1E71623DFE73E23DDE77FB5064681
:10CBE80011200D460AF050FB044610B300F1100363
:10CBF800042103A803930AF0CDF9039A2B68136064
:10CC08006B685360AB689360EB68D360062300934E
:10CC1800224600231121308805F028FC054620B95A
:10CC28000923B370284604B070BD20460AF056FBAD
:10CC3800F8E70225F6E77FB5064611200D460AF00B
:10CC480023FB044610B300F110030D2103A803933E
:10CC58000AF0A0F9039A2B6813606B685360AB68FD
:10CC68009360EB68D36006230093224600231121CA
:10CC7800308805F0FBFB054620B90D23B370284624
:10CC880004B070BD20460AF029FBF8E70225F6E754
:10CC980038B504461D4631B101291BD00023036075
:10CCA8004FF0FF301FE0012B01D900201BE00322C9
:10CCB8000021012001F066FA206080B1012D0ED11B
:10CCC80000231A461946EEF7D9F9012814BF0020A7
:10CCD800012008E01946104607F0BEFA20602068D7
:10CCE800003018BF012038BD08B5144B9B7DF3B147
:10CCF800124A137EDBB2927D12F0800F18D10F4AD0
:10CD0800137EDBB2927D12F0010F04D013F0010FF5
:10CD180001D0F8F701F8094A137EDBB2927D12F0D0
:10CD2800040F04D013F0040F01D0F6F7D7FD08BDA7
:10CD380013F0800FE3D001F00FFBE0E7000C004098
:10CD480010B4134A00E01A4613688342FBD35168B3
:10CD58005418A0420AD041684418A3420BD003607B
:10CD6800904218BF10605DF8044B7047406801445A
:10CD780051601046EFE7074C2468A34206D05B6871
:10CD88001944416013681B680360E9E70460E7E73A
:10CD980010F70020B8F7002070B582B00190846CBD
:10CDA800A26BE36B9A4203D30025284602B070BDFC
:10CDB80094F8456076B2002201A92046FCF7A6FF48
:10CDC8000546B6F1FF3F0AD1636A002BEDD004F1A6
:10CDD8002400F4F7D5FB002818BF0125E5E70AF081
:10CDE80043F88642E1D2013676B284F84560DCE742
:10CDF8002DE9F843064689469046002500F11803B8
:10CE080053F82540EFB23CB12288424515D10020A5
:10CE180089F80070BDE8F8834FF483700AF06EFA61
:10CE280006EB8505A86168B14FF48372214609F0C5
:10CE38006DFCAB69A3F80080E9E70135082DDFD167
:10CE48002F46E4E71120E3E738B5054600890AF0E4
:10CE580041FAE8B12889EC6805F0F4FF0546C8B145
:10CE6800A3780B2B0ED1C27C12F00A0F14D02146E6
:10CE7800284631F8032BFFF701FC11280ED000B922
:10CE8800E87438BD0D2B07D1C27C12F00C0FEDE70A
:10CE98000420F6E70320F4E70120F2E70220F0E798
:10CEA8002DE9F04186B002AD17460646884603953F
:10CEB800F8F710FB0446014603A8ADF81060ADF87A
:10CEC8001280ADF814700AF065F8314603A80AF02C
:10CED80067F804AB009301950623032242F222016E
:10CEE80040F2011006F0A2FB024B33F8140006B022
:10CEF800BDE8F081EE80010170B588B006AD0E4640
:10CF0800ADF80E000595FEF775FE0446014605A826
:10CF18000AF040F8BDF80E1005A80AF041F83146AD
:10CF280005A8052209F0EEFA0DF10E03009301950C
:10CF38000223082242F2150140F2011006F076FBA6
:10CF4800024B33F8140008B070BD00BFEE80010139
:10CF58002DE9F04186B003AD17460646884605958B
:10CF6800F2F7AEFB0446014605A8ADF810608DF84F
:10CF780012808DF813700AF00DF8314605A80AF0F2
:10CF88000FF804AB009301950423032242F27A01BF
:10CF980040F2011006F04AFB024B33F8140006B0C9
:10CFA800BDE8F081EE8001017FB5134B0190CDE91A
:10CFB800021204460E461546009302223021EC2048
:10CFC8000123F3F753FC2A463146204609F00AF8B4
:10CFD80078B90A4B5C7134442A0604EBD4744FEADE
:10CFE800640454BF6D4280229C71DE7154BF1D726F
:10CFF8001A7204B070BD00BF1E430201260400204F
:10D0080073B5144C2368D3F8303106460D4698475B
:10D0180010B10C2002B070BD2368D3F834319847A2
:10D028000028F6D12368D3F8383198470028F0D182
:10D038000DF1070229463046FDF73AFF08B10020F6
:10D04800E8E731462846FCF79BFA0028F7D1072085
:10D05800E0E700BF5C030020F8B5046894F864308A
:10D06800E66805460F460BB905F014FE2046FFF7A3
:10D0780088FD17B1204609F063FA16B1304608F06A
:10D0880050FD201D08F0D8FB04F1080008F0D4FB7F
:10D0980018B181B2204607F051F9284604F09CFDEA
:10D0A800208804F035FB2846BDE8F84001F0FCBFB5
:10D0B80038B50D4B0D4D0E480024C3E900440D4B07
:10D0C800AC601C60C5E9004409F0E0FC0A4809F0BE
:10D0D800EDFC0A4B6B600A490A4B2B60022009F0F1
:10D0E800A7FF204638BD00BF48F70020FCF6002007
:10D0F8009949020188F800203521020175FD0001D7
:10D108005D580201692102010C4B0D4810B500243D
:10D118001C600C4B1C600C4B1C600C4B1C6009F019
:10D12800ADFC0B4809F0BAFC0A4B0B4A0B491A61D3
:10D13800012009F07DFF204610BD00BFD00300206C
:10D148006DDE0101C8030020C4030020A0F8002000
:10D15800DDA70101F4F4002099930101B1580201FF
:10D1680038B5104D2C78D4B90F4B197801221A70A4
:10D1780021B12B7801332B70204638BD0B4B1B682F
:10D1880021462046B3F8C820F8F76AFC0446002870
:10D19800EFD0074B07481968F0F76CFDE9E7002462
:10D1A800E7E700BFD4030020FC0300204C04002064
:10D1B800F8030020E003002037B5836D0446A3B9C7
:10D1C8004388012B11D101910DF1030001A909F048
:10D1D800A8FD0E4B9DF803501B689B793BB12B07AC
:10D1E80005D403212046F9F70DFF03B030BD082010
:10D1F8000AF084F801460028F7D001230370238839
:10D2080083808571082009F0B8FFEEE71804002034
:10D2180030B5114991F90420824209D091F90230C0
:10D22800834203DB91F90330834202DD9A4201D144
:10D2380030BD0346094A0A4C10780A4DE289181A8B
:10D2480045FA80F022F03F02007E1204120C0243DD
:10D25800E2810B71ECE700BF2604002030040020B7
:10D268000060014170FA002070B5144B1D682C68ED
:10D27800237D9B0720D594F864601023012E237525
:10D2880012D1236E43F400632366204606F06CFF38
:10D29800204600F0D7FE3146E9F7D8FF284623217B
:10D2A800BDE8704008F0AABED4F87801037F002BCF
:10D2B800F4D109F0FBFFF1E770BD00BF14040020B2
:10D2C800F8B503210646002007F068FD044608B3B8
:10D2D80035681723037395F8652295F8643295F835
:10D2E8006612134095F8632283730A40427301461D
:10D2F800304608F03BFE95F86470012F09D1B5F867
:10D308009E31A5F8F632617B3046FBF7FFF8A5F8A9
:10D318009E010120F8BDF8B5069C054624B3207986
:10D32800E1800F0E67F302002071080C607122B1D2
:10D33800194604F1080008F06DFB032D14D8DFE846
:10D3480005F002070B0F204605F03CFB0020F8BD56
:10D35800204606F03DFDF9E7204605F04BFBF5E7D2
:10D36800204606F049FDF1E71F20F0E7134B0122A4
:10D378001A801A46136913F0010FFBD10F4B4FF4B3
:10D3880001421A801A46136913F4004FFBD10B4B64
:10D3980000221A621A46136913F0200FFBD1074BBB
:10D3A80000225A621A46136913F0400FFBD1034B4F
:10D3B8004FF480725A815A60704700BF00000142E2
:10D3C80000B583B000230193032200924FF400724A
:10D3D8000B490C48EAF738F9012800D0FEE70A4B58
:10D3E80001930123009300234FF480620749084802
:10D3F800EAF72AF9FCF7C6FC03B05DF804FB00BFA6
:10D408004469020179010201780200204869020199
:10D41800C371020103040C4A43F08073136040F2A5
:10D42800011101390DD1536813F0800307D05368F7
:10D43800C3F3072383420ABF53680B461B0C1846E5
:10D44800704700BFEDE700BF003E0144054B41EACD
:10D45800004119605A681106FCD45A681206FCD5B6
:10D46800704700BF003E014470B5044686B000898D
:10D4780009F030FF00B320896689A58905F0E2FC30
:10D488000446B8B1F12380F844308687C587022363
:10D4980042F603010DF10500ADF80060ADF8025049
:10D4A8008DF8043009F02EFF69462046F9F7FAFB9B
:10D4B80006B070BD0320FBE70420F9E770B586B01D
:10D4C80004AD0E46ADF80E00059501F0E7F80446E8
:10D4D800014605A809F05EFDBDF80E1005A809F083
:10D4E8005FFD317805A809F055FD0DF10E03009395
:10D4F80001950223042241F2054140F2011006F091
:10D5080095F8024B33F8140006B070BDEE800101A7
:10D5180070B588B006AD0E46ADF80E00059500F062
:10D52800C9F80446014605A809F034FDBDF80E10F7
:10D5380005A809F035FD318805A809F031FD0DF180
:10D548000E03009301950223052240F67B4140F229
:10D55800011006F06BF8024B33F8140008B070BDE8
:10D56800EE800101F0B5040B012C85B005460E468E
:10D5780001D107F07DF9EFB20D4B0093C5F30325F8
:10D58800CDE901450397042301220021EE20F3F79A
:10D598006DF9084B04F18044013C1B68324653F88E
:10D5A8002430394628469847308005B0F0BD00BF82
:10D5B8007033020144F800204B0705D0CB1D23F03F
:10D5C80007030844C01A19460B4B002219605A6019
:10D5D8000B18083B23F007030848C3E900225A1A2E
:10D5E800C1E900320360064B1A60064B1A60064B0D
:10D5F8004FF000421A60704730F7002054F80020BE
:10D6080050F800204CF8002048F8002038B540F2C7
:10D618000160F4F7EFFD104C2060C0B10F4B00F52E
:10D62800C0626260596A80B260F30F0159629969F9
:10D6380092B262F30F01996100254FF4C063FF2095
:10D64800C4E902532361F4F7D5FD606108B90720E6
:10D6580038BD2846FCE700BF9003002000240141A4
:10D6680010B5046886B023880193114B00930222F9
:10D6780001234321EC20F3F7F9F82388ADF80830AB
:10D68800B4F84A30ADF80A30ADF81430ADF81230BD
:10D698000123B4F84E20D4F84A1084F89E3002A82A
:10D6A8000391ADF81020F0F793FC06B010BD00BF51
:10D6B8004C6002017FB506460D4607F00BFAE0B153
:10D6C8000368B3F8A0322B8000242B88CDE90163CE
:10D6D8000B4B0093022201235921EC20F3F7C6F8E3
:10D6E80044B1084B0093019401230022FF21EC2050
:10D6F800F3F7BCF8204604B070BD0224E5E700BF8C
:10D7080099260201E23E02012DE9F041082106684E
:10D718008046002007F042FB0446C0B108F024FF11
:10D728000546B0B1012706F216260146C7714771B2
:10D73800C660404609F0FEFC27733368C4F80D3014
:10D74800337963744046214608F010FC3846BDE83A
:10D75800F081204609F0E9FC2846F8E70368B1F8AB
:10D768000120A3F84622B1F80320A3F84822B1F813
:10D778000520A3F84A22B1F80720A3F84C224A7AD8
:10D7880083F84E224A89A3F850228A89A3F85222A4
:10D79800CA89A3F854220A8AA3F856224A8AA3F807
:10D7A80058228A8AA3F85A22CA8AA3F85C227047A8
:10D7B8002DE9F041002581648573456404461746C8
:10D7C800D0F81080FEF758FD0C4B1B68012683F833
:10D7D80029630B4B1B681A89A4F870205B89A4F88D
:10D7E80076302046ECF784F810B9A673C4F8108098
:10D7F800C4E911750020BDE8F08100BF08040020CD
:10D808000404002030B5054685B0022009F03CFD2F
:10D818000446E0B100F110030B2103A8039309F0BB
:10D82800B9FB0C4B1B6803A8597809F0B3FB062316
:10D838000093288800232246022104F017FE05469B
:10D8480010B1204609F04AFD284605B030BD022532
:10D85800FAE700BF1804002070B5CB6890F8A860FC
:10D868001D7880F850505C7880F85140997880F89D
:10D878005210DA7880F853201B7980F8543056B962
:10D8880080F8AC5080F8AD4080F8AE1080F8AF203A
:10D8980080F8B03070BD80F8BD5080F8BE4080F888
:10D8A800BF1080F8C02080F8C130F3E710B5124BE4
:10D8B800D3F81C31C3F3C303072B1AD10F4B0268EB
:10D8C8001B78342101FB032300219C6F023420467E
:10D8D800F1F77AFD68B10378DB060AD50421204602
:10D8E800F1F772FD28B1817849090131032008F068
:10D8F800D7FF002010BD00BF0024014145040020CF
:10D90800124B1B78342202FB030090F85C30CBB931
:10D918000F4BD3F8282142F00802C3F82821D3F886
:10D92800282142F00202C3F82821D3F8282142F026
:10D938000402C3F82821D3F8282142F00102C3F8D1
:10D9480028217047012BFCD1014BEEE7450400204C
:10D958000024014138B5124B044612481D7809F0DD
:10D9680065F92046F8F750FA0120FAF719FF204622
:10D9780008F05BFC09F04AF9342303FB054595F8E8
:10D988005C3043B9217C032008F08AFF2046BDE8BB
:10D99800384002F08DBD012BF8D194F82210F2E73F
:10D9A800450400205EF7002013B50489B4F5706FB4
:10D9B80021D2817AC27A007B41EA0203034333F021
:10D9C800070318D1ADF8004099B18DF802302AB993
:10D9D8009DF8023043F002038DF80230ADF80600DE
:10D9E80068468DF803108DF8042003F041FD02B05D
:10D9F80010BD0123E9E70320F9E770B50C461221B1
:10DA0800054604F065FD0646F8B905F15400F2F73D
:10DA180075FC052C19D84FF4827009F06FFC044688
:10DA280098B131464FF4827208F070FE07232370D4
:10DA38002B88A380B5F8483023811323A37120468F
:10DA48000421BDE8704006F02BBB70BD37B590F8D7
:10DA58003830032B054607D1FDF798FB284606F01A
:10DA68000BFB002385F83830012009F00DFC044633
:10DA780098B100F11003192101A8019309F08AFA5D
:10DA880028462246012107F080FD054610B12046B0
:10DA980009F024FC284603B030BD0225FAE770B52A
:10DAA800222300EB41024B4303F1560403440E4684
:10DAB800918CA3F86010518DA3F862100444128E63
:10DAC800A3F8642005462046F4F7F4F9204608F048
:10DAD80005FA204605F036F8204608F0ABFE284641
:10DAE800314608F03FFB2046BDE8704008F046BDCF
:10DAF80038B5232105460468FAF7C6FCF8B194F84E
:10DB08008B0208F059FDFF2810D094F98D327E2B36
:10DB180013D094F8AC31062B0CBFFF23002384F8F4
:10DB280091322846BDE83840EDF7D2BE202228467B
:10DB38002321BDE8384000F076BF1E22F7E7012018
:10DB480038BD050000B310B5044650F8042C002A6F
:10DB580002DA50F8081C01B110BD22F0004240F86A
:10DB6800042C08F0F3FE094A54F8043C11680B44ED
:10DB78001360A4F10800FFF7E3F8054A13680133BE
:10DB88001360ECF739FEE7E7704700BFBCF70020E9
:10DB9800C8F7002038B507F053FA0D4B1B6813B1CE
:10DBA80008F0D4FB38BD0B4D284608F083FA0A4C20
:10DBB800204608F07FFA094B1D60094B1C600022C3
:10DBC8000C210A2000F0DEFA014B1860E8E700BFDC
:10DBD80014F8002064F6002078F6002008F80020E9
:10DBE8000CF8002070B5124E05460024336803EB8C
:10DBF8008403D3F89C310BB1284698470134032C91
:10DC0800F4D12B78172B12D84FF4807009F076FBDB
:10DC1800044660B129464FF4807207F0FBFE2246A5
:10DC28004FF480710120BDE8704006F00FBE70BD52
:10DC380004030020F0B587B003AD06460F460495EF
:10DC4800FEF70AF80446014604A8ADF814608DF8FA
:10DC5800167009F09FF9314604A809F0A1F905AB3F
:10DC6800009301950423032242F2210140F201109E
:10DC780005F0DCFC024B33F8140007B0F0BD00BF20
:10DC8800EE800101F0B587B003AD06460F46049556
:10DC9800FEF7DAFD0446014604A809F07BF931468F
:10DCA80004A809F07DF905AB00930195042303222C
:10DCB80040F67C4140F20110ADF81460ADF81670E2
:10DCC80005F0B4FC024B33F8140007B0F0BD00BFF8
:10DCD800EE80010100B5104A8BB01068516805ABA1
:10DCE80003C39068D16803C3117C1970D2F811304E
:10DCF80001930A4B0A4A186802909B88CDF80E00D7
:10DD080001A905A8ADF80C30ADF81230F4F790FF72
:10DD18000BB05DF804FB00BF7462020139030020F8
:10DD28001C03002010B5FBF779FA0446B0B902F0DD
:10DD3800BDFE0B4A1378590710D443F0040313703F
:10DD480007F096FD074809F05BF9074809F05EF906
:10DD5800064809F061F9064809F064F9204610BD43
:10DD680003F90020834D02015D650201F10A0201F9
:10DD780031AC010110B509F07FF930B908F08AFC1F
:10DD880000280CBF0020072010BD0D4C2368D3F8D5
:10DD98002031984708B10C20F6E72368D3F82431DE
:10DDA80098470028F7D12368D3F8283198470028E6
:10DDB800F1D12368D3F82C3198470028DED0EAE760
:10DDC8005C03002010B5046804F2062204F5EF7124
:10DDD80004F5FB70F4F72CFF04F2C9120023C4F811
:10DDE800C931137104F5E772C4F8CE31137194F890
:10DDF800641041B903F07F0284F8D22163F07F03F5
:10DE080084F8CD3110BD63F07F0284F8D22103F08D
:10DE18007F03F5E737B5124B1B6805461C6808F009
:10DE28001DFED8B9012D02D0002003B030BDA17B62
:10DE380011F0FD0108D10DF1070007F081F99DF8F7
:10DE480007300BB11220F0E7A37B03F0FD03012B91
:10DE5800EAD108F0F3FD0028E6D1F3E70C20E4E767
:10DE6800D0030020104B1A6802B112680F4B1B68D0
:10DE780003B11B680E49086800B100681AB192F82E
:10DE88002C20012A0BD01BB193F82C30012B08D081
:10DE980040B190F82C00431E584258417047104634
:10DEA80070471846704700BFD0030020C803002001
:10DEB800C403002010B5437B012B04460BD14369F2
:10DEC8005B00436683695B008366237B73B92369C0
:10DED8005B0A236610BD002BF7D1406905F0AEFC44
:10DEE8006066A06905F0AAFCA066EEE7A36823F4C3
:10DEF8007F0323F47F43B3F1807FEBD12369C3F31E
:10DF08001603E6E710B50446242009F0F7F90146A0
:10DF1800E0B102460A2302F8143B0D4B1B689868CF
:10DF280050F8403F4B614368536083689360C3680F
:10DF3800D36023684B6063688B60A368CB60E36839
:10DF48000B612420BDE8104009F017B910BD00BFCF
:10DF580018040020114B02460068186090889279D6
:10DF680098809A7133F8040C40F0020023F8040CEE
:10DF780053F8082C52000DD5094A5B6A12681278CA
:10DF8800C3F30263DA4012F0010F14BF002002202D
:10DF98000B70704702200023FAE700BF703301417D
:10DFA8002004002038B5124B1D682C6894F86430A2
:10DFB800012B17D1236E1B0608D5D4F8883143F0FE
:10DFC8008073C4F8883107F04BF9A067237D13F0FC
:10DFD800010F0BD00223237528462021BDE83840C5
:10DFE80008F00CB8237D13F0400FF2E738BD00BFEE
:10DFF8001404002008B561B90F4B1A6802F01F021B
:10E00800102A4FF0010314D80C4903FA02F2114008
:10E0180079B10A2190F8660004F058F9084B1A689B
:10E0280042F010021A601A6842F002021A600020D8
:10E0380008BD1846FCE700BF583801414CE0010014
:10E04800203A0141817D90F8253090F8262080F80B
:10E05800273080F8282059B190F8A71141B9016EEE
:10E06800B2FA82F241F080415209016680F8262016
:10E07800C27D6AB190F8A62112B1002303767047D9
:10E08800B3FA83F302225B09027680F825307047E1
:10E098000123F3E7114B1A68100241BF1A4632F800
:10E0A800241F41F0080111801A68510241BF0C4930
:10E0B8000A8842F004020A801A68920241BF08499D
:10E0C8000A8842F002020A801B68DB0241BF044A48
:10E0D800138843F001031380704700BF0C3A0141D5
:10E0E800303A014110B5124B1B780C46342101FB24
:10E0F800030393F85E109B6F39B91B78C3F3801341
:10E108001370436A2360084610BD987800F03F01F9
:10E11800D81C0844012110F8023BC3F38013137084
:10E12800F1F752F90028206014BF00211F21EAE707
:10E138004504002030B589B015464FF0FF320192F2
:10E1480002F20312029200B96846CDE9030151B107
:10E158004C1E0029059408DA094B4F221A604FF02B
:10E16800FF3009B030BD0C46F3E700220270CDE95C
:10E1780006001A46294601A807F068FCF1E700BF27
:10E18800E8F8002070B5E8B10546A0FB0132E2B915
:10E1980001FB00F010F14D0F19D80C464C30F0F788
:10E1A800C1F8064678B114B100F14C0300E003460B
:10E1B8003360F563346401213046F8F79BFC002393
:10E1C800B36400E00026304670BD0026FBE7002659
:10E1D800F9E770B504460D46164606F031FF94F887
:10E1E80044305BB2B3F1FF3F04BF002384F84430EE
:10E1F80094F845305BB2B3F1FF3F04BF002384F8C5
:10E20800453008F0A3F8A36B1BB12046F9F71AF8BC
:10E2180070BD3246294604F1240002F057FBF4E7AA
:10E2280053434E3A436C6F73652C7068793D25648F
:10E238002C636E743D25642C7469643D2564005319
:10E24800434E3A7068793D25642C7365634E756D4D
:10E258003D25642C636E743D25642C7469643D25EA
:10E26800640053434E3A43523D307825780038B520
:10E2780004460D4699B1037A9BB90B7A012B0ED04F
:10E28800827A8B7A9A420AD2FAF752FDA36A13B1BC
:10E29800204605F024F82046F6F724F82C462046B8
:10E2A80038BD836C13B90023A373F7E7437F002BB2
:10E2B800F9D090F85030DB07F5D4E5E738B50246D9
:10E2C80090F8671090F89E0102F092F885B292F8E3
:10E2D8006610002002F08CF840F27122B5FBF2F1D2
:10E2E800CCB202FB115189B280B2B0FBF2F3DBB2BF
:10E2F80009B10134E4B2B0FBF2F102FB110292B2AF
:10E308000AB10133DBB2E01838BD050010B5044688
:10E318000378013B032B06D8DFE803F0021014183A
:10E32800406808F03EFF204607F098FE214609485D
:10E33800E4F7CAFE606808F03CFF10BD4068E8F7E3
:10E348004CFBF0E74068E8F77AFEECE7406808F035
:10E358000EFAE8E76802002008B5104B5B8B13F053
:10E36800070300D108BD0E4AD3870C4B80221A76CA
:10E3780007225A831B7E13F0040F05D0074B9A6AB5
:10E388001A7E12F0040FFAD1054B1B6A002BE9D054
:10E39800034B596A1B6A02209847E3E7000C0040C8
:10E3A800F8F300200F4B5B6813F4803F04D00D4A4C
:10E3B800536823F4803353600B4B5B6813F4803F3E
:10E3C80004D0094A536823F480335360074B5B68D1
:10E3D80013F4803F04D0054A536823F48033536014
:10E3E800704700BF000C00400010004000040042CD
:10E3F80030B585B0104C2568DDB11C4601910292FC
:10E40800039005290EDC06F02BFE02284FF00003CE
:10E418000CBF089A1A4601A907480068ECF72EFEB7
:10E4280005B030BD0023224601A92846F5F79CF91E
:10E43800F6E70020F4E700BF14F8002010B5846860
:10E448002078831E012B1AD9012806D194F90630A9
:10E45800002B13DA601C03F07BF80A4B21681A685A
:10E46800C2F8211002F12103A2889A80A2799A7138
:10E47800214611F8010B07F08BF9002010BD01208F
:10E48800FCE700BF04030020F8B5114D07462B79BF
:10E49800007823F0070310F007042B712E460DD0E7
:10E4A8002B681BB9472008F029FF2860306860B145
:10E4B8004722394607F0AEFA0020F8BD2868002840
:10E4C800FBD008F01DFF2C60F6E70220F5E700BF3F
:10E4D80018F7002070B51821054603F0F9FF064625
:10E4E800E8B905F15400F1F709FF4FF4827008F01C
:10E4F80005FF044698B131464FF4827208F006F9D8
:10E50800072323702B88A380B5F84830238119236B
:10E51800A37120460421BDE8704005F0C1BD70BD5F
:10E52800012837B50C4614D9013801AA694680B2CA
:10E5380004F0B8F970B1009D0B492868022207F071
:10E548005BFA70B96B68122C1B7805D113F0080FB1
:10E5580000D1032003B030BD522CFBD113F0040FBF
:10E56800F6E70020F6E700BF7A73020170B586B0BF
:10E5780003AD06468DF812100595ADF81000FAF7B0
:10E588008BFE0446014605A808F004FD314605A89F
:10E5980008F006FD04AB009301950423032242F220
:10E5A800790140F2011005F041F8024B33F81400EC
:10E5B80006B070BDEE800101F0B585B002AD0E4623
:10E5C8000746039504F05EFA0446014603A808F0DE
:10E5D800E1FC397803A808F0DDFC317803A808F0DD
:10E5E800D9FC002300930195032242F24B0140F22B
:10E5F800011005F01BF8024B33F8140005B0F0BD0C
:10E60800EE80010110B5104B1A68824219D35C687C
:10E618001919884201BF41681846091959604168AB
:10E628004418A24208D1094C2468A24204D0526876
:10E638000A4442601A6812680260984218BF18605B
:10E6480010BD1346E0E700BF30F7002054F8002063
:10E6580037B5104B0190009302220123272104466D
:10E66800EC20F2F703F903F02DFD054638B9012C2B
:10E6780008BF204606F034FE284603B030BD064BDE
:10E688000190009300220123FF21EC20F2F7EEF81D
:10E69800F2E700BF28540201B54F020113B50C463A
:10E6A80006F018FAC8B1036893F91B3023700024E8
:10E6B8000B4B0093022201233D21EC20F2F7D6F800
:10E6C80044B1084B0093019401230022FD21EC2062
:10E6D800F2F7CCF8204602B010BD0224E8E700BFEC
:10E6E800246B0201D44F020110B5114A0321012005
:10E6F80007F070FB08F0F6FD10B90024204610BDA5
:10E7080002F07AF90028F8D0FBF7BAFD0028F4D017
:10E7180004F040F90028F0D001F086F904460028FA
:10E72800EBD008F0E3FB04F0A5FB02F031FEE5E7CF
:10E738004572020170B5114B196805460022540054
:10E7480021FA04F6B607D0B213D1FF2D02BF9A788A
:10E7580042F001029A704FF0030202FA04F51A68B7
:10E768000CBF0321012122EA0502A1400A431A60D5
:10E7780070BD0132082AE2D11046F9E7ACF8002052
:10E78800114BD3F8682F60F31242C3F8682FD3F8FF
:10E79800702FC2F307220A70D3F8702FC2F3074212
:10E7A8004A70D3F8702FC2F307628A70D3F8742FB7
:10E7B800CA70D3F8742FC2F307220A71D3F8743FD2
:10E7C800C3F307434B7170470024014108B5104B50
:10E7D800D3F8682F42F40012C3F8682F1A4600BF16
:10E7E800D2F8683F9B02FBD40A49002382F8683FAD
:10E7F8000A68012013700A681A440133082BD07084
:10E80800F9D1F3F75BFF0B6800229A7008BD00BFCF
:10E8180000240141200400207FB50D4B00681B78BF
:10E828008DF804300B4B1B788DF806300A4B1B789B
:10E838008DF80530094B1B788DF80730084B01A976
:10E848001B680593EAF7EAFD002007B05DF804FBB2
:10E85800450400204404002046040020470400200A
:10E868004004002037B5104C23685B79022B0D4615
:10E8780014D10020FAF71CFB29780C4A236881B9C7
:10E888000120587158781870236819724FF48073F2
:10E89800ADF8043001A9106808F04CFD002003B061
:10E8A80030BD00215971F6E74C04002054040020C3
:10E8B80001F000428B1AA3F16051B1F5801F0ADB09
:10E8C800B1F17F6F09D242EAC102C10071F1004182
:10E8D80042EB507070471046704701285B4113F5B2
:10E8E800001F02D842F0FF407047C90041EA50704B
:10E8F800104340F4800040F0804070474741545432
:10E908003A457674207263762C6E6F206672656560
:10E9180020636F6E6E00474154543A4576742072F6
:10E9280063762C6E6F20617661696C20636F6E6E02
:10E938002C68646C3D3078253034782C6576743DCD
:07E948003078253032780021
:10E9500070B504461E464FF0864302251D604FF2F7
:10E9600060031D6813460A463146A847034660B94E
:10E970004FF264031B6820469847034628B94FF2BC
:10E9800070031B682046984703464FF086420021DB
:10E990001160581A18BF012070BD37B5828A05462C
:10E9A0002AB100F11601F5F705FE0023AB82012024
:10E9B00008F06EFC044698B100F11003132101A881
:10E9C000019308F0EBFA28462246012106F0E1FD0A
:10E9D000054610B1204608F085FC284603B030BD3E
:10E9E0000225FAE700B593B003688DF8041041F2F0
:10E9F0000302ADF8002093F8C6216FF3000283F8FC
:10EA0000C6211A88ADF8062061B9B3F84222D3F8BE
:10EA10003E3202936846ADF80C2003F0D9FB13B0E8
:10EA20005DF804FBB3F83422D3F83032F1E770B567
:10EA30000368044693F8BE0110F004000E46154624
:10EA400010D00321002006F0ADF9014608B90020DE
:10EA500070BD1123037346738573204607F08AFA4D
:10EA60000120F5E7022106F09DF901460028EED0CD
:10EA70000D2303734573F0E770B5032106460020AC
:10EA800006F090F9E0B135681623037395F8633208
:10EA9000437395F8643283730146304607F06AFA8F
:10EAA00095F86440012C0AD1B5F89E31A5F8F632EC
:10EAB00095F863123046F9F72DFDA5F89E01012067
:10EAC00070BD52433A436C656172526571204E6F5E
:10EAD000726D616C203078253032782C73746174DB
:10EAE000653D25640052433A436C6561725265711D
:10EAF00020507265656D70746976652030782530B8
:10EB000032782C73746174653D2564007FB50546C9
:10EB100002200E4608F0BCFB0446D0B100F1100301
:10EB20000E2103A8039308F039FA314603A808F030
:10EB300035FA06230093288800232246022103F099
:10EB400099FC054610B1204608F0CCFB284604B0DD
:10EB500070BD0225FAE70500104B19680A1F1C3129
:10EB600013E08A420AD052F8043F002BF9D0DC7837
:10EB7000012CF6D11C888442F3D100E00023184612
:10EB80005DF8044B70478A4205D052F8043F002BD1
:10EB9000F9D010B4EBE700231846704778F700204F
:10EBA000F8B507464088FFF7D7FF40B1837F3B7138
:10EBB0000B4B1B7893B100240A4E094D06E0082345
:10EBC000F5E701342A78E3B29A4207D9E3B256F85E
:10EBD0002330002BF5D038469847F2E7F8BD00BF48
:10EBE0006C0200207002002000B583B0037B01336B
:10EBF000DBB203730C4A126892F8F8209A4204D9E7
:10EC0000F8F7F8FB03B05DF804FB00234373074BF0
:10EC10001B68002BF6D000228DF804200289ADF885
:10EC2000062001A89847EDE788F7002084F7002028
:10EC300038B5104B1B6813B100240E4D12E0FC20B8
:10EC400008F0B7FA0B4B186090B1FC220021094B79
:10EC5000186807F05FFD012038BD00F0EBFC0134BF
:10EC6000082CF2D02B6853F824000028F5D1F6E7E1
:10EC70000020F1E788F700200F4A137843F00103E2
:10EC80001370536813F0010FFBD10B4B4FF44C7210
:10EC9000DA6106221A61094A10211181012090824D
:10ECA0000220108491851A7802431A701A4653681C
:10ECB00013F0020FFBD17047000800406CF40020F5
:10ECC00010B50E4B1A6842F460021A601A6842F0DE
:10ECD00060421A60F2F7E0FE0024094B1C6007F066
:10ECE0002FFB084A136843F04043136004F0D4FF3D
:10ECF000F6F76AF806F098F9204610BD20ED00E01E
:10ED00009CFA002034EF00E00C4B1B687BB90C4BE5
:10ED10001B6873B90B4B1B686BB90B4B18680B4B1B
:10ED20001B68013B984214BF01200220704700205D
:10ED30007047002070470020704700BF28F6002071
:10ED400004F80020F8F700203CF60020D8F7002057
:10ED500008B54160006191420CD8D21A83699A4289
:10ED600001D3012008BD011D094B186803F00EF8FE
:10ED70000020F7E79A4201D2994206D2011D054BC5
:10ED8000186803F003F80020ECE70120EAE700BF71
:10ED90000CF8002008F800202DE9F8430F4E1D461E
:10EDA00033688146DB6B182088461746984704462F
:10EDB00088B14561A0F80890C0E90387014641F297
:10EDC0000B6004F021FC336825881B6C20469847B3
:10EDD0002846BDE8F8830225FAE700BF2C0300208F
:10EDE00008B50D49022007F0FDFD0C4B1A68D2F85A
:10EDF000D43103F0F80343F0011343F4C063C2F8C5
:10EE0000D431074BC2F89031064BC2F81432BDE83A
:10EE1000084007F035BB00BFA06E020104030020CC
:10EE200055440101F94202012DE9F8430F4E1D46F8
:10EE300033688146DB6B10208846174698470446A6
:10EE400090B1858180F8089080F80980877201462A
:10EE500041F2012004F0D8FB336825881B6C204662
:10EE600098472846BDE8F8830225FAE72C030020DE
:10EE70007FB50D461446064604F04AFC0DF10B031F
:10EE8000019303AB8DF80B0000930122032342F2A0
:10EE9000310140F201108DF80C608DF80D508DF8A5
:10EEA0000E4004F0C7FB9DF80B20024B33F8120014
:10EEB00004B070BDEE800101F8B5144606460F4F50
:10EEC000084606F0EBFF7B68621E024493423FBF98
:10EED0001B1A01339BB2E41A3ABFA5B21C460025A7
:10EEE00001462246304606F099FD35B12A4639687A
:10EEF0003019BDE8F84006F091BDF8BD9003002040
:10EF000038B5192104460568F9F7C2FA08B9012095
:10EF100038BD95F864307BB90A4B95F86F121A68C2
:10EF2000D1701B68DA78252A02D92522DA70EFE73A
:10EF3000012AECD80222F9E720461921BDE8384021
:10EF400005F052BF4C04002038B506210446056880
:10EF5000002005F027FFA8B10C2303730A4B1B7890
:10EF600043730A4B1B88C38140F24F43038295F8D9
:10EF7000C63143F00803014685F8C631204606F045
:10EF8000F9FF012038BD00BF6C030020B003002052
:10EF9000F0B5C4880E4B876885B0E6B20093240AAA
:10EFA00002231A460546CDE901468121EC20F1F7FE
:10EFB00061FC084B53F824303BB105F10C02394693
:10EFC000304605B0BDE8F040184705B0F0BD00BFC1
:10EFD0006E71020178F500202DE9F84300EBC207BD
:10EFE0000646D7F800900D4690464C1E454508DB76
:10EFF000013406EBC400394607F0F6FA2046BDE8B6
:10F00000F88356F83530A3EB09035B0206EBC50124
:10F0100004D5013406EBC40007F0E6FA0135E5E754
:10F0200038B5104D296891F8BB320133DBB281F855
:10F03000BB3291F8BA12994212D1002408E000BF05
:10F0400003EB84030134D3F8BC0203F057FEE4B2AF
:10F050002B6893F8BB22A242F2D80022A3F8BA226E
:10F0600038BD00BF0804002038B5104D296891F85C
:10F07000ED320133DBB281F8ED3291F8EC129942B6
:10F0800012D1002408E000BF04F1BC02013453F89F
:10F09000220003F04BFEE4B22B6893F8ED22A2426B
:10F0A000F2D80022A3F8EC2238BD00BF08040020EB
:10F0B00070B5104E346805464CB9CDB12868B8B16A
:10F0C00008F022F92846BDE8704008F01DB9A36891
:10F0D000AB4209D1D4E9002342B15360D4E9002303
:10F0E00020461A6008F010F92468E5E77360F5E738
:10F0F00070BD00BF0C04002010B50446082008F0C5
:10F1000001F90146C8B103230370238883800B4BA8
:10F110001A681378022B0ED1A36D93F8E63013F022
:10F12000100302D05378C3F300138B710820BDE89D
:10F13000104008F026B80023F7E710BD180400209F
:10F1400010B50446008908F0C9F898B1208903F089
:10F150007DFE90B10B4B1B8813F001030FD090F88C
:10F1600047101D2907D1002380F84730BDE8104023
:10F1700001F087BF0423184610BD0323FBE70123DA
:10F18000F9E700BF1003002037B50468236E002B99
:10F19000054610DA5B000ED500F06CFC236E23F000
:10F1A0000043236604F054FE01AB04220749019595
:10F1B0000120FCF760FB00F05DFC236E23F0804330
:10F1C000236604F045FE03B030BD00BF54040101C6
:10F1D00010B590F81431072B0C46D0F8B43008D095
:10F1E0001B78C3F380131370D0F8B0300B6000208D
:10F1F00010BD987800F03F01D81C0844012110F898
:10F20000023BC3F380131370F0F7E2F8002820608C
:10F2100014BF00201F20EBE70F4B02681B7834213E
:10F2200001FB0323012283F888200C4BD3F81C2117
:10F23000110207D5D3F8242142F48022C3F82421F7
:10F2400000207047D3F81C21D201F9D5D3F824212E
:10F2500042F40022F2E700BF4504002000240141EF
:10F26000104BD3F80021962161F31742C3F8002117
:10F27000D3F800216FF31962C3F80021D3F80021FD
:10F280006FF39A62C3F80021027B32B1D3F80021F8
:10F290006FF30002C3F800217047D3F8002142F059
:10F2A0000102F7E70024014130B5C0F30802C1F3C1
:10F2B00008041319490AB3F59C7F01EB50210B4D4B
:10F2C0000ADD6FF49C73E0184B1C1044AB4280B213
:10F2D00009D840EA432030BDA94298B20B46F8D97C
:10F2E000A1F50003F5E74B1BF3E700BFFFFF7F002D
:10F2F0002DE9F04180460F4615461E462820EFF7BF
:10F3000015F80446A0B1002380F82430FEF746FC2F
:10F31000C4F80080A761E661069B2362201D07F008
:10F32000ABFF2DB194F8243043F0040384F824306B
:10F330002046BDE8F081062937B505460C4606D0C3
:10F3400000231A461946F7F721FC03B030BD0432FA
:10F3500001A90DF10200019206F0DCFE204607F043
:10F36000D1FF01460028F0D001230370BDF8023020
:10F3700045808380204607F0C3FEE6E773B54A89DF
:10F38000032A06460D460AD10B7C03F0BF03122B5D
:10F3900009D14968A87B03F0D7FE044600B1802458
:10F3A000204602B070BD0DF10701FDF725FD0446B2
:10F3B0000028F5D12A469DF807103046FBF712F8D1
:10F3C000EEE738B5437AD907054601D4002038BDA9
:10F3D000827AD207FAD513F00C0F10D000244472B1
:10F3E0004FF4827007F08EFF0028EFD010220270D9
:10F3F0002A8882808471042104F056FEE6E743F0F7
:10F40000040343721220E2E790F81431072B04D072
:10F4100041F21113A1F86630704790F80231012BC8
:10F4200004D0002BF4D0022B03D0704741F21223FA
:10F43000F0E790F8173181F868302122012B81F82C
:10F44000662014BF2322222281F867207047F8B576
:10F450000C2104460668F9F71BF80546C0B196F87A
:10F46000AC31022B0BD10027204686F8AC7103F09B
:10F470004CF839462046FCF72DF82846F8BD96F89A
:10F48000C6311B07F9D42046BDE8F840FFF75CBD44
:10F490000125F2E70168B1F84622B1F848329A42F4
:10F4A00019D8063A92B240F67A40824213D8063B07
:10F4B0009BB283420FD8B1F84A32B3F5FA7F0AD231
:10F4C000B1F84C020A3880B240F6764398428CBFBD
:10F4D000002001207047002070477FB5054641207D
:10F4E0000E4607F0D5FE0446C0B10C2100F1100312
:10F4F0000DEB0100039307F051FD402231460398C4
:10F5000006F08CFA06230093224600234121288826
:10F5100002F0B0FF10B1204607F0E4FE04B070BD69
:10F5200010B50446806D10215F30FBF737FFA06DEA
:10F5300010214F30FBF732FFA06D0821B230FBF7EE
:10F540002DFFA06D0221B030FBF728FFE378A06DFE
:10F5500010212BB900F5E070BDE81040FBF71EBF8D
:10F5600000F5C070F8E710B50278202A034600F1D4
:10F570000100F9D0A2F109010429F5D92B2A07D0FD
:10F580002D2A11D101210133013B00200A2403E07F
:10F590000021F8E76043801A13F8012F303A092A56
:10F5A000F8D901B9404210BD0021EDE738B50F4B45
:10F5B0001B688BB100240D4D2B6853F8240000F01C
:10F5C000DBFC0134082CF7D12C220021074B1868F2
:10F5D00007F0A0F8012038BD2C2007F0EAFD034B0E
:10F5E00018600028F0D10020F5E700BF78F7002070
:10F5F00010B50F4B1B688BB10D4B1C682C220021E2
:10F60000204607F087F8234604F12000002200BFBF
:10F6100043F8042B8342FBD1012010BD2C2007F0BE
:10F62000C8FD034B18600028E6D10020F5E700BFB5
:10F6300080F7002038B50446006808B107F0BDFD2A
:10F640000C4B1A6813689C420AD0043201231D46F1
:10F6500052F8041BA14204D00133082BF7D138BD66
:10F660000025204607F0A9FD024B1B68002243F845
:10F670002520F4E788F7002070B584B006464FF0E7
:10F68000864502232B606C464FF2D0031B680A4666
:10F6900010212046984706F1DC0394E8070083E830
:10F6A00007004FF240021268194630469047002387
:10F6B0002B60C01A18BF012004B070BD891A00F178
:10F6C000824030B500F5B0304D1C0121A9400488BE
:10F6D0000139914024EA010493401C43A4B2048000
:10F6E00030BD00F1824000F5B030891A0388013145
:10F6F00001208840013890401840104180B2704786
:10F70000F8B50F4D2E68002406F5087353F82470E1
:10F710008FB9162007F0F6FD883446F824002B68D0
:10F7200053F8240018B11622394606F0F3FF2B686F
:10F7300053F82400F8BD0134082CE7D10020F9E784
:10F740000403002037B584682588B5F5706F19D299
:10F75000284603F04BF8A8B1A3788DF80230E3787F
:10F760008DF8033023798DF8043063798DF80530F6
:10F770006846E388ADF80050ADF8063000F0F2F8C6
:10F7800003B030BD0320FBE759470201759E01011C
:10F79000354702011DA6010111470201B1D901013E
:10F7A000E96002013F4D0201A5630201916302017C
:10F7B000D3600201896E0201ED300201E93C0201D1
:10F7C000D342020145F70101ED4602012DE9F04166
:10F7D0000E4E33688046DB6B10200F461546984767
:10F7E000044680B18581A0F808804781014644F233
:10F7F000061003F009FF336825881B6C20469847E4
:10F800002846BDE8F0810225FAE700BF2C0300205E
:10F810002DE9F0410E4E33688046DB6B10200F4619
:10F8200015469847044680B18581A0F80880478135
:10F83000014644F2081003F0E7FE336825881B6C8C
:10F84000204698472846BDE8F0810225FAE700BF28
:10F850002C0300202DE9F84307464FF482708946B7
:10F8600090461D46089E07F04DFD044690B10623C4
:10F870000370A0F80490A0F80081058187713146DB
:10F880002A460A3006F0CAF820460421BDE8F843AB
:10F8900004F00ABCBDE8F88338B50F4B0146186880
:10F8A0000368A2B98C894F2C01D8302C11D13BB1FF
:10F8B0008D89DC89A54207D8CC899B899C4208D2D6
:10F8C00004F076FA002038BD1A461B68EFE70022E4
:10F8D000EDE70120F7E700BF1403002030B585B045
:10F8E0000C460546FCF786FF0DF10B03019303ABB5
:10F8F0008DF80B0000930122042340F2064140F2F0
:10F900000110ADF80C508DF80E4003F093FE9DF8F9
:10F910000B20024B33F8120005B030BDEE80010120
:10F9200030B585B00C460546F0F740F80DF10B03F5
:10F93000019303AB8DF80B0000930122042342F2E4
:10F94000770140F20110ADF80C508DF80E4003F035
:10F9500071FE9DF80B20024B33F8120005B030BD4C
:10F96000EE800101F0B585B002AE0546078803962A
:10F97000F4F784F90446014603A807F00FFB394663
:10F9800003A807F011FBCDE900560823032242F239
:10F99000780140F2011003F04DFE024B33F81400E1
:10F9A00005B0F0BDEE8001011FB50146044604F12B
:10F9B0001703E21D11F8010BF4F704F90DF10F0321
:10F9C0008DF80F00CDE900430122272342F22701E1
:10F9D00040F2011003F02EFE9DF80F20024B33F889
:10F9E000120004B010BD00BFEE80010130B585B03B
:10F9F0000C460546F7F774FF0DF10B03019303ABBB
:10FA00008DF80B0000930122022342F20C0140F218
:10FA100001108DF80C508DF80D4003F00BFE9DF891
:10FA20000B20024B33F8120005B030BDEE8001010F
:10FA300038B50D4C236825467BB12B68002118464C
:10FA40008C2206F067FE18224270084807F06CFC12
:10FA5000074807F061FC012038BD8C2007F052FCFC
:10FA600020600028E9D1F7E73CF8002055FF0001AD
:10FA7000E5C000010E4B1A78B2B90E4A4FF00041B2
:10FA8000C2F88010BFF34F8FBFF36F8F0121C2F810
:10FA90008410BFF34F8FBFF36F8F8902C2F88410B9
:10FAA000BFF34F8FBFF36F8F1A7801321A70704710
:10FAB000FFF8002000E100E013B50D4B0093022297
:10FAC00001231C21EC20F0F7D5FE03F0DFFD0446F6
:10FAD00020B9084B1860204602B010BD064B0190BB
:10FAE000009300220123FF21EC20F0F7C3FEF2E790
:10FAF00028710201ACF80020B54F02017FB50568FE
:10FB000002912B8801930D4B00930E46044601236E
:10FB100002225E21EC20F0F7ADFE022E06D1162166
:10FB2000204606F079FE002385F8AC3120680021DC
:10FB300004B0BDE8704006F0D5BF00BF38420201F6
:10FB400070B505460E46F2F725FC044610B10124B7
:10FB5000204670BD094B1B6853B9094B1B68002B2D
:10FB6000F6D0314628469847041C18BF0124EFE719
:10FB70003146284698470028EFD0E8E78CF8002067
:10FB800090F8002038B500240B4B05462146202272
:10FB90000A48C3E9004306F0BDFD094B094A1C6051
:10FBA0000121084606F01AF92846F2F749F8BDE89F
:10FBB0003840FCF7D7BE00BF0C04002078F50020C9
:10FBC0009CF8002091EF010138B5836D5A78022A24
:10FBD000044618D193F8E430022B14D10A4B1B6869
:10FBE0001B78022B0FD008200D7807F08BFB014605
:10FBF00048B109230370238883808571BDE83840AC
:10FC0000082007F0BEBA38BD1804002010B4836D78
:10FC10000E4A93F8E730102B0C4603D1116889780F
:10FC2000102910D012689078834289BFC0F1100269
:10FC3000E018001900219CBFC3F1100200215DF8FB
:10FC4000044B06F067BD5DF8044B704718040020B4
:10FC500070B50546806D18B107F056FB0023AB6503
:10FC60000B4E3268002402F12C0300BF53F824200D
:10FC7000AA4208D1284607F047FB336803EB840407
:10FC80000023E36270BD0134082CEFD1FAE700BF16
:10FC90001804002038B5012003F02CFE044678B18A
:10FCA0000B4806F087FF054658B9022384F8533005
:10FCB000084C20681030F0F725FB236883F82850A3
:10FCC00038BD20460821BDE83840F7F79FB900BF8E
:10FCD000D9FC01011804002070B50646022003F08B
:10FCE00009FE044690B100F1120540223146284633
:10FCF00005F094FEA3780A2B09D12046FCF750FBAF
:10FD000029462046FFF7E9FB0B23A37070BD0C2B9F
:10FD1000FCD12046BDE87040EFF7DABA2DE9F0419A
:10FD20000E4E002400F117074FF0270835682B7896
:10FD3000E340DB070AD508FB045010223946223085
:10FD400005F05EFE003018BF0120A87033689B7874
:10FD500013B90134082CE9D1BDE8F081200400205A
:10FD6000122811D004D811284FF0010005D0704797
:10FD7000213802280ED901207047094B1A8860F3F8
:10FD800083021A8000207047054B1A88022161F314
:10FD90008302F6E7024A138843F00C031380F1E76D
:10FDA000C034014138B50F4B1D682C6806F006F9C8
:10FDB00094F86420237D82B913F0400F10D0D4F85A
:10FDC0007801037F0BB907F075FA042323752846E1
:10FDD0002421BDE8384006F015B913F0010FEDE716
:10FDE00038BD00BF1404002061B190F86630212BAB
:10FDF00011D00AD8112B15D0122B08BF012018BF23
:10FE0000FF20704790F86730F1E7222B0CD0232BAE
:10FE100008BF0220F3E790F86830002B0CBF0220E7
:10FE200003207047002070470320704770B50E4BC9
:10FE30001D880E4B03F58252441B9668A4B264F3EE
:10FE40001F46966003F582520139D66803F5825346
:10FE500064F31F46D66008441A69401B80B260F301
:10FE60001F421A6170BD00BF000400200024014140
:10FE700037B50023ADF804304B7805460C462BB15E
:10FE80000021206907F05AFA03B030BD0DF10301DB
:10FE900004F062FBA37803F01103184310F0FF0F86
:10FEA000EED195F833308DF8043001238DF805300C
:10FEB00001A9E6E710B5044690F8A83031B123B99E
:10FEC000B0F8B2300133A0F8B23010BD53B9AA3047
:10FED000F9F7E4FE94F8B43084F8AA300123A4F8CA
:10FEE000B230F2E7B0F89830A0F8C230BDE8104068
:10FEF000B830F3F7DFBBC0B208B50B461146072890
:10FF000008D8DFE800F004090D1107071515186877
:10FF1000ECF78EF9002008BD1846FAF729FAF9E740
:10FF20001846F7F723FDF5E71846F0F72FFCF1E741
:10FF3000184603F006FAEDE710B5054C227832B901
:10FF4000044B13B10448AFF300800123237010BDAC
:10FF500098F50020000000000000000008B5034BE9
:10FF60001BB103490348AFF3008008BD0000000047
:10FF70009CF5002000000000D8B138B504460D4BB8
:10FF80001A68136898420AD0043201231D4652F8B9
:10FF9000041BA14204D00133082BF7D138BD002542
:10FFA000204607F00AF9034B1B68002243F825207E
:10FFB000F4E7704778F7002070B505460E460D4B04
:10FFC0001B68DB68DC68201D04F07EFB94F824309D
:10FFD00013F0040F07D123F0010384F82430236ABF
:10FFE0002046984770BD32462946204604F05EF907
:10FFF000F5E700BF08F8002000B583B0FDF7CEFD9F
:020000040102F7
:10000000094B1B686BB1094B019303230093002339
:100010004FF4807206490748E7F71AFB03B05DF812
:1000200004FB0020FAE700BF14F8002018F80020B5
:10003000DC710201E9B1000170B50E4B1E7800229F
:10004000824202D30023184670BD8C5CA042F9D3D3
:100050008D186B78012B04D13EB9AD7815F0030FE4
:10006000F1D101342244D2B2EAE7AB7813F00103B4
:10007000F6E700BFF9F8002070B5E0B14AB1168884
:100080000024A64203D805196D789D4208D08C4201
:1000900001D300200FE0055D01352C44A4B2F0E748
:1000A0008C42F6D2005DA31C01389BB280B21C18B2
:1000B0008C42EEDC138070BD7FB502AE0546039620
:1000C000F8F762F90446014603A806F067FF29889D
:1000D00003A806F069FFCDE900560E23032242F281
:1000E000200140F2011003F0A5FA024B33F814008E
:1000F00004B070BDEE8001017FB58DF80F00FEF7F2
:10010000ABFA0DF1170301930DF10F0300930123D7
:100110008DF817001A4642F22D0140F2011003F04B
:1001200089FA9DF81720034B33F8120007B05DF8E9
:1001300004FB00BFEE8001017FB5ADF80E0001F0B9
:10014000ABFF0DF1170301930DF10E038DF81700AE
:1001500000930122022342F22E0140F2011003F02B
:1001600069FA9DF81720034B33F8120007B05DF8C9
:1001700004FB00BFEE80010173B50C4C0C4E0D4D1D
:1001800023684FF0FF329B6A01A930469847012847
:10019000F6D10198437955F823309847019890F9A2
:1001A0000430002BECDB01F043FFE9E72C030020D7
:1001B0005803002058F5002008B50C4B5A6842F44B
:1001C00000025A605A6AD106FCD540F2771001F05D
:1001D0004FFA074A138E43F080031386034B1A6AC3
:1001E000D203FCD5034B01221A7008BD0040014127
:1001F00000240141FCF800200A4B0B4A0020187033
:100200000A4B106050601A46C3E9000342F8080F19
:10021000DA60074B1A8860F3C3021A800721054A87
:1002200000F02ABC02F9002040F70020C4F60020AC
:10023000203E01414DB3000110B506F021FF08B981
:10024000002010BD0B4C2368D3F82031984778B9B3
:100250002368D3F82431984750B92368D3F828315C
:10026000984728B92368D3F82C3198470028E7D05D
:100270000C20E6E75C03002013B50D4B009302222F
:1002800001232321EC20F0F7F5FAFFF7D5FF044610
:1002900020B9FEF79FFA204602B010BD054B019031
:1002A000009300220123FF21EC20F0F7E3FAF2E7AC
:1002B0001E710201B54F020138B5036893F8AC21F5
:1002C000213A012A05460AD893F8AD41012C06D1FE
:1002D000022283F8AD2183F8A941204638BD0622C9
:1002E00003212846FEF7A3FB04460028F5D0002191
:1002F0002846FBF7EFF8F0E710B509210446002087
:1003000004F050FDB8B1236815220273B3F8A2219E
:10031000A0F80D20B3F8A421A0F80F20B3F89E2177
:10032000A0F81120B3F8A031A0F813300146204600
:1003300005F020FE012010BD10B50E4B4FF000045B
:1003400051B193F9012090F90010914207DB02703E
:1003500044F00204204610BD93F90220F3E793F91C
:100360000330994203DC037044F00104F2E707F024
:1003700013F8EFE7260400203A2808B50FD10D4BFB
:10038000186890F82830042B09D8013380F82830F9
:1003900041F288311030BDE80840EDF76FBC022013
:1003A00003F0A8FA20B10821BDE80840F6F72EBEF8
:1003B00008BD00BF18040020E69D350E480103CC9F
:1003C000DBFDF4AC1191F4EFB9A5F9E9A7832C5E3C
:1003D0002CBE97F2D203B0208BD28915D08E1C741C
:1003E0002430ED8FC24563765C15525ABF9A326352
:1003F0006DEB2A65499C80DC122917D00BD8112996
:1004000011D00C4B1B68C3F34113012B07D1000122
:1004100000F5197070472229F9D02329F1D1800104
:1004200000F266307047C000E63070478000C2308E
:10043000704700BFC034014110B5044606F05AFBB6
:100440000369FE2B81BF002363760368826894BF33
:1004500001239B18064A98BF6376126898BF4369C8
:100460009B1A044A11689BB263F30F01116010BD1F
:10047000000400204C34014107B590F8E51000233A
:10048000ADF8043099B990F8E43013F0110F07D1AA
:1004900090F8C7308DF8043001238DF8053001A99C
:1004A000044B186806F04AFF03B05DF804FB1946D8
:1004B000F6E700BF3C04002010B50446FDF724FA1F
:1004C0002046F5F757FC2046F0F716FF204604F0CB
:1004D0005FFBF4F779FA2046FCF7CEFA2046FEF7E8
:1004E000BFFEEEF759FA00F04DFC01F0B9FA2046D4
:1004F000BDE81040F6F762BE094B10B500241C7031
:10050000084B1C60084B1C60084B1C60084B1C60AF
:1005100002F0A4FD0749012006F0D6FD204610BDDB
:1005200009F90020D0F80020D4F80020D8F80020E5
:10053000DCF80020EF1C020110B50E4C3C20218895
:1005400001F0AEF96188442001F0AAF9A3880022E5
:1005500003211C2003F0C7FFE3881022162114207A
:1005600003F0C1FF2389102216216420BDE810404A
:1005700003F0B9BF5A04002010B53C2002F0C6FCBD
:100580000C4C2080442002F0C1FC0022608003213A
:100590001C2005F00DF81022A0801621142005F073
:1005A00007F81022E0801621642005F001F8208170
:1005B00010BD00BF5A040020474154543A446174AE
:1005C00061207263762C4F703D3078253032780090
:1005D000474154543A44617461207263762C6E6FC3
:1005E00020617661696C20636F6E6E2C68646C3D6F
:0705F000307825303478005B
:1005F80038B503780C2B044618D1808802F022FC09
:10060800A0B100254572008806F0B5FB70B14FF423
:10061800827006F073FE48B110220270A2888280B0
:1006280085710421BDE8384003F03ABD38BD37B5BF
:10063800D0E9035401AA6946008902F033F988B168
:10064800009B9A7B92060FD49A682188128891425F
:1006580088BF228022885968284605F0DBF90020E7
:1006680003B030BD0320FBE70120F9E70368B3F8C6
:100678004C10B3F84A22914215D1B3F84E10B3F892
:100688004C2291420FD193F84E2262B9B3F84A2016
:10069800B3F84612914206D8B3F8480290422CBFEC
:1006A80000200120704701207047434D443A5365AC
:1006B8007453636E506172616D0053434E3A74799E
:1006C80070653D25642C696E74766C3D30782578AC
:1006D8002C77696E3D30782578004552523A73740C
:1006E800617475733D25640070B50468236E43F02A
:1006F8008003236605460E4603F017FF90B9236E64
:1007080023F0800343F40073236616B12846F4F7F8
:1007180081FF20463146FFF7C9FB2846BDE87040F7
:10072800E3F7BEBE70BD4C32433A44617461207237
:1007380063762C6F703D307825303278004C324328
:100748003A44617461207263762C6E6F2061766121
:10075800696C20636F6E6E2C68646C3D3078253050
:10076800347800534D503A44617461207263762C9A
:100778006F703D30782530327800534D503A4461DF
:100788007461207263762C6E6F20617661696C20CB
:10079800636F6E6E2C68646C3D3078253034780059
:1007A80000B583B00023019301AA0068F2F7DCFFCB
:1007B800012803D0002003B05DF804FB019B43B17E
:1007C800054B4FF080521A60BFF34F8FBFF36F8F06
:1007D800F1E70120EFE700BF04ED00E000B583B0CA
:1007E8000023019301A90068F6F746FE18B9002016
:1007F80003B05DF804FB019B4BB1064B4FF08052F0
:100808001A60BFF34F8FBFF36F8F0120F0E701200D
:10081800EEE700BF04ED00E00C4B0222C3F8802194
:10082800C3F88020BFF34F8FBFF36F8F084A137848
:1008380043F001031370536813F0010FFBD14FF01D
:10084800884307225A6608225A66704700E100E08A
:1008580000080040094B1A68094B1B68D86A58B948
:10086800084B1B68012B08D8012A06D8064B1868C4
:10087800064B1B68C01A704700207047E8F7002035
:10088800CCF7002090F20020F0F7002000F80020BC
:1008980010B504460A4B1B680A4A1268034493427F
:1008A80004D0074B18682044186010BD04F0C8FB3A
:1008B800054A13680133136005F048FD013CF0E771
:1008C80000F80020F0F70020F8F7002070B5446821
:1008D8000C4B1D68EC611D68A6682E621D681835F2
:1008E80075601D681835A5601B6898620368013338
:1008F8000360002A0CBF08464FF0FF301146F3F79B
:1009080049F870BDCCF7002038B50B4D0B490620CF
:1009180006F064F82A680A49C2F88411002400BF66
:1009280004F188022B68013453F8220001F044FADC
:10093800082CF5D1002038BD0403002088F70101F8
:10094800BD3B000108B50949042005F007FA08492C
:10095800002006F08BFB074B074A1B685A60074BC1
:100968001B684FF0F7129A60002008BD89660201E3
:10097800DC2802011C040020398B0101140300202B
:100988001FB50146044611F8010BFBF7D3FE0DF124
:100998000F038DF80F00CDE900430122072342F22F
:1009A800110140F2011002F041FE9DF80F20024BA8
:1009B80033F8120004B010BDEE80010130B587B0E5
:1009C80004AC0D46039404F0BBFB03A8002106F019
:1009D800E1FA294603A8062205F094FD01940024B3
:1009E80000942346072241F2090140F2011002F067
:1009F8001DFE204607B030BD38B50B4C2368254690
:100A08005BB12B68094A1A602B68C3E90122DA60D6
:100A1800074AC3E90422012038BD182006F06EFCFD
:100A280020600028EDD1F7E718030020F9720201D1
:100A3800FD7202010B4B1A6842F480121A600A4ACE
:100A4800118E6FF3C71111861A6A02F44032B2F59B
:100A5800003FF9D15A6822F400025A60034B002281
:100A68001A7070470040014100240141FCF8002041
:100A780038B90F2904D8094B02B9094A43F821208B
:100A88007047012803D10F29FAD8064BF4E702284A
:100A9800F6D10F29F4D8044BEEE700BFB0F90020D7
:100AA800DF6D0201F0F9002030FA00200B4B1B78B3
:100AB80013F0060311D10A4A13700A4A08214FF4A9
:100AC8007060013911F0FF0110809370C2F8033093
:100AD800A2F8073002F10A02F3D1704703F90020A7
:100AE80004F9002058F30020F8B50D4D06460F46CE
:100AF80000242B88B3F5706F08D0AB78B34205D1CA
:100B08000622E91C384604F077FF38B10134E4B214
:100B1800082C05F10A05ECD10020F8BD0120FCE7FE
:100B280058F3002030B593B000688DF8043041F2D6
:100B38000C04ADF8004090F8C6410388ADF80630C3
:100B4800002565F34104A0F86C5280F8C641684658
:100B58008DF808108DF8092001F036FB13B030BD70
:100B680038B5046894F8AE3105460BB1012038BD9C
:100B7800132384F8AE311621F7F786FC0028F5D048
:100B880094F86430284633B9E9F77CFD0028EDD1A4
:100B980084F8AE01EBE7FCF793FBF7E710B5042107
:100BA8000446002004F0FAF8A8B12368062283F866
:100BB800AC212322027303F28B221188A0F80D10B6
:100BC8009278C27393F88C2283F8862201462046D5
:100BD80005F0CCF9012010BD10B50A4C206806F0CC
:100BE800ABFB00232360084C227842B1012A04D1D0
:100BF800064B07481968EDF73DF8002323700020DD
:100C080010BD00BFDC030020FC030020F803002017
:100C1800E003002030B50C4691B040220546002183
:100C2800684605F073FD94F90120002352009342B1
:100C380006DB21466846EEF7BFF8C0B211B030BDFA
:100C480010A91944E85C01F8400C0133DBB2EEE767
:100C580070B50446B8B10C4D2B68D3F88061FEF727
:100C680005FF66B926602B68D3F8843163601C6081
:100C78002B68C3F88441BDE8704003F0E5B8A6428C
:100C8800F9D03668EDE770BD08040020F8B50D4DC1
:100C980006682B8840F6FE6293429ABF01339BB2E6
:100CA80000232B8040F6FE772C88204603F012FFA5
:100CB80008B93480F8BDBC429ABF0134A4B20024FC
:100CC8002C80F1E7ACFA002010B5044686B0806DA0
:100CD8000A4B019304220DEB020102ABA030E6F7A8
:100CE80093FF074B0193A36D042216330DEB02010A
:100CF80002A8E6F789FF06B010BD00BF31706D7419
:100D08007262656C072838B514D80B4C03B2246896
:100D18005D00EC4004F00304012C0BD11D44074B8B
:100D280003EB45031C6814609B889380F8F7FEFE6C
:100D3800002038BD1F20FCE7ACF80020003301413B
:100D48000D4BD3F8182142F48072C3F81821D3F858
:100D58002C216FF30F02C3F82C21D3F8182103219B
:100D680061F30712C3F81821D3F8182161F30302BD
:100D7800C3F81821704700BF002401410D4BD3F878
:100D8800182142F48072C3F81821D3F82C216FF38C
:100D98000F02C3F82C21D3F81821032161F307129D
:100DA800C3F81821D3F8182161F30302C3F81821F6
:100DB800704700BF0024014170B50C4B1B68054605
:100DC8000C4616464BB97EB9342101FB045494F8FD
:100DD8005E00003018BF012007E098470028F2D0D5
:100DE800034B1B78002BEED1002070BDD0F80020FB
:100DF80009F9002010B5012003F04CFD4FF6FF71F2
:100E08000446012001F026FE2146012003F054FD8E
:100E180000220D210120FFF72BFE00231A4603496B
:100E28001846BDE81040FAF722BD00BF02070100CE
:100E380013B50B4B1C680B4BD3F81C21120203D4BF
:100E4800D3F81C31DB0101D5F6F7A4FE01AB04226F
:100E5800054901940020FAF70AFD02B010BD00BF51
:100E680014040020002401410102010030B50D4A9C
:100E7800002300BF12F8134024B902EB43035B7848
:100E8800184630BD01680D78A54209BF02EB43033F
:100E980001335B78013114BFDBB201600A2BE9D959
:100EA800EEE700BF5E620201434D443A5365745059
:100EB8007269766163794D6F64652C616464723D13
:100EC8003078253032782530327825303278253020
:100ED800327825303278253032782C6D6F64653D54
:030EE8002564007E
:100EEC000246C8B1002300BF00BF00BF00BF00BF57
:100EFC0000BF00BF00BF00BF00BF00BF00BF00BFEE
:100F0C0000BF00BF00BF00BF00BF00BF00BF00BFDD
:100F1C0000BF01339A42E6D1704738B505460089C7
:100F2C0006F0D6F980B12889EC6801F089FF0546F6
:100F3C0060B12378C17C99420AD163786288F4F756
:100F4C0077FE00B9E87438BD0420FCE70320FAE70B
:100F5C000120F8E7434D443A5365745478506F7749
:100F6C0065725265706F7274696E67456E61626C02
:100F7C00652C48646C3D307825782C4C6F63616C23
:100F8C003D25642C52656D6F74653D25640010B56C
:100F9C00046894F8641094F8BE21034689B991074B
:100FAC000BD50F211846EFF71BFA08B9002010BD1E
:100FBC00112384F8AC310120F9E70121EDF76CFD28
:100FCC00F3E79207F2D5ECE738B51421044605682F
:100FDC00F7F758FA08B9012038BD95F8AE31002B57
:100FEC00F9D12046EEF756FD05462046FFF77EF96F
:100FFC000028F1D0002DEED0204600F0BFFB284693
:10100C00EAE741B190F86730212B0ED006D8123B9D
:10101C0058425841704790F86630F5E7222B0BD0B8
:10102C00232B0CBF02200020704790F86830002B57
:10103C000CBF0220032070470320704770B5066870
:10104C000C200D4606F058F9044650B14DB1284617
:10105C0006F052F90546A06028B9204606F04EF974
:10106C002C46204670BD00232360D6F8F0321C605D
:10107C00C6F8F042F5E737B50546012006F002F94F
:10108C00044698B100F110031E2101A8019305F04C
:10109C007FFF28462246012104F075FA054610B15F
:1010AC00204606F019F9284603B030BD0225FAE7B0
:1010BC0010B581213C2000F0EDFB8121442000F093
:1010CC00E9FB00231A4603211C2003F006FA032334
:1010DC0010221621142003F000FA032310221621EB
:1010EC006420BDE8104003F0F8B9080000B5C3B0A7
:1010FC0000234193094B1B6AC3F30013002B14BF4D
:10110C00092308238DF80030002341AA69460448BE
:10111C004068F2F727FB43B05DF804FB002A00445B
:10112C00C802002000B5C3B000234193094B1B6AD1
:10113C00C3F34023002B14BF062307238DF8003084
:10114C00002341AA694604484068F2F70BFB43B000
:10115C005DF804FB002B0044C8020020F8B50C4ECF
:10116C0033680746DB6B0C200D469847044668B184
:10117C008572078101464FF4B05002F03FFA336894
:10118C0025881B6C204698472846F8BD0225FBE7AE
:10119C002C030020F8B50C4E33680746DB6B10208F
:1011AC000D469847044668B1C5600781014641F277
:1011BC00016002F023FA336825881B6C204698479F
:1011CC002846F8BD0225FBE72C030020F8B50C4E91
:1011DC0033680746DB6B10200D469847044668B110
:1011EC00C5600781014641F2036002F007FA3368DB
:1011FC0025881B6C204698472846F8BD0225FBE73E
:10120C002C030020F8B50C4E33680746DB6B0C2022
:10121C000D469847044668B185720781014641F234
:10122C00046002F0EBF9336825881B6C2046984764
:10123C002846F8BD0225FBE72C030020F8B50C4E20
:10124C0033680746DB6B10200D469847044668B19F
:10125C00C5600781014641F6010002F0CFF9336801
:10126C0025881B6C204698472846F8BD0225FBE7CD
:10127C002C030020F8B50C4E33680746DB6B1020AE
:10128C000D469847044668B1C5600772014641F2A5
:10129C00040002F0B3F9336825881B6C204698478C
:1012AC002846F8BD0225FBE72C030020F8B50C4EB0
:1012BC0033680746DB6B10200D469847044668B12F
:1012CC00C5600772014641F20A0002F097F93368D3
:1012DC0025881B6C204698472846F8BD0225FBE75D
:1012EC002C030020A147020145E401018B7202018D
:1012FC0005720201ED7102017F720201B7BE01019C
:10130C008541010199750101F7700201ED7002012F
:10131C00F57102012D250101016D0201F8B50C4E8C
:10132C0033680746DB6B0C200D469847044668B1C2
:10133C0045810781014642F2010002F05FF93368F2
:10134C0025881B6C204698472846F8BD0225FBE7EC
:10135C002C0300200278042A14D80B4B19680A704D
:10136C001A6881785171417851701B68C2789A71F2
:10137C000279DA71C07830B15A7842F008025A70AA
:10138C0000207047032070471804002007B50A4856
:10139C0005F09EFD094B0A4A1A604FF0FF3300938B
:1013AC006846CDF803303F238DF8073005F09CFFDD
:1013BC0003B05DF804FB00BFB96E02010C03002002
:1013CC00E9720201F8B50C4E33680746DB6B10204E
:1013DC000D469847044668B1C5600781014644F242
:1013EC00051002F00BF9336825881B6C20469847D2
:1013FC002846F8BD0225FBE72C03002013B5C38853
:10140C00032B044614D1837A0C2B03D003F0FD0379
:10141C00082B0DD123680DF10700596803F04EFE1F
:10142C0030B923689DF807209B681A8002B010BD64
:10143C008020FBE71FB50446ECF7C8FD0DF10F0348
:10144C008DF80F00CDE9004301220E2342F2130167
:10145C0040F2011002F0E8F89DF80F20024B33F82F
:10146C00120004B010BD00BFEE8001011FB5044690
:10147C00E8F7CAFB0DF10F038DF80F00CDE900431F
:10148C000122082342F2320140F2011002F0CCF8A2
:10149C009DF80F20024B33F8120004B010BD00BFB2
:1014AC00EE8001011FB50446E9F75CFA0DF10F035C
:1014BC008DF80F00CDE9004301221A2342F20D01F1
:1014CC0040F2011002F0B0F89DF80F20024B33F8F7
:1014DC00120004B010BD00BFEE8001011FB5F9F77A
:1014EC0043FC0DF10F03019300238DF80F000093C3
:1014FC00012242F20E0140F2011002F095F89DF823
:10150C000F20034B33F8120005B05DF804FB00BF4D
:10151C00EE8001011FB50446F7F788FB0DF10F03B0
:10152C008DF80F00CDE900430122052342F214018E
:10153C0040F2011002F078F89DF80F20024B33F8BE
:10154C00120004B010BD00BFEE8001011FB50446AF
:10155C00F8F772FD0DF10F038DF80F00CDE9004384
:10156C000122062342F2050140F2011002F05CF860
:10157C009DF80F20024B33F8120004B010BD00BFD1
:10158C00EE8001011FB5FEF791FA0DF10F030193E7
:10159C0000238DF80F000093012242F2100140F25B
:1015AC00011002F041F89DF80F20034B33F81200A4
:1015BC0005B05DF804FB00BFEE8001011FB5FEF71E
:1015CC0055FE0DF10F03019300238DF80F000093CE
:1015DC00012242F2290140F2011002F025F89DF897
:1015EC000F20034B33F8120005B05DF804FB00BF6D
:1015FC00EE8001011FB5F6F7DDFB0DF10F03019332
:10160C0000238DF80F000093012242F2250140F2D5
:10161C00011002F009F89DF80F20034B33F812006B
:10162C0005B05DF804FB00BFEE8001011FB5044658
:10163C00F5F7ECF80DF10F038DF80F00CDE9004331
:10164C0001220A2342F20B0140F2011001F0ECFFDF
:10165C009DF80F20024B33F8120004B010BD00BFF0
:10166C00EE8001010023834200D1704700BF00BF10
:10167C0000BF00BF00BF00BF00BF00BF00BF00BF66
:10168C0000BF00BF00BF00BF00BF00BF00BF00BF56
:10169C0000BF00BF00BF00BF0133E4E713B50C4629
:1016AC00087000212046FEF741FE084A94F90030EC
:1016BC0053700193064B0093022201232E21EC2040
:1016CC00EFF7D2F8002002B010BD00BF26040020B6
:1016DC00D44C020113B50C46087000212046FEF7CD
:1016EC0025FE084A94F9003013700193064B0093C1
:1016FC00022201232F21EC20EFF7B6F8002002B0D4
:10170C0010BD00BF26040020604D02010B4A30B50D
:10171C0000230A2404FB03F18D5A854208D14FF4AF
:10172C0070635352064A1378013B1370002030BD8E
:10173C000133082BEED10220F9E700BF58F300204B
:10174C0004F9002070B50C4E0024304604F0C0F9AA
:10175C00014638B1037A5B07A0F1040504D40648AE
:10176C0004F0A9F9204670BD284604F0CBF92846B0
:10177C0005F0C4FD0124E8E76403002000B503680C
:10178C001A6E93B042F400121A6641F20702ADF8D9
:10179C0000201A88ADF804206846D3F89E21D3F8AF
:1017AC00A231CDF80620CDF80A3000F00BFD13B0B5
:1017BC005DF804FB08B50B4B186005F067FC0020C6
:1017CC0001F086FB012001F083FBE7F75BF8EFF7F4
:1017DC00BDF801F065FB044B00221A60BDE808401F
:1017EC0000F090B800040020ACF800200C4B1B68F3
:1017FC00D3F8982282B9D3F89C0268B993F8942252
:10180C006AB993F8950248B9D3F8A4223AB993F877
:10181C00280380F001007047002070471046704785
:10182C0008040020C595000145780001870F0101CF
:10183C000D9501019D380201A33B0201831C02019D
:10184C00793B02016D2202014F3B0201C1D1010122
:10185C0065460101A1430101C9FB010110B5047AE0
:10186C004FF4827005F048FD20B10D220270042166
:10187C0002F014FC064B04341B6853F824302BB1D3
:10188C0013211888BDE81040FFF768BC10BD00BFDD
:10189C001C0400200C4BD3F8002C60F31742C3F847
:1018AC00002CD3F8002C61F30F02C3F8002CD3F8F2
:1018BC00042C42F48012C3F8042C00BFD3F8042C7F
:1018CC00D202FBD4704700BF00240141094B0A4AE5
:1018DC0018800A4B1880C3B203F10B00183BD3706D
:1018EC00074BC2F8053040B29070107050701071F8
:1018FC00FBF78CBC300400202604002024040020BC
:10190C00CEC4BAF608B5082001F0FAFA074B1880D5
:10191C001F2001F0F5FA064B1880512001F0F0FA67
:10192C00044B1880044BFF221A7008BD36040020AB
:10193C0038040020320400203404002003780133E2
:10194C00DBB20370ABB943780133DBB2437083B9BC
:10195C0083780133DBB283705BB9C3780133DBB2BC
:10196C00C37033B902797F2A01D1037170470132F8
:10197C000271704710B5C37D0146B3B1D0F8A030E9
:10198C009BB190F82A201C8922441A8104F08FFF05
:10199C00D1F8A03018895A89904206D1C1F8A430E8
:1019AC000846BDE8104005F0F9B910BD0C4BD3F852
:1019BC00282142F00802C3F82821D3F8282142F04C
:1019CC000402C3F82821D3F8282142F00202C3F8FC
:1019DC002821D3F8282142F00102C3F828217047AE
:1019EC00002401410C4B03F5D3521520D16860F350
:1019FC001F61D160D168192003F5835360F317413F
:101A0C00D1609A68062161F31F729A609A6802216C
:101A1C0061F31B629A6070470024014110B5C488C1
:101A2C000A4B220A53F8223023B100F10C028168D0
:101A3C00E0B29847064B1A68116809B10021116091
:101A4C001B685A680AB100225A6010BDCCF4002001
:101A5C00040400200C4B03F5D3521520D16860F31D
:101A6C001F61D160D168192003F5835360F31741CE
:101A7C00D1609A68062161F31F729A609A680221FC
:101A8C0061F31B629A6070470024014170B50B48EA
:101A9C000B4D4FF6FF76016821B9436813B905F079
:101AAC0077FC70BD83684268334000F10C0455F834
:101ABC0023302046984704EB8000ECE7A41100018A
:101ACC00006702014FF4001C1CEB410F98BF1CEB8C
:101ADC00430F11D851EA030C50EA4C0C5CEA020C8F
:101AEC000AD004D282428B418041404270479042DE
:101AFC0099418041404270470020704770B50446C0
:101B0C00008905F0E5FB80B120896589A68901F083
:101B1C0097F960B1F22280F844208587C687324657
:101B2C002946BDE87040F8F713BA042070BD0320B5
:101B3C00FCE738B50E2104460568F6F7A3FC88B11E
:101B4C0095F8AE317BB995F864302BB92046092154
:101B5C00BDE83840F3F7E6BE20460E21BDE838401C
:101B6C0003F03CB9012038BD0E2912D005D8042948
:101B7C000BD005290BD00020704717290BD0192941
:101B8C000BD01029F7D105F086BBFEF78FBBFAF707
:101B9C00EEB9FFF7CEBF03F0ABBCFDF7ABB910B598
:101BAC00046894F8C8319B070CD1F9F713F908B9FC
:101BBC00002010BD40F22113A4F8AC31012384F8AD
:101BCC00A831F6E70A2103F0B1FC0028F0D040F26E
:101BDC002243F1E738B50468054603F021F904F512
:101BEC002970EEF789FB94F8C83123F0030384F8CD
:101BFC00C831002384F8AC3184F8AE3184F8B031AC
:101C0C002846BDE8384001F0EBBDF8B50F46016839
:101C1C0091F8F44215461E465CB91146FFF70EFAD0
:101C2C0060B107712A463146806803F0F1FE204608
:101C3C00F8BD022381F8F4320024F8E70724F6E714
:101C4C001FB5C36A8DF8071004463BB105F064F963
:101C5C0030B1E36A206A0DF10701984704B010BD5A
:101C6C009DF807300393082202AB11460220029420
:101C7C00F9F7FBFDF2E713B590F8573004469BB12A
:101C8C00826D0191137843F002031370806D022270
:101C9C0001A900F59E7004F029FCA06D082201A991
:101CAC0000F59F7004F022FC02B010BD10B5044684
:101CBC00FFF77CFEF5F734FAF4F754FB02F050FF13
:101CCC00F0F7C2FD01F07EFEF7F7A6FFEBF7ACFED6
:101CDC00FFF734F8FFF786FE2046BDE81040F5F715
:101CEC0085BEC0B208B50B461146032806D8DFE8FE
:101CFC0000F002070B0F1846FCF78CFD002008BD06
:101D0C001846FDF783FAF9E71846FBF7CDFDF5E722
:101D1C001846E9F749F8F1E710B40B4B1C6800239F
:101D2C00A11C02E00133082B0AD011F82320012A50
:101D3C00F8D134F823208242F4D104EB830000E084
:101D4C0000205DF8044B704780F70020F0B40B4B7B
:101D5C001F68391F002302E00133082B0BD0DEB2C1
:101D6C0051F8042F002AF7D014898442F4D19672CA
:101D7C0057F8230000E00020F0BC704788F70020E3
:101D8C0030B40D68B5F1FF3F02D000F1080202E05B
:101D9C00026904E01A4653681C68AC42FAD95368CD
:101DAC004B6099608A60516008610368013303607D
:101DBC0030BC704738B580B10A4D2A68002402F552
:101DCC00087300BF53F82420824207D105F096FA1D
:101DDC0088342B68002243F8242038BD0134082CA9
:101DEC00F0D1FAE70403002070B50B4E33680546BA
:101DFC00DB6B0C209847044660B1856001464FF4BC
:101E0C00B85001F0FBFB336825881B6C20469847C3
:101E1C00284670BD0225FBE72C03002070B50B4E45
:101E2C0033680546DB6B0C209847044660B105818E
:101E3C0001464FF4C05001F0E1FB336825881B6C60
:101E4C0020469847284670BD0225FBE72C0300204E
:101E5C0070B5C3880A4E022B054604D133681B7833
:101E6C000BB1F2F7FFFF0024336803EB8403284621
:101E7C00D3F8FC3101349847092CF5D170BD00BF63
:101E8C000403002070B50B4E33680546DB6B0C2049
:101E9C009847044660B1856001464FF4805001F0CC
:101EAC00ADFB336825881B6C20469847284670BDCF
:101EBC000225FBE72C03002070B50B4E336805465A
:101ECC00DB6B0C209847044660B18560014641F2FB
:101EDC00020001F093FB336825881B6C2046984761
:101EEC00284670BD0225FBE72C03002070B50B4E75
:101EFC0033680546DB6B0C209847044660B185605F
:101F0C0001464FF4905001F079FB336825881B6C27
:101F1C0020469847284670BD0225FBE72C0300207D
:101F2C0070B50B4E33680546DB6B0C2098470446A6
:101F3C0060B10581014643F2040001F05FFB336898
:101F4C0025881B6C20469847284670BD0225FBE768
:101F5C002C03002070B50B4E33680546DB6B0C2050
:101F6C009847044660B10581014643F2060001F032
:101F7C0045FB336825881B6C20469847284670BD66
:101F8C000225FBE72C030020000000002DD20001ED
:101F9C0029570201E99E0101F5AF0101F957010131
:101FAC00FDA601018554020167540201B98A0101A1
:101FBC00AD2A01015DB00101A35402011FB5044615
:101FCC000146E27911F8010BF6F754F90DF10F0304
:101FDC008DF80F00CDE900430122082342F24E0197
:101FEC0040F2011001F020FB9DF80F0004B010BD71
:101FFC0098B10A4A50F8043C126813420DD050F8BC
:10200C00081C51B9064923EA02030A6840F8043C4B
:10201C00134408380B60FCF7F3BA704748F80020FB
:10202C004CF8002038B5044690B10379C3F3801501
:10203C0003F0BAFB074B1B68002203EBC5032260BD
:10204C0059680C605C602271BDE8384002F044BCF9
:10205C0038BD00BF5CF8002008B568B1084B1B68A0
:10206C00984740B1074B01221A70074B1B78002B85
:10207C000CBF1046022008BD024B1870FBE700BFD6
:10208C006CF80020FDF80020FCF8002013B50A4B7A
:10209C00019004460093022201232821EC20EEF744
:1020AC00E3FB064B1B680021A3F800410320F6F765
:1020BC009FF8002002B010BD3C6702015C030020B9
:1020CC0010B50B4C2368D3F82031984770B92368AE
:1020DC00D3F82431984748B92368D3F82831984766
:1020EC0020B92368D3F82C31984700B10C2010BDCF
:1020FC005C03002000B50A4B1B685B7D93B063B199
:10210C008423ADF80030074B19682822133101A83D
:10211C0003F07EFC684600F055F813B05DF804FB44
:10212C00600300205C0300200B4B1A6832B192F85C
:10213C00C010012902D1107C01280BD0586848B17D
:10214C0090F8C030012B04D1007C431E58425841FA
:10215C0070470020704700BF48F7002013B50A4BAA
:10216C000C780093022201234721EC20EEF77CFB34
:10217C00064B0093022301941A464821EC20EEF7FB
:10218C0073FB002002B010BDFC5E0201065F020171
:10219C00434D443A536574506174684C6F73735279
:1021AC0065706F7274696E67456E61626C652C4800
:1021BC00646C3D3078253034782C456E61626C65EA
:1021CC003D25640013B503880193094B0093044625
:1021DC00012302225F21EC20EEF746FB054B1B6826
:1021EC0023B1204602B0BDE81040184702B010BD24
:1021FC00626D02019CF8002010B5046E601A10F498
:10220C00800F0FD14C4008490C420BD003EB9203CA
:10221C00084040F271225043B3EB500F2CBF012009
:10222C00002010BD0120FCE7FFFF7F0008B5C3882C
:10223C0000F10801D8B213F47F4309D0B3F5807FC5
:10224C0009D0064B1968FFF7D1FA81F8340308BDA1
:10225C00F1F76EF9F5E7F7F7B3FBF2E708040020A6
:10226C0013B590F85730044693B1826D01911378F1
:10227C0043F008031370806D01A900F5AC7004F0F5
:10228C004EFDA06D062201A900F2591004F02EF9A2
:10229C0002B010BD10B5F4F74DFB044660B9074A07
:1022AC001378590708D443F004030548137004F05D
:1022BC00F3FE044804F0FCFE204610BDE8F50020B7
:1022CC00B1600001C9A4010112280B4B11D003D835
:1022DC00112807D00A3106E021380228FAD801F576
:1022EC00D37100E04C311A8861F30E021A80002081
:1022FC0070473731F7E700BF6C3801411FB50B7BD6
:10230C008DF80C30022B08BF0168029002BF0B6ED7
:10231C0043F480030B660120009202AB08220349B0
:10232C00FAF7F7FF05B05DF804FB00BF00060101EA
:10233C0030B50A4A0A4B02F584541B882568C01A2A
:10234C0080B202F5825260F30F052560C91A13683A
:10235C0089B261F30F03136030BD00BF002401414B
:10236C000004002038B504680546FDF77DFB236E9C
:10237C0023F0800343F48043236601F063FD236E56
:10238C005A0608D4227D0AB99B0004D52846BDE81C
:10239C003840E2F783B838BD074B084910B5002424
:1023AC001C60074B1C60074B1C60074B02201C6019
:1023BC0004F084FE204610BDC8F80020F7FE010191
:1023CC00C4F80020CCF80020C0F8002008B5C37B6E
:1023DC00032B11D8DFE803F0020702070020BDE849
:1023EC000840F0F749BD054B186818B9EFF798FE8F
:1023FC000120F4E7D720F9E708BD00BFACF80020B6
:10240C0038B50546F5F738FB044678B12846F3F79E
:10241C004FF907498A780C2303FB02121379013B0D
:10242C00DBB2137113B901220A701C46204638BD69
:10243C00F4F2002010B5C4B2012C0B460AD01CB12A
:10244C00022C0BD0002403E01146184602F0ACFB22
:10245C00204610BD034804F067F8F3E7F2F754F98F
:10246C000446F5E764F70020F7B506460C461F4610
:10247C0001A802F10C0315460193043404F08EFDFF
:10248C00BDF8201001A804F089FD2B46A2B23946F4
:10249C003046F9F749FB03B0F0BD38B50D4614468C
:1024AC0001F00CFA80B180F852502378C3F300038A
:1024BC0080F854302378C3F3400380F8553001235F
:1024CC0080F85630002038BD0320FCE738B590F872
:1024DC0046308B42044610D1002580F846504FF40C
:1024EC00827004F009FF38B11322027022888280B6
:1024FC00042101F0D3FD284638BD0120FCE700B5CE
:10250C0093B00C220368ADF8002000228DF8042053
:10251C001A88ADF80620684693F86222D3F85E322A
:10252C0002938DF80C20FFF74DFE13B05DF804FB01
:10253C00434D443A52656D7465436F6E6E506172D3
:10254C00615265714E65675265706C792C48646C8C
:10255C003D3078253034782C726561736F6E3D2573
:10256C006400434D443A5772697465417574685000
:10257C0061796C6F616454696D656F75742C486416
:10258C006C3D3078253034782C74696D656F7574BA
:10259C003D25640070B5154604460E4600F013F850
:1025AC0029782046F8F74CFC2A4631462046F5F7A8
:1025BC0027FF012805D129782046BDE87040FDF79A
:1025CC00B9BA012070BD38B5046894F8C831DB077E
:1025DC0011D5B4F8A01242F21075694304F52F70AE
:1025EC00EBF746FBB4F8A21204F535706943BDE86D
:1025FC003840EBF73DBB38BD38B5800085B202F0F2
:10260C004DFE044600BF00BF00BF0821A94200D305
:10261C0038BD02F043FE844288BF01F2E241091B3F
:10262C0010FA81F189B20446F0E74FF4001C1CEB60
:10263C00410F98BF1CEB430F0CD850EA410C08BF5C
:10264C0052EA430C08D0904208BF99420CBF0120BB
:10265C0000207047002070470120704751554555A8
:10266C00452C52656D6F766520656D707479206CA4
:10267C006973740051554555452C52656D6F7665DF
:10268C0020656C6D20696E76616C696400434D4405
:10269C003A52656164417574685061796C6F61641C
:1026AC0054696D656F75742C48646C3D30782530B9
:1026BC0034782C74696D656F75743D256400434DD9
:1026CC00443A536574446174614C656E6774682C4C
:1026DC0048646C3D307825782C74784F637465743D
:0F26EC00733D25642C747854696D653D25640039
:1026FC0030B40A4B1C68231F1C3401E0A3420AD0DF
:10270C0053F8042F002AF9D0957F8542F6D113880F
:10271C000B80002000E0012030BC704778F70020CF
:10272C0030B400EB4004094B03EB84031B899BB2D0
:10273C00834201D030BC7047044B44002518AD00D7
:10274C005951204403EB80035A60F3E76CF40020EA
:10275C0008224FF088435A6003F5285310219965DD
:10276C0003F5807380211963A921596159604FF4D5
:10277C0000719965A3F5D853062159609A6070478A
:10278C0038B5EFF3108572B6084C20634FF48043D4
:10279C0063600F2262601140A160A36001F044FFEE
:1027AC004FF40043A36085F3108838BD0006004445
:1027BC000A4B1B8813F4004F08D1084A138843F4C2
:1027CC0000431380136913F4004FFBD1034A1369C0
:1027DC0013F0080FFBD1014B9869704700000142C0
:1027EC0010B50A4B1A6802F5087102F5107200BF99
:1027FC0051F8043B23B1DC7814B11C88844202D01C
:10280C009142F5D10023184610BD00BF04030020EF
:10281C00202870B504460E460ED8084D2868202294
:10282C000021013003F070FF286822463146013048
:10283C0003F0EEF8002070BD0320FCE70403002039
:10284C0073B50D460A2104461646FFF73FFE68B9DC
:10285C0004F15400EDF750FD01366B1E00969BB24F
:10286C00B4F8482021880B20FCF7EEFF02B070BDB5
:10287C0073B50D460C2104461646FFF727FE68B9C2
:10288C0004F15400EDF738FD01366B1E00969BB237
:10289C00B4F8482021880D20FCF7D6FF02B070BD9B
:1028AC0010B50A4B1B681B680BB918460DE09C89C8
:1028BC008442F8D8DC898442F5D313609A895B682A
:1028CC00801A03EB00100860012010BD14030020D7
:1028DC0015710201CD3B020101C10101B589010154
:1028EC00DD35020151CE0101270F02016980010182
:1028FC00FDB1010137060201C56E020100000000A6
:10290C0070B504464FF482700E4604F0F5FC70B1BD
:10291C000B2202702288828018250022C280057248
:10292C00C0F80A204672042101F0B8FBE57470BDB2
:10293C0010B50A4B1A68002302F16C01CC7834B143
:10294C000C88844203D11B3302EB830010BD01338E
:10295C00082B01F10401F1D10020F7E73CF800202D
:10296C0038B50A4C23680C2101FB00310546486937
:10297C0008B104F0C3FC0C2005FB000320681844CC
:10298C00002303604360836038BD00BF3CF8002027
:10299C0038B5094C236825463BB12B68074AC3E977
:1029AC000022C3E90222012038BD102004F0A4FC4F
:1029BC0020600028F1D1F7E744F8002001730201F0
:1029CC0038B50379044603F0070502F0EDFE002349
:1029DC002360064B03EBC5035A6814605C6001F07E
:1029EC007BFFBDE8384003F00BBA00BF4403002066
:1029FC0038B50379044603F0070502F0D5FE002331
:102A0C002360064B03EBC5035A6814605C6001F04D
:102A1C0063FFBDE8384003F0F3B900BF4403002066
:102A2C0010B40B4607490246087840B106490C68B9
:102A3C000649A44609685DF8044B012060475DF81F
:102A4C00044B7047FCF8002068F8002064F8002064
:102A5C0038B9084B1A68184620F8101B01681A8000
:102A6C007047012801D1044BF4E70228F8D1034B3D
:102A7C00F0E700BF303F0141343F0141383F014195
:102A8C0007B5094B93F90320027093F902300B70D0
:102A9C00064B0093022201232921EC20EDF7E4FEE2
:102AAC00002003B05DF804FB26040020386D020101
:102ABC00002330B51A461C46012500BF05FA03F168
:102ACC00014008D001320133202BF7D1944220462B
:102ADC0038BF104630BD944238BF14460A46F2E760
:102AEC00434D443A53657452616E64416464722C74
:102AFC00616464723D307825303278253032782527
:102B0C0030327825303278253032782530327800E2
:102B1C0010B5044680B1C08801F0DAFF70B123799A
:102B2C00012262F3051300222371226022812146C7
:102B3C0004F0AEFB104610BD0720FCE70220FAE7BC
:102B4C0010B5044604F01CFB0C23B0FBF3F202FBA3
:102B5C001300637D054A053060F304031268637546
:102B6C00127D62F34713637510BD00BF6003002034
:102B7C0000B593B003688DF8041041F20402ADF86F
:102B8C0000201A88ADF8062003F5DB7302AA18683A
:102B9C00596803C26846FFF715FB13B05DF804FBD8
:102BAC0000B593B0036841F20602ADF800201A8814
:102BBC00ADF804206846D3F84622D3F84A32CDF853
:102BCC000620CDF80A30FFF7FDFA13B05DF804FBD0
:102BDC00064A074900231360064A1360064A13602D
:102BEC00064A0620136004F021BA00BF94F80020B6
:102BFC00492F010198F800208CF8002090F8002053
:102C0C0038B50A4B1B6804461D6803F025FF58B9FC
:102C1C0095F82C30A288012B638814BF00200C205F
:102C2C009A4288BF122038BD0C20FCE7D00300204C
:102C3C0010B54FF4FA7004F05FFB074A106048B10E
:102C4C000024064B4FF4FA7221461C7003F05CFD15
:102C5C00204610BD0720FCE7A0F8002005F9002055
:102C6C0053434E3A46444361636865496E69742820
:102C7C0031292C7374617475733D25640053434E74
:102C8C003A4644436163686546726565283129009C
:102C9C0010B5084B1C78013CE4B21C7044B90648D2
:102CAC00EDF72AFB054B1A7812B11C7001F06AF98A
:102CBC00002010BDD4030020E0030020FC03002002
:102CCC00017A39B9437F1BB1816CB1FA81F14909A1
:102CDC00E5F700BD012907D1836C3BB1437F002B85
:102CEC0014BF00211121F3E70021F1E71121EFE7D7
:102CFC0013B5036B04467BB1084B00930223019080
:102D0C001A468721EC20EDF7AFFD236B206A214694
:102D1C0002B0BDE81040184702B010BDFC650201BE
:102D2C0013B5436B04467BB1084B0093022301900F
:102D3C001A468821EC20EDF797FD636B206A002181
:102D4C0002B0BDE81040184702B010BD1066020179
:102D5C00C37A012B08BFC26B036E08BF9B1A074ACC
:102D6C001168D1F8382308BFC3F3160312B9C1F8A0
:102D7C00383302E09A1A5202F9D470470804002042
:102D8C0010B5FCF771FE094B1B68D3F8804134B1C8
:102D9C00D4E9001239B14A60D4E900231A6001F079
:102DAC0051F8204610BDC3F88421F5E70804002033
:102DBC000B6A1B79042B08D1084B1A6892F827333D
:102DCC0040B9013382F8273303E013B90B7A002B97
:102DDC00F2D07047002BFCD0013BF3E70804002035
:102DEC000A4B1B68D3F89C2142B1D3F8A02122B125
:102DFC00D3F8A42142B104207047012203EB8203D3
:102E0C00C3F89C01002070470222F7E7040300205E
:102E1C000A4B1A68D2F8A83143B1D2F8AC3123B1BD
:102E2C00D2F8B0313BB10420704701236A3342F829
:102E3C002300002070470223F8E700BF04030020A2
:102E4C0010B50A4B1A6802F11001303251F8043BEC
:102E5C0033B193F88540012C02D11C88844202D0F6
:102E6C009142F3D10023184610BD00BF1C04002072
:102E7C0008B5084A0421012002F0AAFF0648FFF712
:102E8C00AFFF0649042002F049F9FDF759FD002077
:102E9C0008BD00BF69180201196C00012D01010168
:102EAC0008B540F2731004F027FA074B40F2731286
:102EBC000021186003F028FCFBF786FC034A13681A
:102ECC0043F00803136008BD20040020D0380141F2
:102EDC0048B9094B1A6842F004021A601A68D10505
:102EEC00FCD501207047054B1A8842F004021A8069
:102EFC001A68D205FCD5F4E7203A0141283A014181
:102F0C000A4BD3F8002C60F31742C3F8002CD3F80B
:102F1C00042C42F48022C3F8042C00BFD3F8042CF8
:102F2C005203FBD4D3F8280C80B270470024014123
:102F3C000A4B1A68012002F00F0200FA02F24EF25C
:102F4C001C01114049B103F5E6731A8842F01002D6
:102F5C001A801A8802431A80002070475C3801419D
:102F6C0010B5028F1144018703460521002040F261
:102F7C00E1441A8FA24208D9A2F2E2421A87DA6B14
:102F8C00013222F07042DA6301300139F1D110BD07
:102F9C00D0E92023B2EBD30F0ED3B2EB930F0DD3AA
:102FAC00B2EB530F2CBF002002209B1A032B28BF1F
:102FBC0001200630C0B270470420F6E70320F4E786
:102FCC00D0F87831084AD3F8AC30806F13401040F9
:102FDC00834288BF00F50000C31A044883428CBFAB
:102FEC0000200120704700BFFFFF7F00FEFF3F0065
:102FFC0090F8C130012B0FD1084BD3F81C01C0F352
:10300C00C02050B9D3F81C01C0F3002028B1D3F86C
:10301C001C01C0F3C0107047002070470024014110
:10302C0008B50B785A1E022A08D8084A137843F0C0
:10303C0001031370F4F7ACFD002008BD002BF9D18F
:10304C00024A137843F00203F3E700BF4404002064
:10305C000A4B002210B501201A809A7011460132D9
:10306C00D2B2082A1871D88019725972C3F80A1092
:10307C00D98103F10C03F2D110BD00BFF4F2002092
:10308C0008B530220021084803F03EFB0749072011
:10309C0004F014F803F03AFF002100B2FEF716FC1E
:1030AC00BDE8084003F0C0BC9CF4002041240201A0
:1030BC0053B94AB9002908BF00281CBF4FF0FF3193
:1030CC004FF0FF3004F050B9ADF1080C6DE904CEAF
:1030DC00E2F762F9DDF804E0DDE9022304B07047A1
:1030EC0070B50589B5F5706F04460ED2867A042E3C
:1030FC000BD82846FFF774FB38B1D4E903233146CB
:10310C002846BDE87040F6F75DBF032070BDB0F5F2
:10311C00706F2DE9F04104460D4616461F460AD243
:10312C00FFF75EFB38B13B46324629462046BDE8E8
:10313C00F041F8F795BC0320BDE8F08110B5C0B0A4
:10314C00FFF766FB044668B90A230DF103010DF184
:10315C0002008DF8003001F0B1FF044610B968464A
:10316C00FAF73EFD204640B010BD73B502F10C03DA
:10317C0006460C4601A815460193043403F00EFFD5
:10318C0001A8052103F00AFF2B46A2B2002130460C
:10319C00F8F7CAFC02B070BD38B50446008904F0DB
:1031AC0097F860B12089E568FFF74AFE48B1F02234
:1031BC0080F844202946BDE83840F3F771BD04205F
:1031CC0038BD0320FCE770B502F0DAFE0646F2F7D4
:1031DC00CFF9044666B1002830460CBF0725002500
:1031EC0004F0A8F814B12046F2F740FF284670BD51
:1031FC000725F7E738B50546F2F7BAF978B1D5F8EF
:10320C00782100241460D5F8782141685160D5F8F4
:10321C0078210A60426003F0B7FC204638BD0720D5
:10322C00FCE708B50379052B03D0092B0CD0002043
:10323C0008BD8268114602F10C0331F8020B528969
:10324C00EEF79EFE0120F3E78068F6F741FBF9E705
:10325C0038B5122104460568F5F714F920B9204653
:10326C00FFF7B1F9012038BD95F8AE31002BF6D13E
:10327C001321204602F05AF90028F0D1F3E710B5DB
:10328C00036893F8AC31052B04460BD1ECF702FC28
:10329C0010B12046FEF772FA00212046F8F714F917
:1032AC00012010BD152101F099FDF9E7F0B50024BE
:1032BC000746204665B2AB4200DCF0BD0E5D12F84D
:1032CC0004C0351AA5EB0C05EDB2AE4202D034BFEA
:1032DC00012000203D550134ECE713B5044603F002
:1032EC001BFE48B12369C4F8AC30A36A13B1214664
:1032FC00206A984702B010BD01AB042207210220BE
:10330C000194F8F7B2FAF5E713B504460DF1020192
:10331C0001A800F0EBFEBDF80220019B110423F084
:10332C00704343BF02F2E24203F1FF33228722874C
:10333C00E36302B010BD08B50A780368511E022978
:10334C0009D893F8E42042F0010283F8E420F4F762
:10335C001FFC002008BD002AF9D193F8E42042F0AC
:10336C000202F2E7484F53543A436D64207263767D
:10337C002C4772703D3078253032782C5375623D75
:10338C003078253032782C4F703D307825303278BB
:10339C0000434D443A456E68616E636564526561E5
:1033AC00645478506F7765724C6576656C00455245
:1033BC00523A5374617475733D30782578004C4CD7
:1033CC0043503A496E7374616E74557064617465E0
:1033DC00642C48646C3D3078253034782C6F704305
:1033EC006F64653D30782530327800534D503A4744
:1033FC00656E206B65792C64686B657920666169F4
:10340C006C00534D503A47656E206B65792C6564A2
:10341C006976206661696C004150504C49434154B7
:10342C00494F4E2054494D45520000000D0A0D0ADB
:10343C002057425A3335315F43454E5452414C0D5F
:10344C000A0D0A0008B5084B9A8992B207494A60DE
:10345C004CF2FF329A819B890B6823B10B4648686A
:10346C0089681B68984708BD00000142E4F60020FB
:10347C0008214FF08843596003F528534FF6FF722B
:10348C009A6147F6F3709865996603F580739A61B3
:10349C0043F696529A6529229A6670474FF08073CC
:1034AC0040F8043C21F0010140F8081C054B40F8A1
:1034BC000C3C40F8202C6FF0020340F8243C4438BC
:1034CC00704700BF2950020108B54FF0200383F369
:1034DC001188BFF36F8FBFF34F8FE5F7ABFA18B1BD
:1034EC00034B4FF080521A60002383F3118808BD00
:1034FC0004ED00E010B5094A0178002312F83340BE
:10350C008C4205D102EBC3035B689847012010BDC8
:10351C0001331E2BF2D10020F9E700BF84FC00011F
:10352C00094B1B681A7832B908B1F1F79BBC03F54B
:10353C00F270ECF7E1BE28B1032903D1D3F8743152
:10354C0001201847704700BF0403002010B5094B39
:10355C001A6802F11001303251F8043B2BB19C7AFD
:10356C00012C02D11C88844202D09142F4D1002358
:10357C00184610BD08030020611601013D8F0001A3
:10358C0041F101014557020171C501017DAA0101FB
:10359C0071D4010133890101091B0201A53102011A
:1035AC000000000070B5C47A0D460023D9B28C42DD
:1035BC0001D880200BE0C16801EB830101330E8838
:1035CC009642F3D16868498803F09AFE002070BDDA
:1035DC0010B5094A038910680168002209B9012055
:1035EC0005E08C899C4203D101F064FF002010BDE2
:1035FC000A460968F2E700BF1403002038B50546F7
:10360C0004200C46F7F728FE68B18388C58003F0C8
:10361C00F80343F4407343F0010383808460BDE8F6
:10362C00384000F0E7BB38BD1FB5094C24686CB1BD
:10363C00ADF80630069B0293079BADF80000ADF881
:10364C000210ADF8042003936846A04704B010BDE7
:10365C0070F8002010B5094C02F0C2F82368D3F8BA
:10366C002031984718B12368D3F83C319847002192
:10367C000320F4F7BDFD002010BD00BF5C0300204B
:10368C0010B5094C2368D3F83031984748B92368F2
:10369C00D3F83431984720B92368D3F83831984798
:1036AC0000B10C2010BD00BF5C030020430803F0E8
:1036BC005533C31A980800F0333003F033331844F1
:1036CC0000EB101000F00F3000EB102000F0FF109A
:1036DC0000EB104080B27047C0B2012808B50B4611
:1036EC0009D018B1022809D0002008BD114618468F
:1036FC00FFF7B0FFF8E7FEF7FDFCF5E71046E9F73A
:10370C00F9FCF1E707B5084B1B68187459749A74E7
:10371C00064B0093022201233821EC20EDF7A4F88C
:10372C00002003B05DF804FB600300209E620201E0
:10373C0000B593B003688DF8041041F21F02ADF888
:10374C0000201A8893F8AA31ADF8062068468DF847
:10375C000830FEF737FD13B05DF804FB10B50221FD
:10376C000446002001F018FB50B11D230373054BD8
:10377C001B681B7D43730146204602F0F5FB0120BC
:10378C0010BD00BF6003002010B5022104460020CC
:10379C0001F002FB50B11E230373054B1B681B7D0C
:1037AC0043730146204602F0DFFB012010BD00BF31
:1037BC006003002070B5066896F8AC318B42044665
:1037CC000D4602D10021F7F77FFE96F8AE31AB42E1
:1037DC0005D120460121BDE87040F7F775BE70BDDC
:1037EC0038B50568D5F8EC4204B938BD2368C5F87E
:1037FC00EC321BB905F53B73C5F8F032A06803F049
:10380C007DFD204603F07AFDECE700BF13B5084CB4
:10381C002378012B0AD1074A0092C7210222EC20FF
:10382C00EDF722F802F0D0FE0023237002B010BD99
:10383C00CC0300204F67020108B502F0F7F80246EE
:10384C000B46E2F7A9FF0022054BE3F7EBFA41EC3C
:10385C00100BEEF767FE51EC100B01F023FA08BDCC
:10386C000088834038B503680446186820B92046A0
:10387C00BDE8384003F015BD0123056843720023F1
:10388C0080F85C30A0F85E30F6F74AFC2846EDE78D
:10389C0013B5044680B101910DF1030001A903F0A9
:1038AC003EFA04F15C00ECF727FD00239DF80320A1
:1038BC0001212046F2F76EF902B010BD10B5094B8C
:1038CC001A6802F12C014C3251F8043B23B11C88CC
:1038DC00844201D19C7814B99142F5D10023184649
:1038EC0010BD00BF1804002010B5094B1A6802F176
:1038FC002C014C3251F8043B2BB19C781CB193F841
:10390C005340844202D09142F4D10023184610BD9A
:10391C0018040020084B1A6842F005021A601A6855
:10392C005207FCD41A68D207FCD4044B53F8042970
:10393C000A801B6803607047143E01410C3E014134
:10394C00084B1A6842F005021A601A685107FCD439
:10395C001A68D207FCD4044B53F80419186889B2BE
:10396C0003F06EBC143E01410C3E014190F8C8318D
:10397C0013F002030AD0074B1B685B0008D590F8C4
:10398C00220004288CBF0020012070471846704785
:10399C0001207047303401417FB50E7916F0300F9D
:1039AC0004D1FEF7ABFC002004B070BDCDE90201E0
:1039BC00009202AB082202490120F9F7AAFCF2E7B7
:1039CC0041040101094BD3F8002142F00062C3F815
:1039DC000021D3F800216FF35D72C3F80021D3F8F6
:1039EC00002142F08042C3F80021704700240141BD
:1039FC0008B528220021074802F086FE064A01215C
:103A0C00002002F0E5F9FFF73BFBBDE80840F4F7B6
:103A1C0079B800BFCCF40020291A020100B585B09A
:103A2C000DF10601FEF764FE10B105B05DF804FB64
:103A3C0006238DF80830BDF80630ADF80A3002A820
:103A4C00FBF7A8F8F1E74FF088431B6813F4404FDD
:103A5C0005D04FF08842136823F4404313604FF0B5
:103A6C0088434FF080629A604FF000729A60704702
:103A7C00434D443A416464524C2C616464723D3051
:103A8C00782530327825303278253032782530322E
:103A9C0078253032782530327800434D443A4164F1
:103AAC0064574C2C616464723D3078253032782533
:103ABC0030327825303278253032782530327825FE
:103ACC0030327800434D443A5374617274456E63DE
:103ADC00727970742C48646C3D30782530347800E1
:103AEC004552523A7374617475733D256400042811
:103AFC0010D8012202FA00F313F017030AD004299C
:103B0C0008D802FA01F313F0170303D0431A5842F2
:103B1C005841704700207047F0B5002507462846ED
:103B2C006CB2A34200DCF0BD4E5D545D34440444E1
:103B3C00E4B2A64202D08CBF012000207C55013596
:103B4C00EEE790F8573083B1826D137843F0100391
:103B5C001370806D0B68C0F85F3100F25F124B6818
:103B6C0053608B689360CB68D360704790F8573084
:103B7C0083B1826D137843F004031370806D0B686E
:103B8C00C0F8483100F5A4724B6853608B689360A1
:103B9C00CB68D360704790F8573083B1826D13783F
:103BAC0043F001031370806D0B68C0F82C3100F5E5
:103BBC0096724B6853608B689360CB68D360704788
:103BCC0038B50446C568008903F082FB48B12089EA
:103BDC00FFF736F938B129462089BDE83840E6F7B9
:103BEC005BBA042038BD0320FCE7802910DB812957
:103BFC0001DD83290CD11368073323F0070303F18C
:103C0C0008011160D3E90023C0E9002301207047AB
:103C1C000020704708B5024608461168064B196427
:103C2C005168196591681966D2681A670221FEF706
:103C3C00A7FD012008BD00BF00060044064B1880FC
:103C4C00064A136843F480231360136813F4802F1F
:103C5C00FBD1034B188870470230014104300141FD
:103C6C0028300141074A136823F001031360064B07
:103C7C005B6813F0806F03D0034B4FF000725A60F7
:103C8C00704700BF10E000E000ED00E0084800685D
:103C9C00006880F308884FF0000080F3148862B647
:103CAC0061B6BFF34F8FBFF36F8F00DF00BF000013
:103CBC0008ED00E0074B1B681B6823B9064B4FF05F
:103CCC00FF321A607047034B1B68DB681A68024BA3
:103CDC001A607047D0F70020F0F7002038B504893F
:103CEC00B4F5706F0CD2857A042D09D82046FEF7F6
:103CFC0077FD28B129462046BDE83840FBF70ABEBF
:103D0C00032038BD10F0FD030AD001280AD14B79ED
:103D1C0003F0C003402B07D0002B14BF0123032357
:103D2C00184670470123FBE70223F9E770B41578B6
:103D3C00074C002314F83360AE4204D104EBC303E8
:103D4C0070BC5B68184701330D2BF3D170BC704706
:103D5C00C4B0010110B500F1180300F1380200BF26
:103D6C0053F8044B2CB194F8044124B1A4B200F0E4
:103D7C0081F9204610BD9342F2D1FAE7084B1A683C
:103D8C0000230C321178012902D15188814205D0CF
:103D9C000133DBB2082B02F10C02F3D11846704749
:103DAC003CF80020036810B413B14468944203D16A
:103DBC005DF8044B02F072BB22B90B6001605DF838
:103DCC00044B704713680B601160F8E707B5074A9E
:103DDC000379019012680648526A03F0070301A99F
:103DEC0000EB8300904703B05DF804FB2C0300202C
:103DFC005403002013B5074A037901901268064852
:103E0C00146A03F00703002201A900EB8300A0470A
:103E1C0002B010BD2C0300205403002010B5064B3B
:103E2C0006480024202221461C7002F06DFC044B35
:103E3C00C3E9004410BD00BFFBF8002058F500207A
:103E4C0038F70020074A13785BB1013BDBB21370E3
:103E5C003BB9054B4FF000421A6001225A609202A6
:103E6C005A607047FFF8002000E100E010F0010FED
:103E7C004FEA400318BF43F0010320291DBF012264
:103E8C0002FA01F101F1FF314FF0FF3158400840C7
:103E9C00FFF70CBC434D443A536574486F7374433D
:103EAC0068616E6E656C436C617373004552523A77
:103EBC005374617475733D3078257800434D443AE2
:103ECC00436F6E6E5570646174652C48646C3D3044
:103EDC007825303478004552523A73746174757396
:103EEC003D256400434D443A5365745068792C4821
:103EFC00646C3D307825782C7478506879733D2546
:103F0C00642C7278506879733D25640010B50521D6
:103F1C000446002000F040FF58B1236825220273AC
:103F2C00D3F89232C0F80D300146204602F01CF84E
:103F3C00012010BD036851B193F86700112809D016
:103F4C00122809D010F0200018BF0420704793F8F5
:103F5C006600F3E7012070470220704753434E3A46
:103F6C0045525221207469643D25640053434E3AF6
:103F7C005741524E21207072696D506475436E74B6
:103F8C003D25640010B5F1F7F3FA58B1064B1968EA
:103F9C0000240C601C68416861600C601B68436005
:103FAC0002F0F2FD002010BDDC030020F8B506463F
:103FBC000C461746BC420CDA21463A463046FBF713
:103FCC0005F821460546421E3046FFF7EFFF6C1CF4
:103FDC00F0E7F8BD07B5009002F09EFF28B16846E7
:103FEC00FFF740FC03B05DF804FB009B019302213A
:103FFC0001AB04220846F7F738FCF3E713B5044687
:10400C0002F08AFF30B1636A13B12146206A9847E7
:10401C0002B010BD01AB0422062102200194F7F777
:10402C0024FCF5E707B503238DF80730064B1B6816
:10403C00D3F8A4322BB1DA6A1AB10DF10701186A60
:10404C00904703B05DF804FB0804002030B5002352
:10405C00074C0B7040FA03F2D20744BF0A781D5D7F
:10406C0003F1010344BF2A430A70042BF2D130BD83
:10407C004873020170B5054600F1180400F13806CA
:10408C0054F8040B20B103F039F9002344F8043C34
:10409C00B442F5D1002385F83B3070BD38B5084BE0
:1040AC001B6804460D463BB9224628464FF48271E4
:1040BC00BDE8384000F0C8BB98470128F4D138BDA2
:1040CC00A8F80020084B1A4642F8040B118053F84C
:1040DC00102F42F4E0421A601A689104FCD41A685A
:1040EC00D204F9D4704700BF003E0141074B1A8837
:1040FC0042F040021A801A685206FCD4044B53F862
:10410C00042B02601B680B80704700BF143E0141FA
:10411C00003E014110B5074B074C1B6813B92368CF
:10412C0013B910BD012098472368002BF9D0BDE8C6
:10413C0010401847BCF80020B4F8002010B5074B0D
:10414C00074C1B6813B9236813B910BD002098479E
:10415C002368002BF9D0BDE810401847B8F80020B0
:10416C00B0F8002010B500230446C382FBF77CFC9A
:10417C00236E1A0644BF23F080732366236E23F04C
:10418C0040032366FFF75EFE002010BD08B500213A
:10419C000246FBF723FE104490F970027E2804BF00
:1041AC00034B93F90100BDE80840F9F72FB800BFA5
:1041BC0026040020222303FB01015631064B01F19A
:1041CC00140200BF51F8040B43F8040B9142F9D1CF
:1041DC000A881A80704700BF2E250141C1F30803DD
:1041EC00074A490A2BB94942114043EA4121FBF7DE
:1041FC0055B8C3F59C7301339BB25140F5E700BF32
:10420C00FFFF7F0038B50569954228BF1546044667
:10421C005DB12A46406901F0FBFB636922692B44BE
:10422C00551B0022636125611A7038BD434F4E4EF9
:10423C003A4C6C63705478446F6E653A48646C3DCC
:10424C003078253034782C4F70436F64653D30786E
:03425C00257800C2
:1042600060B188420CD310B50C4602220021F9F748
:104270008DFF034600B18463184610BD002300E0A3
:1042800000231846704738B504460D4600F0DCFEA2
:10429000A36C23B1002402F05DF8204638BDA36B67
:1042A00013B9A5640124F6E70024F4E770B50446C9
:1042B0000D461646A1692B46324629442046FAF798
:1042C00047FD28B1A3691D44236A20469847F1E7BA
:1042D00070BD38B50489B4F5706F05460AD2204622
:1042E000FEF784FA30B1EA7AA97A2046BDE8384070
:1042F000F8F732BE032038BD00B581790129C1B07D
:104300000AD1002318460222F4F7D2FE132368468E
:104310008DF80030F9F76AFC41B05DF804FB434DBD
:10432000443A53657450434C5072657365742C5510
:10433000703D25642C4C6F773D25642C737465703B
:104340003D25640000B593B01323ADF80030012380
:104350008DF804300388ADF806306846ADF80810D3
:10436000FDF736FF13B05DF804FB70B50368C43386
:1043700004460D4616460021B422184602F0CAF93A
:104380003246034629462046BDE87040EBF758BE4A
:1043900070B505460068002450B1028943899A42ED
:1043A00006D106682E6002F0AFFF01343046F3E715
:1043B0002860204670BD90F81431072B03D10123EB
:1043C00081F8A8307047D0F8B4301B789B0603D52D
:1043D00090F8E730012BF2D00023F1E700B593B05D
:1043E00003688DF804100820ADF800001B88ADF8B4
:1043F000063068468DF80820FDF7EAFE13B05DF838
:1044000004FB434D443A446973636F6E6E65637495
:104410002C48646C3D3078253034782C726561739B
:104420006F6E3D253032640010B5046894F8643036
:104430004BB90821F1F77CFA08B9002010BD012022
:1044400084F8AC01FAE7012BF7D10E21F2E770B541
:104450000A460F2105460668FAF7E9FA044638B11C
:1044600096F8AE31112B03D101212846F7F732F827
:10447000204670BD10B5044601F0AFFE38B1236888
:104480000022A3F8A8211A212046FFF7A7FF204603
:104490000021F7F71FF8012010BD0368D3F8AC2105
:1044A00012F0FF1F08D193F8F4223AB9D3F8EC02C6
:1044B000B0FA80F040097047002070470120704733
:1044C00010B5013A52B2130601D5002010BD845C2C
:1044D0008B5C9C4205D802F1FF32F4D24FF0FF30E2
:1044E000F4E70120F2E730B5891A00F1824000F5C7
:1044F000B0304D1C0121A94004880139914024EAC3
:10450000010493401C43A4B2048030BD10B590F860
:104510002C30044663B9012380F82C3000F20620C9
:1045200001F040FD04F5F770BDE81040F7F706B85C
:1045300010BD08B503681A6E120601D4002008BD2C
:10454000D3F88020013AC3F88020002AF6D18021D8
:10455000F2F740FA0120F2E700F1890200235078D7
:1045600028B9907818B9107808B90B7070470133E2
:10457000DBB2042B02F13402F1D107207047494E1F
:10458000493A4C696E6B2065786973742100494E15
:10459000493A4C696E6B73207265616368206D6186
:0345A0007821007F
:1045A40000B5C3B005238DF8043000231A4601A9D1
:1045B40003484068E6F764FD43B05DF804FB00BFC0
:1045C400C802002008B5074801F03AFB02F012FCCB
:1045D400FAF7EAFF034608B9184608BDFBF706F8E0
:1045E4000346F9E7293A0201064B1B78012B07D849
:1045F400054A42F823000133024A13700020704731
:10460400042070476C0200207002002070B54FF443
:10461400005442F20806E5B22046DEF70BFD28B14D
:104624000135EDB20134A4B2B442F4D1284670BDD0
:10463400064B00221A62064A1A6202F12B42A2F5C4
:104644004B12A2F6AB421A62704700BF0006004448
:10465400556699AA064B1880023B1980054A1368CF
:1046640043F480131360136813F4801FFBD1704765
:104674000230014104300141FCF7C0BF074B196807
:104684000868B0E8F04F80F30988BFF36F8F4FF0EC
:10469400000080F311887047AFF30080CCF700204E
:1046A400026C72B110B5C3681344C3608468A3423A
:1046B40024BF0368C3600C46C168204601F0ACF90E
:1046C40010BD70470369416882688A60416851601F
:1046D4005A68824204BF82685A60002202611A68E2
:1046E400013A1A601868704738B50489B4F5706FD8
:1046F400054609D22046FEF777F828B1A97A204664
:10470400BDE83840F9F734BF032038BD38B5048913
:10471400B4F5706F054609D22046FEF765F828B156
:10472400A97A2046BDE83840F9F786BA032038BD97
:1047340038B50489B4F5706F054609D22046FEF7F2
:1047440053F828B1E9682046BDE83840F8F7B8BE08
:10475400032038BD38B50489B4F5706F054609D215
:104764002046FEF741F828B1A97A2046BDE8384032
:10477400FBF7B2B8032038BD08B5074B1A681378A5
:1047840023F00403137002210020FEF7CDFEBDE8E0
:104794000840FCF7A7BE00BF0403002010B58468DE
:1047A400207800F0AFFC608802F090FB23792BB1F5
:1047B400A38962892189E088EBF77CF8002010BD89
:1047C40070B5074E05460024336804F16A0253F8B5
:1047D40022300BB1284698470134032CF4D170BD24
:1047E40004030020830708D5044B1A6800211160D4
:1047F4001B68034A5A60034A9A6070470803002002
:10480400F5690201E1720201072838B50BD8064D9B
:10481400041D2B6853F8240028B102F073FD2B68A3
:10482400002243F8242038BD0803002008B5FEF711
:1048340083F840B1054B80781B685B7898422CBFA5
:104844000020012008BD0120FCE700BF3CF8002047
:1048540013B5074B8DF800001446ADF80210019211
:104864001B6868469847204602F04CFD02B010BD14
:1048740040F8002010B500F09BFF064B1B7804465F
:104884001BB1FCF7D9F8E6F75FFD2046BDE8104000
:1048940000F026B8FCF80020012805D008B1022851
:1048A40004D0034B18887047024BFBE7024BF9E72F
:1048B40076F700207EF00020ECF8002010B9054BBC
:1048C40019807047012801D1034BF9E70228F8D178
:1048D400024BF5E7203F0141243F0141283F0141BC
:1048E40007B5074A0190137833B1013BDBB213706B
:1048F40013B901A802F03EFB03B05DF804FB00BF4E
:1049040001F90020064B1A8842F001021A801A6845
:10491400D207FCD4034B186820F07040704700BFE6
:10492400143E0141083E0141074B1B680BB9184670
:10493400704799680A79043A012AF6D80A68126C11
:104944008242F2D1012070470C040020074A136907
:104954001B1A136193680344B3F5C06F83BF6FF4EC
:10496400C0615B1801200020936070479003002011
:10497400054B0022C3E90023044BC3E90023044B85
:10498400C3E90023704700BF70030020A803002080
:1049940064030020074B1A681AB192F8C00001287A
:1049A40006D0586820B190F8C000431E58425841C0
:1049B400704700BF48F7002000B593B03022ADF82F
:1049C4000020036800228DF804201B88ADF806300F
:1049D4006846FDF7FBFB13B05DF804FB434D443A16
:1049E4005265616452656D6F74655573656446659F
:1049F4006174757265732C48646C3D307825780059
:104A0400434D443A52656D7465436F6E6E506172E6
:104A140061725265715265706C792C48646C3D30DA
:104A24007825780010B51C46044B1860044B1046DA
:104A3400196002F0C3FA034A146010BD94F8002010
:104A44008CF80020C00300200368B1F80120A3F80B
:104A54002A22B1F80320A3F82C22B1F80520A3F8E8
:104A64002622B1F80720A3F828227047437B012BA4
:104A740007D1C36E5B08C0F8B0300369C0F8AC302E
:104A84007047002BF9D1C26E03F271235343F1E74F
:104A940010B5836C044613B9036C834209D0002318
:104AA400A3732046E4F726FF2046BDE81040FEF736
:104AB40053B910BD13B5044602F032FA019401ABA8
:104AC4000422044920B10120F6F7D3FE02B010BD40
:104AD4000320F9E70C010001074B1B680BB91A46C8
:104AE40008E09A68117904390129F6D8116809880F
:104AF4008142F2D1104670470C04002008B5FFF73C
:104B0400E5FA064B1B6813F0060F05D04021002080
:104B1400BDE80840FDF7A0BF08BD00BF203F01412C
:104B240008B5064A08210120FBF7A4FF044A07211F
:104B34000120BDE80840FBF79DBF00BF21410201F1
:104B44004941020110B50468FAF792FF236ED4F8C4
:104B5400780123F0807343F000732366FEF7D8FBDB
:104B6400BDE81040FFF772B9027A074B42B1D3F89F
:104B7400042140F2831161F30802C3F80421704751
:104B8400D3F804210321F6E700240141027B074BFB
:104B940042B1D3F8042140F2D71161F30802C3F8FB
:104BA40004217047D3F804215721F6E7002401417A
:104BB40038B5074D0024204601342946E4B200F0FC
:104BC40081FB082C05F10605F5D1002038BD00BF96
:104BD4009CF4002007B5064B06491B680193042288
:104BE40001AB0020F6F745FE03B05DF804FB00BFFF
:104BF400140400200202010007B5064B06491B6895
:104C04000193042201AB0020F6F733FE03B05DF8F4
:104C140004FB00BF140400200302010007B5064B87
:104C240006491B680193042201AB0020F6F721FE1C
:104C340003B05DF804FB00BF14040020020101006E
:104C440007B5064B06491B680193042201AB0020FB
:104C5400F6F70FFE03B05DF804FB00BF1404002058
:104C64000101010007B5064B06491B6801930422A4
:104C740001AB0020F6F7FDFD03B05DF804FB00BFB7
:104C8400140400200001010007B5064B06491B6807
:104C94000193042201AB0020F6F7EBFD03B05DF8AD
:104CA40004FB00BF14040020030101000B0D40F2BB
:104CB4001E42D21A09DBCB0243EA505040F00040B6
:104CC400202A28BF2022D0407047490080417047E5
:104CD400434D443A536574436F6E6E5478506F7706
:104CE40065725072657365742C73656C5077723D90
:104CF40025640053434E3A636C7253656352657185
:104D04002C7469643D25640053434E3A636C7250BD
:104D1400726952657100534D503A44617461207355
:104D2400656E642C70616972206661696C206572BD
:094D3400723D307825303478001E
:104D3E00017A427A41EA020313F0F80F07D1B1FA71
:104D4E0081F040090AB940F00200FAF78AB8032050
:104D5E007047434D443A5365744164765478506FAE
:104D6E007765725072657365742C73656C507772CB
:104D7E003D25640038B505680446E8F79EFC12230D
:104D8E0085F86530204600220B21FFF7E7FABDE8D3
:104D9E003840F8F7E2B938B5054601F10C000C467B
:104DAE0002F0A9FA38B10379448165F30513037152
:104DBE0000230381036038BD38B504460D4600203C
:104DCE000221FFF7E8FF38B1022303734573014652
:104DDE00204601F0C8F8012038BD38B504460D460E
:104DEE0000200221FFF7D7FF38B107230373457365
:104DFE000146204601F0B7F8012038BD03684A7815
:104E0E0083F85E228A7883F85F22CA7883F860225C
:104E1E000A7983F861224A7983F86222704710B5C5
:104E2E00046894F8C831DB0709D504F52F70EBF749
:104E3E0062FA04F53570BDE81040EBF75CBA10BDB0
:104E4E0007B503688DF8071093F84D20032A05D196
:104E5E00DA6A1AB10DF10701186A904703B05DF8CE
:104E6E0004FB10B5002380F84D30A0F84E300377C8
:104E7E00437A04460BB1F5F752F92046F5F7DFFCFD
:104E8E00002010BD10B50446062002F034FA01468B
:104E9E0040B10823037023888380BDE810400620AC
:104EAE0002F068B910BD10B50446062002F023FAD0
:104EBE00014640B10423037023888380BDE810406F
:104ECE00062002F057B910BD10B50446062002F0B8
:104EDE0012FA014640B10723037023888380BDE890
:104EEE001040062002F046B910BD12290AD002D891
:104EFE00112904D070472139022905D970470121A3
:104F0E0001F0CBBC0221FBE70321F9E710B50468E1
:104F1E000A46D4F8A41029B1FEF73DFD0023C4F8CB
:104F2E00A43010BD1046BDE81040FDF77AB810B59C
:104F3E000468204601F0C9FBFAF795FD236E43F095
:104F4E00006343F001032366BDE81040FEF779BF0E
:104F5E0090F82030817D0422013A12F0FF0206D033
:104F6E00042B1ABF5B00DBB201230B42F4D11846AF
:104F7E00704710F0004160B148BF40420A0D02F286
:104F8E001D42B0FA80F3D21A9840C30A400503EBD3
:104F9E0002517047434D443A536574486F737446DB
:104FAE00656174757265004552523A737461747519
:104FBE00733D256400434D443A5265616443684D28
:104FCE006170436D64004552523A53746174757347
:104FDE003D3078257800434D443A52656164526500
:104FEE006D6F7465566572496E666F2C48646C3DC4
:104FFE0030782530347800300000064B1B6813F0F3
:10500E00020F07D0044A136823F002031360D3691A
:10501E00002BFCD17047000C004082B0002301939E
:10502E004FF0200383F31188BFF36F8FBFF34F8FC1
:10503E00019B002BFCD002B070474FF0200383F38E
:10504E001188BFF36F8FBFF34F8F024A136801337E
:10505E001360704700BF9CFA0020054B1B6833B1EC
:10506E00054B1B68002B0CBF02200020704701204F
:10507E007047FCF70020E0F7002010B50C46FDF756
:10508E00AEFB40B150F8043F23608388A380837940
:10509E00A371002010BD0320FCE708B506490720C8
:1050AE0001F099FCFBF72DFC18B9BDE8084000F0A3
:1050BE0050BB08BD00BFE471020130B5064D0023A0
:1050CE002A681A44DCB2527812B90470104630BD08
:1050DE00CA540133F4E704030020037853B98378EC
:1050EE0043B9837933B9034B5988172902D980887C
:1050FE00F1F7ADBA704710030020044B054A0028A3
:10510E000CBF18461046034B5861704700BFBF7264
:10511E000201C472020180F00020042802D0062889
:10512E0004D07047044B1B6899607047024B1B6894
:10513E00D960704700BF1803002010B1054B1B78D3
:10514E00037021B1044B1A680A609B888B807047EC
:10515E0000BF380300203903002010B50446006953
:10516E00FAF709FDE6F79DF9FEF741FC6068FCF7DA
:10517E0020FBBDE8104002F0E6B8064A1368C01ADC
:10518E000144B1F5C06F8CBFA1F2026101F1FF3194
:10519E00D160704700BF90030020014608B5054856
:1051AE0001F03CFB0B7B43F004030B73BDE808409E
:1051BE00FCF7C7BA00BF70030020014608B50548CA
:1051CE0001F02CFB0B7B43F004030B73BDE808408E
:1051DE00FCF7B7BA00BFA803002000B593B041F2A8
:1051EE001403ADF804006846ADF800308DF80610D3
:1051FE00FCF7E7FF13B05DF804FB1FB50023CDE904
:10520E000231019001AB0C2203490120F6F72CFB71
:10521E0005B05DF804FB0101000107B5036B33B166
:10522E00019001AB042203490320F6F71DFB03B0E6
:10523E005DF804FB00BF0A010001054B1A8842F01D
:10524E0001021A801A68D207FCD4024B1868704704
:10525E0000BF143E0141083E0141054B1A8842F041
:10526E0002021A801A689207FCD4024B1868704723
:10527E0000BF143E0141003E0141054B1A8842F029
:10528E0008021A801A681207FCD4024B186880B202
:10529E007047143E0141043E0141054B1A8842F00D
:1052AE0004021A801A685207FCD4024B186880B2A6
:1052BE007047143E01410C3E0141062340F2431259
:1052CE0003FB0020044B1B68184403680B608388A3
:1052DE008B80704700BF20040020054BD3F8682F49
:1052EE0060F3D752C3F8682F034B1B685870704792
:1052FE0000BF0024014120040020064B1B681A78D1
:10530E00002322FA03F1C907D8B203D50133082BC3
:10531E00F7D11846704720040020054BB3F856000D
:10532E00054B1B7800F07F001844404240B2704796
:10533E0000BF006001412404002008B50368D3F8C3
:10534E007C2132B10021D3F8780101F0F0FF00206A
:10535E0008BD102100F05BFEF9E710B50446FEF71C
:10536E00EEFA01462046FEF738FF024B984294BFF4
:10537E000020012010BD38FEFF7F10B50446FEF759
:10538E00DEFA01462046FEF728FF024B984294BFF4
:10539E000020012010BD38FEFF7F07B53A238DF89F
:1053AE00043005226B4603490120F6F75DFA002012
:1053BE0003B05DF804FB02050101064B1B685B7927
:1053CE00022B06D100231A464FF484311846F6F705
:1053DE004BBA704700BF4C040020064B1B685B792C
:1053EE00022B06D100231A464FF484311846F6F7E5
:1053FE003BBA704700BF4C04002007B5064B1B6834
:10540E000193042201AB4FF481310020F6F72CFA00
:10541E0003B05DF804FB14040020434D443A536579
:10542E007441646472526573456E61626C652C657D
:09543E006E61626C653D2564009D
:1054480000B583B002238DF80030ADF802008DF866
:1054580005106846F9F7A0FB03B05DF804FB08B532
:105468000089FEF72DFA38B18378032B04D1052182
:10547800BDE80840F1F7C6BD032008BD08B500899E
:10548800FEF71EFA38B18378022B04D10521BDE856
:105498000840F1F7B7BD032008BD10B5847A00892C
:1054A800FEF70EFA30B1836D23B12146BDE81040F6
:1054B800F9F728BB012010BD03688B4206D10B68A1
:1054C800036043688B4208BF42607047002AF8D0E7
:1054D8000B681360F5E7434F4E4E3A41434C206446
:1054E80065736320616C6C6F63206661696C3A2533
:1054F80030327800026892F8AC111329034604D1BF
:1055080092F864200AB9E5F7BDB817211846FFF7E5
:1055180067BC00B593B003685722ADF800201B881C
:10552800ADF804306846FCF74FFE13B05DF804FB95
:1055380038B504460D4600200121FFF72FFC28B19D
:1055480005730146204600F011FD012038BD10B555
:10555800826C52B9046C844207D1A273E8F76EFFDB
:105568002046BDE81040FDF7F5BB10BD08B501F0B9
:10557800D5FC034618B1E4F70DFC002008BD02462F
:105588000F210220F6F773F9F7E707B5C378DB07B1
:1055980008D50423009300880023FCF767FF03B0B5
:1055A8005DF804FB0120FAE700F1824000F5B03015
:1055B800891A038801310120884001389040184039
:1055C800104180B27047036ECA6843F00203036655
:1055D800B0F84A309B008365528803EB8203C0E928
:1055E8001631704738B505680446284600F0BEF9FC
:1055F8002B6E1B0604D52046BDE83840EBF78CBA65
:1056080038BD10B50023934206D113F0030018BF2C
:10561800012000EB930010BDC45CCC540133F2E7C9
:10562800434F4E4E3A4C4C206465736320616C6C5A
:105638006F63206661696C3A2530327800434D44C7
:105648003A437265617465436F6E6E004552523A13
:105658007374617475733D25640010B50446807ACF
:1056680001F0C0FB034608B1184610BD2046F5F707
:105678006FFA0346F8E7001808B5A0F500539BB287
:10568800072B04D8024B1B680BB1C0B2984708BD62
:105698007CF70020054A138823F002031B041B0C27
:1056A8001380136913F0020FFBD170470000014209
:1056B80010B50C46044B19681831FCF763FB01213F
:1056C8002046EEF767F910BDCCF70020054B1B68A4
:1056D80023B1044B1A68936C01339364014B186827
:1056E800704700BFCCF7002010B5054C002222708F
:1056F80040F201114020F8F745FD606010BD00BF81
:10570800C8020020054B1B6893F821300BB90370C1
:105718007047022B0CBF03230123F8E70403002082
:1057280008B50089FEF7CCF830B1836D23B10821A4
:10573800BDE80840F1F766BC012008BD10B5044675
:10574800008901F0C7FD28B161892089BDE81040B2
:10575800F0F780BF042010BD10B500F06BFB044CBF
:1057680010B134F8100010BD01F049F8F9E700BF96
:10577800EE80010110B50F230022C45C42EA440206
:10578800CA54C25C13F1FF334FEAD212F5D210BDEE
:10579800054B187029B10A68C3F801208A88A3F854
:1057A8000520F8F797BA00BF3803002007B501A80D
:1057B80001F0B0FA034A019813780133137003B06B
:1057C8005DF804FB01F90020054B1A68C30800F0D6
:1057D8000700D35C23FA00F000F00100704700BF17
:1057E8006003002010B5F4F785FD00231A4603492D
:1057F8000220BDE81040F6F73AB800BF00070100E4
:1058080007B50422019001AB03490220F6F72FF8EF
:1058180003B05DF804FB00BF8106010007B5042250
:10582800019001AB03490220F6F721F803B05DF8B7
:1058380004FB00BF8206010070B50546006800241D
:1058480028B10668013401F05BFD3046F8E72860AE
:10585800204670BD10B5054B53F820300C4613B1E7
:10586800114620469847002010BD00BFFCF60020D6
:10587800024B034A03490448FFF7D2B82F3202010A
:10588800DD980101751B0201ABB7010103680846E9
:1058980050F8012FC3F8E6214268C3F8EA21D1F88D
:1058A8000920C3F8F221704710B5054B53F8203092
:1058B8000C4613B1114620469847002010BD00BF82
:1058C800F4F4002053434E3A61646450726952659F
:1058D800710053434E3A61646453656352657100C5
:1058E800036A1B791A1F012A07D8042B01D100F07B
:1058F80005B8018FC06BFFF7FFB87047054B1A68F2
:1059080042F440721A601A68D105FCD41A689205EC
:10591800F9D47047103E0141054B024600681863F0
:1059280092889A865A6E61F318625A66704700BF69
:1059380000330141054BD3F8682F60F31242C3F8D6
:10594800682FD3F8700F00F0010070470024014160
:1059580007B50422019001AB03490120F5F787FF41
:1059680003B05DF804FB00BFF104010110B5044663
:10597800FAF77CF8236E23F4F81323F40463236600
:10598800BDE81040FEF760BA10B5054B1C68F8F783
:1059980081FB20461621BDE8104000F02FBB00BF58
:1059A8001404002010B5054B1C68F8F773FB20465B
:1059B8001721BDE8104000F021BB00BF14040020EF
:1059C80008B501F05FFB28B1034B1878BDE8084023
:1059D800E8F78CBB08BD00BF0AF90020C0F3080334
:1059E80010F4007F40F271224FEA902002FB003051
:1059F80018BF00F59C70704730B501390024A242E9
:105A080006D0035D01340D5DAB42F8D0581B00E0B1
:105A1800002030BD5AB110B40A44431E11F8014B9E
:105A280003F8014F9142F9D15DF8044B7047704774
:105A380050B140F21D42B0FA80F1521A8840C30AB0
:105A4800400503EB025170470100704713B5044647
:105A5800019201AADEF7C8FE636813F0100F18BFA1
:105A68004FF0FF3002B010BD4C32433A44617461CC
:105A78002073656E642C72656A207273702066618B
:105A8800696C00434D443A5265616452656D6F74A8
:105A9800655478506F7765724C6576656C00434D38
:105AA800443A53657453636E456E61626C652C6548
:095AB8006E61626C653D2564001D
:105AC20003680B6023B943684B60196041607047FB
:105AD200486003685960016070470346006840B13E
:105AE200026812B9C3E90023704753601A6812684A
:105AF2001A60704710B504460830FEF748FC28B11A
:105B020081B22046BDE81040FEF71BBC10BD037BEE
:105B1200417B1A0748BF043123F00803037348BFCF
:105B2200C9B20069FFF72FBB10B5837904461BB1D8
:105B3200C06808B101F0E7FB2046BDE8104001F063
:105B4200E2BB10B50446006801F013F828B1204604
:105B52001221BDE81040FFF7EEBC10BD38B50D466E
:105B620014460021182200F0D4FD40F20112C56053
:105B72000281448138BD01FB00F211B9B2FBF0F0A1
:105B82007047B0FBF1F301FB130308461946F4E733
:105B920008B590F8C8319B0705D500F5E770FBF70B
:105BA200D2FE0439C9B2084608BD08B5014618B18B
:105BB200012804D0002008BDF8F757FEFAE7F0F7F5
:105BC20022FCF7E70EB403B503AA52F8041B0192B4
:105BD20001F085FA02B05DF804EB03B0704752435E
:105BE2003A53757370656E645265712C20726F75CD
:105BF2006E643A20256400010102010201050201DE
:105C0200060202020102010101010102060201066D
:105C12000200496E6974696174696E6720436F6E30
:105C22006E656374696F6E0D0A0005000000000066
:105C320000005501000000000000FF03000000000A
:105C4200000008B5034B18600348DDF748F808BDAB
:105C520000BF7CF7002081560201044B01225A63E7
:105C620008225A6320225A6380229A637047002BCB
:105C7200004410B50446084611460022F8F785FA9A
:105C82002060003018BF012010BD08B518B10128EE
:105C920004D0002008BD00F05CFEFAE7FFF7D3F95C
:105CA200F7E708B500231A4619460068E5F7E9F94F
:105CB200012814BF0020012008BD08B5044B1B6851
:105CC2001BB1024B58681B68984708BD00BF08F714
:105CD2000020044A138843F002031380136913F06F
:105CE200020FFBD1704700000142044A9368D0685A
:105CF20083423EBF024A12699B18181A7047F8F392
:105D02000020044BD86A9B6A984282BF024A126BF7
:105D12009B18181A7047F8F3002000B583B00023CF
:105D220001930A4601A9E8F7A0FC019803B05DF8C7
:105D320004FB034B1B680360034B1B684360704703
:105D420000BFF4F7002000F8002038B50025044613
:105D5200C563A0F84450006C10B101F0D4FA256478
:105D620038BD042806D8034B00F1804001381B6877
:105D720043F82010704744F80020044A1368036077
:105D82005368436093688360D368C36070471C03A1
:105D92000020044A03681360436853608368936079
:105DA200C368D36070471C030020034B1B78037049
:105DB200034B1B780B70704700BF410300203F0369
:105DC20000204D454D2C416C6C6F63206661696CFF
:105DD20065642C6C656E3D25640018B9034B43F86D
:105DE20021207047024BFAE700BF38F7002058F530
:105DF2000020044B4FF080521A60BFF34F8FBFF365
:105E02006F8F704700BF04ED00E0044B4FF48062D7
:105E1200C3F80421BFF34F8FBFF36F8F704700E1C8
:105E220000E08B784A781B0403EB02230A781344C0
:105E3200CA7803EB02630360704708B5F7F73BF9D2
:105E420030B901F074FA18B9BDE80840FCF7A9BAF4
:105E520008BD08B5F7F75BF930B9F3F77AFD18B961
:105E6200BDE80840FAF747BB08BD0138C0B20628B2
:105E72009ABF024B185C4FF4FA70704700BF6B7206
:105E8200020108B50146406800F023FE20B9886887
:105E9200BDE8084000F01DBE08BD044AD2E9023147
:105EA200994238BF01F20161CB1A13617047900326
:105EB2000020034B0B221A70034BCD221A8000F0F4
:105EC20048BF6C030020B003002008B5044B002239
:105ED2001A60F4F718FFBDE80840F0F776BF7CF8C7
:105EE2000020431EAA21023000BF13F8012F4A40AE
:105EF20083421A71F9D1704700BF494E493A436C47
:105F02006F736500494E493A43523D30782530322D
:105F12007800036893F8AC2132B993F8AE31213B93
:105F2200012B01D9FAF73DBE704710B5044600684F
:105F320000F01FFE20B12046BDE81040FDF713BC63
:105F420010BD08B50368D3F88421D20703D493F8AF
:105F5200B31100F060FC012008BD0368194491F9F7
:105F620070027E2804BF014B93F90100704726049A
:105F7200002038B505460C46097BF3F7CEF92146D9
:105F82002846BDE8384001F088B910B5B42001F0C8
:105F9200B8F9044618B1B422002100F0BAFB204639
:105FA20010BD0246044B0068516803C39068D16873
:105FB20003C3704700BFA0340141044B1A6822F0AA
:105FC20073021A601A6842F00C021A607047283A8B
:105FD2000141044B1B6A1B0A13F0FE0F14BF202061
:105FE2004020704700BF000A004410F11D0F06DA7E
:105FF200503104DB002A0CBF112000207047112011
:10600200704707B50422019001AB41F483310020AF
:10601200F5F730FC03B05DF804FB0379042B0CBFE9
:10602200024B024B1B68184700BFA4FA0020A8FAD3
:10603200002003783BB1034600BF13F8012F002A6A
:10604200FBD1181A704718467047416E63686F7229
:10605200204D6F76653A48646C3D3078253034784F
:01606200003D
:1060640010B50446E6F712FC2046DEF725F8204674
:10607400E3F706F910BD10B5044608681146FFF7AA
:106084004BFE2060003018BF012010BD08B510B1D0
:10609400012803D008BDE4F7B1FBFBE700F058F991
:1060A400F8E710B50446FEF7CDFFA46B00F050F9F5
:1060B400B4FA84F0400910BD00F1080343604FF0C6
:1060C400FF328260C3600361002303607047038969
:1060D400B3F5706F04D2418911B11846F7F7D4BDF6
:1060E4000320704703460089B0F5706F03D2D3E9EB
:1060F4000312F6F733B803207047036833B1002066
:106104001B68013080B2002BFAD1704718467047E3
:1061140010B50A685478137803EB042303800B68E2
:1061240002330B6010BD03681BB119791A6811B1F1
:1061340002601846704718461346F5E7036833B102
:106144005A891989914206BF1A68026000231846C9
:10615400704708B50B7913F0300F0CBF04300830CA
:1061640000F0EFFD002008BD222303FB0101B1F87C
:106174006030502B28BF5023A1F85E30704710B513
:10618400046894F8B511FEF71CFE10B1032384F8DB
:10619400AC3110BD10B50468022384F8AC31F8F7B3
:1061A400D1FE08B984F8AC0110BD10B50021044635
:1061B400F5F78EF920460021FCF7DEFC012010BD26
:1061C40010B500210446FDF7B7FA20460021F5F783
:1061D4007FF9012010BD036893F8AC2192065ABFE1
:1061E40093F8AE01C0F34010012070470023C0F8BB
:1061F400253090F8A631002B14BF00230223037628
:106204007047034690F80B0129B920B993F80D01A2
:1062140008B993F80C01704710B50C4600F034FF30
:1062240020B12046BDE81040E7F762BF10BD10B5AD
:106234000446E9F7EFFF2046F5F7E6F9BDE810401C
:10624400FFF7C0BB40F271224000B0FBF2F302FB47
:1062540013005B0243EA5000704768076C094C83E3
:106264006A9074A07AC00080688800846C8200817F
:106274004D6963726F636869704275636B6C616EBC
:106284006441444452544D522C5374617274206ED0
:10629400756C6C20696E70757400434D443A536597
:1062A4007444656661756C74506879436D64004329
:1062B4004D443A437265617465436F6E6E43616E1B
:1062C40063656C0010B50446084600F0C3FD206009
:1062D400003018BF012010BD08B509680068FDF73B
:1062E400D0FF012814BF0020012008BD08B50023F9
:1062F4000068E4F7C5FE012814BF0020012008BD92
:1063040008B5034B186B0021FCF73EFA08BD00BF2B
:1063140000060044034B18621A46136913F0200F59
:10632400FBD170470000014210B5034B1C69FFF715
:10633400DBFC013C201A10BDF8F30020DFF80C0050
:10634400016841F4700101607047000088ED00E0CD
:10635400034A1368013B13600BB983F31188704738
:106364009CFA002010F4807F02D0024B01221A70A4
:10637400704700BFF8F80020024B1860024B01225E
:106384001A7070471CF80020F7F800200389B3F551
:10639400706F03D2C1681846F7F7BCB80320704782
:1063A4000389B3F5706F03D2C1681846F6F7A6BD2A
:1063B40003207047034B1B6853F82030104653F8F2
:1063C4002130184738F8002010B504460621F4F7A8
:1063D400E3FF637903F03F03637110BD08B5034B1A
:1063E4001B689B689847002008BD00BF0803002075
:1063F400034B53F82030104653F82130184700BFA0
:1064040020F7002008B5034B1B689881E8F75EFE6F
:10641400002008BD140300201346427A12B1827A88
:10642400D20702D45222E6F7A1BC704708B5FBF7A5
:1064340055F9024B33F8100008BD00BFEE8001018E
:1064440008B5FBF72FF9024B33F8100008BD00BF65
:10645400EE80010108B500F0ABFD024B33F81000EB
:1064640008BD00BFEE80010108B5F6F79FFD024BA1
:1064740033F8100008BD00BFEE80010108B5FFF736
:10648400E7FC024B33F8100008BD00BFEE800101A9
:1064940030B50023C45CCD5C6C40D4540133102B64
:1064A400F8D130BD00230B60036813B9016041606B
:1064B400704743681960FAE74D53472C47657420C9
:1064C4006661696C2C6C656E3D25640053595300FC
:1064D40000484F5354004C484349004C4D000000C1
:1064E40001390244824200D1704711F8013F02F899
:1064F400013DF7E738B50C4609681546FFF78CFAF5
:1065040022682A44226038BD38B50446006815461E
:10651400FFF782FA22682A44226038BD544D522C77
:1065240053746F70206E756C6C20696E7075740096
:10653400034B1B6853F8E02F02609B8883807047ED
:106544005C030020D0F8783123B10023C0F87831FF
:106554001846704701207047034B1878072894BFEA
:1065640000200120704700BF04F9002008B5102066
:1065740000F0C6FE18B1002383808371C36008BD98
:10658400034B1B6853F8D02F02611B7903757047C6
:106594004C04002010B50446F7F7B8F818B1236886
:1065A400122283F8AC2110BD036893F8643013B948
:1065B4000321E8F775BA1021E9F716BF0138C0B214
:1065C40007289ABF014B185CFF2070473472020100
:1065D40010B5034C206800F095FE0023236010BD25
:1065E400A0F8002010B5D0E900230C6804604C68C2
:1065F4004460C1E9002310BD52433A436C656172A3
:106604004362207265713A253038780052433A5318
:10661400757370656E644362207265713A25780003
:10662400534D503A47656E206B65792C663420666D
:1066340061696C00534D503A47656E206B65792C47
:106644006635206661696C00534D503A47656E208B
:106654006B65792C6636206661696C00534D503A3F
:1066640047656E206B65792C6732206661696C0022
:1066740008B5FCF7E9FB18B101230372002008BD3B
:106684000320FCE7034B53F82030104653F8213025
:10669400184700BF50F70020034B1B681878A0F17F
:1066A400FF0358425841704720040020034B1B68E5
:1066B4001878B0FA80F04009704700BF2004002029
:1066C400034B1B681B7823FA00F000F001007047AD
:1066D40020040020B0F84E30B0F84A20DB00B3FBB1
:1066E400F2F3C0E92033704708B50368D3F87C316E
:1066F40013B91121FFF790FC002008BDDF680201E7
:106704000B56020165730201657302016573020190
:1067140032B1C9B20244034603F8011B9342FBD1D0
:10672400704700BF034600BF11F8012B184603F859
:10673400012B002AF8D17047434D443A53657452F3
:106744005041544F2C544F3D25640053434E3A4618
:10675400444361636865467265652832290043488D
:10676400433A616464205265712C5065723D25641E
:016774000024
:1067760008B50378122B00D008BD406800F01AFD5A
:10678600FAE708B50068E7F76EFF012814BF002096
:10679600012008BD08B5006800F0A1FA012814BF61
:1067A6000020012008BD08B50068E5F746FB012872
:1067B60014BF0020012008BD08B5006800F017F8D6
:1067C600FF2828BFFF20C0B208BD4FF0200383F387
:1067D6001188BFF36F8FBFF34F8FFEE74FF0200393
:1067E60083F31188BFF36F8FBFF34F8FFEE710B5AA
:1067F6000446FEF726FCA46BFFF7A9FD204610BD54
:1068060008B5F7F790FA18B9BDE80840FBF745BD9B
:1068160008BD0368162983F89D1101D1FEF7F1BF63
:10682600FEF7FDBF0346006820B102681A600AB988
:106836005B60704770474389092B9ABF03F1FF33AA
:10684600DBB20823C371704710B50468EEF761FB2D
:1068560010B1052384F8AC3110BD10B50468F8F703
:1068660008F910B1132384F8AC3110BD012805D006
:10687600022803D0042814BF0120032070470168B2
:106886000B69C1F8AC308B6A0BB1086A18477047C0
:1068960010B5841A64024CBF501AC01AC0F3805057
:1068A60010BD012805D0831E012B02D80846EFF73C
:1068B600C4BC704790F8C831DB0703D500F2C91095
:1068C600FBF73FB8704710B50446F4F72CF820469E
:1068D600BDE81040F9F7ADBD0A440023914201D14D
:1068E6000020704701F8013BF8E7434D443A4765FD
:0B68F6006E5075624B6579436D6400C5
:106902007047012303FA00F0014B18617047000839
:106912000040012303FA00F0014BD86070470008E1
:106922000040024B1868C0F3C030704700BF000639
:106932000044024B187EC0F34000704700BF000CB9
:106942000040424C45004150505F5461736B7300EC
:1069520000BF024A136801331360704700BFE0F7BB
:1069620000201F1F1C1C18181414141414141414BF
:106972001414024B1B68D3F88431184700BF040378
:106982000020024B1B68D3F88831184700BF04036C
:106992000020024B1B68D3F89031184700BF040354
:1069A2000020024B1B68D3F87831184700BF04035C
:1069B2000020024B1B68D3F89431184700BF040330
:1069C2000020024B1B68D3F87C31184700BF040338
:1069D2000020024B1B68D3F89831184700BF04030C
:1069E2000020024B1B6843F82010704700BF38F8A4
:1069F200002008B500231A461946F0F7C6F8C0B2BF
:106A020008BD024B104653F82130184700BF941FAF
:106A12000201000001000300010001000100010069
:106A2200020003681BB11A68026002B9426018468C
:106A32007047024B01221A700020704700BF3A04CF
:106A42000020024B1B6893F8E600704700BF5C030E
:106A52000020024B1B6883F80301704700BF5C03F0
:106A62000020024B1B6893F80401704700BF5C03CF
:106A72000020024B1B68C3F81001704700BF5C0383
:106A82000020024B1B68C3F82401704700BF5C035F
:106A92000020024B1B68C3F82801704700BF5C034B
:106AA2000020024B1B68C3F83401704700BF5C032F
:106AB2000020024B1B68C3F83801704700BF5C031B
:106AC2000020434D443A47656E44684B6579436DF7
:106AD200640028B1028943899A4201D10068F8E72B
:106AE200704708B500F089FA10B100F00CFC0120E3
:106AF20008BD08B5FFF7D1F9014808BD00BF9003F2
:106B0200002008B51C2000F0FCFB08B1022303732F
:106B120008BD08B5182000F0F4FB08B10123037387
:106B220008BD434D443A5265616452737369436DC3
:106B3200640008B5FDF72FFF00280CBF0C200020D1
:106B420008BD03684A7883F86E228A7883F86F2238
:106B5200704703684A7883F8B2218A7883F8B321B0
:106B6200704703684A7883F865228A7883F8662238
:106B72007047D0F8AC3113F0FF1F0CBF012000208A
:106B8200704707B5019001A8E6F72FFE03B05DF844
:106B920004FB07B5019001A8ECF795FA03B05DF884
:106BA20004FB024B1B6893F83403704700BF0804D0
:106BB2000020024B1B68D860FDF75FBD00BF1804C0
:106BC2000020BE83605ADB0B376038A5F5AA91839B
:106BD200886C024B1B681844C078704700BF2004C1
:106BE200002008B50B46C1B21846FFF716FA00207E
:106BF20008BDD0F87831987A0A289CBF0130C0B21B
:106C02007047024B93F90000F6F705BB00BF26045C
:106C12000020024B93F90000F6F7FDBA00BF2604EC
:106C22000020024B00EB400003EB400070479CF455
:106C32000020024B1A6802609B888380704764F7C9
:106C4200002040F2FC7303EA8003400A13800860CC
:106C52007047024A08210220F9F70DBF00BFD94B45
:106C62000201024A09210220F9F705BF00BF390ECD
:106C72000201024A0A210220F9F7FDBE00BF0954AF
:106C82000201024A0D210020F9F7F5BE00BFFD4BBB
:106C92000201024A08210220F9F7EDBE00BF214C91
:106CA2000201024A09210220F9F7E5BE00BF454C64
:106CB2000201024A0A210220F9F7DDBE00BF694C37
:106CC2000201024A0D210020F9F7D5BE00BF8D4C0A
:106CD2000201434D443A52656164506879436D64E0
:016CE20000B1
:106CE400836BC06B984214BF00200120704708B525
:106CF4000020E2F7C9FEF6F765FBFCE7827A90F91B
:106D0400091090F90800FFF7AFBB10B5044608302E
:106D1400F7F7BCFB208010BDEFF31083036072B65D
:106D2400BFF35F8F70470B681B7803700B680133E8
:106D34000B607047434D443A526561645478507710
:106D44007200036813B90160184670471846F8E7E3
:106D540008B5FDF70DFEBDE80840F6F759BC4556E9
:106D6400543A69643D307825303478004348433AD6
:106D7400434820496E642C25640008B5FCF7A2FD45
:106D840008B190F8560008BD0707111102110B1144
:106D940008110241110290F8C83103F0010380F890
:106DA4002330704710B50446FFF76AF8C4F8A00012
:106DB40010BDA0F14103192B98BF40F0200070478B
:106DC400A0F16103192B98BF00F05F00704708B56C
:106DD400EAF7CAFEE8F77AFB08BD70474D696372AB
:106DE4006F636869700000BF014B18700020704722
:106DF400F4F80020014B01221A707047F4F80020C7
:106E0400014B1860704700BF84F7002008B50421C7
:106E1400FBF7BAFC012008BD80B2014B58817047D2
:106E24000000014280B2014B18817047000001420A
:106E3400014B186099607047E4F6002008B5EFF73D
:106E44002DFBDBF707FE08BD08B5FBF7B5FCFFF724
:106E540093FA08BD08B500220421F7F795F908BD97
:106E6400014B1868704700BF00F80020014B1868F8
:106E7400704700BFD8F70020014B01221A60704709
:106E840004F80020D0E90423C1680089FCF743B961
:106E94008389827A417A007AF2F708B915C501012B
:106EA400956E02010F6D0201014B1B685B68184768
:106EB40008030020014B1B68184700BF0C03002087
:106EC4008368187808B1E6F767BF70470146014840
:106ED40000F01ABA6AF40020014B1B68586070472E
:106EE4003CF80020014B1B68986070473CF8002078
:106EF4000148FFF7F7BF00BFA9910101014B1860DA
:106F0400704700BF40F80020014B93F90000704720
:106F140030030020014B93F9000070474003002028
:106F2400014B1878704700BFFBF80020014B186034
:106F3400704700BF6CF80020014B1860704700BF19
:106F440068F80020014B1878704700BFFDF8002056
:106F5400014B1870704700BFFDF80020014B002260
:106F64001A707047FCF80020014B1878704700BF76
:106F7400FCF80020BFF35F8F036883F31088704729
:106F8400014B1878704700BF00F900204A780B784D
:106F940003EB02230380704703681970036801330D
:106FA4000360704703681980036802330360704705
:106FB400014B0020187070473A040020014B1B68F5
:106FC400D864704760030020014B1860704700BF0D
:106FD40084F80020014B01221A60704780F80020D9
:106FE400014B00221A60704780F80020014B18788A
:106FF400704700BF04F9002011B90430FFF79EB8B0
:107004000830FBE7014B1860704700BF88F8002088
:10701400014B1860704700BFB4030020014B186097
:10702400704700BFBC030020014B1860704700BFCD
:10703400B8030020014B43F82010704778F5002076
:10704400014B1860704700BF9CF80020014B43F8C7
:1070540020107047F4F4002001684B6A0BB1086AF1
:107064001847704708B5ECF71BFFC0F3870008BD4D
:10707400014B43F82010704750F70020014B1B6868
:107084005878704720040020014B1B68987870479B
:1070940020040020014B1865704700BF0024014103
:1070A400014B1860704700BFA4FA002008B51221F4
:1070B400FEF7B2FF002008BD014B1860704700BF07
:1070C400C0F80020014B43F820107047CCF4002096
:1070D40010B50446FFF726FB204610BD13460A46AA
:1070E4006FF00041F7F728B8C16890F90800FFF77E
:1070F400A7B9C16890F90800FFF798B90A46014694
:107104000220FDF7A5BB00231A461946EFF73CBD44
:10711400427B017B8068F8F7BDBB434D443A436C26
:1071240072524C00434D443A436C72574C0008B5BC
:1071340000F0E8F8002008BD0368DA680A60D96046
:1071440070470A4601461320E0F74EBE03680BB1B0
:10715400FFF71EBD704703684A7883F8B321704770
:1071640003684A7883F8B4217047307825782C3046
:107174007825780003680BB1FFF70ABD70470A460B
:1071840001460320FDF764BB08B5FEF75BF8C0B207
:1071940008BD00B9704700BF0138FAE7036E43F435
:1071A400C0730366704708B5E0F754F908BD08B525
:1071B400E7F7BAF808BD08B5F6F7C6FC08BD08B588
:1071C400F2F79AFAFCE708B5F2F718FE08BD704723
:1071D40049444C45000000BF546D7220537663004F
:1071E40095FB00017D470201C168007AFBF714BBDF
:1071F400D0E90201F7F7E2B9003018BF0120704767
:10720400D0E90201FDF75EBF5049433332435800D1
:10721400115101018DA6010113461222E5F7A6BD05
:10722400456363446F6E650000680C30FEF77BBFF6
:107234000001FF02FFFFFF03004870470CF9002024
:107244008168C088F6F790B9890841EA4020704700
:1072540083F00043DFF7A4BA286E696C2900250087
:1072640000939393671100FA96644B321E144FF403
:10727400004070470023036170478068FAF74EB9F5
:10728400411CF9F79DBB8068FFF7FABF103000F08E
:1072940037B8C043FBF710BC0068FEF75ABF0221A1
:1072A400E7F7FEBB2221FFF7B5BA0068EEF7E2BEAE
:1072B400012303777047020500012A020300002A14
:1072C4000A0300002A0A1500292B0217002A2B2082
:1072D4001200052AF4F7FABBFDF7A8BA002070479C
:1072E40000F010B800207047F0F7F0BD00207047A0
:1072F400002070470020704700207047002070472E
:10730400EAF77ABFFAF778BE0180704701607047E8
:10731400FEF782BBFFF758BEFFF75CBEFFF760BE07
:10732400FBF7FABBFFF78CBE0020704700207047C4
:10733400F9F736BCF9F734BCE0F744BEFFF7E2BF17
:1073440000207047030C1000130002000100FFFF2F
:10735400FDF7E6BB0020704700207047002070470F
:1073640000207047002070470020704700207047BD
:10737400704700BF0229032800287047292B2A2BB5
:10738400052A0500050005000100100002000400A4
:0C739400011802007047704770477047F6
:00000001FF
