:020000040000fa
:10000000f08b012021720501a97d0501af7d05015d
:10001000bb7d0501c17d0501c77d05010000000014
:10002000000000000000000000000000899c0401a6
:10003000b57d050100000000a99d0401179e040183
:1000400003c40401e51f050103c40401c9ca040176
:1000500003c4040103c4040103c4040103c4040170
:1000600003c4040103c4040103c4040103c4040160
:10007000793e030103c404018940040103c404015f
:1000800003c4040103c4040103c4040103c4040140
:1000900003c404012508050103c4040103c40401c9
:1000a00003c4040103c4040103c4040103c4040120
:1000b00003c4040103c4040103c4040161dc03019b
:1000c00001dd030103c4040103c4040103c40401ea
:1000d00003c4040103c404017528050103c4040119
:020000040000fa
:020000040004f6
:045f8800ffff000017
:020000040000fa
:020000040004f6
:045f8c0000400e843f
:020000040000fa
:020000040004f6
:045f900038fc665f14
:020000040000fa
:020000040004f6
:045f94003844160671
:020000040000fa
:020000040004f6
:045f98000300007191
:020000040000fa
:020000040004f6
:045f9c000000000001
:020000040000fa
:020000040004f6
:045fbc0000000010d1
:020000040000fa
:020000040100f9
:1040000000100a001cb200200000000000000000a8
:10401000002032008cad00200000000000000000f5
:10402000012032008cad00200000000000000000e4
:10403000022032008cad00200000000000000000d3
:10404000032032008cad00200000000000000000c2
:10405000042032008cad00200000000000000000b1
:10406000052032008cad00200000000000000000a0
:10407000062032008cad002000000000000000008f
:10408000072032008cad002000000000000000007e
:1040900008202000c0ad002000000000000000004b
:1040a00009202000c0ad002000000000000000003a
:1040b0000a202000c0ad0020000000000000000029
:1040c0000b202000c0ad0020000000000000000018
:1040d0000c202000c0ad0020000000000000000007
:1040e0000d202000c0ad00200000000000000000f6
:1040f0000e202000c0ad00200000000000000000e5
:104100000f202000c0ad00200000000000000000d3
:10411000f8b500bff8bc08bc9e4670477575050130
:10412000f8b500bff8bc08bc9e4670475175050144
:020000040000fa
:020000040100f9
:0841300040ad04000100000095
:020000040000fa
:020000040100f9
:1041380080b483b000af786039607a683b68134414
:10414800c3f3160318460c37bd465df8047b704769
:1041580080b483b000af786039607a683b68d31a5e
:10416800c3f3160318460c37bd465df8047b704749
:1041780080b483b000af786039607a683b68d31a3e
:10418800c3f3160318460c37bd465df8047b704729
:1041980080b483b000af786039607a683b68d31a1e
:1041a80003f48003002b01d0012300e0002318460c
:1041b8000c37bd465df8047b704780b483b000af10
:1041c800786039607a683b685340c3f31603002b64
:1041d80001d1012300e0002318460c37bd465df8e5
:1041e800047b704790b583b000af7860786853f06f
:1041f800a3fe02460b464cf001f903460c4618464e
:1042080021464ff000020c4b4cf068fe03460c466a
:1042180044ec173bb0ee470af0ee670a51f060f83d
:1042280054ec103b1846214653f0defd0346184671
:104238000c37bd4690bd00bf0088834080b483b072
:1042480000af78607b6840f2712202fb03f35b08e1
:1042580018460c37bd465df8047b704790b587b0ab
:1042680000af78607b68db88fb827b6808333b6142
:10427800fb8a23f0ff03fb81fb8adbb2bb81fb894e
:10428800002b03d0b3f5807f06d00be0bb893969da
:10429800184600f015f805e0bb893969184600f0a2
:1042a800d1f800bf054b1c6805f04ef9034684f8a9
:1042b800343300bf1c37bd4690bd00bf80b200201c
:1042c80080b58eb000af03463960fb80fb88132ba6
:1042d80000f2b28001a252f823f000bf354300017a
:1042e800414400016b430001414400014144000185
:1042f80073430001d1430001d9430001e1430001a8
:10430800414400014144000141440001414400018d
:1043180041440001f9430001f34300012144000135
:10432800414400013f44000139440001444b1b68eb
:1043380093f82633002b10d03b681b687b637b6b9c
:104348003b6307f110033a6b1a6007f1100304226c
:104358000021002041f03bfa6ee0386800f050fc84
:104368006ae0386804f0b6fa66e0354b1b6893f8e3
:104378002633002b24d03b681b68fb62304b1b683c
:10438800d3f8a432002b17d0fb6a9a7a2c4b1b68ff
:10439800d3f8a4329b7a9a420ed8fb6abb6207f123
:1043a8000c03ba6a1a6007f10c03042205210020e5
:1043b80041f00dfa00bf3fe0386800f00fff3be026
:1043c800386800f00bff37e0386803f0edfa33e0a7
:1043d800386802f06bfd2fe03b6804331b68dbb2e2
:1043e8001946386802f07dfd26e003f0a9f923e0bc
:1043f8003b681b6887f827303b6804331b683b62bf
:104408003b6808331b68fb6197f82730fa69396afb
:10441800184600f03bff0fe03b681b68bb613b6838
:1044280004331b687b617969b86904f0abff03e06a
:104438003af090f900e000bf00bf3837bd4680bdb4
:1044480080b2002080b588b000af03463960fb8099
:10445800fb880e2b59d801a252f823f0a144000181
:10446800a94400011345000113450001134500014b
:1044780013450001134500011345000113450001d0
:10448800c7440001cd440001db440001e1440001c0
:10449800bf440001ef440001386800f0b1fb34e08c
:1044a8003b68043319683b6808331a680023386886
:1044b80004f056f929e0386804f06afb25e004f0b6
:1044c80097f822e03b681b68fb61f86904f0ccf8b8
:1044d8001be004f0e9f818e03b681b68bb61b869a9
:1044e80004f01ef911e03b681b68fb753b68043358
:1044f8001b683b613b6808331b68fb60fb7dfa68ff
:104508003969184600f0c2fe00bf00bf2037bd461b
:1045180080bd80b582b000af4ff088431b6c03f4b8
:104528004053b3f5005f06d1354b1b6840f6523255
:10453800a3f8202305e0324b1b6840f26242a3f83f
:104548002023304b1b684ff4b4621a812c4b1b6834
:104558004ff4a562a3f82223294b1b684ff4f0728d
:10456800a3f82423274b1b684ff4f0725a8151f0ab
:104578007bfa0346fb71234b1b681b891a46fb79a0
:104588001b09dbb292fbf3f21e4b1b6892b21a8135
:104598001b4b1b68b3f822331a46fb791b09dbb2a5
:1045a80092fbf3f2164b1b6892b2a3f82223144b2a
:1045b8001b68b3f824331a46fb791b09dbb292fb5c
:1045c800f3f20f4b1b6892b2a3f824230d4b1b6820
:1045d8005b891a46fb791b09dbb292fbf3f2094ba4
:1045e8001b6892b25a81074b1b681a89054b1b68d6
:1045f800b13292b21a8100bf0837bd4680bd00bff4
:1046080080b2002084b2002080b582b000af2f4b6a
:104618001b684ff4c362a3f822232c4b1b6840f29b
:10462800ec42a3f824232a4b1b684ff434621a8106
:10463800274b1b6840f2dc525a8151f015fa0346a9
:10464800fb71234b1b681b891a46fb791b09dbb2dc
:1046580092fbf3f21e4b1b6892b21a811b4b1b682c
:10466800b3f822331a46fb791b09dbb292fbf3f24b
:10467800164b1b6892b2a3f82223144b1b68b3f89d
:1046880024331a46fb791b09dbb292fbf3f20f4b7a
:104698001b6892b2a3f824230d4b1b685b891a464a
:1046a800fb791b09dbb292fbf3f2094b1b6892b250
:1046b8005a81074b1b681a89054b1b68b13292b2a5
:1046c8001a8100bf0837bd4680bd00bf80b20020f8
:1046d80084b2002080b582b000af8c4a002100204f
:1046e8004ef00cf9894a002101204ef007f94ff4e9
:1046f8004f7053f041fa0246854b1a60844b1b6891
:104708004ff44f720021184653f016fd0c2053f059
:1047180033fa02467f4b1a607d4b1b680c2200213e
:10472800184653f009fd00237b6061e0784b1a6856
:104738007b68134403f5257300221a70744b1b68b9
:104748007a68a632002143f8221000233b602de04e
:104758006f4b19687a6813465b0013449b00134437
:104768003a6813443833db000b4400225a60684b24
:104778001968674b18687a6813465b0013449b00f6
:1047880013443a6813443833db000b44191d7a6824
:1047980013465b0013449b0013443a6813443833b0
:1047a800db00034499603b6801333b603b680c2b9a
:1047b800cedd574b1b687a685532002143f832101a
:1047c800534b1a68524b19687b685533db001a44ff
:1047d8007b685533db000b445a604d4b1a687b6885
:1047e800134403f52e7300221a707b6801337b6033
:1047f8007b68012b9add464b1b680022c3f8a02278
:10480800434b1b680022c3f8a422414b1b680022bb
:1048180083f8c0213e4b1b680022c3f880213c4b23
:104828001a683b4b1b6802f5c072c3f88421002349
:104838007b6040e0364b19687a6813465b00134486
:104848009b000b440c220021184653f075fc304b9a
:1048580019687a6813465b0013449b000b440022d6
:104868001a602b4b1b682a4a1068d3f884117a689f
:1048780013465b0013449b00034404331960244b24
:104888001868234b1b68d3f884117a6813465b00b9
:1048980013449b0003440b601d4b18681c4b19689c
:1048a8007a6813465b0013449b000344c1f88431c3
:1048b8007b6801337b607b681f2bbbdd00237b603b
:1048c8000de0134b1a687b683133db001344082270
:1048d8000021184653f030fc7b6801337b607b680d
:1048e800062beeddfff715fe094b1b68012283f846
:1048f8003423002046f03cfa054b1b680022c3f81d
:10490800382346f03ffb00237b6017e06542000137
:1049180080b2002084b200202c4b1a687b68ae332a
:104928009b00134400225a60284b1b687a68bc32eb
:10493800002143f822107b6801337b607b680b2bd6
:10494800eadd224b1b68002283f8bb221f4b1b6841
:10495800002283f8ba221d4b1b68002283f8ec2240
:104968001a4b1b68002283f8ed22184b1b680022a3
:1049780083f82623154b1b68002283f82723134b43
:104988001b68002283f82823104b1b68002283f839
:1049980029230e4b1b680022c3f82c230b4b1b68e2
:1049a8000022c3f830230a4b1b6800221a60084b08
:1049b8001b6800225a60074846f0bef9064846f0d0
:1049c800abf900bf0837bd4680bd00bf80b20020ec
:1049d80084b20020b5e40401c9e5040180b485b0bf
:1049e80000af786039607b681b68bb607b685b6878
:1049f800fb603b681a687b681a603b685a687b688a
:104a08005a60ba683b681a60fa683b685a6000bf27
:104a18001437bd465df8047b704780b588b000af99
:104a2800f860b9607a607b68db00fa6813441b6839
:104a38007b61bb68013bfb61bb68bb611ce0bb6978
:104a4800db00fa6813441b6879691846fff7a0fb76
:104a58000346002b0dd0fb690133fb61fb69db00ca
:104a6800fa68d018bb69db00fa6813441946fff7e7
:104a7800b5ffbb690133bb617a68bb699a42dedc6a
:104a8800fb690133db00fa68d0187b68db00fa6841
:104a980013441946fff7a2fffb6901331846203774
:104aa800bd4680bd80b586b000aff860b9607a6059
:104ab800ba687b689a4213da7a68b968f868fff7c7
:104ac800acff78617b69013b1a46b968f868fff763
:104ad800e9ff7b6901337a681946f868fff7e2ff56
:104ae80000bf1837bd4680bd80b582b000af786082
:104af8000b46fb7039f058fafb78012b5ed13f4b1f
:104b08001b6893f82933012b71d07b681b7a002b23
:104b180026d17b681b6c7a689a4221d17b68db7a44
:104b2800002b0ed1354b1b6893f8b8321a46334b1d
:104b38001b6893f8b9321344012b38ddfff764fd85
:104b480035e02e4b1b6893f8b8321a462b4b1b687e
:104b580093f8b9321344022b29ddfff755fd26e0ff
:104b68007b689b6c002b04d17b681b6c7a689a422b
:104b78000ed0224b1b6893f8b8321a461f4b1b689d
:104b880093f8b9321344022b12ddfff73dfd0fe015
:104b98001a4b1b6893f8b8321a46184b1b6893f8df
:104ba800b9321344012b03ddfff72efd00e000bfef
:104bb800124b1b68012283f8292318e00f4b1b684e
:104bc80093f82933002b12d00c4b1b6893f8b8329a
:104bd8001a460a4b1b6893f8b9321344012b01dcbf
:104be800fff797fc054b1b68002283f8292339f04f
:104bf800f5f900bf0837bd4680bd00bf80b2002070
:104c080080b5aab004af786046f07cfa7b681b6870
:104c1800c7f88c30002387f89330002387f8923048
:104c2800002387f893300de097f893309b0007f145
:104c380098021344002243f8902c97f893300133dc
:104c480087f8933097f893301f2bedd9d7f88c302d
:104c58001b68c7f89430c1e0d7f89430c7f888309b
:104c6800d7f894301b68c7f89430d7f888301b7a87
:104c7800002b14d1d7f888309b7a1a46d7f8883099
:104c88005b7f03930292d7f888300193734b0093ac
:104c9800022302227e21ec2037f0a6fc13e0d7f88d
:104ca80088309b7a1a46d7f888305b7f0393029244
:104cb800d7f8883001936a4b0093022302227f21a0
:104cc800ec2037f091fcd7f8880003f065fed7f8a0
:104cd80088301b7a012b06d139f004fb0246d7f83d
:104ce8008830c3f8a820d7f88830012283f85020ec
:104cf800d7f888301a7ad7f8883083f85120d7f84f
:104d080088309a7ad7f8883083f85220d7f88830d4
:104d18000022c3f88420d7f8882092f880306ff3f7
:104d2800020382f88030d7f88830002283f8812087
:104d3800d7f888300522a3f88220d7f888300022d7
:104d4800c3f89c20d7f8882092f898306ff30203b4
:104d580082f89830d7f88830002283f89920d7f85d
:104d680088301222a3f89a20d7f8883000225a6592
:104d7800d7f8883000229a653a4b1b681a89d7f809
:104d88008830a3f87020384b1b68b3f82223d7f873
:104d98008830a3f87220344b1b68b3f82423d7f863
:104da8008830a3f874202f4b1b685a89d7f88830ad
:104db800a3f8762097f892309b0007f198021344e5
:104dc800d7f8882043f8902c97f89230013387f869
:104dd8009230d7f88810002049f08afad7f8943032
:104de800002b7ff439af786803f0d2fe39f0dcf895
:104df800002387f8933024e097f893309b0007f15d
:104e08009802134453f8903c184600f02ff897f88e
:104e180093309b0007f19802134453f8903c187a9a
:104e280097f893309b0007f19802134453f8903c8d
:104e38000022194602f074f997f89330013387f885
:104e4800933097f8932097f892309a42d4d339f058
:104e5800c5f800bf9837bd4680bd00bfe04a0501d0
:104e6800144b050184b2002080b2002080b584b0c4
:104e780000af78607b68fb60fb68002283f84d20f8
:104e8800fb68002283f84e20fb68002283f84f203d
:104e9800fb6800221a77fb685b7a002b02d0f8685f
:104ea80000f0def8f86800f005f80023184610371f
:104eb800bd4680bd90b585b000af78607b68fb606b
:104ec80004f0c2fab860fa68bb689a6039f06cf806
:104ed800bb6800221a60294b1968fb681b7a1a46be
:104ee800fb689b7a184613465b0013449b001344e7
:104ef80003443833db000b449a68bb685a601f4b85
:104f08001968fb681b7a1a46fb689b7a1846134691
:104f18005b0013449b00134403443833db000b4409
:104f28009b68ba681a60154b1868fb681b7a1a46a2
:104f3800fb689b7a1c46b96813465b0013449b00c8
:104f4800134423443833db00034499600b4b1b683c
:104f5800fa68127a991891f894120131c9b2134477
:104f68000a4683f89422fb68012283f84d2039f021
:104f780035f8002318461437bd4690bd80b200208e
:104f880090b585b000af7860344b19687b681b7aa0
:104f98001a467b689b7a184613465b0013449b00ad
:104fa800134403443833db000b445b68fb604ce07c
:104fb80038f0fafffb68bb60fb681b68fb6039f0e0
:104fc8000df8bb68002b40d0bb689a687b689a4292
:104fd8003bd138f0e9ffbb681b68002b05d0bb68e4
:104fe8001b68ba6852685a6013e01c4b18687b68e3
:104ff8001b7a1a467b689b7a1c46bb68596813461d
:105008005b0013449b00134423443833db00034400
:105018009960bb685b68ba6812681a600f4b1b68b6
:105028007a68127a991891f894120139c9b213441e
:105038000a4683f894227b68002283f84d2038f0d2
:10504800cdffb86804f038fa02e0fb68002bafd156
:10505800002318461437bd4690bd00bf80b200201b
:1050680080b586b000af78602d4b1b687a68127add
:10507800553253f832307b610023fb740ae07b69b8
:105088009a687b689a4202d10123fb7405e07b6928
:105098001b687b617b69002bf1d1fb7c002b36d12f
:1050a80004f0d2f9f8607a68fb689a6038f07cffff
:1050b800fb6800221a601a4b1a687b681b7a553302
:1050c800db0013445a68fb685a60154b1a687b6802
:1050d8001b7a5533db0013445b68fa681a60104b7f
:1050e80019687b681b7afa685533db000b445a60f1
:1050f8000b4b1b687a68127a991891f8b81201312b
:10510800c9b213440a4683f8b82238f067ff012170
:105118007868fff7e9fc002318461837bd4680bdbc
:1051280080b2002080b584b000af78602a4b1b683d
:105138007a68127a553253f83230fb6040e038f022
:1051480033fffb68bb60fb681b68fb6038f046fff9
:10515800bb68002b34d0bb689a687b689a422fd111
:1051680038f022ffbb681b68002b05d0bb681b68a2
:10517800ba6852685a600be0174b19687b681b7a4b
:105188001846bb685a6800f15503db000b445a60a7
:10519800bb685b68ba6812681a600f4b1b687a684c
:1051a800127a991891f8b8120139c9b213440a460b
:1051b80083f8b82238f012ffb86804f07df902e0ed
:1051c800fb68002bbbd100217868fff78dfc00bf7e
:1051d8001037bd4680bd00bf80b2002080b582b0c8
:1051e80000af7860786800f004f800bf0837bd4663
:1051f80080bd80b584b000af78607b681b68fb60b9
:10520800fb681b7a012b08d11f4b1b685a681e4b81
:105218001b6842f001025a6007e01b4b1b681a68c2
:10522800194b1b6842f001021a60fb6893f84e3074
:1052380003f00203002b19d1fb685b6d002b0bd028
:10524800fb685b6dbb60bb6893f84f3043f00803a5
:10525800dab2bb6883f84f20f868fff707fefb68ef
:105268001b7a0022f968184600f010f8fb6893f8da
:105278004e3023f00203dab2fb6883f84e2000bff9
:105288001037bd4680bd00bf84b2002080b588b00d
:1052980000af0346b9607a60fb730023bb6100234b
:1052a8007b6100233b619e4b1b68fa7ba63253f857
:1052b8002230002b0cd09a4b1b68fa7ba63253f88d
:1052c800223093f84d30022b02d102f026fae9e1a0
:1052d800fb7b002b40f0d980914b1b6893f89432ec
:1052e800002b00f0df810c23fb77c8e08c4b1a6899
:1052f80097f91f303833db0013445b68bb61abe0c0
:10530800bb697b61bb691b68bb617b699b683b614f
:105318003b695b7a012b65d1824b1b681a68814b0c
:105328001b6842f002021a603b699b7b002b12d17a
:105338003b691b6c3a699a4203d1386901f034fa27
:1053480009e03b6993f8503003f00103002b02d0c9
:10535800386901f07cf83b699b7b002b24d0714baa
:105368001b681a686f4b1b6822f004021a60bb683e
:10537800002b15d03a69bb689a4211d0bb6893f8e4
:105388004d30012b0cd1b868fff7fafdbb689b6a5a
:10539800002b02d0b86838f011ffb86801f0befde4
:1053a800386901f039fb7de15e4b1b681a685d4b7b
:1053b8001b6842f004021a603b699b6c002b45d0c5
:1053c8003b6993f8503003f00103002b03d0386990
:1053d800fff7d6fd3ae03869fff7d2fd386901f0ea
:1053e8009dfd33e04f4b1b681a684e4b1b6842f417
:1053f80080421a603b6993f85c30002b04d13b690a
:10540800b3f85e30002b0cd03869fff7b9fd3b6963
:105418009b6a002b02d0386938f0d0fe386901f059
:105428007dfd3b6993f85c30002b0fd13b69b3f8e5
:105438005e30013b9ab23b69a3f85e203b69b3f842
:105448005e30002b02d13b6901225a72344b1b6833
:1054580093f89432002b04d0bb69002b7ff450af33
:1054680000e000bf2e4b1b6893f89432002b00f02d
:10547800168197f91f30dbb2013bdbb2fb7797f956
:105488001f30002bbff632af0ce1254b1b6893f899
:105498009532002b00f006810c23fb77f9e0204bb6
:1054a8001a6897f91f304533db0013445b68bb610a
:1054b800dde0bb697b61bb691b68bb617b699b687d
:1054c8003b613b695b7a012b40f092803b6993f822
:1054d8004f3003f00403002b05d04df04bfa034680
:1054e800002b00d0c3e00f4b1b685a680d4b1b689c
:1054f80042f002025a603b691b6c3a699a4222d117
:105508003b699b6c002b06d03b695b7f83f00103f2
:10551800dbb2002b08d07968386900f0cbf812e0cc
:1055280080b2002084b200203b699b6c002b0ad01b
:105538003b6993f8503003f00103002b03d07968de
:10554800386900f0b7f83b699b7b002b2fd0574b8d
:105558001b685a68554b1b6822f004025a60bb68e6
:10556800002b20d03a69bb689a421cd0bb6893f8dc
:105578004d30012b17d1bb6893f8503003f001036d
:10558800002b03d0bb6800229a730ce0b868fff7c1
:10559800f7fcbb689b6a002b02d0b86838f00efe97
:1055a800b86801f0bbfc386901f036fa7ae03f4b85
:1055b8001b685a683d4b1b6842f004025a603b69fd
:1055c8009b6c002b4dd03b6993f8503003f00103de
:1055d800002b46d13869fff7d3fc3b699b6a002b47
:1055e80002d0386938f0eafd386901f097fc38e0f4
:1055f8002e4b1b685a682d4b1b6842f480425a6038
:105608003b6993f85c30002b04d13b69b3f85e30fa
:10561800002b0cd03869fff7b3fc3b699b6a002b61
:1056280002d0386938f0cafd386901f077fc3b6967
:1056380093f85c30002b14d13b69b3f85e30002b33
:105648000fd03b69b3f85e30013b9ab23b69a3f8cf
:105658005e203b69b3f85e30002b02d13b69012222
:105668005a72134b1b6893f89532002b04d0bb6910
:10567800002b7ff41eaf00e000bf0d4b1b6893f8b2
:105688009532002b0dd097f91f30dbb2013bdbb20e
:10569800fb7797f91f30002bbff601af02e000bf80
:1056a80000e000bf2037bd4680bd00bf84b20020a7
:1056b80080b2002090b5c1b004af786039607b68d3
:1056c8009b7b002b40f0b8800023a7f8de3007f161
:1056d800de0207f1e003114618463cf0e1fe7b6864
:1056e800db7a012b24d1d7f8e0207b68db6b1946e5
:1056f8001046fef71dfd0346c7f8e0307b681a8f99
:10570800b7f8de3013449bb2a7f8de30b7f8de30c6
:1057180040f2e14293420bd9b7f8de30a3f2e243fc
:105728009bb2a7f8de30d7f8e0300133c7f8e03095
:10573800d7f8e040b7f8de309b089bb21a467b6882
:10574800b3f8703013441846fef74cfd034619466b
:105758002046fef7edfcc7f8e8007b68d7f8e8209c
:105768001a667b689b6c1846fef73cfd0346a7f853
:10577800ee307b689b6e9ab2b7f8ee301344a7f808
:10578800ec30b7f8ec30b3f5487f0ad97b689b6eec
:105798009bb2c3f54873a7f8ee304ff44873a7f8e7
:1057a800ec307b681b6ec7f8d830002387f8e730e9
:1057b800092387f8e630002387f8d730012387f8d4
:1057c800d630d7f8d830fb60d7f8d830b7f8ec2007
:1057d80011461846fef7acfc03463b61b7f8ee10dd
:1057e80007f1d80297f8e60007f10c03029307f1d6
:1057f800d603019307f1d70300930b46796800f0ad
:10580800c6fb97f8d71097f8d620d7f8d83007f105
:105818000c0000930346786800f0d2fc034687f832
:10582800e73097f8e730002b03d07b6801229a73a2
:1058380002e07b6800229a7300bff437bd4690bd32
:1058480090b585b000af786039607b689b7b002b92
:105858004ed100237b8107f10a0207f10c031146a0
:1058680018463cf01dfe7b68db7a012b1bd1fa68d9
:105878007b68db6b19461046fef75afc0346fb6053
:105888007b681a8f7b8913449bb27b817b8940f2aa
:10589800e142934207d97b89a3f2e2439bb27b8121
:1058a800fb680133fb60fc687b899b089bb21a4646
:1058b8007b68b3f8703013441846fef793fc034630
:1058c80019462046fef734fc02467b681a667b6858
:1058d8001b7b002b05d17b681b6e5a027b681a6103
:1058e80003e07b681a6e7b681a617b6801229a73f1
:1058f80000bf1437bd4690bd90b587b000aff860c3
:10590800b9607a607b800023fb8200237b750023cb
:105918007b82fb6a1b681946f868fef739fc034668
:10592800002b40d0fb6a1b68b9681846fef730fcac
:105938000346002b34d00023fb824f4b1b681b8986
:105948001a464d4b1b685b8913444c4a82fb031271
:105958001a441212db17d31a9ab27b689bb213440b
:105968009ab2454b1b681b891946434b1b685b89d8
:105978000b44424981fb030119440912db17cb1a76
:105988009bb213449cb2fb6a1b68f9681846fef781
:10599800effb03469bb2e31a9bb202337b8232e0f1
:1059a80001237b752fe0fb6a1b681946f868fef730
:1059b800dffb0346fb82304b1b681b891a462e4bc4
:1059c8001b685b8913442d4a82fb03121a44121286
:1059d800db17d31a9ab27b689bb213449ab2264b50
:1059e8001b681b891946244b1b685b890b44234998
:1059f80081fb030119440912db17cb1a9bb213442c
:105a08009bb202337b82fa8a7b889a4201d30123b4
:105a18007b757b7d002b2ad1fb8a3b821fe03a8a6b
:105a28007b889a4222d23b8adb089bb21a46bb6a21
:105a380013441b785ab23b8a03f00703012101fa89
:105a480003f35bb213435ab23b8adb089bb2194695
:105a5800bb6a0b44d2b21a703b8a01333b823a8a42
:105a6800f98a7b8a0b449a42d9db00e000bf00bf69
:105a78001c37bd4690bd00bf84b200203f5461d1a1
:105a880080b5beb000aff860b9607a607b80002353
:105a980087f8f630bb689b6e9ab27b881344a7f8e8
:105aa800e4307b681a68b7f8e4301344c7f8e0308c
:105ab800002387f8f73088e197f8f7309b00fa68f9
:105ac80013441b68002b00f0868197f8f7309b0081
:105ad800fa6813441b685b6ec7f8dc3097f8f73038
:105ae8009b00fa6813441b68db7a012b13d197f8e3
:105af800f7309b00fa6813441b68186e97f8f73064
:105b08009b00fa6813441b68db6b1946fef720fb01
:105b1800c7f8f00008e097f8f7309b00fa681344dc
:105b28001b681b6ec7f8f030d7f8dc10d7f8f00008
:105b3800fef7fefac7f8d80097f8f7309b00fa6826
:105b480013441b68b3f87020af4ba3fb0213d21a9f
:105b5800520813441b0a9bb2591cbb68b3f8762041
:105b6800a94ba3fb0203d21a520813441b0a9bb287
:105b780001330b441946d7f8f000fef7e9fac7f8e5
:105b8800ec00bb68b3f870209f4ba3fb0213d21a3a
:105b9800520813441b0a9bb2591c97f8f7309b0014
:105ba800fa6813441b68b3f87620974ba3fb0203eb
:105bb800d21a520813441b0a9bb201330b441946ec
:105bc800d7f8d800fef7b4fac7f8e80097f8f73026
:105bd8009b00fa6813441b689b6c002b40f0c6803e
:105be80097f8f7309b00fa6813441b681a6c97f80b
:105bf800f7309b00f9680b441b689a4240f0b68066
:105c080097f8f7309b00fa6813441b685b6c1846da
:105c1800fef7e8fac7f8d4008fe07b681a68d7f86f
:105c2800e030d7f8e810d7f8ec0002f089ff034617
:105c3800002b1cd097f8f630db0007f1f80213446c
:105c4800d7f8ec2043f8e42c97f8f630db0007f19e
:105c5800f8021344d7f8e82043f8e02c97f8f63018
:105c6800013387f8f63097f8f630182b7ad097f882
:105c7800f7309b00fa6813441b685b7f83f00103cd
:105c8800dbb2002b70d1d7f8d410d7f8f000fef7ac
:105c98004ffac7f8f000d7f8dc10d7f8f000fef795
:105ca80047fac7f8d80097f8f7309b00fa6813440a
:105cb8001b68b3f87020544ba3fb0213d21a520886
:105cc80013441b0a9bb2591cbb68b3f876204e4b91
:105cd800a3fb0203d21a520813441b0a9bb20133d6
:105ce8000b441946d7f8f000fef732fac7f8ec0073
:105cf800bb68b3f87020444ba3fb0213d21a5208b6
:105d080013441b0a9bb2591c97f8f7309b00fa689a
:105d180013441b68b3f876203b4ba3fb0203d21a4b
:105d2800520813441b0a9bb201330b441946d7f897
:105d3800d800fef7fdf9c7f8e800d7f8e010d7f863
:105d4800ec00fef725fa0346002b7ff466afd7f880
:105d5800e010d7f8ec00fef730fa0346002b7ff48a
:105d68005caf29e000bf27e000bf25e07b681a6828
:105d7800d7f8e030d7f8e810d7f8ec0002f0e0feea
:105d88000346002b18d097f8f630db0007f1f8022d
:105d98001344d7f8ec2043f8e42c97f8f630db00ee
:105da80007f1f8021344d7f8e82043f8e02c97f8f5
:105db800f630013387f8f63097f8f630182b0cd008
:105dc80097f8f730013387f8f73097f8f7300b2b4f
:105dd8007ff672ae02e000bf00e000bfd7f80031e6
:105de80097f8f6201a70d7f800311b785a1e07f179
:105df800140300211846fef755fe002387f8e73004
:105e0800002387f8f730b1e07da8c2a297f8f730f1
:105e1800002b2dd17b681a6897f8f730db0007f163
:105e2800f8010b4453f8e43c19461046fef7b0f964
:105e38000346002b1cd097f8e730db00d7f8082181
:105e480013447a6812681a6097f8f73097f8e720d1
:105e5800d200d7f808110a44db0007f1f8010b4417
:105e680053f8e43c536097f8e730013387f8e7309c
:105e780097f8f720d7f800311b78013b9a423bdab4
:105e880097f8f730db0007f1f802134453f8e02cd9
:105e980097f8f7300133db0007f1f8010b4453f8aa
:105ea800e43c19461046fef773f90346002b23d04d
:105eb80097f8f73097f8e720d200d7f808110a4486
:105ec800db0007f1f8010b4453f8e03c136097f846
:105ed800f730013397f8e720d200d7f808110a44c1
:105ee800db0007f1f8010b4453f8e43c536097f8e2
:105ef800e730013387f8e73097f8f720d7f8003113
:105f08001b78013b9a422cd197f8f730db0007f158
:105f1800f802134453f8e03cd7f8e0101846fef7af
:105f280037f90346002b1cd097f8f73097f8e7208d
:105f3800d200d7f808110a44db0007f1f8010b4436
:105f480053f8e03c136097f8e730db00d7f80821f6
:105f58001344d7f8e0205a6097f8e730013387f800
:105f6800e73097f8f730013387f8f730d7f8003182
:105f78001b7897f8f7209a42fff448afd7f8043116
:105f880097f8e7201a7000bff837bd4680bd80b586
:105f98009cb004afb9607a601a460346fb73134697
:105fa800bb81002387f85f300de097f85f309b00d6
:105fb80007f160021344002243f84c2c97f85f3035
:105fc800013387f85f3097f85f300b2bedd900234a
:105fd80087f85f30fb7b03f00303002b50d0774b2f
:105fe8001b6893f8b832002b4ad037f0ddff734bab
:105ff8001b68d3f8a832bb6537f0f0ff3de037f0f7
:10600800d3ffbb6d3b65bb6d1b68bb6537f0e6ff17
:106018003b6d9a68bb689a422fd03b6d9b68fb64c6
:10602800fb6c9b7b012b28d1fb7b03f00103002b2e
:106038000cd097f85f305a1c87f85f209b0007f157
:1060480060021344fa6c43f84c2c16e0fb7b03f017
:106058000203002b11d0fb6c9a7abb689b7a9a4298
:106068000bd997f85f305a1c87f85f209b0007f11f
:1060780060021344fa6c43f84c2cbb6d002bbed164
:10608800fb7b03f03c03002b00f086804b4b1b6826
:1060980093f8b932002b7fd037f086ff474b1b6847
:1060a800d3f8b0327b6537f099ff72e037f07cffa8
:1060b8007b6dbb647b6d1b687b6537f08fffbb6caa
:1060c8009a68bb689a4264d0bb6c9b687b647b6ca3
:1060d8009b7b012b5dd1bb685a6d7b6c9a4200d1ca
:1060e80057e0fb7b03f00403002b0cd097f85f30dc
:1060f8005a1c87f85f209b0007f1600213447a6cf2
:1061080043f84c2c45e0fb7b03f01003002b12d026
:106118007b6c9a7abb689b7a9a423ad997f85f3037
:106128005a1c87f85f209b0007f1600213447a6cc1
:1061380043f84c2c2de0fb7b03f00803002b12d016
:106148007b6c9a7abb689b7a9a4222d397f85f3025
:106158005a1c87f85f209b0007f1600213447a6c91
:1061680043f84c2c15e0fb7b03f02003002b10d0e8
:10617800bb681b6c7a6c9a420bd197f85f305a1c3b
:1061880087f85f209b0007f1600213447a6c43f89c
:106198004c2c7b6d002b89d1ba8907f114003b6f19
:1061a8000293fb6e0193bb6e009313467a68b9683d
:1061b800fff766fc00bf6037bd4680bd80b2002097
:1061c80080b588b000aff8607b600b46fb72134661
:1061d800bb720023bb77ff237b77fb7a002b04d0ad
:1061e800bb7a002b01d100232de1fb689b6c002baf
:1061f80006d0fb685b7f83f00103dbb2002b3fd046
:106208007b685a687b681b6819461046fdf7b0ff23
:106218000346bb827b681b68ba6a9a422ed1ba8a47
:10622800fb685b6e9a4229d37b681a68fb681a661a
:10623800fb681b7b002b05d1fb681b6e5a02fb68b1
:106248001a6103e0fb681a6efb681a61bb8ab3f532
:10625800487f04d1fb689a6efb68da660ce0ba8a5c
:10626800fb689b6e9a4203d8ba8afb68da6603e039
:10627800fb689a6efb68da660123e4e00023e2e03b
:10628800fb7a002b0cd17b685a687b681b6819461f
:106298001046fdf76dff0346bb7700237b7740e090
:1062a8000023fb7739e0fb7fdb007a6813445868ea
:1062b800fb7fdb007a6813441b681946fdf758ff1b
:1062c80003467b837a8bfb685b6e9a4222d3fb681a
:1062d80093f84f3003f00403002b04d07b8bbb777b
:1062e800fb7f7b771de0fb681b7a012b0dd1fb68d8
:1062f8009b6c002b09d0bb7f9bb27a8b9a4209d941
:106308007b8bbb77fb7f7b7704e07b8bbb77fb7f4b
:106318007b7706e0fb7f0133fb77fa7fbb7a9a42f3
:10632800c1d37b7fff2b00f08d80fb689b7b002b0c
:1063380063d1fb681b7a012b3bd1fb689b6c002b5c
:1063480037d000237b76ba7ffb689b6e9a4228d9a8
:10635800fb6893f8503003f00103002b21d107f1bb
:1063680012030221184649f02bf97b8a1a46b97f95
:10637800fb689b6ecb1a0133b2fbf3f103fb01f30d
:10638800d31a7b767b7fdb007a6813441b687a7e9e
:1063980011461846fdf7ccfe0246fb681a6600bf98
:1063a8000ee07b7fdb007a6813441a68fb681a6684
:1063b80006e07b7fdb007a6813441a68fb681a667c
:1063c800fb681b7b002b05d1fb681b6e5a02fb6820
:1063d8001a6103e0fb681a6efb681a61fb68db7ad6
:1063e800012b0ad1fb681a6efb68db6b1946104655
:1063f800fdf79efe0246fb681a667b7fdb007a6823
:1064080013445a68fb681b6e19461046fdf7b0fe28
:106418000346fb82fb8ab3f5487f04d1fb689a6e7a
:10642800fb68da660ce0fa8afb689b6e9a4203d82e
:10643800fa8afb68da6603e0fb689a6efb68da663c
:10644800012300e0002318462037bd4680bd90b5e3
:10645800c5b004af78607b689b7b002b40f09381cc
:106468007b681b6cc7f8ec30002387f8ff307b682b
:106478001b7a012b08d17b681b6c7a689a4229d158
:10648800012387f8ff3025e03cf04af8c7f8e80018
:106498007b681b6c7a689a4213d0d7f8ec309b7be8
:1064a800002b17d0d7f8ec301b6e1946d7f8e80048
:1064b800fdf76efe0346002b0cd0012387f8ff3052
:1064c80008e07b681b69c3f316027b681a66012320
:1064d80087f8ff3097f8ff30012b40f054810023f4
:1064e80087f8fd30002387f8fc30002387f8fb305d
:1064f8007b681b7a002b35d17b681b6c7a689a42c3
:1065080016d197f8fc305a1c87f8fc2007f58072e2
:106518001344012203f8282c97f8fc305a1c87f8fa
:10652800fc2007f580721344022203f8282c2fe080
:1065380097f8fc305a1c87f8fc2007f58072134442
:10654800052203f8282c97f8fc305a1c87f8fc2001
:1065580007f580721344222203f8282c012387f8b8
:10656800fb3015e097f8fc305a1c87f8fc2007f53b
:1065780080721344112203f8282c97f8fc305a1c17
:1065880087f8fc2007f580721344092203f8282ca9
:106598007b689b6c1846fdf725fe0346a7f8f83084
:1065a8007b689b6e9ab2b7f8f8301344a7f8f630b8
:1065b800b7f8f630b3f5487f0ad97b689b6e9bb273
:1065c800c3f54873a7f8f8304ff44873a7f8f630c6
:1065d800d7f8ec301b6ec7f8d4300023c7f8e43086
:1065e8003bf09effc7f8e4006d4b1b681b891a46f9
:1065f8006b4b1b685b8913446a4a82fb03121a447b
:106608001212db17d31a01331946d7f8e400fdf745
:106618008ffdc7f8e4007b68db7a012b0ad17b6821
:106628001a6e7b68db6b19461046fdf791fd034631
:10663800c7f8d430d7f8ec309c6e7b68b3f870306c
:1066480003f271231846fdf7cdfd03462344c7f82e
:10665800e0307b685b6c1846fdf7c4fd0246d7f84e
:10666800e030934208d997f8fb30002b04d0d7f8d4
:10667800e030c7f8f03006e07b685b6c1846fdf741
:10668800b1fdc7f8f000d7f8d430d7f8f0101846a5
:10669800fdf74efd0346c7f8d430d7f8d430d7f805
:1066a800e4101846fdf774fd0346002bebd1d7f82c
:1066b800d420b7f8f630013b19461046fdf738fdef
:1066c800c7f8dc00002387f8fe3049e0002387f88c
:1066d800d330012387f8d230d7f8d430bb60d7f84d
:1066e800dc30fb6097f8fe3007f58072134413f82e
:1066f800280cb7f8f81007f1d40207f10803029341
:1067080007f1d203019307f1d30300930b4679688d
:10671800fff73dfc97f8d31097f8d220d7f8d4307c
:1067280007f10800009303467868fff749fd034620
:1067380087f8fd3097f8fd30002b0cd07b681b6e76
:106748001946d7f8dc00fdf723fd0346002b0ed0d1
:10675800002387f8fd3097f8fe30013387f8fe30c4
:1067680097f8fe2097f8fc309a42afd300e000bfbc
:1067780097f8fd30002b03d17b6800229a7302e062
:106788007b6801229a737b689b7b002b14bf0123d3
:106798000023dbb2184607f58277bd4690bd00bfdf
:1067a80084b200203f5461d190b585b000af7860c5
:1067b80000237b8107f10a0207f10c0311461846f2
:1067c8003bf06efe7b68db7a012b1bd1fa687b6895
:1067d800db6b19461046fdf7abfc0346fb607b6894
:1067e8001a8f7b8913449bb27b817b8940f2e142fb
:1067f800934207d97b89a3f2e2439bb27b81fb6872
:106808000133fb60fc687b899b089bb21a467b6856
:10681800b3f8703013441846fdf7e4fc03461946f4
:106828002046fdf785fc02467b681a667b681c6e6d
:106838000021786802f0ebf9034619462046fdf777
:1068480077fc02467b681a667b681b7b002b05d1a8
:106858007b681b6e5a027b681a6103e07b681a6ebc
:106868007b681a617b6801229a7300bf1437bd46a2
:1068780090bd80b588b000af786037f095fb384b95
:106888001b68d3f8a032bb6137f0a8fb7b6893f88c
:106898004c30002b17d07b681b6c7b617b6993f8ad
:1068a800503003f00203002b0dd17868fef768fb27
:1068b8007b689b6a002b02d0786837f07ffc786889
:1068c80000f02cfb48e00023fb61b969786800f010
:1068d80032fa38617a683b699a420ad10023fb6030
:1068e800786800f0b0fef860f968786800f0c8f9d8
:1068f800f8617a683b699a422ed17a68fb699a42b4
:106908002ad17b681b7a012b08d1164b1b685a6861
:10691800144b1b6842f040025a6007e0114b1b6899
:106928001a68104b1b6842f040021a607b6893f8a3
:106938004d30012b10d17868fef722fb7b680222cc
:1069480083f84d20064b1b687a68127aa63279685c
:1069580043f8221000f0e1fe2037bd4680bd00bf9d
:1069680080b2002084b2002080b586b000aff86005
:10697800b9607a60fb68db7a012b29d107f1120232
:1069880007f11403114618463bf08afd7a69fb6843
:10699800db6b19461046fdf7cbfb03467b617b8a10
:1069a8001a46fb681b8f19461046fdf7c1fb0346c4
:1069b8009bb27b827b8a40f2e142934210d97b8a68
:1069c800a3f2e2439bb27b827b6901337b6107e0e0
:1069d80007f1120207f11403114618463bf060fd57
:1069e8007b69ba689a4204d17b8a40f29b429342ff
:1069f80003d97b68a3f239137b607b6840f271226c
:106a0800934204d8f868fff734ff012300e000231d
:106a180018461837bd4680bd80b588b000af78608d
:106a28007b68fb6100237b810023fb76fb6993f87d
:106a3800503023f00203dab2fb6983f8502007f1e3
:106a48000a0207f10c03114618463bf029fdfb69c1
:106a58001b7a012b08d1874b1b685a68854b1b682a
:106a680042f010025a6007e0824b1b681a68814b9b
:106a78001b6842f010021a60fb69db7a012b1bd1fc
:106a8800fa68fb69db6b19461046fdf751fb0346b4
:106a9800fb60fb691a8f7b8913449bb27b817b89de
:106aa80040f2e142934207d97b89a3f2e2439bb2c9
:106ab8007b81fb680133fb60f9687a89fb69b3f86d
:106ac8007230f86900f0f0fd0346fb76fb7e002b80
:106ad80040d0fb691b7a012b08d1664b1b685a68aa
:106ae800644b1b6842f020025a6007e0614b1b6848
:106af8001a68604b1b6842f020021a60fb691b7a17
:106b0800002b0bd0fb691b7a012b1ad1fb699b6cfc
:106b1800002b16d0fb695b7f002b12d0f869fef7bb
:106b28002ffafb699b6a002b02d0f86937f046fb05
:106b3800f86900f0f3f900220021012000f0f0fad2
:106b480094e0fb6900229a7300220021012000f0e2
:106b5800e7fa8be0fb691b6efa6811461846fdf7e9
:106b680007fb7861fb69b3f8703003f27123424a7e
:106b780082fb03121a441212db17d31a01331a4686
:106b88007b69934203d2f869fff773fe6ee0fb69f5
:106b98001b7a012b08d1374b1b685a68354b1b6889
:106ba80042f080025a6007e0324b1b681a68314b8a
:106bb8001b6842f080021a607869fdf73ffb0246c5
:106bc8007b899b089bb2d31a3b61fb69b3f8703091
:106bd8001a463b699b1a3b61fb683a691946f86992
:106be800fff7c2fe0346002b3fd1fa69fb69c3f8e1
:106bf8008420fb6978333969184630f06ffe1f4be3
:106c08001b68b3f8203303f59c731a463b6993421b
:106c18000dd91a4b1b68b3f820331a463b699b1ae7
:106c28003b61fb6990333969184630f057fef869c3
:106c3800fef7a6f9fb69042283f84d20f86902f0f3
:106c480067fbfb691b7a012b09d1fb695b6d002b84
:106c58000cd100220021012000f062fa06e0002297
:106c68000021002000f05cfa00e000bf2037bd469c
:106c780080bd00bf84b200203f5461d180b20020a3
:106c880080b582b000af786039603b68002b4dd08a
:106c98007b681b7a002b1cd13b681b7a012b01d126
:106ca8007b6844e07b689a7a3b689b7a9a4201d376
:106cb8007b683ce07868fef763f97b689b6a002b89
:106cc80002d0786837f07afa786800f027f93b68dc
:106cd8002de07b689b6c002b03d17b6800229a73a4
:106ce80022e07b685b7f83f00103dbb2002b03d0db
:106cf8007b6800229a7317e07b6893f8503003f0a2
:106d08000103002b03d07b6800229a730ce078689b
:106d1800fef736f97b689b6a002b02d0786837f05b
:106d28004dfa786800f0faf83b6800e07b6818468e
:106d38000837bd4680bd80b584b000af7860396043
:106d48003b68002b01d17b68ace00023fb733b68f8
:106d580093f84d30032b02d10123fb7312e03b68fb
:106d680093f84f3003f00403002b02d00123fb7388
:106d780008e07b689b6e1a463968786801f074fef3
:106d88000346fb73fb7b002b7fd07b681b7a002bb1
:106d98004ed13b681b7a012b15d13b6893f84d30d7
:106da800032b04d10021386837f031fa09e03b6839
:106db8009b6a002b02d0386837f000fa386800f078
:106dc800adf87b686ee03b681b7f002b05d0002187
:106dd800386837f01cfa7b6864e07b689a7a3b680d
:106de8009b7a9a4215d93b6893f84d30032b04d10e
:106df8000021386837f00bfa09e03b689b6a002be2
:106e080002d0386837f0daf9386800f087f87b681c
:106e180048e07868fef7b4f87b689b6a002b02d0dc
:106e2800786837f0cbf9786800f078f83b6839e093
:106e38007b689b6c002b03d17b6800229a7322e04d
:106e48007b685b7f83f00103dbb2002b03d07b6898
:106e580000229a7317e07b6893f8503003f001031f
:106e6800002b03d07b6800229a730ce07868fef749
:106e780087f87b689b6a002b02d0786837f09ef908
:106e8800786800f04bf83b680ce03b6893f84d30ad
:106e9800022b04d03b6893f84d30032b01d13b689b
:106ea80000e07b6818461037bd4680bd80b584b0c9
:106eb80000af78607b681b68fb60fb681a69fb6839
:106ec800c3f8ac20fb689b6a002b06d0fb689b6a62
:106ed800fa68126af9681046984700bf1037bd462d
:106ee80080bd80b584b000af78600b46fb707b68ce
:106ef8001b68fb60fb6893f84d30032b0ad1fb68d5
:106f0800db6a002b06d0fb68db6afa68126af91c98
:106f18001046984700bf1037bd4680bd80b584b085
:106f280000af78607b68fb60fb681b7a012b08d197
:106f38003e4b1b685a683d4b1b6842f008025a607a
:106f480007e03a4b1b681a68384b1b6842f0080286
:106f58001a60fb6893f84d30032b63d0fb6893f8f5
:106f68004d30022b1ad137f01ff8314b1b68fa68e5
:106f7800127aa63253f82230fa689a4207d12c4b7b
:106f88001b68fa68127aa632002143f82210284baf
:106f98001b680022c3f8a02237f020f8fb685b7f4b
:106fa80083f00103dbb2002b02d0fb6800229a7346
:106fb800fb68b3f870201d4b1b681b899a4219d0d7
:106fc8001a4b1b681a89fb68a3f87020184b1b68ba
:106fd800b3f82223fb68a3f87220154b1b68b3f89b
:106fe8002423fb68a3f87420104b1b685a89fb689c
:106ff800a3f87620fb68042283f84d20fb685b7faa
:10700800002b0fd0fb6893f84e3003f00103002be0
:1070180008d1f86800f0defff86800f0f5fff868be
:1070280001f00cf800bf1037bd4680bd84b20020c7
:1070380080b2002080b584b000af78603960374beb
:107048001b685a68354b1b6842f400625a603b68fb
:1070580000221a707b689b6d002b05d07b68fb6053
:107068003b6801221a7027e07b685b6d002b0bd010
:107078007b685b6dfb60fb6893f84d30012b1bd17f
:10708800f868fdf77dff17e07b68d3f8a830fb6050
:10709800fb68002b3ed0b4227968f86850f03effb8
:1070a800fa687b685a657a68fb689a657b6800228b
:1070b8009a65fb6800225a65fb68002b2bd0fb6899
:1070c80000225a77fb6800229a64fb6800229a73b0
:1070d800fb6800221a63fb68fa681a64fb680022de
:1070e80083f84d20fb68002283f84e20fb680022bd
:1070f80083f84f20fb6800229a73f868fdf7dafee0
:10710800fb6893f84f3043f00403dab2fb6883f866
:107118004f2000e000bf1037bd4680bd84b200207c
:1071280080b594b000af0346b9607a60fb73bb6862
:10713800002b4ed0bb6893f84f3003f00403002bac
:1071480023d0bb681a7a07f138031a6007f13803ad
:107158000433ba681a6007f1380308337a681a608a
:107168004bf008fc0346002b07d007f138030c222c
:107178005c4901203ef02bfbafe007f138030c22fd
:10718800584903203ef023fba7e0bb681a7a07f1b1
:107198002c031a6007f12c030433ba681a6007f14c
:1071a8002c0308337a681a604bf0e4fb0346002b83
:1071b80007d007f12c030c220e2100203ef007fb1c
:1071c8008be007f12c030c220e2102203ef0fffa7f
:1071d80083e0454b1a68fb7b134493f89432002be9
:1071e8007bd00023bb640c2387f84f3070e03e4b04
:1071f8001968fa7b97f94f0013465b0013449b000c
:10720800134403443833db000b445b687b647b6cba
:10721800002b02d07b6c9b68bb64bb6c002b50d0ee
:10722800bb6c5b7a012b4cd1bb6c93f84f3003f0ed
:107238000403002b22d007f12003fa7b1a6007f120
:1072480020030433ba6c1a6007f1200308337a6804
:107258001a604bf08ffb0346002b07d007f1200381
:107268000c22204901203ef0b2fa36e007f1200353
:107278000c221c4903203ef0aafa2ee007f1140361
:10728800fa7b1a6007f114030433ba6c1a6007f129
:10729800140308337a681a604bf06cfb0346002b22
:1072a80007d007f114030c220e2100203ef08ffabc
:1072b80013e007f114030c220e2102203ef087fa96
:1072c8000be097f94f30dbb2013bdbb287f84f3068
:1072d80097f94f30002b8adaffe700bf5037bd46d9
:1072e80080bd00bf0e01000180b2002080b592b0c1
:1072f80000af78600b46fb7007f10c0300221a60a0
:107308005a600023fb6200237b644ff0ff337b63ea
:10731800002387f83330002387f83230fb7803f0f6
:107328000103002b0ed09e4b1a6897f83330591c76
:1073380087f83310d2f8a8229b0007f148010b44c4
:1073480043f83c2cfb7803f01003002b0ed0944b31
:107358001a6897f83330591c87f83310d2f8b022de
:107368009b0007f148010b4443f83c2c002387f8a5
:10737800323045e197f832309b0007f14802134458
:1073880053f83c3cbb6297f832309b0007f1480247
:10739800134453f83c2c97f8323012689b0007f1dd
:1073a80048010b4443f83c2cbb6a9a687b689a42b4
:1073b80000f01681bb6a9b68fb62fb6a9b7b012b12
:1073c80040f00e81fb7803f01003002b06d0fb6a17
:1073d8009a7a7b689b7a9a4200d801e17b68db7acb
:1073e800012b09d17b681a6e7b68db6b1946104646
:1073f800fcf7aefe386402e07b681b6e3b64fb6af8
:10740800db7a012b09d1fb6a1a6efb6adb6b194622
:107418001046fcf79dfef86302e0fb6a1b6efb63f7
:10742800396cf86bfcf7b4fe0346002b31d0fb6acd
:107438005b6e1946f86bfcf77bfe78627b68b3f8e5
:107448007020584ba3fb0213d21a520813441b0a8c
:107458009bb2591cfb6ab3f87620524ba3fb02037c
:10746800d21a520813441b0a9bb201330b44194623
:10747800786afcf75dfe3862396a386cfcf788fe7a
:107488000346002b37d07b685a6e7b68da66fb6a46
:10749800d5e07b685b6e1946386cfcf749fef861ed
:1074a800fb6ab3f870203f4ba3fb0213d21a5208b1
:1074b80013441b0a9bb2591c7b68b3f87620394bde
:1074c800a3fb0203d21a520813441b0a9bb20133ce
:1074d8000b441946f869fcf72bfeb861b969f86bdb
:1074e800fcf756fe0346002b05d07b685a6e7b6876
:1074f800da66fb6aa3e0fb6ab3f87020294ba3fbaa
:107508000213d21a520813441b0a9bb2591c7b68f7
:10751800b3f87620234ba3fb0203d21a5208134474
:107528001b0a9bb201330b441946f86bfcf710fe9b
:10753800b8632ce0fb6a5b7f002b35d0fb6a5b6c81
:107548001846fcf74ffe03461946f86bfcf7f0fdaa
:10755800f863fb6ab3f87020124ba3fb0213d21a2c
:10756800520813441b0a9bb2591c7b68b3f8762057
:107578000c4ba3fb0203d21a520813441b0a9bb2fa
:1075880001330b441946f86bfcf7e2fdb863396c1c
:10759800b86bfcf7fdfd0346002bcbd105e000bf1f
:1075a80080b200207da8c2a200bfb96b386cfcf77e
:1075b800effd0346002b06d1b96b386cfcf7fdfdd7
:1075c8000346002b0cd0396cb86bfcf7d1fd786101
:1075d8007a697b6b9a4203d27b697b63fb6a7b6423
:1075e80097f832309b0007f14802134453f83c3cab
:1075f800002b7ff4bfae97f83230013387f8323072
:1076080097f8322097f833309a42e9d37b685b6e5b
:107618007a6b9a4205d27b685a6e7b68da667b6c15
:107628000de07b689b6e7a6b9a4203d27b687a6b1b
:10763800da6603e07b689a6e7b68da660023184690
:107648004837bd4680bd80b584b000af7860002360
:10765800fb737b681b7a002b0ad17b685b7f002b4e
:1076680006d07b689b6c002b02d10123fb7310e0d2
:107678007b681b7a012b0cd17b689b6c002b06d096
:107688007b685b7f83f00103dbb2002b01d0112301
:10769800fb73fb7b19467868fff728feb860bb6868
:1076a80018461037bd4680bd90b587b000aff8606a
:1076b800b9603b601346fb800023fb75fb681b6ebb
:1076c800b9681846fcf764fd0346002b08d1fb682f
:1076d8001b6eb9681846fcf770fd0346002b02d0f4
:1076e8000123fb7514e0fb889b089bb21a463b6894
:1076f800d418fb681b6eb9681846fcf739fd0346b9
:107708001846fcf79bfd03469c4201d30123fb75f9
:10771800fb7d18461c37bd4690bd80b500af4bf0c9
:1077280029f90346002b02d000f00af805e00023ef
:1077380000220f2102203ef04af80023184680bd9f
:1077480080b586b000af944b1b68d3f89832002bf5
:1077580008d1914b1a68904b1b68d2f89c22c3f849
:10776800a02207e08c4b1a688b4b1b68d2f8982232
:10777800c3f8a022884b1b68d3f8a0327b6143f082
:10778800ebfa0346002b07d1844bd3f8ac30c3f394
:107798008013dbb2012b20d17b691b7a012b08d126
:1077a8007f4b1b685a687e4b1b6842f400425a6044
:1077b80007e07b4b1b681a68794b1b6842f4004250
:1077c8001a607b699b6a002b02d0786936f0f6fc58
:1077d8007869fff7a3fb0023d9e07b69002b00f051
:1077e800d5807b6993f84d30022b40f0cf80002381
:1077f8007b800023fb74ba1c3b1d114618463af0e7
:107808004ffe7b69db7a012b1bd17a687b69db6bc6
:1078180019461046fcf78cfc03467b607b691a8f7f
:107828007b8813449bb27b807b8840f2e142934281
:1078380007d97b88a3f2e2439bb27b807b68013344
:107848007b6079687a887b69b3f874307869fff768
:107858002bff0346fb747b6993f84f3003f0040356
:10786800002b33d07b699b6dfb607b6993f84f30ad
:1078780003f00803002b29d0494b1b685a68484b72
:107888001b6842f480325a607b699b6a002b02d0e5
:10789800786936f093fc7869fff740fbfb6893f84a
:1078a8004d30022b02d1fff738ff04e07a6900213e
:1078b8000120fff735fc7b6993f84f3023f008036c
:1078c800dab27b6983f84f20002360e0324b1b68f3
:1078d800d3f8a432002b44d1fb7c83f00103dbb244
:1078e800002b3ed02c4b1b687a69c3f8a422786918
:1078f80001f047f87b691b6a2a4a13607b690322f7
:1079080083f84d20786901f08af87b691b7a012b8e
:1079180008d1234b1b685a68214b1b6842f400723c
:107928005a6007e01e4b1b681a681d4b1b6842f41f
:1079380000721a607b699b7a032b8cbf012300239a
:10794800fb72154b1b68d3f82c33002b06d0124b57
:107958001b68d3f82c33fa7a10469847786936f0c2
:1079680007fcfb7c002b11d00d4b1b681a680c4bd5
:107978001b6842f480721a607b699b6a002b02d0f4
:10798800786936f01bfc7869fff7c8fa00231846b7
:107998001837bd4680bd00bf80b2002000240141d9
:1079a80084b200200cb2002080b584b000af7860ab
:1079b8007b681b68fb60fb685b6a002b06d0fb6872
:1079c8005b6afa68126af9681046984700bf103770
:1079d800bd4680bd90b587b000af786039607b68e0
:1079e80093f84d30002b0fd13b68002b00f07d81c0
:1079f8003b687b617b691a787b689a727b691a7825
:107a08007b6883f8522070e17b6893f84d30032b34
:107a180040f06b815b4b1b68d3f83033002b04d0ec
:107a2800584b1b68d3f8303398477b6893f851203c
:107a38007b681a727b6893f852207b689a72514b64
:107a48001b687a68127aa63253f822307a689a420a
:107a580007d14c4b1b687a68127aa632002143f88a
:107a68002210484b1b68d3f8a0327a689a4204d196
:107a7800444b1b680022c3f8a0227b681b7a012ba9
:107a880008d1414b1b685a683f4b1b6842f480621f
:107a98005a6007e03c4b1b681a683b4b1b6842f472
:107aa80080621a607b68042283f84d200023fb73f0
:107ab8003b68002b14d03b683b613b691a787b68b4
:107ac8009a723b691a787b6883f852203b695b7825
:107ad800002b05d007f10f0319467868fff7aafabb
:107ae800284b1b680022c3f8a4227b685b7f002b0d
:107af80002d0786800f06efa224b1b68d3f89832ef
:107b0800002b08d11f4b1a681e4b1b68d2f89c2209
:107b1800c3f8a02207e01b4b1a681a4b1b68d2f85f
:107b28009822c3f8a022174b1b68d3f8a032002b69
:107b38000ad0144b1b68d3f8a03293f84d30022baf
:107b480002d1fff7eafd2ee00e4b1b6893f8943242
:107b5800002b04d0002200210020fdf797fb094be1
:107b68001b6893f89532002b1dd07b681b7a012b7c
:107b78000cd1054b1b685a68034b1b6842f48052b2
:107b88005a600be080b2002084b20020594b1b6879
:107b98001a68584b1b6842f480521a600022002170
:107ba8000120fff7bdfa7b68002b00f097807b6807
:107bb80093f8503043f00203dab27b6883f8502020
:107bc8007b6893f8503003f00103002b08d07b68e2
:107bd80093f8503023f00103dab27b6883f8502021
:107be8007b6893f84f3003f00103002b14d07b68b7
:107bf80093f84f3023f00103dab27b6883f84f2003
:107c08007b6800225a727868fdf78cfa00230022fc
:107c1800394901203df0dbfd7b685b7f83f0010380
:107c2800dbb2002b02d07b6800229a737b68b3f822
:107c38007020304b1b681b899a4219d02d4b1b684a
:107c48001a897b68a3f870202c4b1b68b3f8222391
:107c58007b68a3f87220294b1b68b3f824237b6840
:107c6800a3f87420234b1b685a897b68a3f87620f5
:107c78007b685b7f002b0cd07b6893f84e3003f059
:107c88000103002b05d1786800f0bef9786800f090
:107c9800d5f97b6893f84e3003f00103002b1dd013
:107ca8007b6893f84e3023f00103dab27b6883f8df
:107cb8004e207b689b6d002b02d17868fdf732fa65
:107cc8007b689b6d002b09d107f108037a681a605d
:107cd800002300220a4901203df079fd074b1c686a
:107ce80001f032fc034684f8343300bf1c37bd462c
:107cf80090bd00bf84b200200b01000180b20020bb
:107d08000901000180b58ab000aff860b960134678
:107d1800fb80fb68db7a012b10d1fb681a6efb68cd
:107d2800db6b19461046fcf713fa3862fb68db6b0d
:107d38001946b868fcf70cfab86002e0fb681b6edd
:107d48003b6236f031f9304b1b68d3f8b0327b62b6
:107d580036f044f951e036f027f97b6afb617b6a1b
:107d68001b687b6236f03af9fb699b68bb61bb69ab
:107d78009b7b012b41d1bb691b6e7b617a693b6a96
:107d88009a423ad1bb691b6e5a1cbb691a66bb6919
:107d98001b6e5a02bb691b69c3f308031a44bb690b
:107da8001a61bb691b6eb9681846fcf7e1f903460e
:107db8001846fcf743fa3861fb889b089bb21a46c1
:107dc8003b699b1a3b61bb69b3f8703003f27123be
:107dd8001a463b69934210d3bb69b3f870301a4610
:107de8003b699b1a3b61ba69bb69c3f88420bb69cc
:107df8007833396918462ff071fd7b6a002baad1b8
:107e080000bf2837bd4680bd80b2002090b589b03c
:107e180000af78607b681b7a012b02d10123fb61dc
:107e280010e06a4b1b681b891a46684b1b685b8904
:107e38001344674a82fb03121a441212db17d31a3f
:107e48000133fb617b681b7b012b67d10023fb7629
:107e5800fb7e002b06d07b689b6a002b02d07868db
:107e680036f0acf9fb7e0133fb767b681c6e7b68d1
:107e78005b6c1846fcf7b6f9034619462046fcf732
:107e880057f902467b681a667b681a6e7b681a6126
:107e98007b68db7a012b29d107f10e0207f1100369
:107ea800114618463af0fcfa3a697b68db6b1946ca
:107eb8001046fcf73df903463b61fb891a467b688f
:107ec8001b8f19461046fcf733f903469bb2fb811a
:107ed800fb8940f2e142934210d9fb89a3f2e243c5
:107ee8009bb2fb813b6901333b6107e007f10e025e
:107ef80007f11003114618463af0d2fa3b69f969be
:107f08001846fcf715f978617b681b6e7969184685
:107f1800fcf73ef90346002b9ad146e07b681b7bb1
:107f2800002b42d10023fb76fb7e002b06d07b681a
:107f38009b6a002b02d0786836f040f9fb7e01334b
:107f4800fb767b681c6e7b685b6c1846fcf74af90d
:107f5800034619462046fcf7ebf802467b681a668a
:107f68007b681b6e5a027b681b69c3f308031a44bb
:107f78007b681a617b68db7a002b07d107f10e0258
:107f880007f11003114618463af08afa3b69f96975
:107f98001846fcf7cdf878617b681b6e796918463e
:107fa800fcf7f6f80346002bbed17b681b7a002b42
:107fb80005d13b69fa8919467868fff7a3fe7b6803
:107fc80001229a7300bf2437bd4690bd84b20020b9
:107fd8003f5461d180b582b000af78607b689b6cfc
:107fe800002b0dd17b681b6c7a689a4208d17b689c
:107ff80000229a737868fff709ff786801f088f91a
:1080080000bf0837bd4680bd80b582b000af78603c
:108018007b689b6c002b04d17b681b6c7a689a4246
:1080280008d07b6800229a737868fef710fa78689f
:1080380001f06ef900bf0837bd4680bd80b58cb031
:1080480000af786000237b6100237b827b68db7a4a
:10805800012b29d107f1120207f114031146184622
:108068003af01efa7a697b68db6b19461046fcf712
:108078005ff803467b617b8a1a467b681b8f19462b
:108088001046fcf755f803469bb27b827b8a40f288
:10809800e142934210d97b8aa3f2e2439bb27b82ee
:1080a8007b6901337b6107e007f1120207f11403d2
:1080b800114618463af0f4f97b689b7b002b40f098
:1080c8008e807b681b6c3b623b6a1b6efb627b6825
:1080d8001b6c7a689a421fd00ae03b6a5b6c1846b0
:1080e800fcf780f803461946f86afcf721f8f862ad
:1080f8007b691946f86afcf74bf80346002becd16c
:108108007b685b6c1846fcf76df803461946f86afd
:10811800fcf70ef8b86215e07b685b6c1846fcf754
:1081280061f803461946f86afcf702f8b8627b68fa
:108138001b7a012b06d17b689b6c002b02d07b68d5
:10814800ba6a1a667b691946b86afcf711f80346d9
:108158001846fcf773f8f8617b8a9b089bb21a46ad
:108168007b68b3f8703013441a46fb699b1afb61ad
:108178007b681b7a012b08d1774b1b685a68764bb2
:108188001b6842f400525a6007e0734b1b681a6878
:10819800714b1b6842f400521a607a687b68c3f816
:1081a80084207b687833f96918462ff097fb6b4b6e
:1081b8001b68b3f820331a46fb69934240f2c78024
:1081c800664b1b68b3f820331a46fb699b1afb61a0
:1081d8007b689033f96918462ff080fbb7e07b681d
:1081e8001b6e7a6911461846fbf7c2ff034618460c
:1081f800fcf724f878627b6a002b06d07b8a9b0800
:108208009bb21a467b6a9b1a7b627b68b3f8703014
:1082180003f271231a467b6a93421ad27b685b6d1c
:10822800002b0bd07b685b6dbb61bb6993f84f304b
:1082380043f00803dab2bb6983f84f207868fcf78b
:1082480015fe7b681b7a002279681846fef768ffde
:108258007de07b68b3f870301a467b6a9b1a7b62b4
:108268007a687b68c3f884207b68db7a012b29d184
:1082780007f10a0207f10c03114618463af010f903
:10828800fa687b68db6b19461046fbf751ff03461b
:10829800fb607b891a467b681b8f19461046fbf7e3
:1082a80047ff03469bb27b817b8940f2e1429342c0
:1082b80010d97b89a3f2e2439bb27b81fb6801332f
:1082c800fb6007e007f10a0207f10c0311461846a4
:1082d8003af0e6f87a69fb689a4203d17b89b3f5ec
:1082e800966f03d37b6aa3f59c737b627b681b7aca
:1082f800012b08d1184b1b685a68174b1b6842f4ae
:1083080000525a6007e0144b1b681a68124b1b682e
:1083180042f400521a607b687833796a18462ff065
:10832800ddfa0e4b1b68b3f820331a467b6a93427a
:108338000dd90a4b1b68b3f820331a467b6a9b1a7f
:108348007b627b689033796a18462ff0c7fa00bfc2
:108358003037bd4680bd00bf84b2002080b2002007
:1083680080b58ab004af78600023fb7500233b61b9
:108378000023fb600023bb607b681b7a012b0ed1b6
:108388007b6893f84d3002937b680193464b0093ca
:10839800022302228521ec2034f026f90de07b68c7
:1083a80093f84d3002937b680193404b009302236e
:1083b80002228621ec2034f017f935f0f5fd7b68b0
:1083c80093f84d30012b35d1394b19687b681b7aee
:1083d8001a467b689b7a184613465b0013449b0039
:1083e800134403443833db000b445b683b611de0f6
:1083f8003b69fb603b691b683b61fb689b68bb6032
:10840800ba687b689a4211d17868fcf7b9fd7b6835
:1084180093f84e3043f00403dab27b6883f84e20b9
:108428007868fcf77ffe0123fb7535e03b69002b7c
:10843800ded131e07b6893f84d30022b04d07b68a5
:1084480093f84d30032b0fd17b6893f84e3043f0ef
:108458000503dab27b6883f84e200121786835f08d
:10846800d6fe0023fb7517e07b68783318462ff09b
:10847800f3fa7b68903318462ff0eefa7868fcf729
:1084880051fe7b6893f84e3043f00603dab27b68fe
:1084980083f84e200123fb7535f0a0fdfb7d1846bf
:1084a8001837bd4680bd00bf484b05016c4b050120
:1084b80080b2002080b588b000af786042f022fe1c
:1084c8007b681b683b613b691b68fb61fb69bb619f
:1084d8001ce0bb6993f84e3003f00403002b12d163
:1084e800424b1a68414b1b6893f8ba32ae339b0073
:1084f8001344ba695a603d4b1b6893f8ba2201329b
:10850800d2b283f8ba22bb691b68bb61bb69002b76
:10851800dfd135e0fb69bb61fb691b68fb61bb69a7
:1085280093f84e3003f00403002b29d1b869fff704
:1085380017ff0346012b0cd12c4b1b6893f8bb2269
:108548000132d2b283f8bb22ba6900210120fef7ba
:10855800e7fdbb695b6dfb60fb68002b02d0f86828
:10856800fff7fefebb69d3f8a830bb60bb68002be1
:1085780002d0b86835f0cafeb969032045f0b8fee4
:10858800fb69002bc6d1786800f002fb174b1b680b
:1085980093f8bb22154b1b6893f8ba329a4220d144
:1085a8000023fb750ce0114b1a68fb7dae339b0072
:1085b80013445b68184635f055fefb7d0133fb75a7
:1085c8000a4b1b6893f8bb32fa7d9a42ebd3074bf0
:1085d8001b68002283f8bb22044b1b68002283f827
:1085e800ba2200bf2037bd4680bd00bf80b2002040
:1085f80080b582b000af1b4b1b6893f8bb220132d9
:10860800d2b283f8bb22174b1b6893f8bb22154bd9
:108618001b6893f8ba329a4220d10023fb710ce010
:10862800104b1a68fb79ae339b0013445b681846fd
:1086380000f01af8fb790133fb710a4b1b6893f8b9
:10864800bb32fa799a42ebd3064b1b68002283f8b7
:10865800bb22044b1b68002283f8ba2200bf0837ec
:10866800bd4680bd80b2002080b584b002af78607e
:108678007b681b6b002b10d07b680193094b009320
:10868800022302228721ec2033f0aeff7b681b6bac
:108698007a68126a79681046984700bf0837bd465d
:1086a80080bd00bf944b050180b582b000af1b4b65
:1086b8001b6893f8ed220132d2b283f8ed22174bf2
:1086c8001b6893f8ed22154b1b6893f8ec329a421d
:1086d8001fd10023fb710be0104b1b68fa79bc32e9
:1086e80053f82230184600f01bf8fb790133fb7170
:1086f8000a4b1b6893f8ed32fa799a42ecd3074b90
:108708001b68002283f8ed22044b1b68002283f8c3
:10871800ec2200bf0837bd4680bd00bf80b20020f4
:1087280080b584b002af78607b685b6b002b10d09b
:108738007b680193094b0093022302228821ec20d5
:1087480033f052ff7b685b6b7a68126a002110462f
:10875800984700bf0837bd4680bd00bfa84b05013c
:1087680080b58cb002aff860b9607a60fb70fb68c6
:108778001b68bb61bb691b687b627b6a3b6214e058
:10878800514b1b68504a126892f8ec22bc32396a85
:1087980043f822103b6a1b683b624b4b1b6893f8fb
:1087a800ec220132d2b283f8ec223b6a002be7d1eb
:1087b80045e07b680193454b0093022302228921ff
:1087c800ec2033f011ff7b6a3b627b6a1b687b629b
:1087d800bb68dab23b6a83f85c207b689ab23b6a72
:1087e800a3f85e2035f0e0fb3b6a93f84d30042b8c
:1087f80004d03b6a93f84d30012b0ed13b6a00221e
:108808005a72386afcf78efc2f4b1b6893f8ed22de
:108818000132d2b283f8ed220fe03b6a93f84f3071
:1088280043f00103dab23b6a83f84f20fb78002b50
:1088380003d00421386a35f0eafc35f0cffb7b6ab7
:10884800002bb6d14af096f80346002b0bd007f15f
:108858001403ba691a6007f1140304221c490120a1
:108868003cf0b5ff02e0f86800f092f9164b1b687f
:1088780093f8ed22144b1b6893f8ec329a421fd1ff
:108888000023fb770be0104b1b68fa7fbc3253f8d0
:108898002230184635f000fdfb7f0133fb770a4b89
:1088a8001b6893f8ed32fa7f9a42ecd3064b1b68ab
:1088b800002283f8ed22044b1b68002283f8ec2287
:1088c80000bf2837bd4680bd80b20020bc4b0501e3
:1088d8000d01000180b586b000af78607b681b6829
:1088e8003b610023fb603b691b687b6112e07b698d
:1088f800fb607b691b687b61fb6801225a72fb681d
:10890800002283f85c20fb680022a3f85e20f86848
:10891800fcf7a6fb7b69002be9d1786800f038f9f1
:1089280000bf1837bd4680bd80b582b000af786003
:108938007b681b6a1b79042b04d07b681b6a1b7934
:10894800052b0fd17b681b6a1b79042b02d13af0e7
:108958000ff807e07b68da6b7b681b8f19461046b7
:1089680039f0e8ff00bf0837bd4680bd80b582b04a
:1089780000af78607868fff7d7ff00bf0837bd46bb
:1089880080bd80b582b000af78607868fff7eefff1
:1089980000bf0837bd4680bd80b582b000af7860a3
:1089a8007b685b7b012b0ad17b685b695a007b681b
:1089b8005a667b689b695a007b689a6613e07b68f5
:1089c8005b7b002b0fd17b685b691846fbf70afcc1
:1089d80002467b685a667b689b691846fbf702fc6f
:1089e80002467b689a667b681b7b002b05d17b68f7
:1089f8001b695a0a7b681a660de07b681b7a002b94
:108a080009d17b68db7a012b05d17b681b69c3f32d
:108a180016027b681a6600bf0837bd4680bd80b560
:108a280082b000af78607b685b7b012b06d17b68e6
:108a3800db6e5a087b68c3f8b0200ce07b685b7b70
:108a4800002b08d17b68db6e1846fbf7f7fb024664
:108a58007b68c3f8b0207b681a697b68c3f8ac20d0
:108a680000bf0837bd4680bd80b58ab000aff8604a
:108a7800b9607a600023fb77fb681b6e7b62bb687a
:108a88001b6e3b62fb68db7a012b08d1fb681a6e10
:108a9800fb68db6b19461046fbf75afb7862bb682c
:108aa800db7a012b08d1bb681a6ebb68db6b1946f1
:108ab8001046fbf74dfb38627968786afbf738fb9c
:108ac800b861bb68da6e3b6a1a441b4b1b681b898a
:108ad8001946194b1b685b890b44184981fb030134
:108ae80019440912db17cb1a13440133c3f31603d5
:108af8007b61114b1b681b891a460f4b1b685b89ee
:108b080013440e4a82fb03121a441212db17d31abb
:108b180001331946386afbf71bfb38617b693a69f0
:108b2800b969786a00f00cf80346fb77fb7f1846b2
:108b38002837bd4680bd00bf84b200203f5461d1b4
:108b480080b586b000aff860b9607a603b600023fa
:108b5800fb757968f868fbf71bfb0346002b09d007
:108b6800b9687868fbf714fb0346002b0bd0012388
:108b7800fb7508e03968f868fbf70afb0346002b29
:108b880001d00123fb75fb7d18461837bd4680bd13
:108b980080b584b000af78607b681b68fb60f868bc
:108ba80035f08afc00bf1037bd4680bd80b485b063
:108bb80000af786039600ce07b683a68b3fbf2f28a
:108bc800396801fb02f29b1afb603b687b60fb681b
:108bd8003b603b68002befd17b6818461437bd46d5
:108be8005df8047b704790b583b000af786039605a
:108bf8007b683a6802fb03f439687868fff7d6ffa8
:108c08000346b4fbf3f318460c37bd4690bd80b558
:108c1800d8b000af3b1d18603b46196007f18c03c4
:108c2800c7f850313b1db4221968d7f850014ff0ee
:108c380075f93b461b68002b04d0d7f850313a46eb
:108c480012685a64002387f85f310023c7f84c3153
:108c5800002387f84b31002387f85731002387f822
:108c68004a31002387f84931002387f85631002319
:108c780087f85531d7f850311b6ec7f844310023b7
:108c880087f84331d7f850315b6c002b02d197f845
:108c98004331b4e05c4b1b68d3f8a832c7f85831ad
:108ca8002de0d7f858319b68c7f84c313b1dd7f8f1
:108cb8004c211b689a421dd0d7f84c319b6c002b75
:108cc80018d1d7f84c311b6cd7f84c219a4211d1e6
:108cd800d7f84c315b6c002b0cd097f85f2107f16b
:108ce8000c03d7f84c1143f8221097f85f31013381
:108cf80087f85f31d7f858311b68c7f85831d7f86b
:108d08005831002bcdd197f85f3187f8563197f855
:108d1800563187f84931002387f85f315ee097f8cc
:108d280055310a2b0dd9d7f850311b6ed7f844119d
:108d38001846fbf71dfa034687f8433197f8433185
:108d48005de097f85f2107f10c0353f822301946cc
:108d5800d7f8500100f05af8034687f84a3197f8d7
:108d68004a31002b03d097f85f3187f8573197f8cd
:108d78005f31013387f85f3197f85f2197f8493100
:108d88009a4202d1002387f85f3197f85631013ba8
:108d980087f8563197f85631002b1ad197f84a318f
:108da800002b16d097f84931013b87f8563197f8d0
:108db800573187f84b3197f84b31013387f85f31da
:108dc80097f85f2197f849319a4202d1002387f832
:108dd8005f3197f85531013387f8553197f8563197
:108de800002b9cd1d7f850311b6ed7f84411184688
:108df800fbf7bef9034687f8433197f84331184625
:108e080007f5b077bd4680bd80b2002090b593b01d
:108e180000af78603960002387f84730022387f86d
:108e280046303b68002b02d197f8473066e27b68f2
:108e38005a6c3b685b6c9a420ed97b685b6c3a68eb
:108e4800526cb3fbf2f102fb01f29b1a002b11d119
:108e5800012387f846300de03b685b6c7a68526cfa
:108e6800b3fbf2f102fb01f29b1a002b02d10123a2
:108e780087f8463097f84630022b21d17b685a6c28
:108e88003b685b6c19461046fff7adfe78627b685d
:108e98005b6c7a6ab2fbf3f387f845303b685b6c2e
:108ea8007a6ab2fbf3f387f8233097f84530092b39
:108eb80006d997f82330092b02d9002387f84630c2
:108ec80097f84630002b00f017827b681b6e3b64d6
:108ed8003b681b6efb637b68db7a012b08d17b68e0
:108ee8001a6e7b68db6b19461046fbf731f938645c
:108ef8003b68db7a012b08d13b681a6e3b68db6b59
:108f080019461046fbf724f9f86397f84630012b09
:108f180040f0b480f96b386cfbf73af90346002b44
:108f280026d03b685b6c1846fbf75cf9f861b84bd8
:108f38001b681b891a46b64b1b685b891344b54ae4
:108f480082fb03121a441212db17d31a1a46fb6962
:108f58009b1a013bbb61396cf86bfbf7f9f80246c9
:108f6800bb69934204d8f969f86bfbf7f1f8f86329
:108f78003b68b3f87020a84ba3fb0213d21a52081f
:108f880013441b0a9bb201331946f86bfbf7e0f850
:108f9800b8633b685b6e1946f86bfbf7c9f87863f2
:108fa8003b68b3f876209c4ba3fb0213d21a5208f5
:108fb80013441b0a9bb201331946786bfbf7b8f8c8
:108fc80038637b68b3f87020934ba3fb0213d21a63
:108fd800520813441b0a9bb201331946386cfbf73d
:108fe800b7f878617b685b6e1946386cfbf7a0f8b8
:108ff80038617b68b3f87620874ba3fb0213d21a3b
:10900800520813441b0a9bb2013319463869fbf70f
:109018008ff8f8603b6bba6bf9687869fff790fdd9
:109028000346002b00f06881396bf868fbf7b0f84d
:109038000346002b05d0396c386bfbf789f8f862ca
:1090480004e0396cf868fbf783f8f8627b681a6efd
:10905800fb6a033319461046fbf76af802467b6839
:109068001a667b6893f84f3043f00203dab27b68e4
:1090780083f84f20012387f847303de197f84630c1
:10908800022b40f03981002387f82b30002387f822
:109098002a303b68b3f870205f4ba3fb0213d21a47
:1090a800520813441b0a9bb201331946f86bfbf7ad
:1090b8004ff8b8633b685b6e1946f86bfbf738f8f6
:1090c80078633b68b3f87620534ba3fb0213d21a9c
:1090d800520813441b0a9bb201331946786bfbf7fd
:1090e80027f8386301e197f82b30102b01d90023ba
:1090f80004e17b681c6e7b685b6c97f82a2002fb96
:1091080003f31846fbf76ef8034619462046fbf7ab
:109118000ff838647b68b3f870203f4ba3fb021349
:10912800d21a520813441b0a9bb201331946386cf1
:10913800fbf70ef878617b685b6e1946386cfaf7b6
:10914800f7ff38617b68b3f87620334ba3fb021333
:10915800d21a520813441b0a9bb2013319463869c4
:10916800faf7e6fff8604ae0796b386cfbf700f82d
:109178000146274b1b681b891a46254b1b685b89d0
:109188001344244a82fb03021a441212db17d31a2f
:109198000133994242d93b685b6c1846fbf722f8c9
:1091a80003461946f86bfaf7c3fff8633b68b3f850
:1091b8007020194ba3fb0213d21a520813441b0a3e
:1091c8009bb201331946f86bfaf7c2ffb8633b68e4
:1091d8005b6e1946f86bfaf7abff78633b68b3f838
:1091e80076200d4ba3fb0213d21a520813441b0a14
:1091f8009bb201331946786bfaf79aff3863396cda
:10920800786bfaf7c5ff0346002badd107e000bf26
:1092180084b200203f5461d17da8c2a200bf3b6b3d
:10922800ba6bf9687869fff78bfc0346002b52d0bc
:10923800344b1b681b891a46324b1b685b891344e5
:10924800314a82fb03121a441212db17d31a013374
:109258001946786bfaf76cff0346396c1846faf72b
:1092680087ff0346da1c7b681b6e1a447b681a6604
:10927800012387f84730002387f82a303b681b6ea4
:10928800fb633b68b3f87020204ba3fb0213d21a90
:10929800520813441b0a9bb201331946f86bfaf7bc
:1092a80057ffb8633b685b6e1946f86bfaf740ffe7
:1092b80078633b68b3f87620144ba3fb0213d21ae9
:1092c800520813441b0a9bb201331946786bfaf70c
:1092d8002fff386304e097f82a30013387f82a30e3
:1092e80097f82b30013387f82b3097f82a2097f816
:1092f80045309a42fff4f7ae97f8473018464c3796
:10930800bd4690bd84b200203f5461d17da8c2a261
:1093180080b584b000af78600023fb607b68db7a9f
:10932800012b09d17b681a6e7b68db6b19461046e6
:10933800faf70efff86002e07b681b6efb60104bcb
:109348001b68d3f83833002b05d10d4b1b68fa681e
:10935800c3f838230fe00a4b1b68d3f83833194693
:10936800f868faf715ff0346002b04d0044b1b6876
:10937800fa68c3f8382300bf1037bd4680bd00bf68
:1093880080b2002080b582b000af786039607b6819
:109398001b7a012b08d12b4b1b685a68294b1b6879
:1093a80042f400325a6007e0264b1b681a68254bc6
:1093b8001b6842f400321a603b681b7803f0010313
:1093c800dbb2002b19d03b685a687b685a617b680e
:1093d8005b7b012b05d17b685b695a007b685a6609
:1093e8000be07b685b7b002b07d17b685b691846c9
:1093f800faf7f8fe02467b685a663b681b7803f06a
:109408000203dbb2002b19d03b689a687b689a612b
:109418007b685b7b012b05d17b689b695a007b6865
:109428009a660be07b685b7b002b07d17b689b69a6
:109438001846faf7d7fe02467b689a6600bf0837d7
:10944800bd4680bd84b2002080b584b000af002343
:10945800fb600023bb6000237b6034f0a5fd154b47
:109468001b68d3f88031bb60bb68fb60bb687b605e
:109478007b68002b14d07b681b68002b05d07b68a9
:109488001b687a6852685a6005e00a4b1b687a685c
:109498005268c3f884217b685b687a6812681a602e
:1094a800bb681b68bb6034f099fdfb681846103731
:1094b800bd4680bd80b2002080b586b000af786020
:1094c8000023fb747b68002b38d01e4b1b68d3f835
:1094d80080317b617b68fb607b681b687b6034f054
:1094e80063fd09e07a69fb689a4202d10123fb74a3
:1094f80005e07b691b687b617b69002bf2d1fb7cf3
:10950800002b13d1fb6800221a600e4b1b68d3f89e
:109518008421fb685a600b4b1b68d3f88431fa68c6
:109528001a60084b1b68fa68c3f88421054b1b684e
:10953800d3f880317b6134f051fd00e000bf18376b
:10954800bd4680bd80b2002080b400af1a4b1b68b6
:10955800d3f89832002b01d0002328e0164b1b6863
:10956800d3f89c32002b01d0002320e0124b1b685b
:1095780093f89432002b01d0002318e00e4b1b689f
:1095880093f89532002b01d0002310e00a4b1b689a
:10959800d3f8a432002b01d0002308e0064b1b6847
:1095a80093f82833002b01d0002300e0012318464c
:1095b800bd465df8047b704780b2002080b483b05c
:1095c80000af7860054b1b687a68c3f82c2300bf8e
:1095d8000c37bd465df8047b704700bf80b20020a1
:1095e80080b483b000af7860054b1b687a68c3f815
:1095f800302300bf0c37bd465df8047b704700bfc1
:0496080080b200200c
:020000040000fa
:020000040100f9
:10960c0080b588b002aff860b9607a607b807a88e8
:10961c007b8800937b68b968f86830f024fa0346bd
:10962c00fb75fb7d83f00103dbb25bb21846183788
:10963c00bd4680bd80b584b000af78600223fb814d
:10964c0000237b73094b00221a70084b00225a70be
:10965c00fb89074a05497868fff7d2ff03467b73fd
:10966c0097f90d3018461037bd4680bd0400002018
:10967c006400002080b586b000aff8600b467a60bd
:10968c007b810323fb8200237b757b891b0a9bb2a6
:10969c00dbb203f00f03dbb23033dab20d4b1a70ce
:1096ac007b89dab20b4b5a700a4b00229a70fb8af8
:1096bc00094a0849f868fff7a3ff03467b75064b78
:1096cc009a787b681a7097f9153018461837bd468a
:1096dc0080bd00bf040000206400002080b584b071
:1096ec0000af78600b467b8013467b700323fb81b5
:1096fc0000237b737b881b0a9bb2dbb203f00f0346
:10970c00dbb22033dab20b4b1a707b88dab2094b1e
:10971c005a70084a7b789370fb89074a0549786828
:10972c00fff76eff03467b7397f90d301846103721
:10973c00bd4680bd040000206400002080b588b0c8
:10974c0000aff8600b467a607b810623bb83002355
:10975c00fb767b891b0a9bb2dbb203f00f03dbb2f7
:10976c003033dab21a4b1a707b89dab2184b5a7052
:10977c00bb8b184a1649f868fff742ff0346fb7685
:10978c0097f91b30002b02d097f91b301ce07b683b
:10979c0000221a600223fb7711e0fb7f0d4ad35c99
:1097ac007b617b681a68fb7f023bdb00796901fafd
:1097bc0003f31a447b681a60fb7f0133fb77fb7f52
:1097cc00052bead997f91b3018462037bd4680bdca
:1097dc00040000206400002080b586b000aff86063
:1097ec000b467a607b810623bb820023fb747b894a
:1097fc001b0a9bb2dbb203f00f03dbb22033dab2ed
:10980c00124b1a707b89dab2104b5a700023fb751d
:10981c000be0fb7ddb007a68da40fb7d0233d1b2d2
:10982c000a4ad154fb7d0133fb75fb7d032bf0d928
:10983c00bb8a074a0549f868fff7e2fe0346fb744a
:10984c0097f9133018461837bd4680bd0400002028
:10985c006400002080b588b000aff8600b467a60d9
:10986c007b810423bb830023fb767b891b0a9bb281
:10987c00dbb203f00f03dbb23033dab21b4b1a70de
:10988c007b89dab2194b5a70bb8b194a1749f868a5
:10989c00fff7b6fe0346fb7697f91b30002b02d080
:1098ac0097f91b301ee07b6800221a800223fb779d
:1098bc0013e0fb7f0e4ad35c7b617b681a88fb7fcd
:1098cc00023bdb00796901fa03f39bb213449ab2b1
:1098dc007b681a80fb7f0133fb77fb7f032be8d976
:1098ec0097f91b3018462037bd4680bd0400002078
:1098fc006400002080b584b000af78600b467b809c
:10990c0013463b800423bb810023fb727b881b0a1c
:10991c009bb2dbb203f00f03dbb22033dab2134b92
:10992c001a707b88dab2114b5a700023fb730be070
:10993c003a88fb7bdb001a41fb7b0233d1b20b4a2a
:10994c00d154fb7b0133fb73fb7b012bf0d9bb891f
:10995c00074a06497868fff753fe0346fb7297f9ee
:10996c000b3018461037bd4680bd00bf04000020e8
:10997c006400002080b584b000af78600b467b801b
:10998c0013467b700023fb810523bb810023fb72f4
:10999c007b881b0a9bb2dbb203f00f03dbb2403bac
:1099ac00dab2134b1a707b88dab2114b5a70104a28
:1099bc007b78937003210e4804f0e0f80346fb819a
:1099cc00fb891b0a9bb2dab2094bda70fb89dab25b
:1099dc00074b1a71bb89074a05497868fff710fed7
:1099ec000346fb7297f90b3018461037bd4680bd05
:1099fc00040000206400002080b586b000aff86041
:109a0c000b467a607b810023bb8208237b82002378
:109a1c007b747b891b0a9bb2dbb203f00f03dbb2b6
:109a2c00403bdab21a4b1a707b89dab2184b5a7077
:109a3c000023fb750be0fb7ddb007a68da40fb7dd5
:109a4c000233d1b2124ad154fb7d0133fb75fb7d3d
:109a5c00032bf0d906210e4804f090f80346bb8284
:109a6c00bb8a1b0a9bb2dab2094b9a71bb8adab277
:109a7c00074bda717b8a074a0549f868fff7c0fd86
:109a8c0003467b7497f9113018461837bd4680bdd4
:109a9c00040000206400002080b586b000aff860a0
:109aac007a601a460b467b8113463b813b89023315
:109abc00bb820023fb747b891b0a9bb2dbb203f0d5
:109acc000f03dbb23033dab2194b1a707b89dab27e
:109adc00174b5a700223fb8206e0fb8a144a0021c2
:109aec00d154fb8a0133fb82fa8abb8a9a42f4d3a3
:109afc00bb8a104a0e49f868fff782fd0346fb74d7
:109b0c000023fb820ae0fb8a9a1cfb8a79680b44cf
:109b1c0008498a5c1a70fb8a0133fb82fa8a3b89fa
:109b2c009a42f0d397f9133018461837bd4680bdca
:109b3c00040000206400002080b588b000aff860fd
:109b4c007a601a460b467b8113463b810023bb830c
:109b5c0000237b833b8905333b830023fb757b8987
:109b6c001b0a9bb2dbb203f00f03dbb2503bdab241
:109b7c003c4b1a707b89dab23a4b5a7097f8283002
:109b8c00002b06d03b899b089bb2dab2354b9a70fe
:109b9c0003e03b89dab2334b9a700323fb7706e080
:109bac00fb7f304a0021d154fb7f0133fb77fb7fd5
:109bbc009bb23a8b9a42f3d83b8b2b4a2949f868d3
:109bcc00fff71efd0346fb7597f91730002b02d0eb
:109bdc0097f9173042e03b8b023b234ad35c9bb294
:109bec001b029ab23b8b013b1f49cb5c9bb21344cb
:109bfc00bb831c4b1a781c4b1a701a4b5a781a4b95
:109c0c005a70184b9a78184b9a703b8903339bb255
:109c1c001946154803f0b2ff03467b83ba8b7b8b46
:109c2c009a4203d1fb6a01221a7002e0fb6a0022fd
:109c3c001a700023fb770ae0fb7fda1cfb7f796844
:109c4c000b4409498a5c1a70fb7f0133fb77fb7f5d
:109c5c009bb23a899a42efd897f9173018462037b9
:109c6c00bd4680bd040000206400002080b586b095
:109c7c0000aff8607a601a460b467b8113463b8135
:109c8c003b890233bb820023fb747b891b0a9bb28a
:109c9c00dbb203f00f03dbb22033dab2124b1a70d3
:109cac007b89dab2104b5a700223fb820ae0fb8ae2
:109cbc00023b7a681a44fb8a11780b4ad154fb8a0e
:109ccc000133fb82fa8abb8a9a42f0d3bb8a074ad9
:109cdc000549f868fff794fc0346fb7497f91330b9
:109cec0018461837bd4680bd0400002064000020d3
:109cfc0080b586b000aff8607a601a460b467b815f
:109d0c0013463b810023bb823b8905337b820023b6
:109d1c007b747b891b0a9bb2dbb203f00f03dbb2b3
:109d2c00603bdab2254b1a707b89dab2234b5a703e
:109d3c0097f82030002b06d03b899b089bb2dab2f7
:109d4c001e4b9a7003e03b89dab21c4b9a700023cd
:109d5c00fb820ae0fb8a7a681a44fb8a0333117887
:109d6c00164ad154fb8a0133fb82fa8a3b899a4208
:109d7c00f0d37b8a023b9bb21946104803f0fefedf
:109d8c000346bb82bb8a1b0a9ab27b8a023bd1b2c6
:109d9c000a4ad1547b8a013bba8ad1b2074ad154c0
:109dac007b8a074a0549f868fff72afc03467b744f
:109dbc0097f9113018461837bd4680bd04000020b5
:109dcc006400002080b588b000aff8607a601a4655
:109ddc000b467b8113463b813b899b009bb2023334
:109dec003b830023fb757b891b0a9bb2dbb203f020
:109dfc000f03dbb23033dab2284b1a707b89dab23c
:109e0c00264b5a700223fb8306e0fb8b234a00216e
:109e1c00d154fb8b0133fb83fa8b3b8b9a42f4d3eb
:109e2c003b8b1f4a1d49f868fff7eafb0346fb759d
:109e3c0097f91730002b02d097f917302ae002233c
:109e4c007b830023fb831fe000233b610023bb8348
:109e5c000ee07a8bbb8b12498a5c07f120010b4414
:109e6c0003f8102cbb8b0133bb837b8b01337b83bf
:109e7c00bb8b032bedd9fb8b9b007a6813443a699f
:109e8c001a60fb8b0133fb83fa8b3b899a42dbd341
:109e9c0097f9173018462037bd4680bd04000020c6
:109eac006400002080b588b000aff8607a601a4674
:109ebc000b467b8113463b813b899b009bb2023353
:109ecc003b830023fb757b891b0a9bb2dbb203f03f
:109edc000f03dbb22033dab21d4b1a707b89dab276
:109eec001b4b5a7002237b830023fb831de0fb8bef
:109efc009b007a6813441b683b610023bb830ee014
:109f0c00ba8b7b8b07f120010a4412f8101c104a03
:109f1c00d154bb8b0133bb837b8b01337b83bb8bda
:109f2c00032bedd9fb8b0133fb83fa8b3b899a42d4
:109f3c00ddd33b8b074a0649f868fff761fb034604
:109f4c00fb7597f9173018462037bd4680bd00bf0a
:109f5c00040000206400002080b584b000af78605d
:109f6c0039600023fb73414bbb603b681b78c3f328
:109f7c000403dab23b7a62f304033b723b681b784e
:109f8c00c3f34013dab23b7a62f345133b723b687e
:109f9c001b78c3f38013dab23b7a62f386133b72fd
:109fac003b681b78c3f3c013dab27b7a62f300030d
:109fbc007b723b685b78c3f30103dab27b7a62f3a2
:109fcc0042037b723b685b78c3f38003dab27b7a23
:109fdc0062f304137b723b685b78c3f3c003dab2a1
:109fec00bb7a62f30003bb723b685b78c3f300136c
:109ffc00dab2bb7a62f34103bb723b685b78c3f3a2
:10a00c004013dab2bb7a62f38203bb723b685b78b3
:10a01c00c3f38013dab2bb7a62f3c303bb723b683f
:10a02c005b78c3f3c013dab2bb7a62f30413bb726e
:10a03c003b689b78c3f30303dab2fb7a62f3071332
:10a04c00fb72bb681a4600217868fff7c5fb034614
:10a05c00fb7397f90f30002b02d04ff0ff3301e068
:10a06c0097f90f3018461037bd4680bd600798042d
:10a07c0080b485b000af78603a4bfb603b7bc3f398
:10a08c000403d9b27a68137861f3040313703b7b31
:10a09c00c3f34013d9b27a68137861f34513137084
:10a0ac003b7bc3f38013d9b27a68137861f38613c0
:10a0bc0013707b7bc3f30003d9b27a68137861f316
:10a0cc00c71313707b7bc3f34103d9b27a685378ff
:10a0dc0061f3010353707b7bc3f30013d9b27a682d
:10a0ec00537861f382035370bb7bc3f30003d9b283
:10a0fc007a68537861f3c3035370bb7bc3f340039b
:10a10c00d9b27a68537861f304135370bb7bc3f3f1
:10a11c008003d9b27a68537861f345135370bb7bd3
:10a12c00c3f3c003d9b27a68537861f386135370c2
:10a13c00bb7bc3f30013d9b27a68537861f3c713ae
:10a14c005370fb7bc3f30313d9b27a68937861f332
:10a15c0003039370002318461437bd465df8047b47
:10a16c00704700bf6007980480b584b000af78607a
:10a17c000b46fb700023bb730023fb7307f10e032c
:10a18c001a4603217868fff775fa0346fb7397f9b3
:10a19c000f30002b02d04ff0ff331ae0bb7b23f0c3
:10a1ac000703dbb2bb73ba7bfb781343dbb2bb7325
:10a1bc00bb7b1a4603217868fff790fa0346fb73c2
:10a1cc0097f90f30002b02d06ff0010301e097f9e3
:10a1dc000f3018461037bd4680bd80b584b000af37
:10a1ec00786000237b73ff23fb730023bb7307f1a1
:10a1fc000d031a4602217868fff73cfa0346bb733d
:10a20c0097f90e30002b01d0ff2335e07b7b5b09e7
:10a21c00dbb27b737b7b072b2ad801a252f823f08d
:10a22c004da2000153a2000159a2000165a2000138
:10a23c006ba200015fa2000171a2000177a20001d4
:10a24c000023fb7317e00123fb7314e00223fb7361
:10a25c0011e00523fb730ee00323fb730be00423d7
:10a26c00fb7308e00623fb7305e00723fb7302e096
:10a27c00ff23fb7300bffb7b18461037bd4680bd28
:10a28c0080b584b000af78600023fb730023bb73f0
:10a29c0007f10e031a464ff460617868fff7eaf98c
:10a2ac000346fb7397f90f30002b02d04ff0ff33ae
:10a2bc0016e0bb7b43f00803dbb2bb73bb7b1a46d7
:10a2cc004ff460617868fff709fa0346fb7397f95e
:10a2dc000f30002b02d06ff0010301e097f90f3023
:10a2ec0018461037bd4680bd80b584b000af78608d
:10a2fc000023fb730023bb7307f10e031a464ff4c4
:10a30c0060617868fff7b6f90346fb7397f90f3075
:10a31c00002b02d04ff0ff3316e0bb7b23f0080379
:10a32c00dbb2bb73bb7b1a464ff460617868fff7f6
:10a33c00d5f90346fb7397f90f30002b02d06ff061
:10a34c00010301e097f90f3018461037bd4680bd68
:10a35c0080b586b000aff8600b467a60fb720023c4
:10a36c00fb750023bb82254b3b613b7c43f0800398
:10a37c003b747b685b78c3f30403dab2fb7c62f357
:10a38c000403fb747b685b78c3f34213dab2fb7c87
:10a39c0062f34713fb747b681b78c3f38113dab247
:10a3ac00bb7c62f34613bb747b681b78c3f344031a
:10a3bc00dab2bb7c62f30403bb747b681b78c3f317
:10a3cc000003dab23b7c62f386133b74fb7a9bb2dc
:10a3dc001a46520013449b009bb25033bb823a691d
:10a3ec00bb8a1946f868fff7f7f90346fb7597f92e
:10a3fc00173018461837bd4680bd00bf00046000fa
:10a40c0080b485b000af78601a4bfb603b7bc3f324
:10a41c008013d9b27a68137861f300031370bb7b95
:10a42c00c3f30403d9b27a68137861f3450313704c
:10a43c00bb7bc3f34113d9b27a68137861f38713ea
:10a44c001370fb7bc3f30403d9b27a68537861f3be
:10a45c0004035370fb7bc3f34213d9b27a6853786d
:10a46c0061f347135370002318461437bd465df84b
:10a47c00047b70470004600080b584b000af786046
:10a48c0039600023fb730023bb811d4bbb603b7aff
:10a49c0043f080033b723b681b88c3f3c413dab2ee
:10a4ac00fb7a62f30403fb723b685b78c3f3021321
:10a4bc00dab2fb7a62f34713fb723b681b78c3f387
:10a4cc004113dab2bb7a62f34613bb723b681b785a
:10a4dc00c3f30403dab2bb7a62f30403bb725023f6
:10a4ec00bb81ba68bb8919467868fff775f90346d2
:10a4fc00fb7397f90f3018461037bd4680bd00bf6f
:10a50c000004600080b485b000af7860164bfb602f
:10a51c00bb7bc3f30403d9b27a68137861f30403e9
:10a52c001370bb7bc3f34113d9b27a68137861f310
:10a53c0046131370fb7bc3f30403d9b27a681388f8
:10a54c0061f3cb131380fb7bc3f34213d9b27a684c
:10a55c00537861f306135370002318461437bd4625
:10a56c005df8047b704700bf0004600080b5a0b0ac
:10a57c0000aff8607a603b600b46fb72002387f8f3
:10a58c007a30fb7a9bb21a46520013449b009bb262
:10a59c005033a7f8783007f16802b7f87810032326
:10a5ac00f868fff70ffc034687f87a3097f97a3092
:10a5bc00002b02d04ff0ff33c7e0bb6e7b6697f8e1
:10a5cc00643023f07f03dbb2002b02d16ff0010368
:10a5dc00bbe07b681b79c3f30303dbb2184603f0c3
:10a5ec0057fa78677a6fd7f888309a4202d26ff0b0
:10a5fc000203aae0fb6e3b663b6ffb65b7f85c3071
:10a60c00c3f30b039bb2a7f87830b7f8783003f597
:10a61c008063a7f878307b681b783b747b685b7829
:10a62c007b747b689b78bb747b68db78fb747b6882
:10a63c001b793b757b685b797b757b689b79bb75fc
:10a64c007b68db79fb75002387f87f3011e097f886
:10a65c007f303a681a4497f87f300833127807f144
:10a66c0080010b4403f8702c97f87f30013387f886
:10a67c007f3097f87f30d7f888209a42e7d80023ac
:10a68c00a7f87c30002387f87b30d7f8883003f0ac
:10a69c000303002b2cd0d7f888309bb203f00303b4
:10a6ac009bb2c3f10403a7f87c30d7f88830dbb237
:10a6bc00083387f87f30002387f87b3011e097f858
:10a6cc007f3003f1080297f87b30134407f18002c6
:10a6dc001344002203f8702c97f87b30013387f871
:10a6ec007b3097f87b309bb2b7f87c209a42e6d847
:10a6fc00d7f888309ab2b7f87c3013449bb2083341
:10a70c009bb207f11002b7f87810f868fff7aefab1
:10a71c00034687f87a3097f97a30002b02d06ff025
:10a72c00030312e097f88c20fb7a1946f86800f0c6
:10a73c008ef8034687f87a3097f97a30002b02d0de
:10a74c006ff0040301e097f97a3018468037bd4664
:10a75c0080bd80b584b000af78600b46fb700023e1
:10a76c00fb730023bb810023fb72fb789bb21a4660
:10a77c00520013449b009bb25033bb81bb89013305
:10a78c00bb810223fb73fa7bbb8919467868fef701
:10a79c00a5ff0346fb7297f90b3018461037bd46e0
:10a7ac0080bd80b58ab000aff8600b467a60fb7252
:10a7bc0000237b8400237b62002387f82130fb7a03
:10a7cc009bb21a46520013449b009bb250337b84bd
:10a7dc0007f11802798c0223f868fff7f3fa0346a5
:10a7ec0087f8213097f92130002b02d04ff0ff333e
:10a7fc0019e0bb693b61fb697b613b7d7b627b7cc8
:10a80c0003f00203dbb2002b03d07b6a43f48073aa
:10a81c007b627b6a9ab240f2f71313409ab27b6860
:10a82c001a8097f9213018462837bd4680bd80b56f
:10a83c0082b000af78600b46fb70fb7819467868e5
:10a84c0000f0bafb034618460837bd4680bd80b5fc
:10a85c0084b000af78600b46fb701346bb700023ce
:10a86c00fb73fb789bb21a46520013449b009bb2bd
:10a87c005133bb810023bb607b7a43f001037b72b5
:10a88c00bb78002b03d07b7a43f002037b727a7a7d
:10a89c00bb8919467868fef721ff0346fb7397f9cd
:10a8ac000f30002b02d04ff0ff3301e097f90f303f
:10a8bc0018461037bd4680bd80b584b000af7860b7
:10a8cc0039600023fb733b68bb60ba683021786841
:10a8dc00fef782ff0346fb7397f90f3018461037cb
:10a8ec00bd4680bd80b584b000af78603960002370
:10a8fc00fb733a6830217868fef720ff0346fb7340
:10a90c0097f90f3018461037bd4680bd80b584b01e
:10a91c0000af78600b46fb700023fb73fb789bb297
:10a92c001a46520013449b009bb25033bb81bb8927
:10a93c000133bb810023fb72fa7abb891946786814
:10a94c00fef7ccfe0346fb7397f90f301846103711
:10a95c00bd4680bd80b584b000af78600023fb732a
:10a96c0007f10e031a4603217868fef783fe0346af
:10a97c00fb7397f90f30002b02d04ff0ff3315e02b
:10a98c00bb7b43f00803dbb2bb73bb7b1a460321d2
:10a99c007868fef7a3fe0346fb7397f90f30002b84
:10a9ac0002d06ff0010301e097f90f301846103711
:10a9bc00bd4680bd80b584b000af78600b46fb709f
:10a9cc000023bb730023fb7307f10e031a4603210c
:10a9dc007868fef74ffe0346fb7397f90f30002b98
:10a9ec0002d04ff0ff331ee0bb7b03f00f03dbb252
:10a9fc00bb73fb781b015ab2bb7b5bb213435bb2dc
:10aa0c00dbb2bb73bb7b1a4603217868fef766fe8c
:10aa1c000346fb7397f90f30002b02d06ff0010344
:10aa2c0001e097f90f3018461037bd4680bd80b550
:10aa3c0086b000aff8600b467a60fb720023fb75a2
:10aa4c0000233b617b681b683b61fb7a3e339bb206
:10aa5c00db00bb823a69bb8a1946f868fef7bcfe7c
:10aa6c000346fb7597f9173018461837bd4680bd5d
:10aa7c0080b586b000aff8600b467a60fb7200239d
:10aa8c00fb7500233b617b681b683b61fb7a9bb2c7
:10aa9c00db009bb203f5fa73bb823a69bb8a194699
:10aaac00f868fef799fe0346fb7597f917301846c0
:10aabc001837bd4680bd80b584b000af78600846bd
:10aacc0011461a460346fb700b46bb7013467b704f
:10aadc000023fb737b78002b04d03b7a43f080037c
:10aaec003b7203e03b7a6ff3c7133b72bb7803f006
:10aafc001f03dab23b7a62f304033b72fb789bb21e
:10ab0c0003f5e873bb813a7abb8919467868fef77e
:10ab1c00e5fd0346fb7397f90f3018461037bd4619
:10ab2c0080bd80b584b000af78600b46fb7000230d
:10ab3c00fb73fb789bb203f5e873bb8107f108024a
:10ab4c00bb8919467868fef795fd0346fb7397f9a8
:10ab5c000f30002b02d04ff0ff3314e03b7a43f060
:10ab6c0080033b723a7abb8919467868fef7b6fdca
:10ab7c000346fb7397f90f30002b02d06ff00103e3
:10ab8c0001e097f90f3018461037bd4680bd80b5ef
:10ab9c0084b000af78600b46fb700023fb73fb782e
:10abac009bb203f5e873bb8107f10802bb89194618
:10abbc007868fef75ffd0346fb7397f90f30002ba7
:10abcc0002d04ff0ff3314e03b7a6ff3c7133b72a4
:10abdc003a7abb8919467868fef780fd0346fb7309
:10abec0097f90f30002b02d06ff0010301e097f9b9
:10abfc000f3018461037bd4680bd80b584b000af0d
:10ac0c0078600b46fb700023bb730023fb7307f1ca
:10ac1c000e031a4600217868fef72cfd0346fb73e1
:10ac2c0097f90f30002b02d04ff0ff331ae0bb7bab
:10ac3c0003f01f03dbb2bb73ba7bfb781343dbb2ad
:10ac4c00bb73bb7b1a4600217868fef747fd0346b1
:10ac5c00fb7397f90f30002b02d06ff0010301e06a
:10ac6c0097f90f3018461037bd4680bd80b586b0b9
:10ac7c0000aff8600b467a60fb720023fb75002373
:10ac8c00bb82fb7a002b02d16ff0630333e01c4bc9
:10ac9c003b613b7c6ff3c7133b747b681b78c3f33e
:10acac004403dab2fb7c62f30403fb747b681b88fd
:10acbc00c3f38213dab2fb7c62f34713fb747b6839
:10accc001b78c3f30003dab23b7c62f345133b748d
:10acdc00fb7a9bb21a46520013449b009bb2503332
:10acec00bb823a69bb8a1946f868fef775fd0346c4
:10acfc00fb7597f9173018461837bd4680bd00bf55
:10ad0c000004600080b485b000af7860114bfb602c
:10ad1c00fb7bc3f30403d9b27a68137861f3450360
:10ad2c001370fb7bc3f34213d9b27a68138861f3b7
:10ad3c00881313803b7bc3f34013d9b27a68137822
:10ad4c0061f300031370002318461437bd465df8f9
:10ad5c00047b70470004600080b586b000aff860db
:10ad6c000b467a60fb720023fb7500233b61fb7a78
:10ad7c009bb21a46520013449b009bb25433bb82c5
:10ad8c0007f11002bb8a1946f868fef773fc0346fc
:10ad9c00fb7597f91730002b02d04ff0ff3307e00b
:10adac003b7c03f00f03dab27b681a7097f917300b
:10adbc0018461837bd4680bd80b5a0b000aff8600e
:10adcc007a603b600b46fb72002387f87f300023d0
:10addc0087f87e30002387f87d30fb7a9bb21a46c9
:10adec00520013449b009bb25033a7f87a3007f102
:10adfc006c02b7f87a100323f868fef7e3ff0346fa
:10ae0c0087f87d3097f97d30002b02d04ff0ff335f
:10ae1c00cee0fb6ebb6697f8683023f07f03dbb2a5
:10ae2c00002b02d06ff00103c2e03b6f7b667b6f9f
:10ae3c003b66b7f86030c3f30b039bb2a7f87a30cc
:10ae4c00b7f87a3003f58063a7f87a3097f8883032
:10ae5c00083387f87f3097f8683003f02003dbb2b3
:10ae6c00002b04d097f87f30043387f87f3097f8a5
:10ae7c007f3003f00303dbb2002b07d097f87f3051
:10ae8c0023f00303dbb2043387f87f3097f87f306d
:10ae9c004c2b02d94c2387f87f3097f87f309bb22c
:10aeac0007f11402b7f87a10f868fef7f5fd0346bf
:10aebc0087f87d3097f97d30002b02d06ff00203bc
:10aecc0076e03b7d3b747b7d7b74bb7dbb74fb7df3
:10aedc00fb743a697b681a603b7e3b747b7e7b74a7
:10aeec00bb7ebb74fb7efb743a697b685a6097f837
:10aefc00683003f02003dbb2002b28d03b7f3b747f
:10af0c007b7f7b74bb7fbb74fb7ffb743a697b6874
:10af1c009a60002387f87e3012e097f87e3003f1b8
:10af2c000c0297f87e3039680b4407f180010a4413
:10af3c0012f86c2c1a7097f87e30013387f87e303b
:10af4c0097f87e2097f888309a42e6d31fe07b680a
:10af5c0000229a60002387f87e3012e097f87e304a
:10af6c0003f1080297f87e3039680b4407f1800131
:10af7c000a4412f86c2c1a7097f87e30013387f85b
:10af8c007e3097f87e2097f888309a42e6d3fb7a89
:10af9c001946f86800f037f8034687f87d3097f9c2
:10afac007d30002b02d06ff0030301e097f97d3068
:10afbc0018468037bd4680bd80b584b000af786040
:10afcc000b46fb700023fb8100237b73fb789bb249
:10afdc001a46520013449b009bb25133fb81002351
:10afec00bb607b7a43f004037b727a7afb89194647
:10affc007868fef773fb03467b7397f90d301846a0
:10b00c001037bd4680bd80b584b000af78600b466c
:10b01c00fb700023fb8100237b730023bb60fb7858
:10b02c009bb21a46520013449b009bb25133fb81d6
:10b03c007b7a43f001037b727a7afb891946786834
:10b04c00fef74cfb03467b7397f90d30184610370f
:10b05c00bd4680bd80b584b000af786039600023f8
:10b06c00fb730023bb810023bb604423bb8107f12e
:10b07c000802bb8919467868fef7fcfa0346fb7395
:10b08c0097f90f30002b02d04ff0ff3307e03b7adb
:10b09c0003f00f03dab23b681a7097f90f301846b9
:10b0ac001037bd4680bd80b58eb000af786039607a
:10b0bc00002387f836300023bb86002387f837300f
:10b0cc004023bb8607f12802b98e03237868fef76c
:10b0dc0079fe034687f8363097f93630002b02d0cc
:10b0ec004ff0ff336be0bb6a7b62fb6a3b623b6bee
:10b0fc00fb61bb8bc3f30b039bb2bb86bb8e03f50f
:10b10c008063bb86082387f8373097f8243003f028
:10b11c002003dbb2002b04d097f83730043387f8c8
:10b12c00373097f837309bb207f11002b98e786838
:10b13c00fef7b2fc034687f8363097f93630002b11
:10b14c0002d06ff001033ae03b7c3b737b7c7b735a
:10b15c00bb7cbb73fb7cfb73fa683b681a603b7d62
:10b16c003b737b7d7b73bb7dbb73fb7dfb73fa6891
:10b17c003b685a6097f8243003f02003dbb2002bb5
:10b18c000bd03b7e3b737b7e7b73bb7ebb73fb7eaa
:10b19c00fb73fa683b689a6002e03b6800229a6095
:10b1ac00786800f02ef8034687f8363097f9363079
:10b1bc00002b02d06ff0020301e097f936301846ed
:10b1cc003837bd4680bd80b584b000af78600023b1
:10b1dc00fb730023bb814123bb810023bb607b7ac3
:10b1ec0043f004037b727a7abb8919467868fef7c0
:10b1fc0075fa0346fb7397f90f3018461037bd46a6
:10b20c0080bd80b584b000af78600023fb73002351
:10b21c00bb814123bb810023bb607b7a43f00103dc
:10b22c007b727a7abb8919467868fef757fa03461f
:10b23c00fb7397f90f3018461037bd4680bd80b5ab
:10b24c0084b000af786039600023fb73104bbb6097
:10b25c003b681b78c3f34403dab2fb7a62f3040352
:10b26c00fb723b681b78c3f30003dab23b7a62f3e0
:10b27c0045133b72bb681a4640217868fef7acfa5e
:10b28c000346fb7397f90f3018461037bd4680bd47
:10b29c000004600080b485b000af78600d4bfb609b
:10b2ac00fb7bc3f30403d9b27a68137861f34503cb
:10b2bc0013703b7bc3f34013d9b27a68137861f3f4
:10b2cc0000031370002318461437bd465df8047b49
:10b2dc00704700bf0004600080b584b000af786098
:10b2ec0039600023fb7300233b8107f108031a46e6
:10b2fc001c217868fef7aefa0346fb7397f90f3002
:10b30c00002b02d04ff0ff3307e03b8923f0e00322
:10b31c009ab23b681a8097f90f3018461037bd4621
:10b32c0080bd80b584b000af78600b467b80002375
:10b33c00fb730023bb811e23bb8100233b8107f1e0
:10b34c000802bb8919467868fef784fa0346fb733a
:10b35c0097f90f30002b02d04ff0ff331be03b89e5
:10b36c001ab2b7f9023023f0e0031bb213431bb23d
:10b37c009bb23b813a89bb8919467868fef7bafac9
:10b38c000346fb7397f90f30002b02d06ff00103cb
:10b39c0001e097f90f3018461037bd4680bd80b5d7
:10b3ac0084b000af78600b467b800023fb730023d6
:10b3bc00bb811e23bb8100233b8107f10802bb89a3
:10b3cc0019467868fef746fa0346fb7397f90f3077
:10b3dc00002b02d04ff0ff331de03b891ab27b8863
:10b3ec0023f0e0039bb2db439bb21bb213401bb2b6
:10b3fc009bb23b813a89bb8919467868fef77afa89
:10b40c000346fb7397f90f30002b02d06ff001034a
:10b41c0001e097f90f3018461037bd4680bd80b556
:10b42c0084b000af78600b467b800023fb73002355
:10b43c00bb811c23bb8100233b814ff61f733b81d7
:10b44c003b891ab2b7f90230db431bb213401bb273
:10b45c009bb23b813a89bb8919467868fef74afa58
:10b46c000346fb7397f90f30002b02d06ff00103ea
:10b47c0001e097f90f3018461037bd4680bd80b5f6
:10b48c0084b000af786039600023fb730023bb816c
:10b49c000023fb721b23bb8107f10b02bb891946ee
:10b4ac007868fef7e7f80346fb7397f90f30002b2b
:10b4bc0002d04ff0ff330ee0fb7a1f2b02d9fb7a40
:10b4cc00402b03d1fa7a3b681a7002e03b684122a8
:10b4dc001a7097f90f3018461037bd4680bd80b5ed
:10b4ec0084b000af786039600023fb730023bb810c
:10b4fc000023fb721a23bb8107f10b02bb8919468f
:10b50c007868fef7b7f80346fb7397f90f30002bfa
:10b51c0002d04ff0ff330ee0fb7a1f2b02d9fb7adf
:10b52c00402b03d1fa7a3b681a7002e03b68412247
:10b53c001a7097f90f3018461037bd4680bd80b58c
:10b54c0084b000af786039600023fb730023bb81ab
:10b55c000023fb721923bb8107f10b02bb8919462f
:10b56c007868fef787f80346fb7397f90f30002bca
:10b57c0002d04ff0ff3304e0fa7a3b681a7097f967
:10b58c000f3018461037bd4680bd80b584b000af73
:10b59c00786039600023fb730023bb810023fb72ae
:10b5ac001823bb8107f10b02bb8919467868fef79b
:10b5bc0061f80346fb7397f90f30002b02d04ff064
:10b5cc00ff3311e0fb7a4a2b09d8fb7a1f2b02d9e7
:10b5dc00fb7a3f2b03d9fa7a3b681a7002e03b687e
:10b5ec004b221a7097f90f3018461037bd4680bda4
:10b5fc0080b586b000aff8600b467a60fb72002312
:10b60c00fb750023bb8200233b61fb7a9bb21a467d
:10b61c00520013449b009bb25433bb8207f11002bf
:10b62c00bb8a1946f868fef725f80346fb7597f9af
:10b63c001730002b02d04ff0ff3307e03b7c03f0b8
:10b64c001703dab27b681a7097f917301846183757
:10b65c00bd4680bd80b584b000af786039600023f2
:10b66c00fb733a6824217868fef768f80346fb738d
:10b67c0097f90f3018461037bd4680bd80b584b0a1
:10b68c0000af786039600023fb733a682c2178682e
:10b69c00fef754f80346fb7397f90f301846103732
:10b6ac00bd4680bd80b586b000aff8600b467a60b1
:10b6bc00fb720023fb750023bb8200233b61fb7aea
:10b6cc009bb21a46520013449b009bb25433bb826c
:10b6dc0007f11002bb8a1946f868fef72ff80346eb
:10b6ec00fb7597f91730002b02d04ff0ff3308e0b1
:10b6fc007b7cc3f30403dbb21a467b681a7097f9a0
:10b70c00173018461837bd4680bd80b584b000afe1
:10b71c0078600b46fb701346bb700023fb73002351
:10b72c00bb81fb789bb21a46520013449b009bb220
:10b73c005033bb810023bb6007f10802bb8919465b
:10b74c007868fdf797ff0346fb7397f90f30002bd2
:10b75c0002d04ff0ff331be03b7a5ab297f902301c
:10b76c0003f017035bb213435bb2dbb23b723a7a62
:10b77c00bb8919467868fdf7b1ff0346fb7397f94f
:10b78c000f30002b02d06ff0010301e097f90f305e
:10b79c0018461037bd4680bd80b584b000af7860c8
:10b7ac000b46fb701346bb700023fb730023bb815d
:10b7bc00fb789bb21a46520013449b009bb2503349
:10b7cc00bb810023bb6007f10802bb89194678686e
:10b7dc00fdf750ff0346fb7397f90f30002b02d097
:10b7ec004ff0ff331de03b7a5ab2bb7803f01703de
:10b7fc00dbb2db43dbb25bb213405bb2dbb23b725e
:10b80c003a7abb8919467868fdf768ff0346fb73e3
:10b81c0097f90f30002b02d06ff0010301e097f97c
:10b82c000f3018461037bd4680bd80b584b000afd0
:10b83c0078600b46fb700023fb730023bb81fb7805
:10b84c009bb21a46520013449b009bb25433bb81eb
:10b85c000023bb6007f10802bb8919467868fdf725
:10b86c0009ff0346fb7397f90f30002b02d04ff002
:10b87c00ff3315e03b7a23f01003dbb23b723a7acc
:10b88c00bb8919467868fdf729ff0346fb7397f9c6
:10b89c000f30002b02d06ff0010301e097f90f304d
:10b8ac0018461037bd4680bd80b586b000aff86035
:10b8bc000b467a60fb720023fb750023bb82fb7a7c
:10b8cc00002b02d16ff0630322e000233b61fb7a73
:10b8dc009bb21a46520013449b009bb25433bb825a
:10b8ec0007f11002bb8a1946f868fdf7c3fe034640
:10b8fc00fb7597f91730002b02d04ff0ff3307e0a0
:10b90c003b7c03f00f03dab27b681a7097f917309f
:10b91c0018461837bd4680bd80b584b000af78603e
:10b92c0039600023fb733a6820217868fdf706ff25
:10b93c000346fb7397f90f3018461037bd4680bd90
:10b94c0080b584b000af786039600023fb733a682f
:10b95c0028217868fdf7f2fe0346fb7397f90f3048
:10b96c0018461037bd4680bd80b584b000aff86076
:10b97c000b467a60fb72fb7a7a681946f868fff717
:10b98c0091fe034618461037bd4680bd80b584b085
:10b99c0000af78600b46fb701346bb700023fb7343
:10b9ac000023bb81fb78002b02d16ff0630336e0e0
:10b9bc00fb789bb21a46520013449b009bb2503347
:10b9cc00bb810023bb6007f10802bb89194678686c
:10b9dc00fdf750fe0346fb7397f90f30002b02d096
:10b9ec004ff0ff331be03b7a5ab297f9023003f069
:10b9fc000f035bb213435bb2dbb23b723a7abb8987
:10ba0c0019467868fdf76afe0346fb7397f90f3009
:10ba1c00002b02d06ff0010301e097f90f301846ac
:10ba2c001037bd4680bd80b584b000af78600b4642
:10ba3c00fb701346bb700023fb730023bb81fb78a8
:10ba4c00002b02d16ff0630338e0fb789bb21a46ef
:10ba5c00520013449b009bb25033bb810023bb604c
:10ba6c0007f10802bb8919467868fdf703fe034607
:10ba7c00fb7397f90f30002b02d04ff0ff331de012
:10ba8c003b7a5ab2bb7803f00f03dbb2db43dbb279
:10ba9c005bb213405bb2dbb23b723a7abb8919469c
:10baac007868fdf71bfe0346fb7397f90f30002bec
:10babc0002d06ff0010301e097f90f3018461037f0
:10bacc00bd4680bd80b584b000af78600b46fb707e
:10badc000023fb730023bb81fb78002b02d16ff09a
:10baec00630330e00023bb60fb789bb21a46520024
:10bafc0013449b009bb25433bb8107f10802bb89f2
:10bb0c0019467868fdf7b6fd0346fb7397f90f30bd
:10bb1c00002b02d04ff0ff3315e03b7a23f00803e3
:10bb2c00dbb23b723a7abb8919467868fdf7d6fdd1
:10bb3c000346fb7397f90f30002b02d06ff0010313
:10bb4c0001e097f90f3018461037bd4680bd80b51f
:10bb5c0084b000af786039600023fb730023bb8195
:10bb6c000023bb604423bb8107f10802bb89194643
:10bb7c007868fdf77ffd0346fb7397f90f30002bb8
:10bb8c0002d04ff0ff3307e03b7a03f00f03dab239
:10bb9c003b681a7097f90f3018461037bd4680bdb8
:10bbac0080b584b000af78600b46fb700023fb734c
:10bbbc000023bb814023bb810023bb6007f108023b
:10bbcc00bb8919467868fdf755fd0346fb7397f959
:10bbdc000f30002b02d04ff0ff331be03b7a5ab2f0
:10bbec0097f9033003f00f035bb213435bb2dbb284
:10bbfc003b723a7abb8919467868fdf76ffd0346ac
:10bc0c00fb7397f90f30002b02d06ff0010301e0aa
:10bc1c0097f90f3018461037bd4680bd80b584b0fb
:10bc2c0000af78600b46fb700023fb730023bb81d5
:10bc3c004023bb810023bb6007f10802bb89194676
:10bc4c007868fdf717fd0346fb7397f90f30002b4f
:10bc5c0002d04ff0ff331de03b7a5ab2fb7803f071
:10bc6c000f03dbb2db43dbb25bb213405bb2dbb284
:10bc7c003b723a7abb8919467868fdf72ffd03466b
:10bc8c00fb7397f90f30002b02d06ff0010301e02a
:10bc9c0097f90f3018461037bd4680bd80b584b07b
:10bcac0000af78600023fb730023bb810023bb60d3
:10bcbc004423bb8107f10802bb8919467868fdf75c
:10bccc00d9fc0346fb7397f90f30002b02d04ff0d1
:10bcdc00ff3315e03b7a23f00803dbb23b723a7a70
:10bcec00bb8919467868fdf7f9fc0346fb7397f995
:10bcfc000f30002b02d06ff0010301e097f90f30e9
:10bd0c0018461037bd4680bd80b584b000af786052
:10bd1c0039600023fb730023bb813523bb81bb89b6
:10bd2c003a6819467868fdf7a5fc0346fb7397f94a
:10bd3c000f3018461037bd4680bd80b584b000afbb
:10bd4c00786039600023fb730023bb813423bb81f3
:10bd5c00bb893a6819467868fdf78cfc0346fb737f
:10bd6c0097f90f3018461037bd4680bd80b584b0aa
:10bd7c0000af786039600023fb730023bb8136234e
:10bd8c00bb810023fb7207f10b02bb891946786853
:10bd9c00fdf770fc0346fb7397f90f30002b02d0b4
:10bdac004ff0ff3307e0fb7a03f03f03dab23b6856
:10bdbc001a7097f90f3018461037bd4680bd80b504
:10bdcc0086b000aff860b9607a603b600023fb7509
:10bddc000023bb823423bb8200233b6107f110029a
:10bdec00bb8a1946f868fdf7a9fc0346fb7597f961
:10bdfc001730002b02d04ff0ff330de07a7cbb687c
:10be0c001a703a7c7b681a70bb7c03f03f03dab281
:10be1c003b681a7097f9173018461837bd4680bd25
:10be2c0090b589b000af786039600023fb770023b0
:10be3c00bb833823bb8307f11402b98b02237868c8
:10be4c00fdf7c0ff0346fb7797f91f30002b02d09c
:10be5c004ff0ff3311e07b69bb60bb699bb2fb60a9
:10be6c00bb691b0c3b613b681c4607f1080393e85c
:10be7c00070084e8070097f91f3018462437bd46a1
:10be8c0090bd80b586b000af78600023fb750023b1
:10be9c00bb753823bb750023fb6000233b61bb7d66
:10beac0099b207f10c0202237868fdf7fbff0346f9
:10bebc00fb7597f9173018461837bd4680bd80b50d
:10becc0084b000af78600023fb730023bb7307f1d1
:10bedc000e031a4640f60c617868fdf7cbfb03465f
:10beec00fb7397f90f30002b02d04ff0ff3315e0a6
:10befc00bb7b43f00103dbb2bb73bb7b1a4640f642
:10bf0c000c617868fdf7eafb0346fb7397f90f3079
:10bf1c00002b02d06ff0010300e00023184610370d
:10bf2c00bd4680bd80b584b000af78600023fb7344
:10bf3c000023bb7307f10e031a4640f60c617868b8
:10bf4c00fdf798fb0346fb7397f90f30002b02d0db
:10bf5c004ff0ff3315e0bb7b23f00103dbb2bb7367
:10bf6c00bb7b1a4640f60c617868fdf7b7fb0346bd
:10bf7c00fb7397f90f30002b02d06ff0010300e038
:10bf8c00002318461037bd4680bd80b584b000af85
:10bf9c00786039600023fb730023bb810023fb72a4
:10bfac004ff46163bb8107f10b02bb8919467868ba
:10bfbc00fdf760fb0346fb7397f90f30002b02d0a3
:10bfcc004ff0ff3307e0fb7a03f00603dab23b686d
:10bfdc001a7097f90f3018461037bd4680bd80b5e2
:10bfec0084b000af78600b46fb700023fb73fb78ca
:10bffc001a4640f60d617868fdf770fb0346fb733b
:10c00c0097f90f3018461037bd4680bd80b584b007
:10c01c0000af786039600023fb733a6840f60d611d
:10c02c007868fdf727fb0346fb7397f90f3018462a
:10c03c001037bd4680bd80b584b000af78603960e4
:10c04c000023fb7307f108031a464ff4616178680b
:10c05c00fdf774fb0346fb7397f90f30002b02d0ee
:10c06c004ff0ff3308e07b89c3f30b039bb21a46f6
:10c07c003b681a8097f90f3018461037bd4680bdc3
:10c08c0080b584b000af78600b46fb700023fb7367
:10c09c000023bb8140f60c63bb810023fb7207f1cc
:10c0ac000b02bb8919467868fdf7e4fa0346fb736b
:10c0bc0097f90f30002b02d04ff0ff331be097f9ac
:10c0cc00033003f006035ab2fb7a5bb213435bb244
:10c0dc00dbb2fb72fa7abb8919467868fdf7fefa77
:10c0ec000346fb7397f90f30002b02d06ff001035e
:10c0fc0001e097f90f3018461037bd4680bd80b56a
:10c10c0084b000af78600b46fb700023fb730023f8
:10c11c00bb8140f60c63bb810023fb7207f10b0261
:10c12c00bb8919467868fdf7a5fa0346fb7397f9a6
:10c13c000f30002b02d04ff0ff331de0fb7803f0e3
:10c14c000603dbb2db43dbb25ab2fb7a5bb21340c1
:10c15c005bb2dbb2fb72fa7abb8919467868fdf7e1
:10c16c00bdfa0346fb7397f90f30002b02d06ff02a
:10c17c00010301e097f90f3018461037bd4680bd1a
:10c18c0080b584b000af78600b46fb700023fb7366
:10c19c000023bb814ff46163bb810023fb7207f169
:10c1ac000b02bb8919467868fdf764fa0346fb73ea
:10c1bc0097f90f30002b02d04ff0ff331de0fb78c6
:10c1cc0003f00603dbb2db43dbb25ab2fb7a5bb2a1
:10c1dc0013405bb2dbb2fb72fa7abb891946786802
:10c1ec00fdf77cfa0346fb7397f90f30002b02d056
:10c1fc006ff0010301e097f90f3018461037bd4678
:10c20c0080bd80b584b000af78600b46fb70002316
:10c21c00fb730023bb8140f60b63bb8107f10b0260
:10c22c00bb8919467868fdf725fa0346fb7397f925
:10c23c000f30002b02d04ff0ff331be097f9033087
:10c24c0003f003035ab2fb7a5bb213435bb2dbb26b
:10c25c00fb72fa7abb8919467868fdf73ffa0346f8
:10c26c00fb7397f90f30002b02d06ff0010301e044
:10c27c0097f90f3018461037bd4680bd80b584b095
:10c28c0000af78600b46fb700023fb730023bb816f
:10c29c0040f60b63bb8107f10b02bb89194678682a
:10c2ac00fdf7e8f90346fb7397f90f30002b02d02a
:10c2bc004ff0ff331de0fb7803f00303dbb2db43ed
:10c2cc00dbb25ab2fb7a5bb213405bb2dbb2fb72ed
:10c2dc00fa7abb8919467868fdf700fa0346fb73b6
:10c2ec0097f90f30002b02d06ff0010301e097f9a2
:10c2fc000f3018461037bd4680bd80b584b000aff6
:10c30c0078600b46fb700023fb730023bb8140f667
:10c31c000a63bb8107f10b02bb8919467868fdf7ec
:10c32c00a9f90346fb7397f90f30002b02d04ff09d
:10c33c00ff331de0fb7803f00303dbb2db43dbb21e
:10c34c005ab2fb7a5bb213405bb2dbb2fb72fa7a85
:10c35c00bb8919467868fdf7c1f90346fb7397f959
:10c36c000f30002b02d06ff0010301e097f90f3072
:10c37c0018461037bd4680bd80b584b000af7860dc
:10c38c0039600023fb730023bb8140f60a63bb8139
:10c39c0007f10b02bb8919467868fdf76bf9034668
:10c3ac00fb7397f90f30002b02d04ff0ff3307e0ef
:10c3bc00fb7a03f00303dab23b681a7097f90f307b
:10c3cc0018461037bd4680bd80b584b000af78608c
:10c3dc0039600023fb733a6840f608617868fdf712
:10c3ec0039fa0346fb7397f90f3018461037bd46e0
:10c3fc0080bd80b59cb000af78600b46fb7000230d
:10c40c0087f86b300023fb6608e007f10802fb6e2f
:10c41c001344fa781a70fb6e0133fb66fb6e5f2bcc
:10c42c00f3d94ff48063a7f868300023fb6619e05a
:10c43c0007f10802b7f8681060237868fdf716fc5e
:10c44c00034687f86b3097f96b30002b02d04ff016
:10c45c00ff330ce0b7f868306033a7f86830fb6e38
:10c46c000133fb66fb6e142be2d997f96b3018463f
:10c47c007037bd4680bd80b584b000af78600023b6
:10c48c00fb730023bb7307f10e031a461621786861
:10c49c00fdf7f0f80346fb7397f90f30002b02d031
:10c4ac004ff0ff3315e0bb7b43f00103dbb2bb73f2
:10c4bc00bb7b1a4616217868fdf710f90346fb730f
:10c4cc0097f90f30002b02d06ff0010301e097f9c0
:10c4dc000f3018461037bd4680bd80b584b000af14
:10c4ec0078600023fb730023bb7307f10e031a461d
:10c4fc0016217868fdf7bef80346fb7397f90f30e9
:10c50c00002b02d04ff0ff3315e0bb7b03f006038a
:10c51c00dbb2bb73bb7b1a4616217868fdf7def8dd
:10c52c000346fb7397f90f30002b02d06ff0010319
:10c53c0001e097f90f3018461037bd4680bd80b525
:10c54c0084b000af786039600023fb733a68102127
:10c55c007868fdf7f3f80346fb7397f90f3018462c
:10c56c001037bd4680bd80b584b000af78603960af
:10c57c000023fb733a6810217868fdf72df9034608
:10c58c00fb7397f90f3018461037bd4680bd80b548
:10c59c0084b000af78600b46fb700023fb73002364
:10c5ac00bb7307f10e031a4616217868fdf762f883
:10c5bc000346fb7397f90f30002b02d04ff0ff337b
:10c5cc001ee0bb7b03f00103dbb2bb73fb785b00ab
:10c5dc005ab2bb7b5bb213435bb2dbb2bb73bb7bac
:10c5ec001a4616217868fdf779f80346fb7397f91c
:10c5fc000f30002b02d06ff0010301e097f90f30e0
:10c60c0018461037bd4680bd80b584b000af786049
:10c61c000b467b800023fb737b881a4614217868b9
:10c62c00fdf768f90346fb7397f90f30184610377e
:10c63c00bd4680bd80b584b000af78600023fb732d
:10c64c000023bb7307f10e031a464ff46061786840
:10c65c00fdf710f80346fb7397f90f30002b02d04f
:10c66c004ff0ff3316e0bb7b23f00403dbb2bb734c
:10c67c00bb7b1a464ff460617868fdf72ff80346d0
:10c68c00fb7397f90f30002b02d06ff0010301e020
:10c69c0097f90f3018461037bd4680bd80b584b071
:10c6ac0000af786039600023fb730023bb603b78dc
:10c6bc00c3f30003dab23b7a62f300033b723b78bc
:10c6cc00c3f34003dab23b7a62f382033b723b78ea
:10c6dc00c3f38003dab23b7a62f304133b723b7808
:10c6ec00c3f3c103dab23b7a62f346133b723b7875
:10c6fc00c3f34013dab23b7a62f3c3033b723b7a67
:10c70c001a464ff460617868fcf7e8ff0346fb7348
:10c71c0097f90f3018461037bd4680bd80b485b0f0
:10c72c0000af78604ff48c63fb603b7bc3f300037a
:10c73c00d9b27a68137861f3000313703b7bc3f3af
:10c74c008003d9b27a68137861f3410313703b7b91
:10c75c00c3f30013d9b27a68137861f382031370b0
:10c76c003b7bc3f34113d9b27a68137861f3c403ea
:10c77c001370002318461437bd465df8047b7047d0
:10c78c0080b586b000af786039600023fb7500235c
:10c79c003b6107f1100301331a4640f601617868da
:10c7ac00fcf768ff0346fb7597f91730002b02d096
:10c7bc004ff0ff331ce07b7cc3f30003dab23b7b0e
:10c7cc0062f300033b737b7cc3f38003dab23b7be5
:10c7dc0062f341033b737b7cc3f30013dab23b7b04
:10c7ec0062f382033b733b68fa681a6097f917305f
:10c7fc0018461837bd4680bd80b584b000af786050
:10c80c00084611461a460346fb700b46bb7013468e
:10c81c007b700023fb737b78012b1ad0022b2fd05b
:10c82c00002b44d1fb781946786800f049f8034690
:10c83c00fb7397f90f30002b02d097f90f303be0c8
:10c84c00ba78fb781946786800f0bef80346fb739b
:10c85c0030e0fb781946786800f0ebfa0346fb737e
:10c86c0097f90f30002b02d097f90f3024e0ba78eb
:10c87c00fb781946786800f067fb0346fb7319e0f8
:10c88c00fb781946786800f007fd0346fb7397f9af
:10c89c000f30002b02d097f90f300de0ba78fb78ef
:10c8ac001946786800f082fd0346fb7302e0ff2313
:10c8bc00fb7300bf97f90f3018461037bd4680bd8b
:10c8cc0080b584b000af78600b46fb700023fb731f
:10c8dc003c4bbb60fb78112b62d801a252f823f0c1
:10c8ec0035c9000135c9000135c9000135c9000140
:10c8fc0035c9000135c9000135c9000135c9000130
:10c90c0053c9000153c9000153c9000153c90001a7
:10c91c0053c9000153c9000153c9000171c9000179
:10c92c0071c900018fc900010023fb723e23bb7249
:10c93c007b7a0f2262f306037b723b7a0f2262f33f
:10c94c0006033b722fe00023fb727e23bb727b7ac3
:10c95c001f2262f306037b723b7a1f2262f30603eb
:10c96c003b7220e00023fb721e23bb727b7a0722f2
:10c97c0062f306037b723b7a072262f306033b7277
:10c98c0011e00023fb72fe23bb727b7a3f2262f321
:10c99c0006037b723b7a3f2262f306033b7202e092
:10c9ac004ff0ff3309e0bb681a4604217868fcf7a6
:10c9bc0013ff0346fb7397f90f3018461037bd462b
:10c9cc0080bd00bf0f0f3e0080b586b000af786011
:10c9dc000b46fb701346bb700023fb75e14bfb60f1
:10c9ec000023bb60bb7a022262f30103bb720023fb
:10c9fc003b61fb78112b00f2f58101a252f823f078
:10ca0c0055ca000193ca0001d1ca00010fcb000125
:10ca1c004dcb00018bcb0001c5cb0001f9cb000144
:10ca2c002bcc000171cc0001b7cc0001f5cc00017e
:10ca3c0033cd000175cd0001b3cd00010fcb00014a
:10ca4c00c5cb00012bcc00010023fb73bb7b1e224a
:10ca5c0062f30403bb737b7b072262f303037b73d8
:10ca6c003b7b072262f303033b737b7a1f2262f347
:10ca7c0006037b723b6903f03f03dab23b7a62f345
:10ca8c0005033b72b1e10023fb73bb7b0e2262f307
:10ca9c000403bb737b7b032262f303037b733b7b3b
:10caac00032262f303033b737b7a0f2262f30603c8
:10cabc007b723b6903f03f03dab23b7a62f3050306
:10cacc003b7292e10023fb73bb7b082262f30403ed
:10cadc00bb737b7b022262f303037b733b7b0222df
:10caec0062f303033b737b7a092262f306037b72c6
:10cafc003b6903f03f03dab23b7a62f305033b7206
:10cb0c0073e10023fb73bb7b062262f30403bb734c
:10cb1c007b7b012262f303037b733b7b012262f379
:10cb2c0003033b737b7a072262f306037b723b6938
:10cb3c0003f03f03dab23b7a62f305033b7254e134
:10cb4c000023fb73bb7b042262f30403bb737b7b6c
:10cb5c00012262f303037b733b7b012262f3030329
:10cb6c003b737b7a052262f306037b723b6903f00d
:10cb7c003f03dab23b7a62f305033b7235e10023e3
:10cb8c00fb73bb7b032262f30403bb737b7b6ff3ee
:10cb9c0003037b733b7b6ff303033b737b7a0422ae
:10cbac0062f306037b723b6903f03f03dab23b7a14
:10cbbc0062f305033b7218e10023fb73bb7b02227b
:10cbcc0062f30403bb737b7b6ff303037b733b7bcd
:10cbdc006ff303033b737b7a032262f306037b72ce
:10cbec003b7a012262f305033b72fee00023fb73e8
:10cbfc00bb7b012262f30403bb737b7b6ff30303e8
:10cc0c007b733b7b6ff303033b737b7a022262f3f0
:10cc1c0006037b723b7a6ff305033b72e5e001235d
:10cc2c00fb73bb7b1e2262f30403bb737b7b07226b
:10cc3c0062f303037b733b7b072262f303033b73b7
:10cc4c007b7a1f2262f306037b723b6903f03f037e
:10cc5c00dab23b7a62f305033b72bb7a6ff30103e2
:10cc6c00bb72c2e00123fb73bb7b112262f3040392
:10cc7c00bb737b7b042262f303037b733b7b042239
:10cc8c0062f303033b737b7a122262f306037b721b
:10cc9c003b6903f03f03dab23b7a62f305033b7264
:10ccac00bb7a6ff30103bb729fe00023fb73bb7b6a
:10ccbc001e2262f30403bb737b7b072262f3030324
:10cccc007b733b7b072262f303033b737b7a1f224c
:10ccdc0062f306037b723b6903f03f03dab23b7ae3
:10ccec0062f305033b7280e00023fb73bb7b1222d3
:10ccfc0062f30403bb737b7b052262f303037b7338
:10cd0c003b7b052262f303033b737b7a132262f3b2
:10cd1c0006037b723b6903f03f03dab23b7a62f3a2
:10cd2c0005033b7261e00023fb73bb7b0e2262f3b5
:10cd3c000403bb737b7b032262f303037b733b7b98
:10cd4c00032262f303033b737b7a0f2262f3060325
:10cd5c007b723b6903f03f03dab23b7a62f3050363
:10cd6c003b7242e003030e000023fb73bb7b0822e3
:10cd7c0062f30403bb737b7b022262f303037b73ba
:10cd8c003b7b022262f303033b737b7a092262f33f
:10cd9c0006037b723b6903f03f03dab23b7a62f322
:10cdac0005033b7221e00023fb73bb7b062262f37d
:10cdbc000403bb737b7b012262f303037b733b7b1a
:10cdcc00012262f303033b737b7a072262f30603af
:10cddc007b723b6903f03f03dab23b7a62f30503e3
:10cdec003b7202e04ff0ff331fe0fb681a4608214c
:10cdfc007868fcf7f1fc0346fb7597f91730002bac
:10ce0c0002d06ff0010310e0bb681a460c21786861
:10ce1c00fcf7e2fc0346fb7597f91730002b02d0a8
:10ce2c006ff0020301e097f9173018461837bd462a
:10ce3c0080bd80b584b000af78600b46fb700023da
:10ce4c00fb73404bbb60fb78112b63d801a252f8eb
:10ce5c0023f000bfa9ce0001a9ce000121cf000113
:10ce6c00a9ce0001a9ce0001a9ce0001a9ce0001d6
:10ce7c00a9ce0001c7ce0001c7ce0001c7ce00016c
:10ce8c00c7ce0001c7ce0001c7ce0001c7ce00013e
:10ce9c00e5ce0001e5ce000103cf00010023fb72bb
:10ceac001e23bb727b7a072262f306037b723b7aea
:10cebc00072262f306033b722fe00023fb723e2332
:10cecc00bb727b7a0f2262f306037b723b7a0f22d2
:10cedc0062f306033b7220e00023fb720e23bb724d
:10ceec007b7a032262f306037b723b7a032262f3a2
:10cefc0006033b7211e00023fb727e23bb727b7a2c
:10cf0c001f2262f306037b723b7a1f2262f3060335
:10cf1c003b7202e04ff0ff3310e0bb681a4604216d
:10cf2c007868fcf759fc0346fb7397f90f30002b1c
:10cf3c0002d06ff0010301e097f90f30184610375b
:10cf4c00bd4680bd0f0f3e0080b586b000af786047
:10cf5c000b46fb701346bb700023fb75cd4bfb607f
:10cf6c000023bb60bb7a022262f30103bb72002375
:10cf7c003b61fb78112b00f2658101a252f823f082
:10cf8c00d5cf000113d0000151d2000151d00001c6
:10cf9c008bd00001c5d00001c5d00001c5d0000167
:10cfac00cbd0000111d1000157d1000195d1000166
:10cfbc00d3d1000111d2000117d2000151d00001d0
:10cfcc00c5d00001cbd000010023fb73bb7b0e222c
:10cfdc0062f30403bb737b7b032262f303037b7357
:10cfec003b7b032262f303033b737b7a0f2262f3d6
:10cffc0006037b723b6903f03f03dab23b7a62f3c0
:10d00c0005033b7221e10023fb73bb7b062262f319
:10d01c000403bb737b7b012262f303037b733b7bb7
:10d02c00012262f303033b737b7a072262f306034c
:10d03c007b723b6903f03f03dab23b7a62f3050380
:10d04c003b7202e10023fb73bb7b022262f30403fd
:10d05c00bb737b7b6ff303037b733b7b6ff303032c
:10d06c003b737b7a032262f306037b723b6903f00a
:10d07c003f03dab23b7a62f305033b72e5e000232f
:10d08c00fb73bb7b012262f30403bb737b7b6ff3eb
:10d09c0003037b733b7b6ff303033b737b7a0222ab
:10d0ac0062f306037b723b6903f03f03dab23b7a0f
:10d0bc0062f305033b72c8e04ff0ff33e5e0002359
:10d0cc00fb73bb7b1e2262f30403bb737b7b0722c7
:10d0dc0062f303037b733b7b072262f303033b7313
:10d0ec007b7a1f2262f306037b723b6903f03f03da
:10d0fc00dab23b7a62f305033b72bb7a6ff301033e
:10d10c00bb72a2e00023fb73bb7b112262f304030e
:10d11c00bb737b7b042262f303037b733b7b042294
:10d12c0062f303033b737b7a122262f306037b7276
:10d13c003b6903f03f03dab23b7a62f305033b72bf
:10d14c00bb7a6ff30103bb727fe00023fb73bb7be5
:10d15c000e2262f30403bb737b7b032262f3030393
:10d16c007b733b7b032262f303033b737b7a0f22bb
:10d17c0062f306037b723b6903f03f03dab23b7a3e
:10d18c0062f305033b7260e00023fb73bb7b082258
:10d19c0062f30403bb737b7b022262f303037b7396
:10d1ac003b7b022262f303033b737b7a092262f31b
:10d1bc0006037b723b6903f03f03dab23b7a62f3fe
:10d1cc0005033b7241e00023fb73bb7b062262f339
:10d1dc000403bb737b7b012262f303037b733b7bf6
:10d1ec00012262f303033b737b7a072262f306038b
:10d1fc007b723b6903f03f03dab23b7a62f30503bf
:10d20c003b7222e04ff0ff333fe00023fb73bb7b0c
:10d21c00022262f30403bb737b7b6ff303037b7308
:10d22c003b7b6ff303033b737b7a032262f30603ae
:10d23c007b723b6903f03f03dab23b7a62f305037e
:10d24c003b7202e04ff0ff331fe0fb681a460821e7
:10d25c007868fcf7c1fa0346fb7597f91730002b79
:10d26c0002d06ff0010310e0bb681a460c217868fd
:10d27c00fcf7b2fa0346fb7597f91730002b02d076
:10d28c006ff0020301e097f9173018461837bd46c6
:10d29c0080bd00bf03030e0080b584b000af786082
:10d2ac000b46fb700023fb733f4bbb60fb78112bd1
:10d2bc0062d801a252f823f00dd300010dd3000166
:10d2cc0085d300010dd300010dd300010dd3000156
:10d2dc000dd300010dd300012bd300012bd3000182
:10d2ec002bd300012bd300012bd300012bd3000136
:10d2fc002bd3000149d3000149d3000167d30001ae
:10d30c000023fb720e23bb727b7a032262f30603ab
:10d31c007b723b7a032262f306033b722fe00023fd
:10d32c00fb721e23bb727b7a072262f306037b72ad
:10d33c003b7a072262f306033b7220e00023fb7268
:10d34c000723bb727b7a022262f306037b723b7a61
:10d35c00022262f306033b7211e00023fb723e23b0
:10d36c00bb727b7a0f2262f306037b723b7a0f222d
:10d37c0062f306033b7202e04ff0ff3310e0bb6830
:10d38c001a4604217868fcf727fa0346fb7397f9d1
:10d39c000f30002b02d06ff0010301e097f90f3032
:10d3ac0018461037bd4680bd0f0f3e0080b586b0c5
:10d3bc0000af78600b46fb701346bb700023fb7507
:10d3cc00914bfb600023bb60bb7a022262f301032a
:10d3dc00bb7200233b61fb78112b00f2ee8001a2a3
:10d3ec0052f823f039d4000177d40001c7d50001dd
:10d3fc00b1d40001b1d40001b1d40001b1d4000109
:10d40c00b1d40001b7d40001fdd4000143d5000113
:10d41c0081d5000187d50001c1d50001c1d500011e
:10d42c00b1d40001b1d40001b7d400010023fb73c7
:10d43c00bb7b062262f30403bb737b7b012262f38a
:10d44c0003037b733b7b012262f303033b737b7a05
:10d45c00072262f306037b723b6903f03f03dab2e7
:10d46c003b7a62f305033b72aae00023fb73bb7ba0
:10d47c00022262f30403bb737b7b6ff303037b73a6
:10d48c003b7b6ff303033b737b7a032262f306034c
:10d49c007b723b6903f03f03dab23b7a62f305031c
:10d4ac003b728de04ff0ff33aae00023fb73bb7b94
:10d4bc000e2262f30403bb737b7b032262f3030330
:10d4cc007b733b7b032262f303033b737b7a0f2258
:10d4dc0062f306037b723b6903f03f03dab23b7adb
:10d4ec0062f305033b72bb7a6ff30103bb7267e017
:10d4fc000023fb73bb7b072262f30403bb737b7bb0
:10d50c00022262f303037b733b7b022262f303036d
:10d51c003b737b7a082262f306037b723b6903f050
:10d52c003f03dab23b7a62f305033b72bb7a6ff3cb
:10d53c000103bb7244e00023fb73bb7b062262f346
:10d54c000403bb737b7b012262f303037b733b7b82
:10d55c00012262f303033b737b7a072262f3060317
:10d56c007b723b6903f03f03dab23b7a62f305034b
:10d57c003b7225e04ff0ff3342e00023fb73bb7b93
:10d58c00022262f30403bb737b7b6ff303037b7395
:10d59c003b7b6ff303033b737b7a032262f306033b
:10d5ac007b723b6903f03f03dab23b7a62f305030b
:10d5bc003b7205e04ff0ff3322e04ff0ff331fe0ea
:10d5cc00fb681a4608217868fcf706f90346fb75d8
:10d5dc0097f91730002b02d06ff0010310e0bb68f5
:10d5ec001a460c217868fcf7f7f80346fb7597f997
:10d5fc001730002b02d06ff0020301e097f91730bf
:10d60c0018461837bd4680bd03030e0080b584b0a4
:10d61c0000af78600b46fb701346bb700023fb73a6
:10d62c000023bb8140f60763bb810023bb6007f17d
:10d63c000803da1cbb8919467868fcf71bf803460b
:10d64c00fb7397f90f30002b02d04ff0ff3320e023
:10d65c00fb7803f00103dab2fb7a62f30003fb728e
:10d66c00bb7803f00103dab2fb7a62f34103fb727d
:10d67c00fa7abb8919467868fcf730f80346fb73d5
:10d68c0097f90f30002b02d06ff0010301e097f9ee
:10d69c000f3018461037bd4680bd80b584b000af42
:10d6ac0078600b46fb701346bb700023fb730023a2
:10d6bc00bb8140f60463bb810023bb6007f1080209
:10d6cc00bb8919467868fbf7d5ff0346fb7397f9be
:10d6dc000f30002b02d04ff0ff3320e0fb7803f02b
:10d6ec000103dab23b7a62f300033b72bb7803f0be
:10d6fc000103dab23b7a62f341033b723a7abb899b
:10d70c0019467868fbf7eaff0346fb7397f90f306d
:10d71c00002b02d06ff0010301e097f90f3018468f
:10d72c001037bd4680bd80b584b000af7860002353
:10d73c00fb730023bb8140f60463bb810023bb60f9
:10d74c0007f10802bb8919467868fbf793ff03467b
:10d75c00fb7397f90f30002b02d04ff0ff3314e01e
:10d76c003b7a43f040033b723a7abb89194678689e
:10d77c00fbf7b4ff0346fb7397f90f30002b02d075
:10d78c006ff0010301e097f90f3018461037bd46d2
:10d79c0080bd80b584b000af78600023fb7300239c
:10d7ac00bb8140f60463bb810023bb6007f1080218
:10d7bc00bb8919467868fbf75dff0346fb7397f945
:10d7cc000f30002b02d04ff0ff3314e03b7a6ff395
:10d7dc0086133b723a7abb8919467868fbf77eff51
:10d7ec000346fb7397f90f30002b02d06ff0010347
:10d7fc0001e097f90f3018461037bd4680bd80b553
:10d80c0084b000af78600b46fb700023fb730023e1
:10d81c00bb8140f60763bb810023bb6007f10803a3
:10d82c00da1cbb8919467868fbf724ff0346fb73a7
:10d83c0097f90f30002b02d04ff0ff3318e0fb7834
:10d84c0003f00103dab2fb7a62f38613fb72fa7a05
:10d85c00bb8919467868fbf741ff0346fb7397f9c0
:10d86c000f30002b02d06ff0010301e097f90f305d
:10d87c0018461037bd4680bd80b584b000af7860c7
:10d88c000b46fb700023fb730023bb8140f6076340
:10d89c00bb810023bb6007f10803da1cbb89194666
:10d8ac007868fbf7e7fe0346fb7397f90f30002b04
:10d8bc0002d04ff0ff3318e0fb7803f00103dab22b
:10d8cc00fb7a62f30413fb72fa7abb891946786807
:10d8dc00fbf704ff0346fb7397f90f30002b02d0c4
:10d8ec006ff0010301e097f90f3018461037bd4671
:10d8fc0080bd80b584b000af78600b46fb701346da
:10d90c00bb700023fb730023bb8140f60563bb8116
:10d91c000023bb6007f108035a1cbb8919467868c1
:10d92c00fbf7a8fe0346fb7397f90f30002b02d0d0
:10d93c004ff0ff332be0fb78002b02d0012b09d0ea
:10d94c0011e0bb7803f00103dab27b7a62f30003d7
:10d95c007b720be0bb7803f00103dab27b7a62f3e3
:10d96c0041037b7202e04ff0ff3310e07a7abb89ff
:10d97c0019467868fbf7b2fe0346fb7397f90f3034
:10d98c00002b02d06ff0010301e097f90f3018461d
:10d99c001037bd4680bd80b586b000aff8600b4631
:10d9ac007a60fb720023fb750023bb8240f6066392
:10d9bc00bb8200233b6107f110039a1cbb8a1946fa
:10d9cc00f868fbf757fe0346fb7597f91730002be9
:10d9dc0002d04ff0ff331ae0fb7a002b02d0012b60
:10d9ec0008d00fe0bb7cc3f30003dbb21a467b68a4
:10d9fc001a700ae0bb7cc3f34003dbb21a467b68a7
:10da0c001a7002e04ff0ff3301e097f91730184617
:10da1c001837bd4680bd80b584b000af78600b462a
:10da2c00fb700023fb730023bb8140f60763bb81b3
:10da3c000023bb6007f10803da1cbb891946786820
:10da4c00fbf718fe0346fb7397f90f30002b02d03f
:10da5c004ff0ff3318e0fb7803f00103dab2fb7ae6
:10da6c0062f34513fb72fa7abb8919467868fbf7a7
:10da7c0035fe0346fb7397f90f30002b02d06ff085
:10da8c00010301e097f90f3018461037bd4680bdf1
:10da9c0080b485b000af0346fb710023fb6000bf70
:10daac0000bffb79082b02d8fb79fb602ae0fb79dd
:10dabc00093b062b25d801a252f823f0e5da000128
:10dacc00ebda0001f1da0001f7da0001fdda00010e
:10dadc0003db000109db00010c23fb6012e01023c7
:10daec00fb600fe01423fb600ce01823fb6009e0e3
:10dafc002023fb6006e03023fb6003e04023fb6047
:10db0c0000e000bffb6818461437bd465df8047b87
:10db1c00704780b586b000aff8600b467a60fb7238
:10db2c000023fb750023bb820023fb74fb7a9bb2a2
:10db3c001a46520013449b009bb25433bb82bb8adf
:10db4c000133bb8207f11302bb8a1946f868fbf755
:10db5c0091fd0346fb7597f91730002b02d04ff05f
:10db6c00ff3307e0fb7c03f01f03dab27b681a700b
:10db7c0097f9173018461837bd4680bd80b485b06c
:10db8c0000af78600b467b804ff6ff73bb8115e0ce
:10db9c0007f10c0301331a787b68591c79601b78e8
:10dbac005340fb73bb891b021ab2fb7b094931f84a
:10dbbc0013301bb253401bb29bb2bb817b885a1ee5
:10dbcc007a80002be4d1bb8918461437bd465df82a
:10dbdc00047b704760be040180b485b000af03467f
:10dbec00fb710023fb73fb79042b02d80423fb731a
:10dbfc002ee0fb79082b02d80823fb7328e0fb7975
:10dc0c000c2b02d80923fb7322e0fb79102b02d8d2
:10dc1c000a23fb731ce0fb79142b02d80b23fb7338
:10dc2c0016e0fb79182b02d80c23fb7310e0fb7960
:10dc3c00202b02d80d23fb730ae0fb79302b02d882
:10dc4c000e23fb7304e0fb79402b01d80f23fb73ed
:10dc5c00fb7b18461437bd465df8047b704780b5d6
:10dc6c00c2b000af3b1d08221a703b1d1946044878
:10dc7c0044f00dff00bf07f58477bd4680bd00bfa3
:10dc8c003c01002080b586b000af0123fb75824bb0
:10dc9c001b681846fbf7cefc7f4b1b681846fef73b
:10dcac000ef97e4b1b7883f00103dbb2002b08d0fe
:10dcbc00794b1b68ff211846fef79bfb774b012223
:10dccc001a7007f110031846fcf7d2f93b7c43f0ad
:10dcdc0020033b747b7c6ff386137b746e4b1b6849
:10dcec0007f1100211461846fcf736f907f10c0340
:10dcfc001846fcf785fb7b7b072262f304037b73de
:10dd0c007b7b43f0e0037b733b7b012262f3450397
:10dd1c003b73614b1b6807f10c0202211846fcf7a0
:10dd2c0017fb07f108031846fcf7ecff3b7a0722b8
:10dd3c0062f345033b723b8943f4e0733b81564be2
:10dd4c001b6807f1080201211846fcf78fff00231e
:10dd5c007b60bb8840f25a4262f30a03bb80fb79ba
:10dd6c006ff38613fb717b686ff3dc237b604a4b8c
:10dd7c001b683a1d00211846fcf759fe00233b6036
:10dd8c003b8840f2ff7262f30a033b80fb7843f05e
:10dd9c004003fb703b686ff3dc233b603e4b1b681e
:10ddac003a4600211846fcf763fe3b4b18680123ea
:10ddbc0001220021fcf77ffe00237b603ff048f935
:10ddcc000346c3f30a039ab2bb8862f30a03bb800f
:10dddc00fb796ff38613fb717b686ff3dc237b603d
:10ddec002d4b1b683a1d01211846fcf720fe002321
:10ddfc003b603b8840f2ff7262f30a033b80fb7886
:10de0c0043f04003fb703b686ff3dc233b60224b19
:10de1c001b683a4601211846fcf72afe1e4b18686f
:10de2c00012301220121fcf746fe1b4b1868f97dea
:10de3c0000230222fef7e0fc174b1b680022002196
:10de4c001846fff7e3fb144b1b680122022118460e
:10de5c00fdf75bfc104b1b68012201211846fdf7f6
:10de6c0095fd0d4b1b6802211846fdf75afa0a4b1b
:10de7c001b6800211846fcf777f9094b40225a63be
:10de8c0000220849032044f077f8032044f04cf8b2
:10de9c0000bf1837bd4680bd90b600202fb20020c1
:10deac00002300446bdc000190b587b002af7860b2
:10debc000a23fb731f4b1b6807f10d020221184646
:10decc00fdf796fbfb7b002b10d11a4b186807f162
:10dedc000a0307f10b0207f10c01fdf770ffbb7a87
:10deec001a461549002035f001fe20e0fb7b013b72
:10defc00fb737b7b03f00103002bdbd07b681b796e
:10df0c00c3f30303dbb21846fff7c2fd0346bb7332
:10df1c00084b186879687b6803f10c04bb7b012201
:10df2c000192009323460a460221fcf71ffb14378b
:10df3c00bd4690bd90b6002060c0040180b400af17
:10df4c0000bfbd465df8047b704780b586b000af5e
:10df5c00032100202bf02afc02460d4b1a600d4bbe
:10df6c007b600123bb600023fb6000233b611d230e
:10df7c003b7500237b75064b1b683a1d11461846f2
:10df8c002bf025fdfff77efe00bf1837bd4680bd88
:10df9c0090b600208096980090b5c9b002af3b1d9a
:10dfac0018603b1d1b681b7887f8173197f81731e1
:10dfbc00082b7dd13b1d1b680133c7f810313f4b3b
:10dfcc001b6807f5877201211846fdf76dfc97f861
:10dfdc000e3103f00103002b6ad0384b1868d7f8c8
:10dfec001021d7f8103103f10c01402300930b469c
:10dffc000121fcf7e1fed7f810311b79c3f30303c1
:10e00c00dbb21846fff744fd034687f80f31d7f80b
:10e01c0010311b88c3f30a039bb240f25a4293425d
:10e02c000bd0d7f810311b88c3f30a039bb21c46e4
:10e03c003ff00ef803469c4221d147f01bfe07f13e
:10e04c000c0307221a7007f10c0301334ff4807292
:10e05c00002118464af06ef8d7f8103103f10c0184
:10e06c0097f80f2107f10c030133184649f054ffc0
:10e07c0007f10c0300221946114844f0e5fc0f4b44
:10e08c001b6807f5877201211846fdf70dfc97f800
:10e09c000e3103f00103002b0ad007f10c03082208
:10e0ac001a7007f10c0300221946054844f0ccfc09
:10e0bc0000bf07f58e77bd4690bd00bf90b600201f
:10e0cc003c01002080b598b000af0346b9607a607f
:10e0dc00fb81fb89c3f30a039ab2bb8a62f30a037e
:10e0ec00bb827b696ff3dc237b61fb7d6ff3451394
:10e0fc00fb75fb7d6ff38713fb757b68dbb21846f2
:10e10c00fff76afd034603f00f03dab23b7e62f3be
:10e11c0003033b763b7e6ff304133b763b7e6ff33e
:10e12c0045133b763b7e6ff386133b763b7e43f089
:10e13c0080033b767b7e6ff300037b76bb696ff3ca
:10e14c005f23bb610023fb61002387f82030012390
:10e15c0087f82130022387f82230032387f82330f5
:10e16c00042387f82430052387f82530062387f805
:10e17c002630072387f82730082387f8283009230f
:10e18c0087f829300a2387f82a300b2387f82b309d
:10e19c000c2387f82c300d2387f82d300e2387f8ad
:10e1ac002e300f2387f82f30102387f830301123af
:10e1bc0087f83130122387f83230132387f8333045
:10e1cc00142387f83430152387f83530162387f855
:10e1dc003630172387f83730182387f8383019234f
:10e1ec0087f839301a2387f83a301b2387f83b30ed
:10e1fc001c2387f83c301d2387f83d301e2387f8fd
:10e20c003e301f2387f83f30202387f840302123ee
:10e21c0087f84130222387f84230232387f8433094
:10e22c00242387f84430252387f84530262387f8a4
:10e23c004630272387f84730282387f8483029238e
:10e24c0087f849302a2387f84a302b2387f84b303c
:10e25c002c2387f84c302d2387f84d302e2387f84c
:10e26c004e302f2387f84f30302387f8503031232e
:10e27c0087f85130322387f85230332387f85330e4
:10e28c00342387f85430352387f85530362387f8f4
:10e29c005630372387f85730382387f858303923ce
:10e2ac0087f859303a2387f85a303b2387f85b308c
:10e2bc003c2387f85c303d2387f85d303e2387f89c
:10e2cc005e303f2387f85f3007f114030c337a6814
:10e2dc00b968184649f020fe07f114031846fff7f9
:10e2ec00e3fd00bf6037bd4680bd80b584b000af94
:10e2fc0000233b600023fb800023fb600de0154beb
:10e30c001868fb689ab2fb8813449bb23a461946cc
:10e31c00fbf714fafb680433fb60fb68b3f53c7f36
:10e32c00eddb4ff46063bb600ae00a4b1b68ba6814
:10e33c0091b23a461846fbf701fabb680433bb604e
:10e34c00bb6840f617629342efdd00bf1037bd4645
:08e35c0080bd00bf90b6002057
:020000040000fa
:020000040100f9
:10e36400b0b582b000af0023fb7134e01e4b1a68d5
:10e37400fb790a339b0013445b68002b28d11a4baa
:10e384001c68fd79742049f0f9fb024605f10a0383
:10e394009b0023445a60144b1a68fb790a339b0090
:10e3a40013445b68002b0bd00f4b1a68fb790a33bc
:10e3b4009b0013445b6874220021184649f0befe9a
:10e3c400094b1a68fb790a339b0013445b6806e027
:10e3d400fb790133fb71fb79072bc7d9002318465e
:10e3e4000837bd46b0bd00bfc8b2002080b582b0ba
:10e3f40000af03463960fb80fb883a681946032066
:10e4040043f0fefe00bf0837bd4680bd80b584b032
:10e4140000af7860082049f0b1fbf860fb68002b7e
:10e4240027d0fb6803221a707b681a88fb689a80dd
:10e43400124b1b681b78022b10d17b689b6d93f8e1
:10e44400e63003f01003002b08d00c4b1b685b78fc
:10e4540003f01003002b01d0012300e0002303f09c
:10e464000103dab2fb689a71f9680820fff7beff6e
:10e4740000e000bf1037bd4680bd00bfc8b2002019
:10e4840080b584b000af7860062049f077fbf8606f
:10e49400fb68002b0bd0fb6804221a707b681a8877
:10e4a400fb689a80f9680620fff7a0ff00e000bf30
:10e4b4001037bd4680bd80b584b000af78600b4690
:10e4c400fb70082049f05afbf860fb68002b0ed063
:10e4d400fb6809221a707b681a88fb689a80fb68bb
:10e4e400fa789a71f9680820fff780ff00e000bf0e
:10e4f4001037bd4680bd80b584b000af786006207b
:10e5040049f03cfbf860fb68002b0bd0fb6807224a
:10e514001a707b681a88fb689a80f9680620fff7ee
:10e5240065ff00e000bf1037bd4680bd80b584b0f4
:10e5340000af7860062049f021fbf860fb68002bef
:10e544000bd0fb6808221a707b681a88fb689a80d3
:10e55400f9680620fff74aff00e000bf1037bd4608
:10e5640080bd80b584b000af7860242049f006fbfc
:10e57400f860fb68002b19d0fb680a221a70fb684c
:10e5840003f114000b4b1b689b684033102219469f
:10e5940049f0c6fcfb68043310227968184649f038
:10e5a400bffcf9682420fff721ff00e000bf10370b
:10e5b400bd4680bdc8b2002080b588b000af786089
:10e5c4007b689b6d002b0cd14ff4f87049f0d6faa0
:10e5d40002467b689a657b689b6d002b01d1012301
:10e5e40063e07b689b6d4ff4f8720021184649f094
:10e5f400a5fd7b689b6dbc33184645f08ffc07f185
:10e604001403184619f0dcfb7b689b6dcc331a4667
:10e6140007f114031868106099889b7991809371ad
:10e624007b681b8807f10c021146184615f03dfa69
:10e634000346fb837b680b331a4607f10d03196805
:10e6440011609b8893803b7b002b03d17b68002265
:10e654005a7402e07b6801225a747b689b6d022223
:10e6640083f82c207b689b6d022283f82d20114bac
:10e674001b685b7803f00103002b15d07b689b6d4e
:10e6840093f82c207b689b6d42f00102d2b283f890
:10e694002c207b689b6d93f82d207b689b6d42f04a
:10e6a4000102d2b283f82d20002318462037bd463c
:10e6b40080bd00bfc8b2002080b582b000af7860d2
:10e6c4007b689b6d002b07d07b689b6d184649f0d7
:10e6d40061fa7b6800229a6500bf0837bd4680bd99
:10e6e40080b582b000af786039607b689b6d93f829
:10e6f400e730102b04d1194b1b689b78102b29d0c1
:10e704007b689b6d93f8e720144b1b689b789a42b7
:10e714000fd9124b1b689b781a463b6898180f4b0d
:10e724001b689b78c3f110031a46002149f006fdcb
:10e7340010e07b689b6d93f8e7301a463b689818a5
:10e744007b689b6d93f8e730c3f110031a460021f0
:10e7540049f0f4fc00bf0837bd4680bdc8b20020b4
:10e7640080b582b000af78607b689b6d5f33102109
:10e77400184640f027ff7b689b6d4f3310211846e5
:10e7840040f020ff7b689b6db2330821184640f0af
:10e7940019ff7b689b6db0330221184640f012ffcd
:10e7a4007b68db78002b08d17b689b6d03f5e073f5
:10e7b4001021184640f006ff07e07b689b6d03f5c7
:10e7c400c0731021184640f0fdfe00bf0837bd4657
:10e7d40080bd80b584b000af786039600c2049f00a
:10e7e400cdf9f860fb68002b70d03b685b09394aaf
:10e7f400a2fb0323db09dbb23033dab2fb689a7184
:10e804003a6853093349a1fb0313db09324901fb7d
:10e8140003f3d31a314aa2fb03235b0bdbb230337d
:10e82400dab2fb68da713a682c4ba3fb02135b0b78
:10e8340042f2107101fb03f3d31a294aa2fb03230a
:10e844009b09dbb23033dab2fb681a723a68244ba4
:10e85400a3fb02139b094ff47a7101fb03f3d31a50
:10e86400204aa2fb03235b09dbb23033dab2fb6834
:10e874005a723a681b4ba3fb02135b09642101fb28
:10e8840003f3d31a184aa2fb0323db08dbb23033a9
:10e89400dab2fb689a723968134ba3fb0123da08d6
:10e8a40013469b0013445b00ca1ad3b23033dab266
:10e8b400fb68da72fb6802221a707b681a88fb68ac
:10e8c4009a80f9680c20fff791fd00e000bf103733
:10e8d400bd4680bdc55a7c0aa08601005917b7d130
:10e8e400d34d62101f85eb51cdcccccc80b588b014
:10e8f40002af7860502049f041f97861102049f066
:10e904003df938617b69002b02d03b69002b08d1ab
:10e91400374b009304230022c121ee202df066fe24
:10e9240063e07b689b6d03f5c07310221946786918
:10e9340049f0f6fa7b68db78002b13d17b6903f18d
:10e9440010007b689b6deb332022194649f0e8faee
:10e954007b6903f130007b6812332022194649f0a9
:10e96400dffa12e07b6903f110007b681233202286
:10e97400194649f0d5fa7b6903f130007b689b6d39
:10e98400eb332022194649f0cbfa7b689b6d03f5e3
:10e99400e0703b695022796938f080f807f10c0384
:10e9a4003969184637f01efdfa68124ba3fb0213af
:10e9b4009b0c114901fb03f3d31afb607b689b6d2d
:10e9c400102283f86f207b689b6d6f3301333a69a3
:10e9d40012681a60786949f0ddf8386949f0daf8a4
:10e9e400fb6819467868fff7f4fe1837bd4680bd0a
:10e9f400d015050183de1b4340420f0080b588b06b
:10ea040002aff860b9607a60412049f0b7f87861e4
:10ea14007b69002b08d1b54b009304230022c2214b
:10ea2400ee202df0e3fd5ee1fb68db78002b40f087
:10ea3400ac80fb68043307221946786949f070fa00
:10ea44007b69d81dfb680b330722194649f068fa25
:10ea5400a74b1a687b690e3312781a70a44b1b6893
:10ea64005a797b690f331a70a14b1a687b6910338a
:10ea740052781a70bb68002b07d07b6911331022bf
:10ea8400b968184649f04cfa06e07b691133102244
:10ea94000021184649f052fb7b6903f12100fb6811
:10eaa4009b6d03f5c0731022194649f039fa7b694e
:10eab40003f13100fb689b6d03f5e07310221946e6
:10eac40049f02efafb689b6d981dfb689b6d03f55e
:10ead400e8734122796937f0e1fffb680b330722c1
:10eae4001946786949f01cfa7b69d81dfb68043320
:10eaf4000722194649f014fafb689a6d7b690e33b4
:10eb040092f8e4201a70fb689a6d7b690f3392f8cf
:10eb1400e5201a70fb689a6d7b69103392f8e62041
:10eb24001a707b68002b07d07b6911331022796837
:10eb3400184649f0f5f906e07b69113310220021eb
:10eb4400184649f0fbfa7b6903f12100fb689b6dd1
:10eb540003f5e0731022194649f0e2f97b6903f1e9
:10eb64003100fb689b6d03f5c0731022194649f010
:10eb7400d7f9fb689b6d981dfb689b6d03f5c87303
:10eb84004122796937f08affaae0fb680b33072238
:10eb94001946786949f0c4f97b69d81dfb680433c8
:10eba4000722194649f0bcf9fb689a6d7b690e335c
:10ebb40092f8e4201a70fb689a6d7b690f3392f81f
:10ebc400e5201a70fb689a6d7b69103392f8e62091
:10ebd4001a70bb68002b07d07b6911331022b96807
:10ebe400184649f09df906e07b6911331022002193
:10ebf400184649f0a3fa7b6903f12100fb689b6d79
:10ec040003f5c0731022194649f08af97b6903f1b0
:10ec14003100fb689b6d03f5e0731022194649f03f
:10ec24007ff9fb689b6d981dfb689b6d03f5e8738a
:10ec34004122796937f032fffb6804330722194611
:10ec4400786949f06df97b69d81dfb680b3307229d
:10ec5400194649f065f9264b1a687b690e33127818
:10ec64001a70234b1b685a797b690f331a70204b37
:10ec74001a687b69103352781a707b68002b07d0ae
:10ec84007b69113310227968184649f049f906e086
:10ec94007b69113310220021184649f04ffa7b6931
:10eca40003f12100fb689b6d03f5e0731022194604
:10ecb40049f036f97b6903f13100fb689b6d03f57c
:10ecc400c0731022194649f02bf9fb689b6d981dff
:10ecd400fb689b6d03f5c8734122796937f0defe4a
:10ece400786948f057ff1837bd4680bde415050123
:10ecf400c8b2002080b588b002af7860352048f0f3
:10ed04003dff7861102048f039ff3861102048f049
:10ed140035fff8607b69002b05d03b69002b02d0de
:10ed2400fb68002b08d1714b009304230022c321fc
:10ed3400ee202df05bfcd5e010226d49f86849f017
:10ed4400eff87b689b6d03f12f013b692022f86883
:10ed540037f0a4fe7b68db78002b5dd17b69002251
:10ed64001a707b69013301221a707b69981c7b68d5
:10ed740004330722194649f0d3f87b6903f10900eb
:10ed84007b680b330722194649f0caf87b6903f103
:10ed940010007b689b6d03f5c0731022194649f07f
:10eda400bff87b6903f120007b689b6d03f5e0737a
:10edb4001022194649f0b4f87b69303365221a7081
:10edc4007b6931336c221a707b69323374221a7076
:10edd4007b69333362221a707b69343301221a70df
:10ede4007b689b6da03335227969386937f056fe0c
:10edf4007b689b6da03319467868fff771fc7b69cb
:10ee0400343300221a707b689b6d0633352279698e
:10ee1400386937f043fe5ce07b6900221a707b6935
:10ee2400013301221a707b69981c7b680b3307221b
:10ee3400194649f075f87b6903f109007b680433ce
:10ee44000722194649f06cf87b6903f110007b68ce
:10ee54009b6d03f5c0731022194649f061f87b6974
:10ee640003f120007b689b6d03f5e07310221946c3
:10ee740049f056f87b69303365221a707b69313367
:10ee84006c221a707b69323374221a707b693333b3
:10ee940062221a707b69343301221a707b689b6d7d
:10eea400a03335227969386937f0f8fd7b689b6daa
:10eeb400a03319467868fff713fc7b6934330022ca
:10eec4001a707b689b6d063335227969386937f08f
:10eed400e5fd786948f05efe386948f05bfef86845
:10eee40048f058fe1837bd4680bd00bff81505012f
:10eef4007415050180b588b002af7860102048f021
:10ef04003dfe3861102048f039fef8603b69002b63
:10ef140002d0fb68002b08d1244b00930423002269
:10ef2400c421ee202df062fb3ce07b689b6db23384
:10ef340008221946386948f0f3ff0823fb7507e0f7
:10ef4400fb7d3a69134400221a70fb7d0133fb7583
:10ef5400fb7d0f2bf4d97b689b6d8f33fa6839697d
:10ef6400184645f005fafb6819787b689b6d93f8a1
:10ef7400b0207b689b6d4a40d2b283f8b020fb6816
:10ef8400013319787b689b6d93f8b1207b689b6d86
:10ef94004a40d2b283f8b120386948f0fbfdf868e2
:10efa40048f0f8fd1837bd4680bd00bf0c160501ba
:10efb40080b584b000af7860102048f0dffdf860c1
:10efc400fb68002b17d010220021f86849f0b6f82e
:10efd400fb68023301221a707b689b6d03f14f00ba
:10efe4007b689b6dd3331a46f96845f0c1f9f8681c
:10eff40048f0d0fd00e000bf1037bd4680bd80b5ad
:10f0040086b002af7860102048f0b8fdb860bb68e5
:10f01400002b08d1154b009304230022c521ee20b8
:10f024002df0e4fa1ee0bb6803221a700123fb737f
:10f0340007e0fb7bba68134400221a70fb7b0133a0
:10f04400fb73fb7b0f2bf4d97b689b6d03f15f0093
:10f054007b689b6d8f331a46b96845f089f9b868a7
:10f0640048f098fd1037bd4680bd00bf2416050149
:10f0740080b586b000af786007f108031022002144
:10f08400184649f05bf87b689b6db0331b889bb2d4
:10f094003b817b689b6d03f14f007b689b6d03f1a3
:10f0a400a00207f10803194645f062f97b689b6ddd
:10f0b400a03319467868fff713fb00bf1837bd4625
:10f0c40080bd80b588b000af786031233b73702376
:10f0d4007b736d23bb737423fb737b689b6d03f19c
:10f0e400a00007f1100307f10c01042237f0d6fc4d
:10f0f40072233b7362237b736523bb736c23fb73a3
:10f104007b689b6d163307f10c0107f11000042294
:10f1140037f0c4fc00bf2037bd4680bd80b582b047
:10f1240000af78607868fff7a3ff7868fff767ffa0
:10f134007868fff7dffe7868fff73aff00bf08370b
:10f14400bd4680bd80b588b002af7860072023f04b
:10f15400b7fe78617b69002b01d1022360e07b69f3
:10f164001033fb6007f10c030221184637f0c5fa8f
:10f174002d4b1b681a7807f10c031146184637f01b
:10f18400bcfa294b1b685b791a4607f10c0311463c
:10f19400184637f0b2fa244b1b685a7807f10c036f
:10f1a4001146184637f0a9fa1f4b1b689a7807f1e5
:10f1b4000c031146184637f0a0fa7b689b6d93f850
:10f1c4002c2007f10c031146184637f096fa7b6899
:10f1d4009b6d93f82d2007f10c031146184637f068
:10f1e4008cfa7b6818880623009300237a69072128
:10f1f40023f080fe03467b827b8a002b0cd17b6844
:10f2040093f85530002b03d07b680b229a7006e0ec
:10f214007b6806229a7002e0786923f060fe7b8a9c
:10f2240018461837bd4680bdc8b2002080b588b0e6
:10f2340002af78603960112023f042fe78617b6967
:10f24400002b01d1022324e07b691033fb6007f11a
:10f254000c030421184637f050fafb681022396871
:10f26400184648f05dfe7b68188806230093002347
:10f274007a69112123f03efe03467b827b8a002bb0
:10f2840003d17b6809229a7002e0786923f027fe93
:10f294007b8a18461837bd4680bd80b586b002af5c
:10f2a40078603960112023f00bfef860fb68002bb6
:10f2b4001ed0fb681033bb6007f108030621184613
:10f2c40037f01bfabb6810223968184648f028fe4c
:10f2d4007b681888062300930023fa68112123f021
:10f2e40009fe0346002b04d0f86823f0f8fd00e083
:10f2f40000bf1037bd4680bd80b588b002aff8604e
:10f30400b9607a600b2023f0dbfd78617b69002b08
:10f3140023d07b6910333b6107f1100307211846a2
:10f3240037f0ebf93b69ba68128892b21a803b69ec
:10f3340008227968184648f0f3fdfb68188806230c
:10f34400009300237a690b2123f0d4fd0346002b9c
:10f3540004d0786923f0c3fd00e000bf1837bd4630
:10f3640080bd80b586b002af78603960112023f08b
:10f37400a7fdf860fb68002b1ed0fb681033bb6050
:10f3840007f108030821184637f0b7f9bb681022c3
:10f394003968184648f0c4fd7b6818880623009332
:10f3a4000023fa68112123f0a5fd0346002b04d0a5
:10f3b400f86823f094fd00e000bf1037bd4680bd1f
:10f3c40080b588b002af7860082023f079fd7861b9
:10f3d4007b69002b30d07b6910333b6107f110034c
:10f3e4000921184637f089f907f10803013307f1b9
:10f3f40008021946104644f057fd3a7a07f1100303
:10f404001146184637f079f9386907f108030133d2
:10f414000622194648f084fd7b6818880623009369
:10f4240000237a69082123f065fd0346002b04d0ec
:10f43400786923f054fd00e000bf1837bd4680bd55
:10f4440080b586b002af78603960112023f038fdb2
:10f45400f860fb68002b1ed0fb681033bb6007f11b
:10f4640008030a21184637f048f9bb6810223968a6
:10f47400184648f055fd7b6818880623009300233e
:10f48400fa68112123f036fd0346002b04d0f868f6
:10f4940023f025fd00e000bf1037bd4680bd80b5d8
:10f4a40086b002af78603960412023f009fdf8602e
:10f4b400fb68002b1ed0fb681033bb6007f1080308
:10f4c4000c21184637f019f9bb68402239681846f0
:10f4d40048f026fd7b681888062300930023fa6809
:10f4e400412123f007fd0346002b04d0f86823f0e4
:10f4f400f6fc00e000bf1037bd4680bd80b588b083
:10f5040002af78600b46fb70022023f0d9fc7861cf
:10f514007b69002b01d1022321e07b691033fb605e
:10f5240007f10c030e21184637f0e7f8fa7807f1d3
:10f534000c031146184637f0e0f87b681888062358
:10f54400009300237a69022123f0d4fc03467b82d2
:10f554007b8a002b02d0786923f0c1fc7b8a184691
:10f564001837bd4680bd80b485b000af034639600e
:10f57400fb713b6800221a700023fb7313e0fa79d5
:10f58400fb7b42fa03f303f00103002b08d03b6832
:10f594001a78fb7b0849cb5c1343dab23b681a70d8
:10f5a400fb7b0133fb73fb7b032be8d900bf1437d0
:10f5b400bd465df8047b70479415050180b584b0a1
:10f5c40000af78607b689b6d93f8e8207b689b6d47
:10f5d40093f82c301340fb737b689b6d93f8e92000
:10f5e4007b689b6d93f82d301340bb737b68db788d
:10f5f400002b12d17b689b6d03f1ea02bb7b1146a1
:10f604001846fff7b0ff7b689b6d03f12e02fb7b6e
:10f6140011461846fff7a7ff11e07b689b6d03f1c5
:10f624002e02bb7b11461846fff79dff7b689b6d3e
:10f6340003f1ea02fb7b11461846fff794ff7b684f
:10f6440093f85530002b15d07b689b6d93f8ea2016
:10f654007b689b6d22f00302d2b283f8ea207b68b8
:10f664009b6d93f82e207b689b6d22f00302d2b22f
:10f6740083f82e2000bf1037bd4680bd80b485b00e
:10f6840000af78600023fb737b6893f85530002b40
:10f694000ad0454b1b685b79002b18d17b689b6da6
:10f6a40093f8e530002b12d17b6893f8553083f042
:10f6b4000103dbb2002b0fd03b4b1b685b79002ba3
:10f6c4000ad07b689b6d93f8e530002b04d07b68ef
:10f6d4009b6d03225a7061e07b689b6d93f8e63062
:10f6e40003f00403002b0bd12f4b1b685b7803f052
:10f6f4000403002b04d17b689b6d01225a704de0fa
:10f704007b68db78002b11d17b689b6d93f8e43028
:10f714001946254b1b681b781846244a0b469b0048
:10f724000b44134403441b78fb7310e01e4b1b680b
:10f734001b7819467b689b6d93f8e43018461b4a86
:10f744000b469b000b44134403441b78fb737b68f8
:10f754009b6dfa7b5a707b6893f85530002b13d05d
:10f764007b689b6d5b78062b04d17b689b6d0422c0
:10f774005a7013e07b689b6d5b78052b0ed17b6818
:10f784009b6d04225a7009e07b689b6d5a787b68f4
:10f794009b6d22f00402d2b25a70ffe700bf143707
:10f7a400bd465df8047b7047c8b2002058150501ba
:10f7b40080b586b000aff8607b600b46fb721346e1
:10f7c400bb72a42048f0daf978617b69002b57d02a
:10f7d400fb6801229a70a4220021786948f0aefceb
:10f7e4007b6900221a70fb681a887b699a807b699e
:10f7f400fa7a9a717b69ba7ada71fb7a002b1fd193
:10f804007b69093310227968184648f089fbfb6844
:10f814009b6d002b2fd0fb689b6d5b7983f00103fc
:10f82400dbb2002b27d07b6901221a72fb6801220c
:10f8340083f85620fb681b88184625f09ff81ae0c9
:10f84400fb6893f85330022b15d100203af00afddf
:10f8540038613b69002b0ed03a691379012161f3b9
:10f86400020313713b6905225a713b690222da8053
:10f8740038693af013fe7969a420fef7b7fd00e079
:10f8840000bf1837bd4680bd80b59ab000af786020
:10f894007b68db78002b40f08b80012387f84c30a9
:10f8a400c04b1b681b7887f84d30be4b1b685b79d7
:10f8b40087f84e30bb4b1b685b7887f84f30b94be9
:10f8c4001b689b7887f850307b689b6d93f82c30cd
:10f8d40087f851307b689b6d93f82d3087f8523050
:10f8e400022387f844307b689b6d93f8e43087f8f3
:10f8f40045307b689b6d93f8e53087f846307b682c
:10f904009b6d93f8e63087f847307b689b6d93f8de
:10f91400e73087f848307b689b6d93f8e83087f8c8
:10f9240049307b689b6d93f8e93087f84a307b68ef
:10f934005b7c87f834307b689b7a87f8353007f135
:10f94400360307f14c021068186091889279998007
:10f954009a7107f13d0307f1440210681860918819
:10f96400927999809a71002387f867301be07b684d
:10f974009a6d97f86730134493f8801197f86730bd
:10f9840007f16802134413f8342c97f867304a409f
:10f99400d2b207f168010b4403f8142c97f86730ce
:10f9a400013387f8673097f867300f2bdfd98de084
:10f9b400022387f844307b4b1b681b7887f845305b
:10f9c400784b1b685b7987f84630764b1b685b780d
:10f9d40087f84730734b1b689b7887f848307b68ff
:10f9e4009b6d93f82c3087f849307b689b6d93f8b6
:10f9f4002d3087f84a30012387f84c307b689b6da3
:10fa040093f8e43087f84d307b689b6d93f8e530cc
:10fa140087f84e307b689b6d93f8e63087f84f305b
:10fa24007b689b6d93f8e73087f850307b689b6d5b
:10fa340093f8e83087f851307b689b6d93f8e93090
:10fa440087f852307b689b7a87f834307b685b7c1c
:10fa540087f8353007f1340302331a4607f14c03b3
:10fa64001868106099889b799180937107f1340329
:10fa740009331a4607f144031868106099889b7982
:10fa840091809371002387f867301be07b689a6d3f
:10fa940097f86730134493f8c01197f8673007f16b
:10faa4006802134413f8342c97f867304a40d2b2f2
:10fab40007f168010b4403f8142c97f867300133fd
:10fac40087f8673097f867300f2bdfd97b689b6d19
:10fad4006f3307f1240207f15401184644f048fc3f
:10fae4007b68db78002b40f0b0807b68191d07f140
:10faf40034030622184648f013fa07f13403063398
:10fb04007a6802f10b010622184648f009fa07f157
:10fb140034030c3304220021184648f00ffb002361
:10fb240087f867301be097f8673007f168021344e1
:10fb340013f8441c97f8673007f16802134413f86c
:10fb4400342c97f867304a40d2b207f168010b446d
:10fb540003f8442c97f86730013387f8673097f837
:10fb640067300f2bdfd97b689b6d6f3307f114026d
:10fb740007f12401184644f0fbfb7b689b6d03f5f9
:10fb8400b87107f114031022184648f0bbf9034674
:10fb9400002b09d00421786801f0acff0346a7f8d4
:10fba4006430eee0c8b2002007f110030222002105
:10fbb400184648f0c3fa07f1080308220021184642
:10fbc40048f0bcfa7b689b6d03f5e07107f15403c0
:10fbd4000822184648f0a4f907f1540308337a6858
:10fbe400926d02f5c0710822184648f099f97b68b5
:10fbf4009b6d03f16f007b689b6d03f17f0207f13e
:10fc04005403194644f0b4fb7b689b6d7f3319465b
:10fc14007868fef765fd7868fff780fa7b681888d6
:10fc24007b689b6d7f3307f1100207f1080113f025
:10fc340058fe0346a7f864307b689b6d7f3300222f
:10fc440000217868fff7b4fd9be07b6803f10b01aa
:10fc540007f134030622184648f062f907f1340329
:10fc640006337a68111d0622184648f059f907f13f
:10fc740034030c3304220021184648f05ffa0023b1
:10fc840087f867301be097f8673007f16802134480
:10fc940013f8441c97f8673007f16802134413f80b
:10fca400342c97f867304a40d2b207f168010b440c
:10fcb40003f8442c97f86730013387f8673097f8d6
:10fcc40067300f2bdfd97b689b6d6f3307f114020c
:10fcd40007f12401184644f04bfb7b689b6d03f548
:10fce400d87107f114031022184648f00bf90346a3
:10fcf400002b07d00421786801f0fcfe0346a7f826
:10fd040064303ee07b689b6d03f5e07107f15403ba
:10fd14000822184648f004f907f1540308337a68b6
:10fd2400926d02f5c0710822184648f0f9f87b6814
:10fd34009b6d03f16f007b689b6d03f17f0207f1fc
:10fd44005403194644f014fb7b689b6d7f331946ba
:10fd54007868fef7c5fc7b689b6d7f330022002129
:10fd64007868fff725fd7b689b6d03f5c073194622
:10fd74007868fff75bfa0346a7f864307868fff702
:10fd8400cdf96837bd4680bd80b584b000af7860da
:10fd9400082047f0f3fef860fb68002b11d0fb68e5
:10fda40006221a707b681a88fb689a807b689b6db0
:10fdb40093f8e620fb689a71f9680820fef716fbb1
:10fdc40000e000bf1037bd4680bd80b584b000aff1
:10fdd400786039607b68db78012b09d17b689b787c
:10fde400012b05d17868fef7e7fb0346002b06d00c
:10fdf4000821786801f07efe0346fb8134e13b680c
:10fe0400bb607b689b6de43307f10802114618461a
:10fe140036f08ffb7b689b6de53307f108021146d2
:10fe2400184636f086fb7b689b6de63307f10802c3
:10fe34001146184636f07dfb7b689b6de73307f16e
:10fe440008021146184636f074fb7b689b6de83354
:10fe540007f108021146184636f06bfb7b689b6d70
:10fe6400e93307f108021146184636f062fb7b6855
:10fe74009b6d93f8e7207b6883f852207b689b6d29
:10fe84007a68927a83f858217b689b6d03f2591043
:10fe94007b6804330622194648f042f87b689b6d60
:10fea40093f8e63003f00103002b06d0704b1b6877
:10feb4005b7803f00103002b03d17b689b6d012267
:10fec4005a717b689b6d93f8e730062b05d97b68e4
:10fed4009b6d93f8e730102b06d90621786801f062
:10fee40009fe0346fb81bfe07b689b6d93f8e63017
:10fef40003f00803002b0bd15d4b1b689b79002b8f
:10ff040006d00321786801f0f5fd0346fb81abe0e0
:10ff14007b689b6d93f8e63003f00803002b0bd04d
:10ff2400534b1b685b7803f00803002b04d07b68f9
:10ff3400012283f8552003e07b68002283f85520d2
:10ff44007868fff79bfb4a4b1b68db79002b12d0c8
:10ff5400474b1b685b7803f00403002b0bd07b68d2
:10ff64009b6d5b78012b06d10321786801f0c2fdfb
:10ff74000346fb8178e07868fef7f2fb7b689b6db3
:10ff84005b78012b04d07b68012283f8542003e0c2
:10ff94007b68002283f854207b6893f85530002b4b
:10ffa40028d07b6893f85430002b0cd07b689b6d71
:10ffb40093f8e7300f2b06d80621786801f09afdf4
:10ffc4000346fb8150e07b689b6d93f8e8207b68d7
:10ffd4009b6d22f00902d2b283f8e8207b689b6d06
:10ffe40093f8e9207b689b6d22f00902d2b283f872
:10fff400e9200be07b689b6d93f8e93003f0010383
:020000040101f8
:10000400002b03d17b689b6d01225a717b689b6d29
:1000140093f82c207b689b6d93f8e8301340dab298
:100024007b689b6d22f00402d2b283f82c207b689b
:100034009b6d93f82d207b689b6d93f8e9301340fa
:10004400dab27b689b6d22f00402d2b283f82d20d1
:100054007b6802229a707b685c330649184627f055
:100064003ffc7868fff790fe1037bd4680bd00bfa7
:10007400c8b20020a064d10180b582b000af78601e
:100084007868fff79bfa7b68123319467868fff7a4
:1000940006fa7b680b229a7000bf0837bd4680bd04
:1000a400f0b585b000af786039607b68db78002bf1
:1000b40003d17b689b78042b06d00821786801f073
:1000c40019fd0346bb81ade13b68bb607b689b6d5a
:1000d400e43307f108021146184636f02afa7b6821
:1000e4009b6de53307f108021146184636f021faf4
:1000f4007b689b6de63307f108021146184636f01b
:1001040018fa7b689b6de73307f10802114618461d
:1001140036f00ffa7b689b6de83307f1080211464d
:10012400184636f006fa7b689b6de93307f108023e
:100134001146184636f0fdf97b689b6d93f8e7206d
:100144007b6883f852207b689b6d93f8e63003f05c
:100154000103002b06d0ab4b1b685b7803f0010353
:10016400002b03d17b689b6d01225a717b689b6dc8
:1001740093f8e730062b05d97b689b6d93f8e7303d
:10018400102b06d90621786801f0b4fc0346bb8124
:1001940048e17b689b6d93f8e63003f00803002b7d
:1001a4000bd1984b1b689b79002b06d003217868f0
:1001b40001f0a0fc0346bb8134e17b689b6d93f89e
:1001c400e63003f00803002b0bd08e4b1b685b78e2
:1001d40003f00803002b04d07b68012283f8552028
:1001e40003e07b68002283f855207868fff746fa1d
:1001f4007868fef7b5fa7b685c338349184627f0c4
:100204006ffb7b689b6d5b78012b04d07b680122bc
:1002140083f8542003e07b68002283f854207b6831
:1002240093f85530002b00f09c800123fb737b680e
:1002340093f85430002b11d07b689b6d93f8e73012
:100244000f2b0bd87b685c33184627f007fc06217c
:10025400786801f04ffc0346bb81e3e07b6893f8c8
:100264005330002b72d1022002f05ef80346002bbb
:1002740066d1644b1b68db78002b17d07b68123384
:10028400624a14469c4604f1400e654626460fce4b
:1002940028606960aa60eb6010340cf1100c74459e
:1002a400f3d17b68022283f853204fe07b689b6d77
:1002b4005b78032b1ad1534b1b689b68002b15d01a
:1002c400504b1b689b6893f85030002b0ed07b6812
:1002d40003f112004b4b1b689b684022194647f000
:1002e4001ffe7b68022283f853202fe0484802f067
:1002f40009f80346002b1cd17b68022283f85320a3
:100304000023fb733f4b1b681033184627f0a6fbf2
:100314003c4b1b68002283f828203a4b1b689b68df
:10032400002b13d0374b1b689b68002283f85020a6
:100334000ce00821786801f0ddfb0346bb8171e025
:100344007b68012283f853200023fb73fb7b002b83
:1003540003d07868fff790fe64e07b680a229a7005
:1003640060e07868fff72af97b689b6d93f8e930c1
:1003740003f00103002b03d17b689b6d01225a71aa
:100384007b689b6d5b78012b11d17b689b6d6f3310
:100394001946786801f04cfd7b689b6d03f5d873b2
:1003a4001946786801f030fb0346bb813ae07b686c
:1003b4009b6d5b78022b2dd1124b1b681b78022b93
:1003c40003d17868fef722f82ce00e4b1b681b78eb
:1003d400042b13d17b689b6d93f8e430022b05d07a
:1003e4007b689b6d93f8e430042b03d17868fef7a7
:1003f40047f817e07868fef709f813e07868fef725
:100404003ff80fe0c8b20020a064d101181505011f
:100414006d1401017b689b6d5b78032b02d17868b6
:10042400fef769f81437bd46f0bd80b584b000af5f
:10043400786039607b689b78062b40f098807b68f5
:100444009b6d0122da707b68db78002b22d17b68fc
:1004540093f85530002b09d07b689b6d03f5f0733e
:1004640010223968184647f05bfd08e07b689b6df5
:1004740003f5b87310223968184647f051fd7b68bc
:100484009b6d03f5e07319467868fef7cffe0346cb
:10049400fb816de07b6893f85530002b30d07b688e
:1004a4009b6d03f5d07310223968184647f038fd68
:1004b4007b689b6d5b78022b5ad17b689b6d9b7824
:1004c400002b55d07b689b6d9b6a7a68926d92f87d
:1004d4002620d340dbb203f00103dbb263f07f03d9
:1004e400dbb21946786801f005fc7b689b6d03f567
:1004f400b8731946786801f087fa0346fb8137e040
:100504007b689b6d03f5d87310223968184647f051
:1005140007fd7b689b6d5b78012b0ed07b689b6d20
:100524005b78022b04d07b689b6d5b78032b1fd117
:100534007b689b6d9b78002b1ad07b689b6d6f3317
:100544001946786801f074fc7b689b6d03f5b873f9
:100554001946786801f058fa0346fb817b689b6d65
:1005640000229a707b689b6d0022da7000e000bf65
:100574001037bd4680bd80b582b000af78600c4bab
:100584001b681b79002b01d001230de07b689b6d58
:10059400eb3340220749184647f0b4fc0346002bce
:1005a40014bf01230023dbb218460837bd4680bdc3
:1005b400c8b200201815050180b584b000af78607a
:1005c4007b6893f8553083f00103dbb2002b12d122
:1005d4007868fff7d0ff0346002b0cd07b6803f14b
:1005e40012007b689b6deb332022194647f08afc8e
:1005f4000346002b06d10a21786801f07bfa0346f2
:10060400bb819fe07b689b6d03f1eb024f4b1b6842
:10061400db781946104617f00afe0346fb81fb8976
:10062400032b06d10a21786801f064fa0346bb81e2
:1006340088e0fb89002b06d00821786801f05afa7b
:100644000346bb817ee0414b1b68002283f82820cf
:100654007b68db78002b41d17b689b6d5b78022b38
:100664001fd13a4b1b681b78022b03d17868fdf726
:10067400cdfe67e0354b1b681b78042b0dd17b68de
:100684009b6d93f8e430022b03d17868fdf7f8fef4
:1006940058e07868fdf7bafe54e07868fdf7f0fe9c
:1006a40050e07b689b6d5b78032b13d1274b1b6851
:1006b4005b79002b03d07868fdf738ff42e07b6854
:1006c4009b6d03f5e07319467868fef7affd0346aa
:1006d400bb8137e07b6806229a7033e07b68123373
:1006e40019467868fef7dbfe7b689b6d5b78012b0f
:1006f40004d07b689b6d5b78042b0ed10021786855
:1007040001f0f8fa7b689b6d03f5b87319467868b5
:1007140001f07af90346bb8114e07b689b6d5b783a
:10072400032b0cd1094b1b685b79002b03d0786831
:10073400fdf7fcfe06e07b6807229a7002e07b6806
:1007440006229a701037bd4680bd00bfc8b2002093
:10075400f0b585b000af786039600123fb737b6826
:100764009b780b2b40f08f807b689b6deb33402292
:100774003968184647f0d4fb7b6893f85330002b54
:1007840076d1022001f0d0fd0346002b6ad1404b04
:100794001b68db78002b17d07b6812333d4a144664
:1007a4009c4604f1400e654626460fce28606960db
:1007b400aa60eb6010340cf1100c7445f3d17b6823
:1007c400022283f8532053e07b68db78012b1fd18e
:1007d4007b689b6d5b78032b1ad12d4b1b689b6840
:1007e400002b15d02a4b1b689b6893f85030002bc4
:1007f4000ed07b6803f11200254b1b689b684022d6
:10080400194647f08dfb7b68022283f853202fe0c2
:10081400214801f077fd0346002b1cd17b6802229e
:1008240083f853200023fb73194b1b6810331846bd
:1008340027f014f9164b1b68002283f82820144b68
:100844001b689b68002b13d0114b1b689b6800220c
:1008540083f850200ce00821786801f04bf9034636
:10086400bb8111e07b68012283f853200023fb73d2
:10087400fb7b002b03d07868fff79efe04e07b68c7
:100884000c229a7000e000bf1437bd46f0bd00bfd3
:10089400c8b20020181505016d14010180b586b099
:1008a40000af786039607b68db78002b3fd17b68d0
:1008b4009b780d2b40f0bb807b689b6d03f5c87360
:1008c40010223968184647f01dfb0346002b07d059
:1008d4000b21786801f00ef90346bb8200bfa9e042
:1008e40007f1100302220021184647f027fc07f104
:1008f400080308220021184647f020fc7868fef718
:10090400e0fb7b6818887b689b6da03307f11002bd
:1009140007f1080112f0e5ff0346bb827b689b6d7b
:10092400a033002200217868fef742ff82e0002312
:10093400fb757b689b78092b7bd17b689b6d03f5ea
:10094400e87310223968184647f0dcfa0346002b96
:1009540006d00b21786801f0cdf80346bb8269e02c
:100964007b689b6d5b78042b1dd17b689b6d01229a
:100974001a717b689b6d9b78002b49d07b689b6dbb
:1009840000221a717b689b6d00229a707b689b6db4
:1009940003f5c8731946786801f075f80346bb82fd
:1009a4000123fb7534e07b689b6d5b78012b0cd1d4
:1009b4007b689b6d03f5c8731946786801f063f88a
:1009c4000346bb820123fb7522e07b689b6d5b7849
:1009d400022b0cd17b689b6d03f5c87319467868ac
:1009e40001f051f80346bb820123fb7510e07b68dc
:1009f4009b6d5b78032b0bd17b689b6d03f5c873f0
:100a04001946786801f03ff80346bb820123fb7561
:100a1400fb7d002b0ed07868fef753fb7b689b6d43
:100a2400a033002200217868fef7c2fe02e000bf76
:100a340000e000bf1837bd4680bd80b58cb000af64
:100a44007860002387f82f307b689b6d5b78012bdf
:100a540004d07b689b6d5b78042b07d100217868f8
:100a640001f048f9012387f82f301ae07b689b6d69
:100a74005b78022b15d17b689b6d9b6a7a68926dbb
:100a840092f82620d340dbb203f00103dbb263f01b
:100a94007f03dbb21946786801f02cf9012387f84b
:100aa4002f3097f82f30002b15d07b689b6d03f502
:100ab400f0707b689b6d03f5b8731022194647f0fc
:100ac40021fa0346002b06d00421786801f012f8bd
:100ad4000346bb85afe07b689b6d5b78042b0bd131
:100ae4007868fdf703ff7868fef704f90022002117
:100af4007868fdf783ff9ee07b689b6d5b78012b34
:100b040012d17868fef7f6f8002200217868fdf724
:100b140075ff7b689b6d03f5e8731946786800f0f0
:100b2400b2ff0346bb8586e07b689b6d5b78022b36
:100b340054d17b689b6d93f82630122b35d807f17e
:100b44000c03202118463ef03dfd7b689b6d03f5a8
:100b5400e07307f10c011022184647f0e1f97b68b5
:100b64009b6d93f826200132d2b283f826207b684d
:100b74009b6d9b6a7a68926d92f82620d340dbb213
:100b840003f00103dbb263f07f03dbb2194678683c
:100b940001f0b0f87b689b6d03f5d873194678684b
:100ba40000f032ff0346bb8545e07868fef7a2f803
:100bb4007b689b6d03f16f017b689b6d6f331a46f5
:100bc4007868fdf71bff7b689b6d03f5e873194696
:100bd400786800f058ff0346bb852ce07b689b6d6a
:100be4005b78032b27d17868fef784f87b689b6dcc
:100bf4009b78002b04d07b689b6d03f16f0100e0b0
:100c040000217b689b6d93f8e530002b04d00b4bdf
:100c14001b689b68403300e000231a467868fdf7a0
:100c2400edfe7b689b6d03f5e8731946786800f068
:100c34002aff0346bb853037bd4680bdc8b20020bd
:100c440080b58cb000af78607b689b6d5b78042bbb
:100c540015d17b689b6d03f5c07319467868fef760
:100c6400e5fa0346fb857868fdf740fe7868fef7f1
:100c740041f8002200217868fdf7c0febee07b68e1
:100c84009b6d5b78012b12d17b689b6d03f5c07360
:100c940019467868fef7cafa0346fb857868fef7ba
:100ca40029f8002200217868fdf7a8fea6e07b68f9
:100cb4009b6d5b78022b74d17b689b6d93f8263017
:100cc400132b67d87b689b6d9b6a7a68926d92f848
:100cd4002620d340dbb203f00103dbb263f07f03d1
:100ce400dbb21946786801f005f87b689b6d03f563
:100cf400d0707b689b6d03f5d8731022194647f0ba
:100d040001f90346002b3ed17b689b6d03f5c0734c
:100d140019467868fef78afa0346fb857b689b6d63
:100d240093f82630122b1fd807f10c032021184604
:100d34003ef048fc7b689b6d03f5c07307f10c0122
:100d44001022184647f0ecf87b689b6d93f8262038
:100d54000132d2b283f826207b689b6d01229a70ff
:100d64007b6806229a7049e07868fdf7c3ff7b68c8
:100d74009b6d03f16f017b689b6d6f331a46786836
:100d8400fdf73cfe3ae00421786800f0b3fe034628
:100d9400fb8533e00121786800f0acfe0346fb8557
:100da4002ce07b689b6d5b78032b27d17b689b6d64
:100db40003f5c07319467868fef738fa0346fb85d5
:100dc4007868fdf797ff7b689b6d93f8e530002bff
:100dd40005d00c4b1b689b6803f1400100e0002127
:100de4007b689b6d9b78002b03d07b689b6d6f3376
:100df40000e000231a467868fdf700fe00bf303794
:100e0400bd4680bdc8b2002080b582b000af786016
:100e140039607b68db78002b22d17b689b78092bb7
:100e240041d17b689b6d03f5c07310223968184665
:100e340047f076f87b6893f85530002b0cd07b682c
:100e440093f85330022b03d17b6808229a702de06b
:100e54007868fff7f2fd29e07868fef715fd25e0d4
:100e64007b689b78072b20d17b689b6d03f5e0732f
:100e740010223968184647f053f87b6893f85530c8
:100e8400002b0cd07b6893f85330022b03d17b6882
:100e940008229a700ae07868fff7d2fe06e07868c4
:100ea400fef7f2fc02e000bf00e000bf0837bd46d9
:100eb40080bd80b582b000af786039607b6893f8fc
:100ec400573083f00103dbb2002b12d17b689b6d9a
:100ed4001a787b689b6d42f00102d2b21a707b686b
:100ee4009b6d03f5967310223968184647f018f87d
:100ef40000e000bf0837bd4680bd80b584b000afb8
:100f0400786039607b6893f8573083f00103dbb273
:100f1400002b1fd13b68fb607b689b6d1a787b6854
:100f24009b6d42f00202d2b21a707b689b6d03f58e
:100f34009e7307f10c010222184635f0c6fb7b684c
:100f44009b6d03f59f7307f10c010822184635f0d9
:100f5400bcfb00e000bf1037bd4680bd80b582b049
:100f640000af786039607b6893f8573083f00103f1
:100f7400dbb2002b12d17b689b6d1a787b689b6d6a
:100f840042f00402d2b21a707b689b6d03f5a4731d
:100f940010223968184646f0c3ff00e000bf083746
:100fa400bd4680bd80b584b000af786039607b6891
:100fb40093f8573083f00103dbb2002b1fd13b6859
:100fc400fb607b689b6d1a787b689b6d42f008021e
:100fd400d2b21a707b689b6d03f5ac7307f10c02f7
:100fe4001146184635f0a5fa7b689b6d03f2591338
:100ff40007f10c010622184635f067fb00e000bf3c
:101004001037bd4680bd80b582b000af78603960ce
:101014007b6893f8573083f00103dbb2002b12d1c5
:101024007b689b6d1a787b689b6d42f01002d2b28c
:101034001a707b689b6d03f25f131022396818469f
:1010440046f06eff00e000bf0837bd4680bd80b5a6
:1010540084b000af786039607b68002b15d03b68a2
:10106400fb6007f10c0207f10b031146184635f03b
:1010740060fa7b685c33184626f0f0fcfa7a0023a9
:1010840001217868fef794fb00e000bf1037bd46ed
:1010940080bd80b582b000af786039607b689b6d9d
:1010a4005b78022b10d17b689b6d93f8e430022ba4
:1010b4000ad1074b1b681b78022b05d03b681b78b1
:1010c40019467868fdf7f7f900bf0837bd4680bdbb
:1010d400c8b2002080b584b000af78600b46fb70c6
:1010e400082046f04bfdf860fb68002b0ed0fb682f
:1010f40001221a707b681a88fb689a80fb68fa7868
:101104009a71f9680820fdf771f900e000bf103703
:10111400bd4680bd80b586b000af786039607b681d
:101124009b6d002b28d17b68db78002b26d17b6854
:101134009b78012b22d13b683b6107f1100207f138
:101144000f031146184635f0f4f90e4b1b689b79d2
:10115400002b0bd0fb7b03f00803002b06d10321eb
:10116400786800f0c7fc0346fb8208e0fb7b194665
:101174007868fff7afff02e000bf00e000bf183758
:10118400bd4680bdc8b2002080b584b000af786091
:101194007b68db88012b14d0022b42d0002b43d177
:1011a4007b6808331b88184600f0f0fbf860fb6886
:1011b400002b3bd0002300220221f868fef7f8fa46
:1011c40037e0022001f0b0f8f8601b4b1b68db68c5
:1011d400002b0ed017f024f80346002b28d0fb6810
:1011e400002b25d00821f86800f084fc03467b819d
:1011f4001fe0fb68002b1bd0fb689b6d03f1eb0227
:101204000d4b1b68db781946104617f010f803469f
:10121400002b0dd00821f86800f06cfc03467b819c
:1012240007e000f046f904e000bf02e000bf00e080
:1012340000bf1037bd4680bdc8b2002080b584b061
:1012440000af78607b689b6d002b07d07b689b6d3b
:10125400184646f09ffc7b6800229a650023fb73c6
:1012640018e0104b1a68fb7b0a339b0013445b683d
:101274007a689a420bd1786846f08cfc094b1a685c
:10128400fb7b0a339b00134400225a6005e0fb7b7e
:101294000133fb73fb7b072be3d900bf1037bd463b
:1012a40080bd00bfc8b2002080b586b000af7860b2
:1012b40007f108035a1c07f108031146184642f0c7
:1012c400f3fd902046f05afc78617b69002b5bd0db
:1012d4007b6908333b613b6903f144007b689b6d88
:1012e40003f596734422194646f01afe38697b6862
:1012f4009b6da0334422194646f012fe7b6893f896
:101304005530002b0bd03a6992f85e3043f001035c
:1013140082f85e303a69937e43f0010393767b68ea
:1013240093f85430002b0bd03a6992f85e3043f0b6
:10133400020382f85e303a69937e43f002039376a7
:101344007b6893f8523003f03f03d9b23a6992f8bc
:101354005e3061f3870382f85e307b6893f8523025
:1013640003f03f03d9b23a69937e61f3870393761e
:101374007b6905221a707b681a887b699a8079696f
:101384009020fdf733f800e000bf1837bd4680bd5c
:1013940080b582b000af78607b689b6d002b5fd016
:1013a4007b689b6d93f82e3003f00103002b06d06d
:1013b4007b689b6da03319467868fdf76eff7b68e8
:1013c4009b6d93f82e3003f00203002b0ad07b6848
:1013d4009b6d03f1b0017b689b6db2331a4678684c
:1013e400fdf78aff7b689b6d93f82e3003f00403ae
:1013f400002b06d07b689b6dbc3319467868fdf7db
:10140400b0ff7b689b6d93f82e3003f00803002b2c
:1014140002d07868fdf7d4ff7b689b6d93f82e307b
:1014240003f01003002b06d07b689b6dd333194661
:101434007868fef705f87b689b6d93f8ea30002b1b
:101444000fd17b689b6d5b7983f00103dbb2002bca
:1014540002d07868fff728ff7868fdf72df900e0df
:1014640000bf0837bd4680bd80b584b000af78604a
:10147400022000f059fff860fb68002b15d0fb68d0
:10148400123340227968184646f04afdfb689b787f
:101494000a2b03d1f868fef7effd06e0fb689b78a2
:1014a4000c2b02d1f868fff787f800bf1037bd4650
:1014b40080bd80b582b000af012000f035ff7860b8
:1014c4007b68002b1bd0104800f01cff0346002b48
:1014d4000fd17b68022283f853200c4b1b68103316
:1014e400184626f0bbfa094b1b68002283f8282013
:1014f40005e00821786800f0fdfa03467b8000bf10
:101504000837bd4680bd00bf6d140101c8b200207c
:1015140080b584b000af0346fb71fb793a2b16d13a
:10152400134b1b6893f82830042b10d8104b1b68fe
:1015340093f828200132d2b283f828200c4b1b6880
:10154400103341f28831184626f0caf90ce0022023
:1015540000f0eafef860fb68002b05d00821f8686b
:1015640000f0c8fa03467b8100bf1037bd4680bd3a
:10157400c8b2002080b58ab004af78607b681b785d
:10158400012b7cd0032b00f09c80002b40f0f280d8
:101594007b689b78002b40f0ef80fcf7e1fe7861dc
:1015a4007b69002b0fd17b689b881a467b681b786c
:1015b40002930192734b009304230022c921ee206d
:1015c4002bf014f8dbe07b6901229a707b689a881f
:1015d4007b691a807b689a797b69da707b69181d4c
:1015e4007b6808330622194646f09afc7b68db794f
:1015f400002b03d17b6900229a7202e07b690122ed
:101604009a727b68db79002b03d07b68db79012b32
:101614001bd107f10c0300221a609a807b6803f146
:10162400140107f10c030622184646f06bfc03462e
:10163400002b0ad07b69181d7b68143306221946d7
:1016440046f06efc7b6901229a727b69102283f852
:1016540052207a6992f86430012161f3020382f81e
:1016640064307b69052283f865207b690022a3f836
:1016740066207b691b881a467b699a667ce07b68d6
:101684005b88184600f082f978617b69002b0fd1e2
:101694007b685b881a467b681b78029301923a4bfd
:1016a400009304230022ca21ee202af09fff66e063
:1016b4007b695c33184626f0d1f97869fff7befde3
:1016c4005de07b685b88184600f060f978617b69af
:1016d400002b0fd17b685b881a467b681b780293ca
:1016e4000192294b009304230022ca21ee202af000
:1016f4007dff44e07b681b79002b3fd17b695c3321
:10170400184626f0abf97b699b6d002b2dd07b69c5
:10171400db78012b20d17b6993f8553083f00103ea
:10172400dbb2002b14d07b699b6d5b79002b0fd04f
:101734007b699b6d93f82e3003f00103002b07d0d7
:101744007b699b6da033002200217869fef730f895
:101754007869fff71dfe08e07b699b6d93f8ea301a
:10176400002b02d17869fff713fe7b69012283f80d
:10177400572003e000bf02e000bf00e000bf1837bd
:10178400bd4680bd3c1605017016050180b584b0c8
:1017940000af78607b681b78002b02d0012b1bd034
:1017a4004ce0284b1b68db68002b46d07b685b78d9
:1017b400002b0bd1234b1b68db687a68023210467e
:1017c4009847204b1b680022da6036e07b685b7820
:1017d4001846fff79dfe30e0022000f0a5fdf860fa
:1017e400fb68002b26d07b685b78002b1dd1fb683f
:1017f4009b6d03f12f007b6802332022194646f0cb
:101804008ffbfb68002283f85320fb689b78082b2e
:1018140010d1fb68db78002b03d1f868fff70df9d2
:1018240008e0f868fff70cfa04e07b685b78184678
:10183400fff76efefff73dfe00e000bf00bf10376c
:10184400bd4680bdc8b2002080b588b002af034653
:101854003a60fb800b46bb803b681b780193474b87
:10186400009304230222c021ee202af0bffefb884d
:10187400184600f08bf878617b69002b0bd1fb884c
:1018840001933f4b009304230022c621ee202af04b
:10189400adfe01236de03b68fb6007f10c0207f12c
:1018a4000b031146184634f044fefb7a002b02d099
:1018b400fb7a0e2b07d90821786900f01bf903463f
:1018c4007b82012355e0fb7a013b2e4ad35c9bb219
:1018d400ba889a4207d00a21786900f00bf90346c6
:1018e4007b82012345e0fb7a013b274a52f82330ef
:1018f400002b08d0fb7a013b234a52f82330fa68c4
:101904001146786998477b6993f85730002b2fd09c
:101914007b699b6d002b2bd07b699b6d93f8ea3020
:10192400002b25d07b699b6d93f8ea207b699b6d26
:101934001b789a421cd17b69db78002b02d1786931
:10194400fff726fd7b699b6d5b7983f00103dbb2b6
:10195400002b02d07869fff7a7fc7b699b6d0022fe
:1019640083f8ea207869fcf7a7fe7b6901229a7064
:10197400012318461837bd4680bd00bfa4160501d3
:10198400bc160501841505019815050180b485b0c0
:1019940000af0346fb800023fb7328e0194b1a6851
:1019a400fb7b0a339b0013445b68002b1cd0154b54
:1019b4001a68fb7b0a339b0013445b681b88fa8814
:1019c4009a4211d10f4b1a68fb7b0a339b001344d4
:1019d4005b689b78002b07d00a4b1a68fb7b0a33a1
:1019e4009b0013445b6806e0fb7b0133fb73fb7bca
:1019f400072bd3d9002318461437bd465df8047b62
:101a0400704700bfc8b2002080b588b002af7860cc
:101a14003960112021f054fa78617b69002b01d1df
:101a240002232ce07b691033fb6007f10c030321d4
:101a3400184634f062fefb6810223968184646f0f6
:101a44006ffa7b6818880623009300237a691121b2
:101a540021f050fa03467b827b8a002b0bd17b68f2
:101a6400db78002b03d17b6806229a7006e07b6842
:101a740007229a7002e0786921f031fa7b8a1846cd
:101a84001837bd4680bd80b588b002af7860396034
:101a9400112021f015fa78617b69002b01d1022312
:101aa40024e07b691033fb6007f10c030d21184619
:101ab40034f023fefb6810223968184646f030fae9
:101ac4007b6818880623009300237a69112121f08a
:101ad40011fa03467b827b8a002b03d17b680d229b
:101ae4009a7002e0786921f0faf97b8a184618376f
:101af400bd4680bd80b588b002af78600b46fb70f0
:101b0400022021f0ddf938613b69002b0cd102235e
:101b1400fb82fb8a0193244b009304230022c721f8
:101b2400ee202af063fd2ae03b691033fb6007f1e5
:101b34000c030521184634f0e0fdfa7807f10c0394
:101b44001146184634f0d9fd7b68188806230093a3
:101b540000233a69022121f0cdf90346fb82fb8a76
:101b6400002b0cd0fb8a01930f4b0093042300221b
:101b7400c721ee202af03afd386921f0b0f97b68dc
:101b84005c33184625f06afffa780023012178684f
:101b9400fdf70efe7b68002283f85320fb8a18466b
:101ba4001837bd4680bd00bfe416050180b588b076
:101bb40002af7860022021f083f978617b69002b01
:101bc40001d1022323e07b691033fb6007f10c038e
:101bd4000b21184634f091fd0f4b1b685a7807f11e
:101be4000c031146184634f088fd7b6818880623d8
:101bf400009300237a69022121f07cf903467b8259
:101c04007b8a002b02d0786921f069f97b8a184617
:101c14001837bd4680bd00bfc8b2002080b588b06b
:101c240002af7860072021f04bf978617b69002bc3
:101c340001d1022357e07b691033fb6007f10c03e9
:101c44000121184634f059fd294b1b681a7807f115
:101c54000c031146184634f050fd254b1b685b7984
:101c64001a4607f10c031146184634f046fd204b82
:101c74001b685a7807f10c031146184634f03dfdf1
:101c84001b4b1b689a7807f10c031146184634f075
:101c940034fd7b689b6d93f82c2007f10c031146ef
:101ca400184634f02afd7b689b6d93f82d2007f1cc
:101cb4000c031146184634f020fd7b68188806236f
:101cc400009300237a69072121f014f903467b82eb
:101cd4007b8a002b03d17b6804229a7002e0786926
:101ce40021f0fdf87b8a18461837bd4680bd00bf39
:101cf400c8b2002080b586b002af78600b46fb7096
:101d0400412045f03bfff860fb68002b08d1474bae
:101d1400009304230022c821ee202af067fc82e00d
:101d2400fb68fa781a707b68db78002b3cd1fb687f
:101d3400581c7b6812332022194646f0f1f8fb68e0
:101d440003f121007b689b6deb332022194646f09a
:101d5400e7f87b689b6d03f5c0707b689b6d03f5aa
:101d6400b8734122f96834f099fefb68581c7b680b
:101d74009b6deb332022194646f0d2f8fb6803f141
:101d840021007b6812332022194646f0c9f87b688b
:101d94009b6d03f5e0707b689b6d03f5d87341225e
:101da400f96834f07bfe3be0fb68581c7b689b6d54
:101db400eb332022194646f0b3f8fb6803f1210007
:101dc4007b6812332022194646f0aaf87b689b6d83
:101dd40003f5c0707b689b6d03f5b8734122f96805
:101de40034f05cfefb68581c7b68123320221946d1
:101df40046f096f8fb6803f121007b689b6deb339a
:101e04002022194646f08cf87b689b6d03f5e07040
:101e14007b689b6d03f5d8734122f96834f03efe6c
:101e2400f86845f0b7fe1037bd4680bd08170501b8
:101e340080b592b000af786039607b68db78002ba6
:101e440040f08f80012387f84030c64b1b681b7815
:101e540087f84130c34b1b685b7987f84230c14b2c
:101e64001b685b7887f84330be4b1b689b7887f808
:101e740044307b689b6d93f82c3087f845307b6841
:101e84009b6d93f82d3087f84630022387f838305d
:101e94007b689b6d93f8e43087f839307b689b6de1
:101ea40093f8e53087f83a307b689b6d93f8e63019
:101eb40087f83b307b689b6d93f8e73087f83c30bc
:101ec4007b689b6d93f8e83087f83d307b689b6da9
:101ed40093f8e93087f83e307b685b7c87f82830dc
:101ee4007b689b7a87f8293007f1280302331a4666
:101ef40007f140031868106099889b799180937169
:101f040007f1280309331a4607f1380318681060eb
:101f140099889b7991809371002387f847301be05f
:101f24007b689a6d97f84730134493f8c01197f87b
:101f3400473007f14802134413f8202c97f8473030
:101f44004a40d2b207f148010b4403f8402c97f8f9
:101f54004730013387f8473097f847300f2bdfd9e4
:101f64008de0022387f838307e4b1b681b7887f896
:101f740039307c4b1b685b7987f83a30794b1b68a6
:101f84005b7887f83b30774b1b689b7887f83c304d
:101f94007b689b6d93f82c3087f83d307b689b6d94
:101fa40093f82d3087f83e30012387f840307b6862
:101fb4009b6d93f8e43087f841307b689b6d93f810
:101fc400e53087f842307b689b6d93f8e63087f8fc
:101fd40043307b689b6d93f8e73087f844307b6827
:101fe4009b6d93f8e83087f845307b689b6d93f8d8
:101ff400e93087f846307b689b7a87f828307b681d
:102004005b7c87f8293007f1280302331a4607f16d
:1020140040031868106099889b799180937107f147
:10202400280309331a4607f13803186810609988a1
:102034009b7991809371002387f847301be07b687c
:102044009a6d97f84730134493f8801197f8473006
:1020540007f14802134413f8202c97f847304a40fc
:10206400d2b207f148010b4403f8402c97f84730eb
:10207400013387f8473097f847300f2bdfd907f142
:10208400180207f108031946386842f071f97b68b1
:10209400db78002b48d17b68191d07f12803062241
:1020a400184645f03dff07f1280306337a6802f12c
:1020b4000b010622184645f033ff07f128030c33c1
:1020c40004220021184646f039f8002387f84730e7
:1020d4001be097f8473007f14802134413f8301c0b
:1020e40097f8473007f14802134413f8202c97f867
:1020f40047304a40d2b207f148010b4403f8302c70
:1021040097f84730013387f8473097f847300f2b5b
:10211400dfd97b689b6d03f5d87207f11803194664
:10212400386842f025f949e07b6803f10b0107f1b7
:1021340028030622184645f0f3fe07f12803063368
:102144007a68111d0622184645f0eafe07f12803b5
:102154000c3304220021184645f0f0ff002387f8d1
:1021640047301de0c8b2002097f8473007f1480215
:10217400134413f8301c97f8473007f1480213440e
:1021840013f8202c97f847304a40d2b207f148019f
:102194000b4403f8302c97f84730013387f8473065
:1021a40097f847300f2bdfd97b689b6d03f5b87226
:1021b40007f118031946386842f0daf800bf4837c7
:1021c400bd4680bd80b586b000afba607b60034673
:1021d400fb810b467b73fb891846fff7d7fb7861bd
:1021e4007b69002b01d1032372e07b6993f85220b1
:1021f400bb681a707b6800221a707b7b012b17d195
:102204007b6993f8573083f00103dbb2002b5ed077
:102214007b6993f8563083f00103dbb2002b03d0c3
:102224007b6802221a7052e07b6801221a704ee029
:102234007b7b022b20d17b6993f85730002b0bd08a
:102244007b6993f8543083f00103dbb2002b3ed05a
:102254007b6802221a703ae07b6993f8563083f067
:102264000103dbb2002b03d07b6802221a702ee03c
:102274007b6801221a702ae07b7b032b27d17b69c0
:1022840093f85730002b13d07b6993f8553083f0c3
:102294000103dbb2002b07d17b6993f8543083f040
:1022a4000103dbb2002b12d07b6802221a700ee00d
:1022b4007b6993f8563083f00103dbb2002b03d023
:1022c4007b6802221a7002e07b6801221a700023e4
:1022d40018461837bd4680bd80b584b000af0346ac
:1022e400fb80fb881846fff751fbf860fb68002b66
:1022f40001d1002302e0fb6893f8563018461037ea
:10230400bd4680bd80b582b000af7860054b1b68c8
:102314007a68da6015f084ff034618460837bd462c
:1023240080bd00bfc8b2002080b485b000af0346b2
:10233400fb710023fb7329e0194b1a68fb7b0a33fa
:102344009b0013445b68002b1dd0154b1a68fb7b64
:102354000a339b0013445b689b78002b13d0104b0b
:102364001a68fb7b0a339b0013445b6893f8533071
:10237400fa799a4207d10a4b1a68fb7b0a339b000d
:1023840013445b6806e0fb7b0133fb73fb7b072b89
:10239400d2d9002318461437bd465df8047b704734
:0423a400c8b200209b
:020000040000fa
:020000040101f8
:1023a80080b483b000af78607b6893f86830002b06
:1023b80008d17b6893f86730222b03d17b682322ee
:1023c80083f867207b6893f86830012b08d17b6815
:1023d80093f86730232b03d17b68222283f8672088
:1023e8007b6893f86730113b122b59d801a252f839
:1023f80023f000bf492401015b240101a924010144
:10240800a9240101a9240101a9240101a924010188
:10241800a9240101a9240101a9240101a924010178
:10242800a9240101a9240101a9240101a924010168
:10243800a9240101a92401018b2401016d240101b2
:102448001c4b03f586521388012161f301031380a5
:1024580028e0184b03f586521388022161f3010323
:1024680013801fe0134b03f58652138843f00303d0
:102478001380104b03f5865213886ff304131380ef
:1024880010e00c4b03f58652138843f003031380c6
:10249800084b03f58652138843f01003138001e0bc
:1024a800012300e0002318460c37bd465df8047b85
:1024b800704700bf0024014180b483b000af0346d9
:1024c800fb71fb79113b122b42d801a252f823f081
:1024d800252501013725010159250101592501014a
:1024e80059250101592501015925010159250101e4
:1024f80059250101592501015925010159250101d4
:1025080059250101592501015925010159250101c3
:10251800492501014925010149250101114b03f50f
:1025280086521388012161f38303138012e00d4b57
:1025380003f586521388022161f38303138009e0af
:10254800084b03f58652138843f00c03138001e00f
:10255800012300e0002318460c37bd465df8047bd4
:10256800704700bf0024014180b582b000af034628
:102578000a46fb711346bb71bb79113b122b3bd842
:1025880001a252f823f000bfdd250101e925010170
:10259800012601010126010101260101012601018f
:1025a800012601010126010101260101012601017f
:1025b800012601010126010101260101012601016f
:1025c8000126010101260101f5250101f525010179
:1025d800f5250101fb790121184642f0d7f90ce0f5
:1025e800fb790221184642f0d1f906e0fb79032174
:1025f800184642f0cbf900e000bf00bf0837bd46df
:1026080080bd80b483b000af03460a46fb71134611
:10261800bb80fb79113b122b56d801a252f823f04c
:102628007526010193260101d1260101d126010158
:10263800d1260101d1260101d1260101d1260101ae
:10264800d1260101d1260101d1260101d12601019e
:10265800d1260101d1260101d1260101d12601018e
:10266800b1260101b1260101b1260101bb884c3315
:102678009bb2c3f30e0399b21e4b03f5a3530c335d
:102688001a8861f30e021a802de0bb8837339bb29b
:10269800c3f30e0399b2174b03f5a3530c331a88ef
:1026a80061f30e021a801ee0bb8803f5d3739bb258
:1026b800c3f30e0399b20f4b03f5a3530c331a88d7
:1026c80061f30e021a800ee0bb880a339bb2c3f393
:1026d8000e0399b2074b03f5a3530c331a8861f321
:1026e8000e021a8000bf002318460c37bd465df85d
:1026f800047b70470024014180b487b000af786044
:102708004c4b1b681b891a464a4b1b685b89134450
:102718007b6100233b617b68b3f84a301a4640f27c
:10272800e24303fb02f3fb607b6893f86730122bec
:102738000dd0222b15d0112b1ed17b68b3f89e31fa
:10274800db001a467b691344e6337b611fe07b6834
:10275800b3f89e319b001a467b691344c2337b61f0
:1027680015e07b68b3f89e311b011a467b69134458
:1027780003f519737b610ae07b68b3f89e319b010e
:102788001a467b69134403f266337b6100bf7b689a
:1027980093f86630122b08d0222b0bd0112b0ed1b8
:1027a8007b6903f5e6737b610ee07b6903f5c27311
:1027b8007b6109e07b6903f599637b6104e07b69d0
:1027c80003f2cc637b6100bf1a4b1b681b891a4656
:1027d800184b1b685b8913441a467b699a1a7b68f5
:1027e800c3f894207b695b005b083b61fa687b69ee
:1027f8009a4204d27b680022c3f88c2005e0fa686c
:102808007b69d21a7b68c3f88c20fa683b699a42c4
:1028180004d27b680022c3f88c2005e0fa683b6983
:10282800d21a7b68c3f8902000bf1c37bd465df8fc
:10283800047b704784b2002080b483b000af786016
:102848000b46fb7000bf0c37bd465df8047b704734
:1028580080b582b000af0023fb712e4b1b7803f0cc
:102868000103002b51d12b4b1b7843f00103dab243
:10287800284b1a70042039f0d3fd0246254bda6044
:10288800244bdb68002b01d107233fe0042039f0fb
:10289800c7fd02461f4b1a611e4b1b69002b01d155
:1028a800072333e00a2039f0bbfd0246194b5a6171
:1028b800184b5b69002b01d1072327e0154bdb6818
:1028c80000221a70134bdb68013300221a70114b77
:1028d800db68023300221a700e4bdb6803330022d8
:1028e8001a700c4bdb6899b20b4b03f584521368d2
:1028f80061f30f0313600949062042f07dfa084b83
:10290800084a1a60084b074a1a60fb7918460837c4
:10291800bd4680bd48b10020002401419950010105
:1029280088b60020412801018cb6002080b483b00d
:1029380000af7860044a7b68136000bf0c37bd465f
:102948005df8047b704700bf88b6002080b483b070
:1029580000af7860044a7b68136000bf0c37bd463f
:102968005df8047b704700bf8cb6002080b584b04a
:1029780000af78600b46fb7007f10c037a681a60a9
:10298800fb7843f48333194607f10c030422002033
:1029980032f01dff00bf1037bd4680bd80b584b042
:1029a80000af1f4b1b68bb60bb681b687b600023c4
:1029b800fb737b6893f86430012b1bd17b681b6e1b
:1029c80003f08003002b0cd07b68d3f8883143f0e8
:1029d80080727b68c3f888212ff0d3fd02467b689c
:1029e8009a677b681b7d03f00103002b0ad1012342
:1029f800fb7307e07b681b7d03f04003002b01d1cc
:102a08000123fb73fb7b002b06d17b6802221a751e
:102a18002021b868fff7aaff00bf1037bd4680bd68
:102a28000cb2002080b584b000af1e4b1b68bb60a1
:102a3800bb681b687b600023fb732cf0c9fc7b68b8
:102a480093f86430002b08d17b681b7d03f04003aa
:102a5800002b0ad10123fb7307e07b681b7d03f081
:102a68000103002b01d10123fb73fb7b002b15d144
:102a78007b68d3f878311b7f83f00103dbb2002b2e
:102a880005d07b68d3f8783118462bf09cfe7b681c
:102a980004221a752421b868fff768ff00bf1037b1
:102aa800bd4680bd0cb2002080b588b000af724b27
:102ab8001b687b617b691b683b613b691b7d03f07d
:102ac8000203002b00f0d480142037f0c9fbf86013
:102ad800082037f0c5fbb8603b6908221a75fa6808
:102ae800b968786901f0d2fa0346002b07d0b868b4
:102af80037f082fb22217869fff738ffb8e03b699d
:102b0800fa68c3f8fc223b69ba68c3f800233b693a
:102b180093f86430012b07d1386901f0e1fc0121f9
:102b2800386901f0dcfd7de00023fb613b69002290
:102b380083f809233b69d3f878311b7f83f00103bd
:102b4800dbb2002b05d03b69d3f8783118462bf05f
:102b58003afe3b691b6e03f48033002b3bd03b6984
:102b68001b6e23f480323b691a663b6993f829305f
:102b7800002b02d00123fb612de03b6993f8213043
:102b8800002b28d03b69d3f87831d3f8b03040f225
:102b9800712202fb03f3bb613b69d3f89430ba6935
:102ba8009a4206d93b69d3f89430ba69d31abb6103
:102bb80001e00023bb613b69d3f888203b69d3f867
:102bc8008c309a4207d23b69d3f88830ba699a4266
:102bd80001d90123fb61fb69002b14d03b691b6ef3
:102be80043f040023b691a663b6920221a7538692e
:102bf80001f076fc0121386901f071fd3b69012281
:102c080083f809230ee03b691b6e23f040023b6901
:102c18001a663b691b6e43f000523b691a663b69b2
:102c280000221a753b699b7d012b19d13b6993f8ea
:102c38002230002b14d03b699b7f002b10d007f06b
:102c48009dfe78607b681a687b689b681a443b69bc
:102c5800c3f804233b6993f82230184607f0b4fe02
:102c68003b69012283f8082322217869fff77efe59
:102c780000bf2037bd4680bd0cb2002080b582b0b1
:102c880000af1e4b1b687b607b681b683b603b6822
:102c98001b7d03f00203002b2bd03b6810221a7512
:102ca8003b6893f86430012b10d13b681b6e43f4ea
:102cb80000623b681a66386802f0b8fe386801f0ae
:102cc8000ffc0121386801f00afd0ee03b68d3f8db
:102cd80078311b7f83f00103dbb2002b05d03b6802
:102ce800d3f8783118462bf06efd23217868fff76a
:102cf8003dfe00bf0837bd4680bd00bf0cb20020b6
:102d080080b584b000af3f4b1b68bb60bb681b68d5
:102d18007b600023fb737b6893f86430002b1bd126
:102d28007b681b6e03f08003002b0cd02ff029fc6e
:102d380002467b689a67786803f018f80346002b08
:102d480001d10123fb737b681b7d03f02003002b5b
:102d580031d10123fb732ee07b6893f86430012b9b
:102d680029d17b681b7d03f00803002b11d17b68f8
:102d78001b7d03f01003002b0bd17b681b7d03f038
:102d88000403002b05d17b681b7d03f00203002b95
:102d98000fd07b68d3f878311b7f83f00103dbb257
:102da800002b08d07b68d3f8783118462bf00bfd40
:102db80001e00123fb73fb7b002b1ed17b681b6e9c
:102dc80003f04003002b02d0786801f061fe7b68b5
:102dd80093f86430012b09d17b681b6e03f0400324
:102de800002b03d07b6801221a7502e07b68402221
:102df8001a752521b868fff7b9fd00bf1037bd4621
:102e080080bd00bf0cb2002080b582b000af064b79
:102e18001b687b6002f0cefe16217868fff7a6fdde
:102e280000bf0837bd4680bd0cb2002080b582b017
:102e380000af064b1b687b6002f0bcfe1721786868
:102e4800fff794fd00bf0837bd4680bd0cb20020d7
:102e580080b485b000af78600b46fb70fb78002b20
:102e680003d07b6893f8663002e07b6893f867309c
:102e7800fb73fb7b113b122b39d801a252f823f0cc
:102e8800d52e0101d92e0101f72e0101f72e0101de
:102e9800f72e0101f72e0101f72e0101f72e01018e
:102ea800f72e0101f72e0101f72e0101f72e01017e
:102eb800f72e0101f72e0101f72e0101f72e01016e
:102ec800e52e0101e12e0101dd2e010100230fe0b5
:102ed80001230de002230be0032309e07b6893f84c
:102ee8006830002b01d1022302e0032300e0ff2316
:102ef80018461437bd465df8047b704780b586b028
:102f080000af786039603b68db681b78fb753b680d
:102f1800db685b78bb757b6893f866307b7500214e
:102f28007868fff795ff03463b75fb7d042b44d873
:102f380001a252f823f000bfc32f0101552f010150
:102f4800732f0101c32f0101912f01017b6893f8b1
:102f58006430012b04d17b68112283f866202de0b0
:102f68007b68112283f8672028e07b6893f8643037
:102f7800012b04d17b68122283f866201ee07b684f
:102f8800122283f8672019e07b6893f86430012bdc
:102f980004d17b68212283f866200fe07b6893f8d0
:102fa8006830002b04d17b68232283f8672005e072
:102fb8007b68222283f8672000e000bfbb7d042bda
:102fc80043d801a252f823f053300101e52f010143
:102fd8000330010153300101213001017b6893f86e
:102fe8006430012b04d17b68112283f867202de01f
:102ff8007b68112283f8662028e07b6893f86430a8
:10300800012b04d17b68122283f867201ee07b68bd
:10301800122283f8662019e07b6893f86430012b4c
:103028000ed17b6893f86830002b04d17b6823228b
:1030380083f867200ae07b68222283f8672005e08e
:103048007b68212283f8662000e000bf7b6893f844
:103058006430012b53d17b7d212b28d17b6893f8d9
:103068006630212b4bd07b681b6f4ff49c7202fba0
:1030780003f27b68db6e13443b613b69a3f28d135b
:103088003b613a69d3082d49a1fb03139b084ff410
:103098009c7101fb03f3d31a7a68d3663b69db089a
:1030a800264aa2fb03239a087b681a6727e07b68f5
:1030b80093f86630212b22d17b681b6f4ff49c72ea
:1030c80002fb03f27b68db6e1344fb60fb6803f2d0
:1030d8008d13fb60fa68d3081849a1fb03139b08fa
:1030e8004ff49c7101fb03f3d31a7a68d366fb682b
:1030f800db08124aa2fb03239a087b681a6700219f
:103108007868fff7a5fe0346fb723a7dfb7a79687b
:103118000a4492f970127a6813440a4683f87022b6
:103128003a7dfb7a79680b4479680a4492f87822e8
:1031380083f8782200bf1837bd4680bd1ba4411a0a
:1031480080b485b000af786039603b68db68fb60ad
:10315800fb681a787b6883f85020fb685a787b688c
:1031680083f85120fb689a787b6883f85220fb68c3
:10317800da787b6883f85320fb681a797b6883f8d0
:1031880054207b6893f8a830002b1ed17b6893f8f5
:1031980050207b6883f8ac207b6893f851207b68cb
:1031a80083f8ad207b6893f852207b6883f8ae20c3
:1031b8007b6893f853207b6883f8af207b6893f88b
:1031c80054207b6883f8b0201de07b6893f850207a
:1031d8007b6883f8bd207b6893f851207b6883f86f
:1031e800be207b6893f852207b6883f8bf207b68f9
:1031f80093f853207b6883f8c0207b6893f85420a9
:103208007b6883f8c12000bf1437bd465df8047b96
:10321800704780b485b000af786039603b68db6880
:10322800fb607b681b6e43f002027b681a667b6852
:10323800b3f84a309b001a467b689a657b689b6d99
:10324800fa68528892001a447b689a657b683a68e3
:10325800da6500bf1437bd465df8047b704780b55a
:103268008ab000af78607b681b68fb61fb690c3330
:10327800bb61bb691b687b6200233b627b6a002bd6
:1032880005d0fb691b6e43f48052fb691a66bb6963
:103298001b687b627fe07b6a1b79002b77d17b6a96
:1032a8005b79002b73d17b6adb79002b26d1fb6914
:1032b8001b6e03f00803002b05d07b6a01221a71ec
:1032c80001233b624de0fb691b6e43f40052fb692e
:1032d8001a667b6a1a89fb69b3f89830d31a9bb2cd
:1032e800013bfb82fb8a002b03d0b7f91630002b79
:1032f80032da796af869fff78cff2de07b6a1a8960
:10330800fb69b3f89830d31afb82fb8a002b03d0f1
:10331800b7f91630002b21da7b6a01221a717b6a11
:10332800db79012b11d0182b1ad1796af869fff7cc
:10333800e5fdf869fff7e0f901233b62fb691b6ec5
:1033480043f40012fb691a660be0796af869fff723
:10335800f7fe01233b6204e000bf02e000bf00e08b
:1033680000bf3b6a002b13d000233b6207f10c031c
:103378007a681a6007f10c0304337a6a1a6007f155
:103388000c0308220849012032f021fa00e000bfae
:103398007b6a1b687b627b6a002b7ff47caf00bf73
:1033a8002837bd4680bd00bfa004010180b483b0aa
:1033b80000af78607b681b780133dab27b681a70db
:1033c8007b681b78002b36d17b6801331a78013271
:1033d800d2b21a707b6801331b78002b2dd17b6821
:1033e80002331a780132d2b21a707b6802331b7822
:1033f800002b24d17b6803331a780132d2b21a70b9
:103408007b6803331b78002b1bd17b6804331b7844
:103418007f2b09d17b6804331a787b68043322f048
:103428007f02d2b21a700de07b6804331a78013239
:10343800d2b21a7006e000bf04e000bf02e000bf8d
:1034480000e000bf0c37bd465df8047b704780b5cf
:1034580082b000af78607b6893f82c30002b0fd1d6
:103468007b68012283f82c207b6803f20623184628
:1034780041f024ff7b6803f5f773184641f0c2fe5c
:1034880000bf0837bd4680bd80b483b000af786008
:103498007b6893f8c83103f00203dbb2002b14d029
:1034a8000d4b03f5815310331b68c3f38073dbb2f4
:1034b800002b08d07b6893f82230042b01d8012315
:1034c80004e0002302e0012300e0002318460c3743
:1034d800bd465df8047b70470024014180b483b089
:1034e80000af78607b6893f8c83103f00103dbb262
:1034f800002b04d07b68012283f8232003e07b683b
:10350800002283f8232000bf0c37bd465df8047bfa
:10351800704780b582b000af78607b6893f823303d
:10352800002b47d07868fff792ff7b6893f8c911a2
:10353800284b03f5845310331a6861f307021a60a5
:103548007b6893f8ca11234b03f5845310331a6828
:1035580061f30f221a607b6893f8cb111d4b03f5ba
:10356800845310331a6861f317421a607b6893f822
:10357800cc11184b03f5845310331a6861f31f629a
:103588001a607b6893f8cd11124b03f584531433fa
:103598001a6861f307021a600e4b03f58153103362
:1035a8001a6842f000721a607b6893f82a30043374
:1035b800dbb20ae0074b03f5815310331a686ff347
:1035c80059621a607b6893f82a3018460837bd4656
:1035d80080bd00bf0024014180b582b000af786093
:1035e8007b6893f8c83103f00103dbb2002b05d0e8
:1035f8007b6803f2c9131846fff7d8fe00bf0837e7
:10360800bd4680bd80b58ab002aff860b9607a6007
:1036180007f11403fa681a60bb681b7b3b76bb682a
:103628001b7b022b08d1fb681b68fb61fb691b6ec7
:1036380043f48002fb691a6607f114027b68009361
:10364800134608220349012032f072f800bf2037e0
:10365800bd4680bd0006010180b582b000af78602c
:103668007b6893f8c83103f00203dbb2002b42d029
:103678007868fff7ecfe7b6893f8ce11244b03f5ce
:10368800855314331a6861f307021a607b6893f84c
:10369800cf111f4b03f5855314331a6861f30f22ba
:1036a8001a607b6893f8d011194b03f585531433ce
:1036b8001a6861f317421a607b6893f8d111144baa
:1036c80003f5855314331a6861f31f621a607b6827
:1036d80093f8d2110e4b03f5855318331a8861f30a
:1036e80007021a800a4b03f5815310331a6842f017
:1036f80080621a6007e0064b03f5815310331a689d
:103708006ff39a621a6000bf0837bd4680bd00bfdc
:103718000024014180b584b000af78600b46fb708f
:10372800fb78fb737b6893f8c83103f00203dbb2c4
:10373800002b08d07b6803f5e7731846fff736fec1
:10374800fb78043bfb73fb7b18461037bd4680bdf6
:1037580080b586b000af78600023fb757b681b6876
:103768003b6101213869fff773fb0346fb733b6933
:10377800b3f84a30f02b03d83b6993f91b3002e0c9
:103788003b6993f91a30bb733b6993f9843297f913
:103798000e209a4207db3b6993f91b203b6993f99a
:1037a80082329a427add3b6993f9843297f90e2086
:1037b8009a4208da3b6993f98332dab2bb7bd31aaf
:1037c800dbb2fb750ae03b6993f98332dab23b69f5
:1037d80093f91b30dbb2d31adbb2fb7597f91730bc
:1037e800002b09ddfb7b3a69134493f87c32c3f361
:1037f8004003dbb2002b1fd097f91730002b4ddaae
:10380800fb7b3a69134493f87c32c3f30003dbb2c1
:10381800002b43d13b6993f98632002b04da3b69cc
:1038280093f98532002b39d0fb7b3a69134493f91d
:10383800743213f10f0f31db07f108037a681a604d
:103848001c4b93f9153097f917209a4202da194b55
:103858005b7dfb7597f91730002b16dafb7b3a690d
:10386800134493f974321a4697f91730134413f135
:10387800100f0adafb7b3a69134493f97432dab20f
:103888006ff00f039b1adbb2fb75fb7d3b7307f1ef
:10389800080305220849012031f099ff3b69b3f874
:1038a800983001339ab23b69a3f8892200bf1837d0
:1038b800bd4680bdf0b000200506010180b586b088
:1038c80000af78607b681b683b6101213869fff7ae
:1038d800bffa0346fb73fb7b3a69134493f97432ce
:1038e800dab23b6993f91b30dbb2d31abb73fb7bab
:1038f8003a69134493f974327e2b00f0b2803b6925
:1039080093f89e32c3f30113dbb2fb75fb7d032be7
:1039180043d801a252f823f05b3901013139010182
:103928007f390101313901013b6993f89932ba7b3a
:103938009a4202d80023fb7534e03b6993f896322b
:10394800ba7b9a4202d30223fb752be00123fb7555
:1039580028e03b6993f89632ba7b9a4202d3022355
:10396800fb751ce03b6993f89832ba7b9a4216d3f0
:103978000123fb7513e03b6993f89932ba7b9a42ad
:1039880002d80023fb750ce03b6993f89732ba7ba9
:103998009a4206d80123fb7503e000bf02e000bf8e
:1039a80000e000bf3b6993f89e32c3f30113dbb21a
:1039b8001a46fb7d93424dd03b6993f89e32c3f380
:1039c8008103dbb21a46fb7d934204d03b69b3f80e
:1039d8009a32002b2cd13b69b3f89c223b69b3f88f
:1039e8009a3213449ab23b69b3f89830d31a9bb20f
:1039f800013b9bb21bb2002b33da07f108037a684c
:103a08001a60bb7b3b73fb7d7b7307f108030622bf
:103a18001649012031f0dbfefb7d03f00303d9b228
:103a28003a6992f89e3261f3051382f89e3218e0e3
:103a3800fb7d03f00303d9b23a6992f89e3261f331
:103a4800830382f89e323b69b3f898203b69a3f858
:103a58009c2206e03b69b3f898203b69a3f89c22b6
:103a6800ffe700bf1837bd4680bd00bf060601014d
:103a780080b584b000af78600b46fb700023fb6014
:103a8800fb78002b34d1274b03f5a25318331b685e
:103a9800c3f30403dbb2023b0e2b24d801a252f875
:103aa80023f000bfe93a0101e93a0101ef3a0101c7
:103ab800ef3a0101e93a0101ef3a0101ef3a010158
:103ac800ef3a0101ef3a0101ef3a0101ef3a010142
:103ad800e93a0101e93a0101e93a0101e93a01014a
:103ae8000123fb6000bffb68002b01d1012315e017
:103af8007b6893f866300a211846fef782fd094b69
:103b080003f5b152136843f010031360054b03f536
:103b1800b152136843f002031360002318461037ac
:103b2800bd4680bd0024014180b483b000af7860f9
:103b3800254b03f5b15213686ff3c7131360224b7b
:103b480003f5b15213686ff3861313601e4b03f528
:103b5800b15213686ff3451313601b4b03f5b15251
:103b680013686ff304131360174b03f5b15213680e
:103b78006ff341031360144b03f5b15213686ff3ed
:103b880000031360104b03f5b15213686ff3c303be
:103b980013600d4b03f5b15213686ff38203136082
:103ba800094b03f5b152136843f008031360064b41
:103bb80003f5b152136843f00403136000bf0c37d8
:103bc800bd465df8047b70470024014180b485b090
:103bd80000af78600023fb60244b03f5a2531c332d
:103be8001b68c3f30303dbb2023b0d2b21d801a2f0
:103bf80052f823f0353c0101353c0101353c010107
:103c08003b3c01013b3c01013b3c01013b3c0101c8
:103c18003b3c01013b3c01013b3c01013b3c0101b8
:103c2800353c0101353c0101353c01010123fb60b4
:103c380000bffb68002b01d1012310e00b4b03f5fb
:103c4800b15308331a8842f010021a80074b03f563
:103c5800b15308331a8842f001021a80002318462b
:103c68001437bd465df8047b704700bf002401414e
:103c780080b483b000af7860224b03f5b1530833aa
:103c88001a886ff3c7121a801e4b03f5b153083315
:103c98001a886ff386121a801a4b03f5b15308334a
:103ca8001a886ff345121a80164b03f5b15308337f
:103cb8001a886ff304121a80124b03f5b1530833b4
:103cc8001a886ff341021a800e4b03f5b15308337b
:103cd8001a886ff300021a800a4b03f5b1530833b0
:103ce8001a886ff3c3021a80064b03f5b1530833e1
:103cf8001a886ff382021a8000bf0c37bd465df840
:103d0800047b70470024014180b483b000af0346b0
:103d18000a46fb711346bb71bb79113b122b3bd88a
:103d280001a252f823f000bf7d3d0101853d01014c
:103d3800a13d0101a13d0101a13d0101a13d0101fb
:103d4800a13d0101a13d0101a13d0101a13d0101eb
:103d5800a13d0101a13d0101a13d0101a13d0101db
:103d6800a13d0101a13d0101a13d01018d3d0101df
:103d7800973d0101fb79db00e6331fe0fb799b00ef
:103d8800c2331be0fb791b0103f5197316e0fb79bd
:103d98009b0103f2663311e00b4b03f586531b6856
:103da800c3f34113dbb2012b04d1fb791b0103f5eb
:103db800197303e0fb799b0103f2663318460c374d
:103dc800bd465df8047b70470024014180b584b08e
:103dd80000af78607b68b3f89e31dab27b6893f8fd
:103de800673019461046fff78fff0346bb817b6893
:103df80093f8663019460020fff786ff03467b815b
:103e0800bb891a4aa2fb03235b0a9bb2fb737b891b
:103e1800164aa2fb03235b0a9bb2bb73bb89134af6
:103e2800a2fb0312520a40f2712101fb02f29b1a13
:103e38009bb2002b02d0fb7b0133fb737b890b4abf
:103e4800a2fb0312520a40f2712101fb02f29b1af3
:103e58009bb2002b02d0bb7b0133bb73fa7bbb7bcd
:103e6800134418461037bd4680bd00bf5917b7d157
:103e780080b588b002aff860b9607a60bb681b791a
:103e880003f03003dbb2002b05d17a68b968f86813
:103e9800fff7b8fb12e007f11003fa681a6007f1a0
:103ea80010030433ba681a6007f110027b680093a4
:103eb800134608220449012031f03afc0023184631
:103ec8001837bd4680bd00bf4104010180b582b0ee
:103ed80000af78607b68184606f0c3fc02467b6832
:103ee800c3f8a02000bf0837bd4680bd80b582b0aa
:103ef80000af78607b68db7d002b28d07b68d3f827
:103f0800a030002b23d07b68d3f8a03019897b68b8
:103f180093f82a309ab27b68d3f8a0300a4492b258
:103f28001a817868fff758fb7b68d3f8a0301a89a4
:103f38007b68d3f8a0305b899a4208d17b68d3f8b4
:103f4800a0207b68c3f8a4207868fff7bfff00bff4
:103f58000837bd4680bd80b584b000af7860396051
:103f68007b681b68fb60fb68d3f8a430002b0cd07f
:103f7800fb68d3f8a4303a6819467868fff778ffe9
:103f8800fb680022c3f8a42002e0386836f034f950
:103f980000bf1037bd4680bd80b483b000af7860e5
:103fa80039607b6899b20b4b03f58452136861f34f
:103fb8000f0313603b6899b2064b03f582521368ee
:103fc80061f30f03136000bf0c37bd465df8047b37
:103fd800704700bf0024014180b483b000af78600f
:103fe80039607b6899b2124b03f5825308331a681b
:103ff80061f31f421a607b6899b20d4b03f5825337
:104008000c331a6861f31f421a603b68013b7a68f7
:10401800134499b2064b03f5825310331a6861f3bf
:104028001f421a6000bf0c37bd465df8047b70471d
:104038000024014180b584b000af786006f09efc92
:10404800b860bb681b69fe2b09d97b6800225a76c9
:10405800bb681a68bb689b681344fb6005e07b6813
:1040680001225a76bb685b69fb60fb6899b2064b14
:1040780003f582530c331a6861f30f021a6000bf0c
:104088001037bd4680bd00bf0024014180b586b011
:1040980000aff860b9607a60fb681b687b61564bbb
:1040a8005b691b78fb74544b5b695b78bb74fb7c66
:1040b80003f003037b747b697a7c9a77fb7cdb10c3
:1040c800dbb203f00103dab27b69da77fb7c9b1081
:1040d800dbb203f00103dab27b6983f820207b6945
:1040e800ba7c83f82220fb7c1b11dbb203f00103ae
:1040f800dab27b6983f82120bb68002b03d17b6986
:104108000022da7511e07b6993f825207b6993f822
:1041180020309a4206d07b690122da757869fff768
:10412800e5fe02e07b690022da757b6900229a7558
:104138007b68002b3fd07b6993f8f832002b03d0c3
:104148002e4b1b78002b38d17b6993f826207b698e
:10415800db7f9a4233d17b6993f8a731002b30d1aa
:104168007b695b7e012b2ed07b6993f82230002b74
:1041780003d17b6901229a7526e07869fff784f9f3
:104188000346002b07d07b691b6e43f010027b6946
:104198001a6601232be07b6993f89c31002b06d12a
:1041a8007b7c032b03d07b69012283f89c217b69ec
:1041b80001229a7508e000bf06e000bf04e000bfd6
:1041c80002e000bf00e000bf7b6993f822207b6912
:1041d80093f8663019461046fff796fd02467b694c
:1041e800d3f888301a447b69c3f88820002318461e
:1041f8001837bd4680bd00bf48b1002044b100203b
:1042080080b590b002aff860b9607a60fb681b684f
:104218003b63002387f83730b968f868fff79bfedf
:104228003b6b1b6e03f48003002b11d029f0bcfefe
:104238003b6b1b6e23f480023b6b1a6629f0cefea3
:104248007b68002b02d0786835f0d6ff002315e193
:104258003b6b9b7d012b69d13b6b93f82230002b84
:1042680064d03b6b9b7f002b60d03b6b93f8223074
:104278001946386bfff74efa034687f82f3097f840
:104288002f30002b52d03b6bfa68c3f88c213b6b64
:10429800d3f804233b6bc3f890213b6b97f82f208e
:1042a80083f895213b6b93f8223097f82f209a4298
:1042b80004d03b6b082283f8942103e03b6b002277
:1042c80083f894213b6b9a7f3b6b83f896213b6b79
:1042d8009b7f032b0fd13b6bd3f890311b78022bbc
:1042e80009d129f061fe3b6b1b6e43f000423b6b2a
:1042f8001a6629f073fe07f11803fa681a6007f1c5
:10430800180304333a6b02f5c6711022184643f0bd
:1043180005fe07f118027b680093134614225949d9
:10432800012031f005fa012387f8373097f8373044
:10433800002b06d17b68002b17d0786835f05cff1e
:1043480013e03b6b93f89c31012b0ed13b6b02229f
:1043580083f89c2107f11403fa681a6007f1140323
:1043680004224949012031f032fa21f08bfe03463c
:104378001a463b6b9a763b6b93f91b30002b0ed198
:104388003b6b93f91a309bb2db009bb21ab23b6bc2
:104398009a833b6b93f91a203b6bda761ce03b6bf4
:1043a800b3f91c309ab23b6b93f91a309bb21344a1
:1043b8009ab23b6bb3f91c30db101bb29bb2d31a19
:1043c8009bb21ab23b6b9a833b6bb3f91c30db1080
:1043d8001bb25ab23b6bda763b6bb3f889329ab2ae
:1043e8003b6bb3f89830d31abb853b6b93f880329c
:1043f80023f07f03dbb2002b1dd03b6b93f8ac316d
:10440800002b18d13b6b93f8ae31212b13d03b6bab
:1044180093f8ae31222b0ed03b6b93f88132002bf0
:1044280009d1bb8d002b03d0b7f92c30002b02da51
:10443800f868fff78df93b6b93f89e3203f0400361
:10444800dbb2002b19d03b6b93f89e3203f00103cb
:10445800dbb2002b11d03b6b93f8803223f07f0343
:10446800dbb2002b09d03a6b92f89e326ff38613b9
:1044780082f89e32f868fff721fa00231846383789
:10448800bd4680bd600401010106010180b483b00e
:1044980000af78607b68002283f825207b680022c3
:1044a80083f826207b6893f825207b6883f82720eb
:1044b8007b6893f826207b6883f828207b6893f82c
:1044c800a631002b03d07b6800221a7602e07b68b5
:1044d80002221a7600bf0c37bd465df8047b704790
:1044e80080b483b000af78607b6893f825207b6840
:1044f80083f827207b6893f826207b6883f8282098
:104508007b689b7d002b16d07b6893f8a731002b26
:1045180011d17b681b6e43f080427b681a667b680a
:1045280093f82630002b0cbf01230023dbb21a4678
:104538007b6883f826207b68db7d002b18d07b689e
:1045480093f8a631002b03d07b6800221a7612e07c
:104558007b6802221a767b6893f82530002b0cbf03
:1045680001230023dbb21a467b6883f8252002e08a
:104578007b6801221a7600bf0c37bd465df8047bc4
:10458800704780b58ab000af78607b68d3f8a030f8
:104598001b7b87f8273097f82730002bc0f29680ce
:1045a800012b02dd182b40f091807b680c333b62b5
:1045b8003b6a1b68fb6197f82730182b0ad17b6888
:1045c800d3f8a0300c33bb61bb69b3f803309bb29e
:1045d800002b7dd0fb695b79002b7bd005f0e2fcda
:1045e8000346052b11d97b68b3f898207b68b3f88c
:1045f8004c3001339bb21946c9000b445b009bb297
:1046080013449ab2fb691a8110e07b68b3f89820ca
:104618007b68b3f84c3001339bb2194649000b4410
:104628009b009bb213449ab2fb691a8197f8273012
:10463800012b36d0182b02d0002b22d042e07b6809
:10464800d3f8a0300c337b61fb691a897b68a3f827
:104658006a227b68b3f86a227b69a3f803207b6827
:1046680093f8803223f07f03dbb2002b29d07b69db
:10467800b3f803309bb207339ab27b68a3f8892258
:104688001fe07b68d3f8a0300c333b61fb691a89c3
:104698007b68a3f844227b68b3f844223b695a81bb
:1046a80010e07b68d3f8a0300c33fb60fb691a89f3
:1046b8007b68a3f81c227b68b3f81c22fb68da80ad
:1046c80000e000bffb6900225a7103e000bf02e06e
:1046d80000bf00e000bf00bf2837bd4680bd80b5e1
:1046e8008ab000af7860396000233b6100237b62a9
:1046f8007b681b7e022b20d17868fff7e7fb7b687d
:10470800d3f8a030002b03d17b6800221a7614e07e
:104718007b6893f8a831002b0fd07b68d3f8a030c2
:104728001b7903f03003dbb2102b06d17b68002223
:104738001a767b680022c3f8a0207b681b7e012bb9
:1047480000f0bf80022b1dd0002b40f0bc807b689e
:104758001b6e23f080527b681a667b68012283f8ff
:1047680024207b68002283f829207b68002283f8b4
:104778002a20964b1a697b681a637b68002283f8a3
:104788002320a1e07b68d3f8a0305b891a467b68b8
:10479800d3f8a0301b89d31a3b627b681b6e23f0c9
:1047a80080527b681a667b68002283f829207b6820
:1047b800d3f8a0301b7903f03003dbb2102b1dd1e6
:1047c8007b68d3f8a0301b89002b12d17b68d3f803
:1047d800a0301b7903f00303dbb2012b04d07b6804
:1047e800022283f8242010e07b68012283f8242029
:1047f8000be07b68012283f8242006e07b68032213
:1048080083f824207868fff7bcfe7b68d3f8a020e3
:104818007b68d3f8a0301b89083313441a1d7b68c2
:104828001a637b68b3f89e311a463b6a93420bd9e8
:104838007b68b3f89e313b6201237b627b681b6e09
:1048480043f080527b681a667b6a002b30d17b6804
:10485800d3f8a0301b68184605f02ffef8607b6877
:10486800d3f8a0301b7903f03003dbb2102b06d14c
:104878007b685b68184605f020fef8610ce07b68f1
:104888009b68184605f019fef8617b6893f8a83113
:10489800002b01d00023fb61fb68002b02d1fb69d0
:1048a800002b05d07b681b6e43f080527b681a662c
:1048b8003b6adab27b6883f82a207868fef70efe36
:1048c80002e000bf00e000bf7868fef722fe034662
:1048d8001a467b6883f82b207b6893f82a207b682c
:1048e80093f8673019461046fff70efa02467b68c0
:1048f800d3f888301a447b68c3f888207b6893f81b
:104908006430012b4ad17b68d3f87831d3f8b030c2
:1049180040f2712202fb03f3bb617b68d3f8943049
:10492800ba699a4206d97b68d3f89430ba69d31a1f
:10493800bb6101e00023bb617b68d3f888207b68fa
:10494800d3f88c309a4222d27b68d3f88830ba697f
:104958009a421cd97b681b6e03f08053002b0ad047
:104968007b68012283f829207b681b6e43f0400294
:104978007b681a6646e07b6893f82130002b06d0e6
:104988007b681b6e43f040027b681a663ae07b68de
:104998001b6e23f040027b681a6633e07b68d3f80d
:1049a8007831d3f8b03040f2712202fb03f37b6117
:1049b8007b68d3f894307a699a4209d97b68d3f82e
:1049c80094307a69d31a7b6104e000bf48b10020b3
:1049d80000237b617b68d3f888207b68d3f890300c
:1049e8009a420fd27b68d3f888307a699a4209d9fb
:1049f8007b681b6e03f08053002b03d07b68012279
:104a080083f8292029f0d0fa204bda687b681b6be1
:104a180019461046fff7c0fa1c4bdb6801337a6869
:104a280092f82b201a707b6893f829301b015ab230
:104a38007b6893f82530db005bb213435ab27b687e
:104a480093f826309b005bb213435ab27b6893f805
:104a580024305bb213435ab20c4bdb68d2b21a70e3
:104a680029f0bcfa7b681b6e03f02003002b08d1e9
:104a78007b680022da757b681b6e43f020027b6836
:104a88001a663b6918462837bd4680bd48b10020e4
:104a980080b582b000af78607868fef7ddfd786891
:104aa800fff7c8fa00bf0837bd4680bd80b483b0a1
:104ab80000af78607b68b3f84e30db007a68b2f8f4
:104ac8004a2093fbf2f31a467b68c3f880207b6880
:104ad800d3f880207b68c3f8842000bf0c37bd461c
:104ae8005df8047b704780b582b000af002028f0e5
:104af80065ff0346fb80012028f060ff0346bb806a
:104b0800244a0d21002029f08ef9234a0c21002087
:104b180029f089f9214a0b21002029f084f9204a3b
:104b28000e21002029f07ff91e4a0421012029f0d6
:104b38007af91d4a0521022029f075f91b4a04213a
:104b4800022029f070f94ff6ff71002028f08cff41
:104b58004ff6ff71012028f087ff4ff6ff71022002
:104b680028f082fffb8843f4f0439bb219460020eb
:104b780028f04effbb8843f010039bb21946012072
:104b880028f046ff3021022028f042ff00bf0837f6
:104b9800bd4680bdb12a0101852c0101a52901016d
:104ba8002d2a0101092d0101112e0101352e0101c6
:104bb80080b582b000af002028f000ff0346fb80dc
:104bc800012028f0fbfe0346bb80022028f0f6fef9
:104bd80003467b804ff6ff71002028f045ff4ff613
:104be800ff71012028f040ff4ff6ff71022028f0e6
:104bf8003bfffb881946002028f00affbb881946ae
:104c0800012028f005ff7b881946022028f000ffc4
:104c180000220d21002029f006f900220c21002095
:104c280029f001f900220b21002029f0fcf80022cc
:104c38000e21002029f0f7f800220421012029f094
:104c4800f2f800bf0837bd4680bd80b582b000af1e
:104c5800786039603b68002b0dd07b6893f8a830ea
:104c6800002b29d17b68b3f8b23001339ab27b6844
:104c7800a3f8b22020e07b6893f8a830002b0fd16e
:104c88007b68aa33184639f0b9f97b6893f8b420e1
:104c98007b6883f8aa207b680122a3f8b2200ce085
:104ca8007b68b3f898207b68a3f8c2207b68b83388
:104cb800184639f02ffa00e000bf0837bd4680bd1e
:104cc80080b584b000af786007f10c037a681a6089
:104cd80007f10c0304220449012030f078fd00bfdd
:104ce8001037bd4680bd00bff104010180b588b012
:104cf80002aff8600b467a60fb72fb681b687b6149
:104d08007b691b6e03f48073002b14d0fff750fff0
:104d18002af036fa29f048f97b691b6e23f4807271
:104d28007b691a6629f05af97b69d3f87831002132
:104d3800184629f0e9f9fb7a812b0cd0822b13d085
:104d4800802b1ad129f030f97b69402283f865203d
:104d580029f044f912e029f027f97b69412283f808
:104d6800652029f03bf909e029f01ef97b69422208
:104d780083f8652029f032f900e000bf7b69d3f899
:104d88007831002b03d0f868fff79aff18e007f195
:104d98001003fa681a607b68002b0ad007f110022a
:104da8007b680093134604220749012030f0c0fcb9
:104db80006e007f1100304220349012030f007fd43
:104dc80000bf1837bd4680bd1404010180b483b00c
:104dd80000af0346fb71fb79113b122b2fd801a2c0
:104de80052f823f0394e01013d4e0101474e0101b1
:104df800474e0101474e0101474e0101474e01014f
:104e0800474e0101474e0101474e0101474e01013e
:104e1800474e0101474e0101474e0101474e01012e
:104e2800474e0101414e0101414e0101414e010130
:104e3800a02306e0602304e04ff4a86301e000bf6c
:104e4800002318460c37bd465df8047b704780b4d4
:104e580085b000af78600b467b800523fb6000239c
:104e6800bb607b681a8f7b8813449ab27b681a8769
:104e78001de07b681b8f40f2e142934214d97b68a6
:104e88001b8fa3f2e2439ab27b681a877b68db6bbd
:104e98005a1c7b68da637b68db6b23f070427b68a3
:104ea800da63bb680133bb60fb68013bfb60fb68ee
:104eb800002bded1bb6818461437bd465df8047b6d
:104ec800704780b58ab000aff860b9607a60fb704f
:104ed8002df026fbb86100233b620023fb61bb6811
:104ee80040f6c41293420cd0bb6840f6a6629342c7
:104ef8000ad0bb6840f2e242934208d104233b62e5
:104f080006e008233b6203e00c233b6200e000bf9d
:104f18007b68b3f5ab7f17d07b68b3f5ab7f06d85a
:104f28007b68002b0dd07b68fa2b10d018e07b68cb
:104f3800b3f5517f0ed07b6840f2e66293420cd005
:104f48000ee00023fb610be00223fb6108e0012374
:104f5800fb6105e00323fb6102e00623fb6100bf60
:104f6800fb78052b0bd1fb689b8a9bb29b001a46ea
:104f78003b6a1a44fb69d31a013b7b6209e0fb6870
:104f88009b8a9bb29b001a463b6a1a44fb69d31a58
:104f98007b62ba697b6a13447b617b691846283750
:104fa800bd4680bd80b582b000af786028f0fcffb8
:104fb8007b681b6e23f4f81323f404637a68136682
:104fc80029f00cf800bf0837bd4680bd80b582b017
:104fd80000af78600b46fb707b681b79042b06d109
:104fe800084b1b68fa7811467868984705e0064b25
:104ff8001b68fa7811467868984700bf0837bd469d
:1050080080bd00bf88b600208cb6002080b584b073
:1050180000af786039607b681b68fb60fb68d3f879
:105028007c31002b07d0fb68d3f878310021184673
:1050380029f06af803e010217868fff7c7ff00231a
:1050480018461037bd4680bd80b584b000af786083
:1050580039607b681b68fb60fb68d3f87c31002be8
:1050680003d111217868fff7b1ff002318461037e4
:10507800bd4680bd80b582b000af7860396012212e
:105088007868fff7a3ff002318460837bd4680bda0
:1050980080b586b000af0346b9607a60fb81fb89b2
:1050a800fb75fb7d1946b868fff790ff002318468b
:1050b8001837bd4680bd80b485b000af78607b6886
:1050c800d3f878319b7afb737b68d3f878319b7a75
:1050d8000a2b02d8fb7b0133fb73fb7b1846143782
:1050e800bd465df8047b704780b485b000af78603a
:1050f8000623bb730023fb737b68d3f880207b688f
:10510800d3f88430db089a4202d20423fb7316e0fa
:105118007b68d3f880207b68d3f884309b089a4258
:1051280002d20323fb730ae07b68d3f880207b68f4
:10513800d3f884305b089a4201d20223fb737b6860
:10514800d3f884207b68d3f88030d31a022b01d996
:105158000123fb73ba7bfb7b1344bb73bb7b1846f1
:105168001437bd465df8047b704780b584b000af46
:1051780078607b681b68fb60fff7b5fcfb681b6efb
:1051880043f48072fb681a66fb681b6e43f080026a
:10519800fb681a66fb680022c3f888200021f868bb
:1051a800fff753fdfb6893f841301b021ab2fb6806
:1051b80093f840301bb213431bb299b2494b03f525
:1051c8008352136861f30f031360fb6893f843304d
:1051d8001b021ab2fb6893f842301bb213431bb28e
:1051e80099b2404b03f58352136861f31f43136070
:1051f8003c4b03f5815310331a6842f001021a60e0
:10520800fb6893f84410374b03f582531c331a6834
:1052180061f30f221a60fb6893f846301b021ab23a
:10522800fb6893f845301bb213431bb299b22d4b60
:1052380003f582531c331a6861f31f421a60fb6836
:1052480093f86620fb6893f867301946104620f0fb
:10525800fdfd254b5b6902211846fef7bdfe05f0f2
:105268008dfbb860bb681b6899b21e4b03f582536f
:1052780008331a6861f30f021a60bb685b6899b259
:10528800184b03f5825310331a6861f30f021a6042
:10529800f868fdf785f8fb6893f866301846fdf75f
:1052a8000bf9fb6893f8673019460120fdf75cf9a4
:1052b800fb6893f8663019460220fdf755f9f8683f
:1052c80000f082fdfb6893f91b3018462bf0aef80e
:1052d800044a938f43f08003938700bf1037bd467d
:1052e80080bd00bf0024014148b1002080b594b0c2
:1052f80000af78600023bb810023fb637b681b68d9
:10530800bb63012387f8373007f10c03fb6328f0f0
:105318004bfebb6b00221a7528f060febb6b1b6e40
:1053280003f48073002b0ad029f02afffff740fc12
:105338002bf098f8704a938f6ff3c7139387bb6b62
:10534800b3f8982097f837309bb213449ab2bb6be6
:10535800a3f89820bb6b93f86430012b40f01781b9
:10536800bb6b1b6e03f08073002b0bd0bb6bd3f8a9
:105378007831da6bbb6bd3f878311b8f194610463e
:105388002df0d8fabb6bd3f8883103f08073002b6b
:1053980011d0b86b00f0eafc0346002b0bd0bb6bb6
:1053a800d3f87831da6bbb6bd3f878311b8f194699
:1053b80010462df0bffabb6b1b6e03f00073002b79
:1053c80031d0bb6b9a6fbb6b1b6fd31a3b63bb6b44
:1053d800d3f87821bb6bdb6e9bb29b009bb240334a
:1053e8009bb219461046fff732fd3b6b013b3b630e
:1053f800bb6bdb6e5b0003f12002bb6bda67bb6b38
:10540800da6fbb6b1b6f40f2722101fb03f31a4486
:10541800bb6bda67bb6b00225a67bb6bd3f878317a
:105428003a6b1a66b3e0bb6b1b6e03f00103002beb
:1054380066d00023fb640023fb620023bb64bb6bc4
:10544800b3f84a301a4640f2712303fb02f3963b45
:10545800bb62bb6bdb6e5a00bb6b1b6f40f27221e9
:1054680001fb03f313442033fb62bb6bdb6ffa6a67
:105478001344bb64bb6b5b7d002b16d0bb6b5a7da2
:105488001e4ba3fb021359080b465b000b44d31aaf
:10549800dbb2002b09d10123fb64fb6c40f27222c2
:1054a80002fb03f3ba6c1344bb64bb6cb3f5004f47
:1054b8006dd2ba6cbb6a9a4269d2bb6bd3f87821b9
:1054c800bb6bdb6e9bb29b009bb240339bb2194611
:1054d8001046fff7bcfcbb6bba6cda67bb6bd3f842
:1054e8007831196ebb6b1a6ffb6c1a44bb6bd3f81f
:1054f80078318a1a1a664ae000240141abaaaaaa9e
:105508003c237b621e233b6200237b64bb6b5b6f87
:10551800022b01d901237b64bb6bd3f878017b6a2a
:105528009bb29b009ab2bb6bdb6e9bb29b009bb29b
:1055380013449bb240339bb21946fff788fcbb6b00
:10554800da6f796a3b6a1944bb6bdb6e5b000b440c
:10555800134403f12002bb6bda67bb6bda6fbb6bda
:10556800196f7b6c0b4440f2722101fb03f31a4460
:10557800bb6bda67bb6bd3f87831196ebb6b1a6fec
:105588007b6c1a44bb6bd3f878318a1a1a66bb6bea
:1055980093f86430012b40f0be80bb6b0c33fb6189
:1055a800fb691b68bb61bb69002b05d1bb6b1b6e1c
:1055b80023f48052bb6b1a66bb6b1b6e03f48053db
:1055c800002b0bd1bb6b1b6e03f40053002b05d1d2
:1055d800bb6b1b6e03f48063002b41d0bb6b1b6e4f
:1055e80003f40003002b00f0958000233b610023a7
:1055f80087f8433028f097fe38613b69002b02d1c9
:10560800072387f84330bb6b1b6e23f40002bb6b88
:105618001a6697f84330002b7cd1bb6bd3f87831ee
:1056280000221a60bb6bd3f878313a6952685a6025
:105638003b695b68ba6bd2f878211a60bb6bd3f808
:1056480078311a463b695a603b691b68002b03d0c6
:10565800386928f039fd5de0386928f02dff59e0f8
:10566800bb6b1b6e03f02003002b54d0bb6bdb7da0
:10567800012b50d1bb6bb3f84c30002b4bd0bb6b1c
:105688001b6e03f40003002b45d100237b6100232c
:1056980087f8423028f047fe78617b69002b02d1f9
:1056a800072387f84230bb6b1b6e43f40002bb6bc9
:1056b8001a66bb6bb3f84c20bb6ba3f80a2397f8a8
:1056c8004230002b27d1bb6bd3f8783100221a6007
:1056d800bb6bd3f878317a6952685a607b695b682a
:1056e800ba6bd2f878211a60bb6bd3f878311a46b6
:1056f8007b695a607b691b68002b07d0bb6bb3f8ca
:105708004c301946786928f0b8fc04e0786928f02c
:10571800d3fe00e000bf28f047fcbb6b1b6e23f0f4
:105728003c5323f44c63ba6b1366bb6bd3f88831d4
:1057380023f08072bb6bc3f8882128f04ffcbb6b49
:105748001b6e03f00203002b1fd028f02dfcbb6b4f
:105758001b6e23f00202bb6b1a66bb6b1b6e43f019
:105768000402bb6b1a6628f039fcbb6b9a6dbb6be5
:10577800d3f878311b6e1a44bb6b9a657868fff7cb
:105788009ffabb6b0122c3f87c21bb6b1b6e03f431
:105798000013002b19d028f007fcbb6b1b6e23f4f9
:1057a8000012bb6b1a6628f019fcb86bfef70efbeb
:1057b8000346fb73bb6bd3f87831fa7b5a61fb7bea
:1057c8005a00bb6bd3f878315a66bb6b1b6e03f477
:1057d8000073002b18d0bb6bb3f84c30002b0dd0e6
:1057e800bb6bb3f80a33002b08d0bb6bb3f80a3392
:1057f800013b9ab2bb6ba3f80a2322e0b86bfff710
:105808005afc03463b731ce0bb6b1b6e03f48043de
:10581800002b11d0bb6b1b6e03f40043002b05d08b
:10582800b86bfff761fc03463b730ae0bb6bd3f828
:1058380078319b7a3b7304e0b86bfff73cfc034676
:105848003b73bb6b002283f89c2128f0adfbbb6b3c
:105858001b6e23f48442bb6b1a66bb6b1b6e03f48e
:105868008073002b05d0bb6b1b6e23f48072bb6b5f
:105878001a6628f0b3fbbb6b93f89d30002b0ed053
:1058880007f108037a681a6007f1080304220d4932
:1058980001202ff09cffbb6b002283f89d20ba6b80
:1058a80092f89e3243f0400382f89e32bb6bd3f8e5
:1058b8007831f96b184628f027fc00bf5037bd46f1
:1058c80080bd00bfa204010180b584b000af78603c
:1058d8007b681b68fb60f868fff764fbfb681b6e5e
:1058e80003f08003002b02d07868fff73efc00bf6e
:1058f8001037bd4680bd80b584b000af78607b6846
:105908001b68fb6028f050fbfb681b6e23f08002cd
:10591800fb681a66fb681b6e43f48042fb681a66d4
:1059280028f05cfbfb681b6e03f04003002b0cd1d6
:10593800fb681b7d002b05d1fb681b6e03f0005331
:10594800002b02d07868fff7d1fc00bf1037bd46a6
:1059580080bd80b584b000af78607b681b68fb6051
:10596800fb681b6e03f08003002b12d0fb68d3f892
:1059780080305a1efb68c3f88020fb68d3f880305b
:10598800002b06d1002280217868fff7aff90123a8
:1059980000e0002318461037bd4680bd80b483b0b0
:1059a80000af78607b681b6e43f480727b681a6670
:1059b8007b681b6e43f080027b681a6600bf0c3759
:1059c800bd465df8047b704780b584b000af786051
:1059d80039607b681b68fb60fb681b6e43f08002c4
:1059e800fb681a667868fff7b4ff0346002b19d1e5
:1059f800fb681b6e23f08002fb681a66fb681b6e4f
:105a080043f40072fb681a663b68002b02d0786882
:105a1800fdf725fc3968f868fff717f97868fff78c
:105a280065fc00e000bf1037bd4680bd80b582b080
:105a380000af78607b6800229a757b680022da756f
:105a480028f0b2fa7b681b6e03f08003002b05d0a8
:105a58007b681b6e23f080727b681a667b681b6efe
:105a680023f040027b681a6628f0b8fa002318462b
:105a78000837bd4680bd80b586b000af78607b68ca
:105a88001b687b617b691b6e03f40043002b29d1e3
:105a980028f08afa7b691b6e43f400427b691a6618
:105aa80028f09cfa7b69d3f88430dab27b69d3f8a2
:105ab8008030dbb2d31afb747869fef7f7ff7b6995
:105ac800d3f88020fb7cd21a7b69c3f8802007f1c9
:105ad8000c037a681a6007f10c0304220a490120b2
:105ae8002ff075fe7b691b7d002b09d028f05cfa2e
:105af8007b691b6e43f080627b691a6628f06efa38
:105b080000bf1837bd4680bda104010180b584b02f
:105b180000af78607b681b68fb60f868fef7c6ff1b
:105b280028f042fafb681b6e43f00062fb681a66b5
:105b3800fb681b6e43f00102fb681a6628f04efaf8
:105b480000bf1037bd4680bd80b584b000af786017
:105b58007b681b68fb60fb681b6e002b1adafb680e
:105b68001b6e03f08043002b14d028f01dfafb684d
:105b78001b6e23f00042fb681a6628f02ffa07f123
:105b880008037a681a6007f108030422084901200b
:105b98002ff01dfe28f008fafb681b6e23f08042e8
:105ba800fb681a6628f01afa00bf1037bd4680bd98
:105bb8005404010180b400af264b03f5b0530c33f5
:105bc8001b68c3f3c053dbb2002b07d0214b03f58e
:105bd800b15310331a8842f008021a801d4b03f59e
:105be800b0530c331b68c3f38053dbb2002b07d0d0
:105bf800184b03f5b15310331a8842f004021a8087
:105c0800144b03f5b0530c331b68c3f34053dbb29a
:105c1800002b07d00f4b03f5b15310331a8842f00d
:105c280002021a800b4b03f5b0530c331b68c3f305
:105c38000053dbb2002b07d0064b03f5b1531033ea
:105c48001a8842f001021a8000bfbd465df8047b45
:105c5800704700bf0024014180b584b000af786070
:105c68007b681b68fb60fb681b6e03f48073002b6a
:105c780076d0fb681b6e03f40063002b05d17868af
:105c8800fff767fe0346002b69d129f079fa364af7
:105c9800d36a43f40033d362334ad36a6ff3514370
:105ca800d362314ad36c43f40033d3642e4ad36ca5
:105cb8006ff35143d3642c4ad36c43f48023d364e9
:105cc800294ad36c6ff39243d364fb6893f8083383
:105cd800002b23d0fb681b6e03f08003002b12d02f
:105ce800fb6893f86430012b03d1786800f094f8ce
:105cf80009e028f059f9fb681b6e23f08072fb68f5
:105d08001a6628f06bf928f04ff9fb681b6e23f030
:105d18004002fb681a6628f061f908e0fb685b7dc1
:105d28000133dab2fb685a75f868fff77ffefb6843
:105d380093f86430012b0ed1fb681b7d03f0080338
:105d4800002b05d1fb681b7d03f01003002b02d04c
:105d58007868fff7f9fe7868fff7c8fa00e000bf37
:105d68001037bd4680bd00bf0024014180b487b014
:105d780000af78607b68d3f87831d3f8ac30c3f3e0
:105d880016037b617b689b6fc3f316033b613a691b
:105d98007b699a4203d33a697b69d31a04e03a696a
:105da8007b69d31a03f50003fb60fb68054a93423d
:105db80094bf01230023dbb218461c37bd465df8ab
:105dc800047b7047feff3f0080b584b000af786069
:105dd8000023fb7300217868fdf73af80346fb734c
:105de800fb7b7a68134493f970327e2b08d0fb7bd7
:105df8007a68134493f97032184629f0bdff05e01c
:105e0800044b93f90130184629f0b6ff00bf10374c
:105e1800bd4680bdf0b0002080b584b000af78608a
:105e28007b681b68fb6028f0bff8fb681b6e23f0db
:105e38008072fb681a66fb681b6e43f00072fb6891
:105e48001a66fb68d3f8783118462cf0bdfd28f0a7
:0c5e5800c5f800bf1037bd4680bd00bf7c
:020000040000fa
:020000040101f8
:105e640090b583b000af7860582041f087fe0246b9
:105e7400584b1a60574b1b6858220021184642f0b1
:105e84005df94ff4bc7041f079fe0246524b1a6042
:105e9400514b1b684ff4bc720021184642f04ef976
:105ea4004d4b1b684ff46172a3f80021494b1b68ea
:105eb400ff221a70474b1b68f9225a70454b1b6826
:105ec40001229a707b6803f00103002b08d1414b37
:105ed4001b681a793f4b1b6842f00e02d2b21a714a
:105ee4003c4b1b680c2283f845203a4b1a684ff050
:105ef400ff334ff01f04c2e90234364b1b680722fc
:105f04005a74344b1b6807229a74334b1b68002263
:105f140083f80a214ff088431b6c03f44053b3f514
:105f2400005f04d12b4b1b680022da7403e0294b79
:105f34001b680722da74274b1a68264b1b68d27c2d
:105f44001a75254b1b680022c3f8f420224b1a68eb
:105f540092f8f030012161f3020382f8f0301e4b15
:105f64001b68012283f8f1201b4b1b684ff4a062cd
:105f7400a3f8f220184b1b68184ac3f85021164b9b
:105f84001b68164ac3f85421134b1b68134ac3f801
:105f94005821114b1b68114ac3f85c210e4b1b6836
:105fa4000e4ac3f860210c4b1b680c4ac3f86421e9
:105fb400094b1b68094ac3f86821074b1b68074a49
:105fc400c3f86c21064905203df04efe00bf0c3796
:105fd400bd4690bd3cb2002040b20020bd7e010110
:105fe4006f79010180b582b000af786000217868d4
:105ff40016f056fe00bf0837bd4680bd80b483b09e
:1060040000af7860044b1b687a68da6400bf0c3711
:10601400bd465df8047b70473cb2002080b483b079
:1060240000af7860044b1b687a681a6500bf0c37b0
:10603400bd465df8047b70473cb2002080b586b055
:1060440002af78600023bb730023fb730ae00d4b9f
:106054001968fa7bfb7b786803448a5c1a70fb7bc3
:106064000133fb73fb7b072bf1d9074b009301230f
:1060740002221921ec2026f0b9fabb7b184610370e
:10608400bd4680bd3cb2002050810401b0b58cb047
:1060940008af78600023fb73244b1b68e0330622af
:1060a4007968184641f03cff204b1b68012283f8b5
:1060b400e6201e4b1b68d3f8503198470346002b4b
:1060c40004d01a4b1b68d3f84c31984700230022a4
:1060d400174902202ff07dfb7b681b781a467b68ea
:1060e40001331b7819467b6802331b7818467b689a
:1060f40003331b781c467b6804331b781d467b687e
:1061040005331b780693059504940390029101923c
:10611400084b0093012302221a21ec2026f066fa90
:10612400fb7b18461037bd46b0bd00bf40b200200f
:10613400010701006881040180b586b002af786070
:106144000023fb73074b0093012302221b21ec2045
:1061540026f04cfa7b6808221a70fb7b184610372d
:10616400bd4680bd9881040180b584b002af002390
:10617400fb71114b0093012302221c21ec2026f019
:1061840035fa01f035fc0346fb71fb79002b03d192
:106194000a4b00221a6009e0fb790193084b009333
:1061a40001230022ff21ec2026f020fafb79184677
:1061b4000837bd4680bd00bfa8810401e4ad0020be
:1061c400b4810401b0b58cb008af03463960fb71eb
:1061d4000023fb733b6805331b781a463b68043382
:1061e4001b7819463b6803331b7818463b68023317
:1061f4001b781c463b6801331b781d463b681b78a3
:10620400069305950494039002910192104b009318
:10621400012302221d21ec2026f0e8f9fb793968dc
:10622400184601f00dfc0346fb73fb7b002b09d0e1
:10623400fb7b0193074b009301230022ff21ec20f9
:1062440026f0d4f9fb7b18461037bd46b0bd00bf1d
:10625400c4810401b4810401b0b58cb008af034615
:106264003960fb710023fb733b6805331b781a46c6
:106274003b6804331b7819463b6803331b78184684
:106284003b6802331b781c463b6801331b781d4670
:106294003b681b7806930595049403900291019240
:1062a400104b0093012302221e21ec2026f09ef9bc
:1062b400fb793968184601f00bfc0346fb73fb7b42
:1062c400002b09d0fb7b0193074b00930123002291
:1062d400ff21ec2026f08af9fb7b18461037bd46d7
:1062e400b0bd00bff0810401b4810401f0b587b0f2
:1062f40002af78600023fb730023bb7300237b731e
:106304002f4b1b68083305227968184641f008feb4
:106314002b4b1b68d3e9022329490e684ff0ff3049
:106324004ff01f0102ea000403ea0105c6e9024531
:10633400234b1b68234a1268d3e90234c2e934347c
:106344001f4b1b68db6c002b09d01d4b1b68db6cdf
:106354001b4a12680832104698470346fb73184bd1
:106364001b681b6d002b09d0154b1b681b6d144a51
:1063740012680832104698470346bb73fb7b002b18
:1063840002d1bb7b002b01d00c237b730e4b0093fb
:10639400012302221f21ec2026f028f97b7b002b0d
:1063a40009d07b7b0193094b009301230022fd213b
:1063b400ec2026f01bf97b7b18461437bd46f0bd54
:1063c4003cb20020ccb100201c82040134820401c0
:1063d400b0b596b008afb9607a603b600346fb7312
:1063e400002387f83730bb681b781a46bb68013333
:1063f4001b781946bb6802331b781846bb68033305
:106404001b781c46bb6804331b781d46bb680533e8
:106414001b78069305950494039002910192264bf0
:106424000093012302222021ec2026f0dff83868b3
:1064340001f086fb034687f8373097f83730002b96
:1064440029d1fb7b03f00103dab23b7c62f3000346
:106454003b743b7c6ff341033b7407f1100301333e
:106464000622b968184641f05bfd07f110030733b3
:1064740010227968184641f053fd07f110031733d1
:1064840010223968184641f04bfd07f110031846f5
:1064940013f0a2fc0ae097f837300193074b0093fe
:1064a40001230022ff21ec2026f0a0f897f83730d2
:1064b40018463837bd46b0bd44820401b481040196
:1064c400b0b58cb008af03463960fb710023fb7391
:1064d4003b681b781a463b6801331b7819463b68b6
:1064e40002331b7818463b6803331b781c463b6811
:1064f40004331b781d463b6805331b7806930595ca
:1065040004940390029101921b4b009301230222f5
:106514002121ec2026f06af8fb793968184601f04d
:1065240053fb0346fb73fb7b002b15d1fb7903f074
:106534000103dab23b7a62f300033b7207f108030a
:10654400013306223968184641f0eafc07f10803d2
:10655400184613f0c1fc09e0fb7b0193074b009341
:1065640001230022ff21ec2026f040f8fb7b184693
:106574001037bd46b0bd00bf70820401b481040170
:1065840080b586b002af78600023fb73084b00939c
:10659400012302222221ec2026f028f80821786821
:1065a40039f010f8fb7b18461037bd4680bd00bf9c
:1065b4009c82040180b588b002aff860b9607a604b
:1065c4000023fb750c4b0093012302227621ec205f
:1065d40026f00cf87a68b968f8683df0c9fe0346fd
:1065e400bb82bb8a002b01d00c23fb75fb7d1846b4
:1065f4001837bd4680bd00bfa882040180b584b0b1
:1066040002af0023fb71104b0093012302222321cc
:10661400ec2025f0ebff01f02bfb0346fb71fb792b
:10662400002b02d113f0b8fc09e0fb790193074b6e
:10663400009301230022ff21ec2025f0d7fffb79f2
:1066440018460837bd4680bdb8820401b4810401f0
:1066540080b586b002af78600023fb73074b0093cc
:10666400012302222421ec2025f0c0ff7b680822ac
:106674001a70fb7b18461037bd4680bdc4820401e6
:10668400b0b58eb008af0346b9607a60fb730023df
:10669400fb75bb681b781a46bb6801331b78194627
:1066a400bb6802331b781846bb6803331b781c464f
:1066b400bb6804331b781d46bb6805331b780693ff
:1066c400059504940390029101921c4b00930123bd
:1066d40002222521ec2025f089fffb7bb9681846ae
:1066e40001f0fcfa0346fb75fb7d002b16d1fb7b06
:1066f40003f00103dab23b7c62f300033b7407f15d
:10670400100301330622b968184641f009fc07f169
:1067140010037968184613f0bffc09e0fb7d019370
:10672400074b009301230022ff21ec2025f05eff9c
:10673400fb7d18461837bd46b0bd00bfd4820401a6
:10674400b4810401b0b590b008af0346b9607a6073
:10675400fb730023bb770023fb77bb681b781a46c7
:10676400bb6801331b781946bb6802331b78184693
:10677400bb6803331b781c46bb6804331b781d4677
:10678400bb6805331b780693059504940390029126
:106794000192224b0093012302222621ec2025f0b2
:1067a40025fffb7bb968184601f0c1fa0346fb7765
:1067b400fb7f002b1dd1fb7b03f00103dab23b7d91
:1067c40062f300033b7507f1140301330622b96831
:1067d400184641f0a5fb07f11e0207f11403114608
:1067e400184613f035ffbb7f7968184613f082fc16
:1067f4000ee006220021786841f0a0fcfb7f0193a3
:10680400074b009301230022ff21ec2025f0eefe2c
:10681400fb7f18462037bd46b0bd00bf048304018a
:10682400b481040180b586b002af0346fb71002336
:10683400fb73fb790193144b00930123022227215c
:10684400ec2025f0d3fe01f09bfa0346fb73fb7b9f
:10685400002b0ad1fb79012b03d1012013f03afe5e
:106864000de0002013f036fe09e0fb7b0193074b9b
:10687400009301230022ff21ec2025f0b7fefb7bcf
:1068840018461037bd4680bd34830401b481040129
:1068940080b586b002af0346fb800023fb73fb8800
:1068a40001930b4b0093012302222821ec2025f0b5
:1068b4009dfe084b1b68fa88a3f8002100210320e1
:1068c40000f046fcfb7b18461037bd4680bd00bf78
:1068d4005483040140b2002080b586b002af7860d2
:1068e40039600023fb730b4b93f903207b681a7008
:1068f400084b93f902203b681a70074b009301235d
:1069040002222921ec2025f071fefb7b184610376a
:10691400bd4680bdf0b000206883040180b586b018
:1069240002af786039600023fb730c4b1b68b3f92a
:1069340006217b681a80094b1b68b3f908213b6860
:106944001a80074b0093012302222a21ec2025f010
:106954004dfefb7b18461037bd4680bd40b200207b
:106964007883040180b588b004af03460a46fb80ef
:106974001346bb800023fb73774b1b68fa88a3f88c
:106984000621754b1b68ba88a3f80821734bb3f929
:106994000030002b40d0724b93f90030dab26f4bc9
:1069a400b3f90030dbb2d31adbb25ab26c4b1a70b3
:1069b4006b4b93f90130dab2684bb3f90030dbb2b8
:1069c400d31adbb25ab2664b5a70654b93f9023054
:1069d400dab2624bb3f90030dbb2d31adbb25ab28b
:1069e4005f4b9a705e4b93f90330dab25b4bb3f9a9
:1069f4000030dbb2d31adbb25ab2594bda70584bbf
:106a040093f90430dab2554bb3f90030dbb2d31a40
:106a1400dbb25ab2524b1a714f4b1b68b3f90631b1
:106a2400002b0edd4c4b1b68b3f9063105334d4a80
:106a340082fb03129210db17d31a1ab2474b1a8047
:106a44000de0454b1b68b3f90631053b454a82fb13
:106a540003129210db17d31a1ab2404b1a803e4b22
:106a64001b68b3f90831002b0edd3b4b1b68b3f9ef
:106a7400083105333b4a82fb03129210db17d31a09
:106a84001ab2394b1a800de0334b1b68b3f9083145
:106a9400053b344a82fb03129210db17d31a1ab255
:106aa400314b1a802d4bb3f90030002b40d02c4bc6
:106ab40093f90030dab2294bb3f90030dbb2134456
:106ac400dbb25ab2264b1a70254b93f90130dab275
:106ad400224bb3f90030dbb21344dbb25ab2204b81
:106ae4005a701f4b93f90230dab21c4bb3f90030e1
:106af400dbb21344dbb25ab2194b9a70184b93f9b8
:106b04000330dab2154bb3f90030dbb21344dbb215
:106b14005ab2134bda70124b93f90430dab20f4bba
:106b2400b3f90030dbb21344dbb25ab20c4b1a7126
:106b3400b7f90630b7f90420029201930b4b009386
:106b4400012302222b21ec2025f050fdfb7b18466b
:106b54001037bd4680bd00bf40b2002006b1002002
:106b6400f0b000206766666608b1002094830401d3
:106b7400f0b58db008af03463960fb711346bb71a5
:106b84000023fb733b681b781a463b6801331b7870
:106b940019463b6802331b7818463b6803331b785d
:106ba4001c463b6804331b781d463b6805331b7841
:106bb4001e46bb79079306960595049403900291ab
:106bc40001921c4b0093012302222c21ec2025f07e
:106bd4000dfdfb793968184601f002f90346fb7391
:106be400fb7b002b17d1fb7903f00103dab23b7a6c
:106bf40062f300033b7207f108030133062239688c
:106c0400184641f08df9ba7907f108031146184680
:106c140013f08efc09e0fb7b0193074b00930123e7
:106c24000022ff21ec2025f0e1fcfb7b1846143701
:106c3400bd46f0bdbc830401b481040180b586b0b7
:106c440002af03460a46fb711346bb710023fb7374
:106c540003f05af9034683f00103dbb2002b02d0a0
:106c64000c23fb7349e0fb79202b20d1bb79002b4b
:106c740013d02f4b1b68db7803f03003002b09d0b3
:106c84002b4b1b681a792a4b1b6842f00102d2b2c3
:106c94001a7132e01123fb732fe0254b1b681a791c
:106ca400234b1b6822f00102d2b21a7125e0fb7952
:106cb400262b20d1bb79002b13d01d4b1b681b79cd
:106cc40003f02003002b09d0194b1b681a79184bc9
:106cd4001b6842f04002d2b21a710ee01123fb731a
:106ce4000be0134b1b681a79114b1b6822f040020e
:106cf400d2b21a7101e01123fb730e4b00930123ee
:106d040002222d21ec2025f071fcfb7b002b09d005
:106d1400fb7b0193084b009301230022ff21ec200d
:106d240025f064fcfb7b18461037bd4680bd00bfd0
:106d34003cb20020f8830401b481040180b586b01c
:106d440002af03463960fb710023fb733b68fa7999
:106d54001a700021386815f0a3ff3b6893f90020ee
:106d6400094b5a703b6893f900300193074b009329
:106d7400012302222e21ec2025f038fcfb7b18464f
:106d84001037bd4680bd00bff0b000200c84040164
:106d940080b586b002af03463960fb710023fb73f4
:106da4003b68fa791a700021386815f079ff3b685e
:106db40093f90020094b1a703b6893f90030019352
:106dc400074b0093012302222f21ec2025f00efc17
:106dd400fb7b18461037bd4680bd00bff0b00020d5
:106de4003084040180b588b004af0346fb710b46c0
:106df400bb7113467b710023fb7397f9073097f936
:106e0400062079790391029201931d4b009301238b
:106e140002223021ec2025f0e9fb7a7997f906105b
:106e240097f90730184629f0c5fa0346fb73fb7b34
:106e3400002b01d0fb7b1fe0124afb79937497f976
:106e4400072097f906301344da0f13445b105ab243
:106e54000c4bda740b4abb79137597f90530002b88
:106e640006db7b795b42dbb25ab2064b5a7502e011
:106e7400044b80225a75fb7b18461037bd4680bdf3
:106e840054840401f0b0002080b586b002af0346fc
:106e9400fb710023fb73fb790193124b00930123d5
:106ea40002223121ec2025f0a1fb00f0edff034686
:106eb400fb73fb7b002b05d10b4b1b68fa7983f822
:106ec4000a2109e0fb7b0193084b00930123002274
:106ed400ff21ec2025f08afbfb7b18461037bd46ca
:106ee40080bd00bf7c84040140b20020b481040151
:106ef40080b588b000af0346fb710023fb77012304
:106f0400bb753c4b1b681b7dfb7500233b61fb7908
:106f1400002b09d1374b1b68db7cfa7d9a420cd2db
:106f2400fb7d0133fb7508e0fb79012b05d1fb7d6b
:106f3400002b02d0fb7d013bfb752f4b1b68bb6113
:106f440028e0bb699b681b79042b04d0bb699b6850
:106f54001b79052b1bd1bb699b681b68fb60f86818
:106f640015f0befd034683f00103dbb2002b05d010
:106f74000023bb75bb699b683b6103e01d4b1b6829
:106f8400fa7d1a75bb699b68184608f0efffbb6968
:106f94001b68bb61bb69002bd3d1bb7d002b04d024
:106fa400144b1b68fa7d1a750ae0fb793b7207f1f2
:106fb400080302220821386916f04cf90346fb77ce
:106fc4000c4b1b681b7d002b02d1fb79012b0ad0d3
:106fd400084b1b681a7d074b1b68db7c9a4204d163
:106fe400fb79002b01d14323fb77fb7f1846203725
:106ff400bd4680bd3cb2002004b2002080b588b0fc
:1070040002af0346b9607a60fb730c23fb75fb7b0c
:107014000193154b0093012302223221ec2025f029
:10702400e5fa124b1b68d3f84831002b09d00f4bfb
:107034001b68d3f84831f87b7a68b96898470346e7
:10704400fb75fb7d002b09d0fb7d0193084b00935e
:1070540001230022ff21ec2025f0c8fafb7d18460d
:107064001837bd4680bd00bf9c84040140b2002097
:10707400b481040180b582b000af7860054b1b6811
:10708400e03306221946786840f04aff00bf08370b
:10709400bd4680bd40b2002080b400af044b1b68e5
:1070a40093f8e6301846bd465df8047b704700bf90
:1070b40040b2002080b483b000af0346fb71054b9f
:1070c4001b68fa7983f8032100bf0c37bd465df8cd
:1070d400047b704740b2002080b483b000af034605
:1070e400fb71054b1b68fa7983f8042100bf0c3748
:1070f400bd465df8047b704740b2002080b400af09
:10710400044b1b6893f803311846bd465df8047bb5
:10711400704700bf40b2002080b400af044b1b682e
:1071240093f804311846bd465df8047b704700bff0
:1071340040b2002080b400af044b1b68b3f80031a8
:107144001846bd465df8047b704700bf40b200207e
:1071540080b582b000af03460a46fb711346bb718b
:10716400fb79022b27d0032b48d0012b5dd1334b65
:107174001b6893f80231002b11d100f0defb2f4b7a
:107184001b6803f1e8022d4b1b68b3f80031194664
:107194002b4b03fb01f31946104620f0a1fb274bb0
:1071a4001b6893f80211254b1b68ba790a43d2b2c3
:1071b40083f802213ee0214b1b6893f80231002b37
:1071c40035d01e4b1b6893f802315ab297f906303a
:1071d400db435bb213405ab2184b1b68d2b283f83c
:1071e4000221164b1b6893f80231002b1fd1134b5d
:1071f4001b68e833184620f031fc18e00f4b1b687d
:1072040093f80231002b14d00c4b1b6803f1e802f5
:107214000a4b1b68b3f800311946094b03fb01f311
:107224001946104620f05cfb03e000bf02e000bffb
:1072340000e000bf00bf0837bd4680bd40b200205b
:1072440040420f0080b485b000af0346fb710023b9
:10725400fb73fb79db08bb73fb7903f007037b73d8
:107264000a4b1a68bb7bd35c1a467b7b22fa03f376
:1072740003f00103002b01d00123fb73fb7b1846b1
:107284001437bd465df8047b704700bf3cb2002054
:1072940080b400af044b1b6893f80a311846bd460e
:1072a4005df8047b704700bf40b2002080b400af9b
:1072b400044b1b68b3f906311846bd465df8047be0
:1072c400704700bf40b2002080b400af044b1b687d
:1072d400b3f908311846bd465df8047b704700bf1a
:1072e40040b2002080b483b000af7860054b1b68c7
:1072f4007a68c3f8402100bf0c37bd465df8047bb3
:10730400704700bf40b2002080b483b000af786003
:10731400054b1b687a68c3f8442100bf0c37bd468f
:107324005df8047b704700bf40b2002080b483b096
:1073340000af7860054b1b687a68c3f8482100bf2a
:107344000c37bd465df8047b704700bf40b2002097
:1073540080b588b000af78600023fb770023bb774b
:10736400bb7f0133bb77bb7f0a2b00f29b8007f105
:1073740008030421184638f025f9524b1b68d3f84a
:107384004431002b09d04f4b1b68d3f84431ba6801
:10739400104698470346002b6bd14a4b1b68d3f821
:1073a4004031002b09d0474b1b68d3f84031ba68f1
:1073b400104698470346002b5dd1bb68184600f081
:1073c4000afeb861bb68184600f036fe7861bb69f6
:1073d400052b52d87b69052b4fd8bb683a49184610
:1073e40000f0bafdb861bb69012b48d9bb68dbb2b8
:1073f400bb61bb681b0adbb27b61bb681b0cdbb2e5
:107404003b61bb681b0efb60ba697b699a4207d17a
:10741400ba693b699a4203d1ba69fb689a4230d08f
:10742400bb682021184600f0a9fdb861bb69182b80
:1074340029d8bb689b0e0621184600f09ffdb86151
:10744400bb69012b21d9bb68dbb2184600f03cfdb7
:10745400b861bb69022b1ad9bb689bb210211846cc
:1074640000f08cfdb861bb690b2b12d80123fb77ac
:1074740010e000bf0ee000bf0ce000bf0ae000bf58
:1074840008e000bf06e000bf04e000bf02e000bf68
:1074940000e000bffb7f83f00103dbb2002b7ff42d
:1074a4005faf00e000bffb7f83f00103dbb2002b82
:1074b40001d0064bbb60ba687b681a6000bf2037f6
:1074c400bd4680bd40b20020d6be898ef6782b9d85
:1074d40090b583b000af364b1b6803f588737b60af
:1074e400344b93f900207b685a70324b93f9012096
:1074f4007b689a702f4b93f904207b68da707b6861
:10750400181d2b4b1b68e0330622194640f008fd7a
:10751400274b1b6893f8e6207b681a70244b1b6882
:10752400b3f800217b68da82214b1b6893f80221af
:107534007b689a72204bb3f900207b68da811f4b79
:10754400b3f900207b681a82194b1b68b3f9062132
:107554007b689a82164b1b68b3f908217b685a82b0
:10756400174b1b68d3e902347a68c2e90a347b6892
:1075740003f11800124b1b6810330322194640f024
:10758400cffc0f4b1b68da7c7b68da720c4b1b68f0
:107594001a7d7b681a73064b1b6803f588733022c7
:1075a400194608482ef06bf900bf0c37bd4690bd54
:1075b40040b20020f0b0002006b1002008b1002045
:1075c4003cb200206040014490b583b000af00237a
:1075d400fb713c4b1b6803f588733b60394b1b689c
:1075e40003f588733022384918462ef048f93b6871
:1075f40093f90120354b1a703b6893f90220334b01
:107604005a703b6893f90320304b1a712d4b1b6859
:107614003a68127883f8e6202a4b1b6803f1e000ed
:107624003b6804330622194640f07afc254b1b685c
:107634003a68d28aa3f80021224b1b683a68927aee
:1076440083f802213b68b3f90e20214b1a803b6872
:10765400b3f910201f4b1a801a4b1b683a68b2f911
:107664001420a3f80621174b1b683a68b2f91220bc
:10767400a3f80821184b1a683b68d3e90a34c2e915
:107684000234154b1b6803f110003b6818330322c6
:10769400194640f045fc104b1b683a68d27ada74fc
:1076a4000d4b1b683a68127b1a753b68d3e90a34a0
:1076b400234301d11e2300e0fb7918460c37bd4655
:1076c40090bd00bf40b2002060400144f0b00020f3
:1076d40006b1002008b100203cb2002080b485b07f
:1076e40000af7860084b1b6803f58873fb60fb6888
:1076f4007a681a62fb687a68da6100bf1437bd469b
:107704005df8047b704700bf40b2002080b582b0b2
:1077140000af0023fb710d4b1b6803f588733b60be
:107724003b68db695a1e3b68da613b68db69002b06
:1077340005d13b681a6a3b68da610123fb71fff7e4
:10774400c7fefb7918460837bd4680bd40b200200d
:1077540080b58cb000af3b4630220021184640f083
:10776400edfc3b463022194603482ef088f800bf52
:107774003037bd4680bd00bf6040014480b483b053
:1077840000af7860054b1b687a68c3f84c2100bfd2
:107794000c37bd465df8047b704700bf40b2002043
:1077a40080b483b000af7860054b1b687a68c3f877
:1077b400502100bf0c37bd465df8047b704700bf05
:1077c40040b2002080b483b000af7860054b1b68e2
:1077d4007a68c3f8542100bf0c37bd465df8047bba
:1077e400704700bf40b2002080b483b000af78601f
:1077f400054b1b687a68c3f8582100bf0c37bd4697
:107804005df8047b704700bf40b2002080b483b0b1
:1078140000af7860054b1b687a68c3f85c2100bf31
:107824000c37bd465df8047b704700bf40b20020b2
:1078340080b483b000af7860054b1b687a68c3f8e6
:10784400602100bf0c37bd465df8047b704700bf64
:1078540040b2002080b483b000af7860054b1b6851
:107864007a68c3f8642100bf0c37bd465df8047b19
:10787400704700bf40b2002080b483b000af78608e
:10788400054b1b687a68c3f8682100bf0c37bd46f6
:107894005df8047b704700bf40b2002080b483b021
:1078a40000af7860054b1b687a68c3f86c2100bf91
:1078b4000c37bd465df8047b704700bf40b2002022
:1078c40080b483b000af7860054b1b687a68c3f856
:1078d400702100bf0c37bd465df8047b704700bfc4
:1078e40040b2002080b584b000af0023fb730023b6
:1078f400bb6000237b60fb7b002b19d126f0f4fcda
:10790400b86026f012fd7860bb68002b02d07b685b
:10791400002b01d10723fb73bb68002b02d0b8688e
:1079240026f0f6fc7b68002b02d0786826f0c6fdb2
:10793400fb7b18461037bd4680bd80b500af12f002
:10794400f5fb00230022034902202df042ff00bf73
:1079540080bd00bf0007010080b400af4ff4006396
:107964001846bd465df8047b704780b584b000af0f
:107974000346b9607a60fb81fb89dbb2012b08d036
:10798400022b09d0002b0bd17968b86800f00ef8ef
:1079940007e000f061fb04e0786800f097fc00e089
:1079a40000bf002318461037bd4680bd80b584b0a3
:1079b40000af786039600023fb60fff7beff0b4b1c
:1079c4001b68d3f8543198470346002b04d0074b67
:1079d4001b68d3f87031984700210320fff7b8fbe8
:1079e400fb6818461037bd4680bd00bf40b200207a
:1079f40080b582b000af0023fb71104b1b68d3f835
:107a0400643198470346002b0fd10c4b1b68d3f805
:107a1400683198470346002b07d1084b1b68d3f8fd
:107a24006c3198470346002b03d00c23fb71fb7980
:107a340000e0fb7918460837bd4680bd40b20020ff
:107a440080b584b000af03463960fb710023fb733b
:107a54001e4b1b68d3f8643198470346002b0fd1a3
:107a64001a4b1b68d3f8683198470346002b07d19b
:107a7400164b1b68d3f86c3198470346002b03d090
:107a84000c23fb73fb7b1de007f10e02fb793968c5
:107a940018461ff075f80346002b03d00023fb7330
:107aa400fb7b0fe0fb79194638681ff00df903469c
:107ab40083f00103dbb2002b03d00723fb73fb7bb2
:107ac40000e0fb7b18461037bd4680bd40b2002065
:107ad40080b584b000af03463960fb710023fb73ab
:107ae400164b1b68d3f8643198470346002b0fd11b
:107af400124b1b68d3f8683198470346002b07d113
:107b04000e4b1b68d3f86c3198470346002b02d008
:107b14000c23fb730ce0fb79194638681ff046f917
:107b2400034683f00103dbb2002b01d01223fb7365
:107b3400fb7b18461037bd4680bd00bf40b2002015
:107b440080b584b000af78600023fb730023bb735f
:107b540012f0dcfc0346002b23d01a4b1b68d3f82d
:107b6400543198470346002b17d1164b1b68d3f8a2
:107b7400583198470346002b0fd1124b1b68d3f89a
:107b84005c3198470346002b07d10e4b1b68d3f892
:107b9400603198470346002b03d00c23bb73bb7b97
:107ba4000be012f06bfc0346fb73fb7b002b03d052
:107bb4000723bb73bb7b00e0bb7b18461037bd4675
:107bc40080bd00bf40b2002080b586b000af034640
:107bd4003960fb710023bb750023fb7512f096fc22
:107be4000346002b23d0214b1b68d3f8543198470c
:107bf4000346002b17d11d4b1b68d3f85831984707
:107c04000346002b0fd1194b1b68d3f85c319847fe
:107c14000346002b07d1154b1b68d3f860319847f6
:107c24000346002b03d00c23fb75fb7d1ae0fb7984
:107c340003f00103dab23b7b62f300033b7307f109
:107c44000c03013306223968184640f069f907f13c
:107c5400160207f10c031146184612f0f9fc03460c
:107c6400fb75fb7d18461837bd4680bd40b2002029
:107c740080b582b000af0023fb7112f047fc0346cd
:107c8400002b23d0144b1b68d3f854319847034678
:107c9400002b17d1104b1b68d3f858319847034673
:107ca400002b0fd10c4b1b68d3f85c31984703466b
:107cb400002b07d1084b1b68d3f860319847034663
:107cc400002b03d00c23fb71fb7900e0fb791846f1
:107cd4000837bd4680bd00bf40b2002080b586b0e5
:107ce40000af03463960fb710023bb750023fb75ad
:107cf400fb7903f00103dab23b7b62f300033b73cd
:107d040007f10c03013306223968184640f008f9dc
:107d140007f1160207f10c031146184612f098fcfd
:107d24000346fb75fb7d18461837bd4680bd80b5fc
:107d340086b000af03463960fb710023bb75002396
:107d4400fb75fb7903f00103dab23b7b62f30003ba
:107d54003b7307f10c03013306223968184640f0df
:107d6400dff807f1160207f10c031146184612f06a
:107d74006ffc0346fb75fb7d18461837bd4680bd76
:107d840080b582b000af0023fb71144b1b68d3f89d
:107d9400543198470346002b17d1104b1b68d3f876
:107da400583198470346002b0fd10c4b1b68d3f86e
:107db4005c3198470346002b07d1084b1b68d3f866
:107dc400603198470346002b03d00c23fb71fb79e9
:107dd40000e0fb7918460837bd4680bd40b200205c
:107de40080b586b000af03463960fb710023bb75d4
:107df4000023fb7512f08afb0346002b23d0214b92
:107e04001b68d3f8543198470346002b17d11d4bf8
:107e14001b68d3f8583198470346002b0fd1194bf0
:107e24001b68d3f85c3198470346002b07d1154be8
:107e34001b68d3f8603198470346002b03d00c230a
:107e4400fb75fb7d1ae0fb7903f00103dab23b7b9f
:107e540062f300033b7307f10c0301330622396814
:107e6400184640f05df807f1160207f10c031146bd
:107e7400184612f0edfb0346fb75fb7d18461837d8
:107e8400bd4680bd40b2002080b582b000af002363
:107e9400fb71084b1b68d3f8543198470346002bf9
:107ea40003d00c23fb71fb7900e0fb7918460837fb
:107eb400bd4680bd40b2002080b400af0023184608
:107ec400bd465df8047b7047b0b48fb000af7860f6
:107ed4001f4b07f120041d460fcd0fc42b682360f0
:107ee4001c4b07f10c041d460fcd0fc42b682360f7
:107ef4007b685a08fb6813407a68d31a7b637b6af1
:107f04007a6bda403b691a4039697b6b0b40134446
:107f14007b63bb6a7a6bda407b6b1a447b691340e0
:107f24007b63fb6a7a6bda407b6b1a44bb69134050
:107f34007b633b6b7a6bda407b6b1a44fb691340bf
:107f44007b637b6b18463c37bd46b0bc704700bfb3
:107f5400b0840401c484040180b584b000af7860a7
:107f640039607a683b685340fb60f868fff7acff00
:107f7400b860bb6818461037bd4680bd80b586b072
:107f840000af786039607b6803f00103002b04d0f4
:107f94007b685b0043f0010301e07b685b007b616d
:107fa4003b68202b05d001223b6802fa03f3013b16
:107fb40001e04ff0ff333b617a687b6953403a69d3
:107fc40013407b617869fff77ffff860fb68184610
:107fd4001837bd4680bd80b487b000af78600023f9
:107fe4007b6100233b610023fb6015e00122fb68f9
:107ff4009a407b681340002b03d03b6901333b61fb
:1080040007e03a697b699a4201d93b697b610023a5
:108014003b61fb680133fb60fb681f2be6d93a69bf
:108024007b699a4201d33b697b617b6918461c37a3
:10803400bd465df8047b704780b584b000af7860be
:108044007b68db43fb60f868fff7c5ffb860bb687b
:1080540018461037bd4680bdf0b593b000af134b42
:108064001b685b7d002b1cd084233b80104b1b685a
:1080740013331c463e1d04f1200c35462346186874
:1080840059689a68db680fc5103410366445f4d11a
:10809400334622461068516803c33b4618463bf0fa
:1080a40007fe00bf4c37bd46f0bd00bf3cb2002008
:1080b40040b2002080b584b000af464b1b68083343
:1080c400bb60012025f07cfc0346fb80424b1b78ff
:1080d400002b23d10023fb7307e0fb7bba68134416
:1080e4000022da72fb7b0133fb73fb7b272bf4d971
:1080f400bb6800221a70bb6800225a70374a0921f3
:10810400012025f092fefb8843f400739bb21946cc
:10811400012025f07ffc304b01221a70bb681b78cc
:108124007b717b795b00d9b22d4b03f5c2531033bd
:108134001a6861f307021a607b790133dbb25b00d2
:10814400d9b2274b03f5c25310331a6861f30f22d7
:108154001a607b790233dbb25b00d9b2204b03f5a2
:10816400c25310331a6861f317421a607b790333e0
:10817400dbb25b00d9b21a4b03f5c25310331a6851
:1081840061f31f621a602af0fef90346dbb2013381
:10819400d9b2134b03f5b052138861f3070313806c
:1081a4000f4b03f5a15318331a686ff34d321a605d
:1081b4000b4b03f5b15304331a8842f001021a80c1
:1081c400bb681b780433dab2bb681a7000bf10377f
:1081d400bd4680bd40b2002044b20020e9810101c7
:1081e4000024014180b582b000af344b1b680833d2
:1081f4007b607b685b78fb70314b03f5a1531833cc
:108204001a6842f400521a60fa782d4b03f5c253ef
:1082140018331b68d9b27b6813440a46da72fb78b8
:108224005a1c274b03f5c25318331b68c3f30723a7
:10823400d9b27b6813440a46da72fb789a1c204b45
:1082440003f5c25318331b68c3f30743d9b27b68e1
:1082540013440a46da72fb78da1c194b03f5c2534d
:1082640018331b68c3f30763d9b27b6813440a4607
:10827400da727b685b780433dab27b685a707b68a5
:108284005b78272b13d97b6800221a707b68002245
:108294005a70002300220b4901202df09afa0a4b50
:1082a4001b685b7d022b04d1fff704ff01e0fff79d
:1082b40001ff00bf0837bd4680bd00bf40b20020ab
:1082c40000240141010501013cb20020b0b598b081
:1082d40002af7860002387f8573000233b657b4b5f
:1082e4001b6893f824300193794b009302230222f4
:1082f4007721ec2024f07af9744b1b689b6c002bdb
:108304002dd026f012f838653b6d002b24d06f4b2e
:108314001b689b6c00221a606c4b1b689b6c3a6d4b
:1083240052685a60694b1a683b6d5b68926c1a60bc
:10833400664b1b689b6c1a463b6d5a60386d25f082
:108344007cfe624b1b689b6c184625f0e1ff5f4b7b
:108354001b6800229a6402e0072387f857305d4bbc
:108364001b6800221a707b681b78002b41d0574b86
:108374001b6893f82430012b0ed141f209033b8191
:108384007b681b783b7307f1080305332022ff2128
:1083940018463ff0d3fe15e041f208033b817b68a9
:1083a4001b783b7307f1080305332022ff2118468d
:1083b4003ff0c4fe07f1080325332022ff211846ad
:1083c4003ff0bcfe7b681b783a2b74d13f4b1b6893
:1083d40093f82430012b05d13c4b1b68db6918460c
:1083e40034f0bef8394b1b689b69184634f0b8f872
:1083f40061e0364b1b6893f82430002b35d1354ba4
:108404001b6801225a7041f208033b8100233b732d
:108414002e4b1b689a6907f10d0315685468906820
:10842400d1681d605c609860d96015695469906971
:10843400d1691d615c619861d961244b1b689b699a
:1084440003f1200207f12d03156854689068d16880
:108454001d605c609860d960156954699069d16940
:108464001d615c619861d9611fe041f209033b81a0
:1084740000233b73154b1b689a6907f10d031568bc
:1084840054689068d1681d605c609860d960156913
:1084940054699069d1691d615c619861d9610b4b24
:1084a4001b68db69184634f05bf8084b1b689b6952
:1084b400184634f055f807f1080318463bf0f8fb6a
:1084c40097f8573018465837bd46b0bd3cb2002027
:1084d400d884040140b2002080b584b000af0023ea
:1084e400fb730023bb60444b1b6848337b6025f05f
:1084f400fbfe02467b681a607b681b68002b02d176
:108504000723fb7307e025f010ffb860bb68002b5e
:1085140001d10723fb73fb7b002b5fd17b681b68b6
:1085240000221a607b681b68ba6852685a60bb688c
:108534005b687a6812681a607b681b681a46bb68b5
:108544005a607b681b682d4a5a627b681b682c4af8
:108554009a627b681b680022da627b681b680022cf
:108564001a637b681b6800225a637b681b680122bc
:108574005a727b681b680022da727b681b680122ce
:108584001a737b681b6800229a737b681b6801223c
:108594005a737b681b6800225a777b681b68002229
:1085a4001a727b681b6800229a647b681b683822f5
:1085b4009a617b681b6838225a617b681b680022b9
:1085c4005a647b681b680c229a727b681b687a6801
:1085d40012681a64b86825f021fd08e07b681b68fe
:1085e400002b04d07b681b68184625f091fefb7baa
:1085f40018461037bd4680bd3cb200207d8604017c
:108604009588040180b584b002af0023fb71284b28
:108614001b681b78002b02d00c23fb712de032f079
:1086240073fd244b1b6825332021184636f0cafffe
:10863400402033f0f7fe38603b68002b02d107235b
:10864400fb711ae01b4b1b68002283f82420184b93
:108654001b6801221a70174b1b683a689a61fff76e
:108664003bff0346002b08d0114b1b6800221a70f5
:10867400386833f075ff0c23fb710f4b0093012313
:1086840002223321ec2023f0b1fffb79002b09d027
:10869400fb790193094b009301230022fd21ec2077
:1086a40023f0a4fffb7918460837bd4680bd00bf00
:1086b40040b200203cb20020e08404013482040172
:1086c40080b584b000af78601ff07cfcf860f96876
:1086d400786820f040f9034618461037bd4680bd3f
:1086e40080b58cb002aff860b9601346fb7100230b
:1086f40087f827304d4b1b681b78002b07d1fb797b
:10870400002b08d1494b1b685b78002b03d10c2349
:1087140087f827306ce0402033f084fe3862202054
:1087240033f080fef8613b6a002b02d0fb69002b1a
:1087340003d1072387f827305ae032f0e5fc3c4b9d
:108744001b68012283f82420384b1b6801221a700d
:108754002022f968386a3ff0e3fb3b6a2033202289
:10876400b96818463ff0dcfbfb79002b04d0304b92
:108774001b68304a1a6205e02d4b1a682c4b1b68a3
:1087840025321a62386afff79bff0346002b15d186
:10879400386a33f0e5fef86933f0e2fe122387f815
:1087a400273097f827303b7607f114030522224936
:1087b40001202df00ef897f8273032e01c4b1b688f
:1087c400fa699a611a4b1b683a6ada61fff784fe08
:1087d4000346002b0cd0154b1b6800221a70386a14
:1087e40033f0befef86933f0bbfe0c2387f8273064
:1087f400124b0093012302223421ec2023f0f6fed5
:1088040097f82730002b0ad097f8273001930c4ba8
:10881400009301230022fd21ec2023f0e7fe97f8ca
:10882400273018462837bd4680bd00bf40b200201f
:108834003cb20020f080040102050101f48404012b
:048844003482040175
:020000040000fa
:020000040101f8
:1088480080b596b000af786000233b657b681b6eef
:1088580003f01003002b03d03d2387f8573029e09d
:108868007b6893f86530422b05d17b6893f89d317e
:1088780087f857301ee07b6893f86530412b03d1a9
:10888800162387f8573015e07b681b6e03f4004306
:10889800002b0cd07b6893f8ac31032b03d1162343
:1088a80087f8573006e0082387f8573002e03e2360
:1088b80087f8573005233b8107f1080304333b65ec
:1088c8003b6d00221a707b681a883b6d5a803b6d9d
:1088d80097f857201a7107f1080318463bf0e6f994
:1088e80000bf5837bd4680bd80b584b000af786002
:1088f8007b68002b01d107231be07b68db881846c7
:1089080037f038fbf860fb68002b01d1022310e038
:108918007a681379012161f3051313717b680022ca
:108928001a607b6800221a817968f86801f00bffe9
:10893800002318461037bd4680bd80b483b000af11
:108948007860044a7b68136000bf0c37bd465df849
:10895800047b70478cac002080b400af034b01222d
:108968001a6000bfbd465df8047b704790ac0020dc
:1089780080b400af034b00221a6000bfbd465df80b
:10898800047b704790ac002090b585b000af002301
:10899800fb602a4b1b68002b01d1022349e002f03f
:1089a80051fab860bb68002b01d1002341e0ff20d9
:1089b80033f036fd78607b68002b02d10123fb6021
:1089c80028e0bb681969bb685b7b9bb21a4678686c
:1089d80002f0bdf8194b1c68bb68d88abb68197dc2
:1089e800bb685b7b9ab27b68a047154b1b68002b62
:1089f80002d00123fb600ae0b86802f067fa02f0cf
:108a080021fab860bb68002b00d0dae700bf7868ad
:108a180033f0a4fdfb68002b0ad00a4b1b68002b1f
:108a280006d1084b01221a60074908481ef056ff74
:108a3800002318461437bd4690bd00bf8cac0020fb
:108a480090ac002030ac0020a086010018ac0020bb
:108a580080b596b000af78600b467b8000237b65bd
:108a68001323bb8107f10c0304337b657b6d012263
:108a78001a707b681a887b6d5a807b6d7a889a8019
:108a880007f10c0318463bf011f900bf5837bd46f3
:108a980080bd80b485b000af0346fb714ff4fa7314
:108aa800fb60fb79072b2cd801a252f823f000bffa
:108ab800d98a0101e18a0101e78a0101ed8a0101f0
:108ac800f38a0101f98a0101ff8a0101058b01017d
:108ad8004ff4fa73fb6015e0fa23fb6012e096236b
:108ae800fb600fe06423fb600ce04b23fb6009e0b4
:108af8003223fb6006e01e23fb6003e01423fb60c7
:108b080000e000bffb6818461437bd465df8047bdb
:108b1800704780b586b000af786000237b61002382
:108b28003b610023fb607b6893f86430002b01d124
:108b380000234fe07b6893f8aa311846fff7a9ff96
:108b48003861264b1b681b7d1846fff7a2fff860ab
:108b58007b68b3f84a3019463a69fb68134403fb4b
:108b680001f340f2e24202fb03f37b617a691c4b9a
:108b7800a3fb02139b0c1b4901fb03f3d31a002b25
:108b880007d07b69164aa2fb03239b0c01337b6148
:108b980005e07b69124aa2fb03239b0c7b617b687f
:108ba80093f86630212b03d17b6903f28d137b6127
:108bb8007b68b3f84a301a4640f2712303fb02f38c
:108bc800963bbb607a69bb689a4202d3bb68013b9b
:108bd8007b617b6918461837bd4680bd3cb20020d2
:108be80083de1b4340420f0080b588b000aff860b9
:108bf800b9607a600023fb617b68002b0ed0fb68ac
:108c080093f847301a4640f2e24303fb02f3bb6194
:108c1800bb6903f12002fb68da6716e0fb6893f88a
:108c280047301a4640f2e24303fb02f303f2722391
:108c3800bb61bb6903f11002fb68da67fb68b3f834
:108c48004830002b01d00123fb61f868fff761ff72
:108c580078617a69d3081949a1fb03139b084ff47b
:108c68009c7101fb03f3d31afa68d3667b69db08ae
:108c7800124aa2fb03239a08fb681a67fb6893f859
:108c88006430002b07d1bb689a1cfb689a65fb68a7
:108c98006422da670ee0ba68fb69d21afb689a6543
:108ca800fb68da6ffb6940f2722101fb03f31a4497
:108cb800fb68da6700bf2037bd4680bd1ba4411a98
:108cc80080b487b000af78601b4b1b687b6128e0dd
:108cd8007b699b681b79043b012b1cd87b699b68cb
:108ce8001b683b613b6993f843301a063b6993f86c
:108cf80042301b041a433b6993f841301b0213436b
:108d08003a6992f840201343fb607a68fb689a42fc
:108d180003d1012309e000bf00e000bf7b691b68a5
:108d28007b617b69002bd3d1002318461c37bd46d5
:108d38005df8047b704700bf04b2002080b588b09e
:108d480002af03463960fb800023fb75fb88184699
:108d580037f010f938613b69002b02d10223fb750b
:108d68001fe03b691b68fb60fb6893f850203b6879
:108d78001a703b680133fa6892f851201a703b6800
:108d88000233fa6892f852201a703b680333fa6883
:108d980092f853201a703b680433fa6892f854200a
:108da8001a700d4b0093012302223521ec2023f089
:108db8001bfcfb7d002b09d0fb7d0193074b009327
:108dc80001230022fd21ec2023f00efcfb7d184638
:108dd8001837bd4680bd00bf142d0501282d05019b
:108de80080b584b002af786039607b68fb221a8056
:108df800094b1b6893f94530dab23b681a70074b88
:108e08000093012302223621ec2023f0edfb0023fe
:108e180018460837bd4680bd3cb20020382d0501f4
:108e280080b58ab002af0346b9607a60fb8100233f
:108e3800fb77fb89184637f09df8b861bb69002bb2
:108e480008d1bb68ff221a707b68ff221a700223c0
:108e5800fb772ee0bb691b687b617b6993f8673001
:108e6800122b08d0122b02db213b022b07d9bb683f
:108e780001221a7007e0bb6802221a7003e0bb687f
:108e880003221a7000bf7b6993f86630122b08d052
:108e9800122b02db213b022b07d97b6801221a70b7
:108ea80007e07b6802221a7003e07b6803221a70cd
:108eb80000bf0d4b0093012302223721ec2023f041
:108ec80093fbfb7f002b09d0fb7f0193074b00939b
:108ed80001230022fd21ec2023f086fbfb7f1846ae
:108ee8002037bd4680bd00bf502d0501282d050146
:108ef80080b584b002af0346fb710b46bb711346c5
:108f08007b710c4b1b68fa791a740a4b1b68ba7987
:108f18005a74084b1b687a799a74074b009301239b
:108f280002223821ec2023f05ffb00231846083783
:108f3800bd4680bd3cb20020602d050180b584b0df
:108f480002af786039600a4b1a887b681a80094b2f
:108f58001a883b681a80084b0093012302223921a2
:108f6800ec2023f041fb002318460837bd4680bd9e
:108f780034ac002036ac0020782d050180b584b0d3
:108f880002af03460a46fb801346bb80094afb88aa
:108f98001380094abb881380084b009301230222df
:108fa8003a21ec2023f020fb002318460837bd4661
:108fb80080bd00bf34ac002036ac00209c2d0501dc
:108fc80080b586b002aff860b9607a603b60fb6834
:108fd800fb221a80bb6840f648021a807b68fb2295
:108fe8001a803b6840f648021a80064b009301231a
:108ff80002223b21ec2023f0f7fa00231846103711
:10900800bd4680bdc02d050180b588b002af0346be
:109018003960fb800023fb75fb88184636f0aafff1
:1090280038613b69002b02d10223fb7507e03b69dd
:109038001b68fb60fb6893f91b203b681a700d4b9b
:109048000093012302223d21ec2023f0cdfafb7d81
:10905800002b09d0fb7d0193074b009301230022cd
:10906800fd21ec2023f0c0fafb7d18461837bd46d9
:1090780080bd00bfe02d0501282d050180b582b017
:1090880000af0023fb71214b1b7803f00103002b79
:1090980037d11e4b1b7843f00103dab21b4b1a7011
:1090a8001b4b1b221a801b4b4ff4a4721a8001f031
:1090b80030f80346fb71fb79002b01d0fb7921e0e6
:1090c8001822002114483ff037f8134b0022da60c9
:1090d800114a137a012161f3020313720e4b012224
:1090e8005a720d4b40f261425a810c4b00221a60b1
:1090f8000b4904203af0b6fd06f050fc0948fef78b
:1091080001f9fb7918460837bd4680bd94ac0020ac
:1091180034ac002036ac002018ac002030ac002065
:10912800419b0101c98c010180b584b000af786012
:109138000023fb7325f0f7f8b860bb68002b01d15a
:109148000723fb73fb7b002b19d17b68d3f878319d
:1091580000221a607b68d3f87831ba6852685a607e
:10916800bb685b687a68d2f878211a607b68d3f8a4
:1091780078311a46bb685a60b86824f05cfffb7bfc
:1091880018461037bd4680bd80b487b000af786000
:109198004e4b1b681b891a464c4b1b685b89134452
:1091a8007b6100233b617b68b3f84a301a4640f282
:1091b800e24303fb02f3fb607b6893f86730122bf2
:1091c8000dd0222b15d0112b1ed17b68b3f89e3100
:1091d800db001a467b691344e6337b611fe07b683a
:1091e800b3f89e319b001a467b691344c2337b61f6
:1091f80015e07b68b3f89e311b011a467b6913445e
:1092080003f519737b610ae07b68b3f89e319b0113
:109218001a467b69134403f266337b6100bf7b689f
:1092280093f86630122b08d0222b0bd0112b0ed1bd
:109238007b6903f5e6737b610ee07b6903f5c27316
:109248007b6109e07b6903f599637b6104e07b69d5
:1092580003f2cc637b6100bf1c4b1b681b891a4659
:109268001a4b1b685b8913441a467b699a1a7b68f8
:10927800c3f894207b695b005b083b61fa687b69f3
:109288009a4204d27b680022c3f88c2005e0fa6871
:109298007b69d21a7b68c3f88c20fa683b699a42ca
:1092a80004d27b680022c3f8902005e0fa683b6985
:1092b800d21a7b68c3f890207b680022c3f8882004
:1092c80000bf1c37bd465df8047b704784b20020a0
:1092d800f0b587b000aff860b9607a60fb681b68ca
:1092e8007b617b69184600f025fff86806f074fb7f
:1092f8007b6900221a757b6900225a757b69ba68f6
:10930800144603f1340604f1200c35462346186848
:1093180059689a68db680fc5103410366445f4d173
:10932800324623461b881380f8682af0dff87b69e9
:1093380093f84730002b03d17b69012283f847203b
:10934800fb681b79042b04d17b69002283f8642015
:1093580007e0fb681b79052b03d17b69012283f8a1
:1093680064207b6900221a667b690022c3f8842185
:109378007b690022c3f888217b69ff229a777b6981
:10938800ff22da777b69ff2283f820207b69ff229e
:1093980083f821207b69002283f822207b69002240
:1093a80083f823207b69012283f824207b6993f8c2
:1093b8006430002b08d17b69002283f825207b6963
:1093c800002283f826200ce07b6993f86430012b97
:1093d80007d17b69012283f825207b69002283f865
:1093e80026207b6902225a767b69ff2283f829208e
:1093f8007b69002283f82a207b69002283f82b20ce
:109408007b6900221a637b69ff229a757b69ff22b8
:10941800da75002279687869fff7e6fb7b69002234
:109428005a677b6900229a677b690622c3f8802005
:109438007b690622c3f884207869fff7a5fe7b695b
:109448000022a3f898207b6993f8a830002b34d128
:109458007b69002283f8aa207b69002283f8b42064
:109468007b6993f85530c3f30403dbb21a467b6972
:1094780083f8ab207b6993f850207b6983f8ac2094
:109488007b6993f851207b6983f8ad207b6993f859
:1094980052207b6983f8ae207b6993f853207b695f
:1094a80083f8af207b6993f854207b6983f8b02058
:1094b8007b690122a3f8b2203ce07b6993f8433032
:1094c8001a067b6993f842301b041a437b6993f8a8
:1094d80041301b0213437a6992f840201a437b6992
:1094e800c3f8b8207b69002283f8bc207b6993f815
:1094f80050207b6983f8bd207b6993f851207b69f4
:1095080083f8be207b6993f852207b6983f8bf20db
:109518007b6993f853207b6983f8c0207b6993f8b3
:1095280054207b6983f8c1207b69b3f898207b6954
:10953800a3f8c2207b691b22a3f89e217b691b220a
:10954800a3f8a2217b694ff4a472a3f8a0217b6938
:109558004ff4a472a3f8a4217b69002283f8a62102
:109568007b69002283f8a7217b69002283f8a82160
:109578007b69002283f8a9217b690022c3f8a02017
:109588007b690022c3f8a4207b690022c3f87821f4
:109598007b690022c3f87c217b690022c3f8802103
:1095a8007b69002283f89c217b6993f85530c3f3cb
:1095b8004213dbb21a467b6983f8aa217b6903222e
:1095c80083f89c20002318461c37bd46f0bd80b5a3
:1095d80082b000af7860786836f048fd00bf083781
:1095e800bd4680bd80b586b000aff8600b467a6096
:1095f800fb72fb681b687b617b69c433b422002162
:1096080018463ef099fd7b69c433f97a7a68f868a0
:1096180000f004f800bf1837bd4680bd90b589b08a
:1096280000aff8607a603b600b46fb72fb681b6812
:10963800fb610023bb6124f076feb861bb69002b97
:1096480000f0a9803b6800221a60bb695a683b6831
:109658005a60bb695b683a681a603a68bb695a60c5
:10966800fb693a68c3f878213b684d4ada623b687f
:109678004c4a5a623b684c4a9a623b684b4a1a63a6
:109688003b6801225a723b6801229a73fb699a6d02
:109698003b681a613b683a681a643b680122da72cf
:1096a8003b6801221a733b6801225a733b68012206
:1096b8005a773b6800221a723b6800229a64fb6959
:1096c800b3f84a30dbb25b00fb75fb69d3f878313d
:1096d800fa7d9a61f869faf779fb0346fb75fb692d
:1096e800d3f87831fa7d5a61fb69b3f84a301a46e3
:1096f80040f2e24303fb02f31a463b685a643b68b4
:10970800fa7a9a727b68002b06d13b6800221a8786
:109718003b680022da6308e07b681b689ab23b6802
:109728001a877b685a683b68da633b68fa681a628a
:10973800fb6993f86530122b2ad1fb6993f86430e2
:10974800002b25d1fb6993f847301a4640f2e243d3
:1097580003fb02f318463ef059fb4ff00002144b8e
:109768003ef06afd03460c46184621463ef03cfb97
:109778000346bb82fb69b3f84a301a4640f2e2431b
:1097880003fb02f31a46bb8a1946386824f026ff01
:10979800b86924f041fc00bf2437bd4690bd00bf26
:1097a8007d5001011550010151500101fda0010139
:1097b8000088834080b483b000af78607b68d3f8ba
:1097c8007831002b01d1012304e07b680022c3f823
:1097d8007821002318460c37bd465df8047b704796
:1097e80080b588b000af78607b681b68fb61fb6957
:1097f800db6dbb61bb69db687b61fb69b3f84a2041
:109808007b699b889a420dd1fb69b3f84c207b6930
:10981800db889a4206d1fb69b3f84e207b691b8925
:109828009a4203d0fb69032283f89c207b691a784b
:10983800fb6983f847207b695a88fb69a3f84820ad
:109848007b699a88fb69a3f84a207b69da88fb69f7
:10985800a3f84c207b691a89fb69a3f84e20fb69a1
:109868009b6d01221946f869fff7bef9fb691b6e6b
:1098780023f00102fb691a66fb6900225a67fb693b
:1098880000229a67fb69b3f84e30db00fa69b2f838
:109898004a2093fbf2f31a46fb69c3f88020f86963
:1098a800fff772fcfb69d3f878311b8ffb60fb690b
:1098b800d3f87831db6b3b61f869fff77bfffb6915
:1098c800c433b422002118463ef036fcfb69c43389
:1098d80007f10c020c217868fff7a0fefb69002253
:1098e800c3f87c21fb691b6e23f00402fb691a662e
:1098f800fb691b6e43f00802fb691a6600bf20373c
:10990800bd4680bd80b586b000af786039607b68a1
:109918001b687b617b690c333b613b691b68fb609f
:109928007b6993f86430002b01d128f0e7fa786955
:10993800fef786ff3b68002b02d07869fff73afff5
:10994800fb68002b02d0f86801f009fb7b69002155
:10995800184600f06eff7b690121184600f069ff88
:10996800b860bb68002b05d0bb689bb21946786904
:10997800fff76ef8786806f0a5f97b691b8818462a
:1099880000f082fb7868fff722fe00bf1837bd465b
:1099980080bd80b584b000af786007f10c037a68a9
:1099a8001a6007f10c030422034902202bf00fff71
:1099b80000bf1037bd4680bd8106010080b584b068
:1099c80000af786007f10c037a681a6007f10c039e
:1099d8000422044902202bf0fafe00bf1037bd46ce
:1099e80080bd00bf8206010080b584b000af7860fa
:1099f8000b46fb707b681b68fb60fb68fa7883f892
:109a08009d21fb78162b03d17868fff7c2ff02e08f
:109a18007868fff7d3ff00bf1037bd4680bd80b51b
:109a280084b000af78607b680121184600f0b8fe6a
:109a3800f860fb68002b06d0fb689bb21946786873
:109a4800fff706f800e000bf1037bd4680bd80b4c0
:109a580083b000af78603960002318460c37bd46e4
:109a68005df8047b704780b586b000af786000234e
:109a78007b6101f0f3f938613b69002b3fd0ff208f
:109a880032f0cefcf860fb68002b02d101237b6129
:109a980026e03b6919693b695b7b9bb21a46f8680b
:109aa80001f055f83b695b7bfa681946786806f05f
:109ab8003dfb034683f00103dbb2002b02d00123f8
:109ac8007b610ae0386901f017fa01f0c7f93861db
:109ad8003b69002b00d0dce700bff86832f03efda0
:109ae8007b69002b0cd0084b1b68002b08d1064b58
:109af80001221a60054906481df0f0fe00e000bf8b
:109b08001837bd4680bd00bf30ac0020a0860100dc
:109b180018ac002080b582b000af7860054b0022f9
:109b28001a607868fff79ffffef72eff00bf08371f
:109b3800bd4680bd30ac002080b590b004af034670
:109b4800b9607a60fb81bb681b68bb62002387f839
:109b58002f30fb89612b62d0612b0fdc412b2cd07d
:109b6800412b04dc133b012b00f22f81c4e0542b62
:109b78003dd0602b57d0522b35d026e1a12b00f0d9
:109b8800f980a12b07dc812b13d0a02b00f0d88003
:109b9800802b0ad019e1f12b00f0e580f22b00f0c0
:109ba800ca80a22b00f0ec800fe1b86afef748feed
:109bb80014e1b868fff7edfe10e17b681b687b6273
:109bc800bb6a1b881a467b6a5b8902930192864ba3
:109bd8000093012302223e21ec2022f005fdb86a01
:109be800fff71dfffae0b868fff73dfff6e0bb6a34
:109bf800d3f8843103f00103002b00f0e880bb6a3e
:109c0800d3f8843123f00102bb6ac3f88421bb6a0c
:109c180093f8b3311946b868fff7e6fed7e0b8689d
:109c2800fff778ffdae07b683b623b6a1b681b68da
:109c3800bb623b6a9b7a032b2bd1bb6a1b881a46f3
:109c48003b6a5b681b7802930192684b009301237f
:109c580002223f21ec2022f0c7fc386a01f0a2f86a
:109c6800034687f82f3097f82f30002b40f0b1804b
:109c78003b6a5b681b78022b07d1bb6ad3f8843137
:109c880043f00102bb6ac3f88421b868fff7ebfe12
:109c9800a4e0bb6a1b881a463b6a5b7a029301926e
:109ca800534b0093012302224021ec2022f09cfc1c
:109cb800386a01f01cf8034687f82f3097f82f30e0
:109cc800002b40f08880bb6a93f8a931002b10d094
:109cd80001f0b8f8f861f86901f0f8f8bb6a1b6e92
:109ce80043f01002bb6a1a663d21b868fff77cfe94
:109cf80074e0fef749fe71e0bb681b68bb61bb6995
:109d080093f86530403b022b0ad8fb89132b0cbf14
:109d180001230023dbb21946b868fff7f3fd09e019
:109d2800bb691b6e03f00403002b02d0b868fff771
:109d380057fd00bf52e07968b868fff788fe4de02c
:109d4800b86801f024f978617b69002b07d079693c
:109d5800b86806f016fa786901f001f93ee00723c1
:109d680087f82f303ae0b86afff7def9034687f83c
:109d78002f3033e0bb6a1b8818460ef01bff2de01e
:109d8800bb6a93f8ac31112b27d0bb6a93f8ae317c
:109d9800112b22d0012387f82e30bb6ad3f8ec327e
:109da800002b0ad0bb6ad3f8ec323b613b691b79c4
:109db800012b02d1002387f82e3097f82e30002b84
:109dc8000bd0b86801f006f907e000bf06e000bf55
:109dd80004e000bf02e000bf00e000bf97f82f30aa
:109de80018463037bd4680bdf02d0501142e0501fb
:109df8003c2e050180b586b000aff860b9607a6086
:109e0800fb681b687b617a68b968f868fff760fad5
:109e18007b69122283f8652000220b21f868fff77e
:109e2800e1fb28f02df800bf1837bd4680bd80b58e
:109e380086b000aff860b9607a60fb681b687b6128
:109e48007a68b968f868fff743fa7b69122283f8e1
:109e5800652000220b21f868fff7c4fb00bf183704
:109e6800bd4680bd80b582b000af1b4b1b7803f0a8
:109e78000603002b2cd1194b00221a700023fb710a
:109e880023e0fa79164913469b0013445b000b4400
:109e98004ff470621a80fa79114913469b001344f3
:109ea8005b000b44023300221a70fa7913469b00b8
:109eb80013445b000a4a1344033306220021184660
:109ec8003ef03af9fb790133fb71fb79072bd8d9be
:109ed80000bf0837bd4680bd94ac002038ac0020d8
:109ee8003cac002080b400af054b1b78072b01d891
:109ef800002300e001231846bd465df8047b704747
:109f080038ac002080b400af054b1b78002b01d182
:109f1800012300e000231846bd465df8047b704726
:109f280038ac002080b584b000af03463960fb71bf
:109f38000023fb732be0fa7b194913469b0013445b
:109f48005b000b441b88b3f5706f1dd0fa7b144976
:109f580013469b0013445b000b4402331b78fa79c9
:109f68009a4211d1fa7b13469b0013445b000c4aba
:109f7800134403330622194638683df0c1ff0346ef
:109f8800002b01d1012306e0fb7b0133fb73fb7b34
:109f9800072bd0d9002318461037bd4680bd00bf17
:109fa8003cac002080b400af034b1b781846bd467c
:109fb8005df8047b704700bf38ac002080b584b0e2
:109fc80000af03463a60fb800b467b710023fb73ae
:109fd800fff788ff0346002b01d00923fb737b7929
:109fe80039681846fff79eff0346002b01d00b2364
:109ff800fb73fb7b002b3dd10023bb7335e0ba7ba1
:10a008001f4913469b0013445b000b441b88b3f5a0
:10a01800706f27d1ba7b1a4913469b0013445b0023
:10a028000b44fa881a80ba7b154913469b001344df
:10a038005b000b4402337a791a70ba7b13469b0093
:10a0480013445b000e4a134403330622396818464a
:10a058003df064ff0b4b1b780133dab2094b1a70e1
:10a06800fb7b08e0bb7b0133bb73bb7b072bc6d9eb
:10a078001f23fb73fb7b18461037bd4680bd00bf0e
:10a088003cac002038ac002080b485b000af03465b
:10a09800fb800023fb731fe0fa7b144913469b00e7
:10a0a80013445b000b441b88fa889a4211d1fa7b4f
:10a0b8000e4913469b0013445b000b444ff4706237
:10a0c8001a800b4b1b78013bdab2094b1a7000233c
:10a0d80006e0fb7b0133fb73fb7b072bdcd90223f8
:10a0e80018461437bd465df8047b70473cac002029
:10a0f80038ac002080b582b000af786039603a682b
:10a1080079681320fff718fd034618460837bd463f
:10a1180080bd80b500af054b0b221a70044bcd22d1
:10a128001a8000f0cffd0346184680bd95ac00208c
:10a1380096ac002080b483b000af78607b680022c2
:10a148005a607b6800229a607b680022da607b682c
:10a1580003f10c027b681a6100bf0c37bd465df83d
:10a16800047b704780b483b000af78607b680022be
:10a178001a607b687a685a6000bf0c37bd465df884
:10a18800047b704780b483b000af786039603b6867
:10a1980000221a607b685b683a681a607b683a68d4
:10a1a8005a6000bf0c37bd465df8047b704780b528
:10a1b80084b000af7860396023f0affef86039688a
:10a1c8007868fff7dffff86823f0bcfe00bf1037a0
:10a1d800bd4680bd80b483b000af786039607b68cd
:10a1e8001b68002b0ad13b6800221a607b685b68f9
:10a1f8003a681a607b683a685a6006e07b681a68b1
:10a208003b681a607b683a681a6000bf0c37bd4625
:10a218005df8047b704780b584b000af7860396022
:10a2280023f07bfef86039687868fff7d3fff86899
:10a2380023f088fe00bf1037bd4680bd80b485b0ce
:10a2480000af78607b681b68002b01d1002314e005
:10a258007b681b68fb607b681b681b68002b06d14a
:10a268007b6800221a607b687a685a6004e07b6821
:10a278001b681a687b681a60fb6818461437bd4665
:10a288005df8047b704780b584b000af786023f038
:10a2980044fef8607868fff7d1ffb860f86823f0eb
:10a2a80051febb6818461037bd4680bd80b483b0e8
:10a2b80000af78607b6800221a607b687a685a6011
:10a2c80000bf0c37bd465df8047b704780b483b08f
:10a2d80000af786039603b6800221a607b685a6872
:10a2e8003b685a607b685b683a681a607b683a68c2
:10a2f8005a6000bf0c37bd465df8047b704780b5d7
:10a3080084b000af7860396023f007fef8603968e0
:10a318007868fff7dbfff86823f014fe00bf1037fa
:10a32800bd4680bd80b483b000af786039607b687b
:10a338001b68002b0ed13b6800221a607b685a68a4
:10a348003b685a607b685b683a681a607b683a6861
:10a358005a600de07b681a683b681a603b687a6847
:10a368005a607b681b683a685a607b683a681a606a
:10a3780000bf0c37bd465df8047b704780b584b0dc
:10a3880000af7860396023f0c8fdf86039687868f4
:10a39800fff7c8fff86823f0d5fd00bf1037bd46aa
:10a3a80080bd80b485b000af78607b681b68002be7
:10a3b80001d1002319e07b681b68fb607b681b6880
:10a3c8001b68002b06d17b6800221a607b687a68bc
:10a3d8005a6009e07b681b681b687a685a607b686a
:10a3e8001b681a687b681a60fb6818461437bd46f4
:10a3f8005df8047b704780b584b000af786023f0c7
:10a408008cfdf8607868fff7ccffb860f86823f037
:10a4180099fdbb6818461037bd4680bd80b485b02d
:10a4280000af78607b681b68002b01d1002313e024
:10a438007b681b68002b02d07b685b6800e0002308
:10a44800fb607b685b685b6800221a607b685b68fe
:10a458005a687b685a60fb6818461437bd465df831
:10a46800047b704780b584b000af786023f055fd59
:10a47800f8607868fff7d2ffb860f86823f062fdeb
:10a48800bb6818461037bd4680bd80b483b000afa6
:10a49800786039607b681b68002b03d17b683a6859
:10a4a8001a6003e07b681b687b60f3e700231846ab
:10a4b8000c37bd465df8047b704780b483b000afad
:10a4c80078607b68002b01d1002310e07b68002bab
:10a4d80009d07b681a897b685b899a4205d17b68b9
:10a4e8001b687b60f2e700bf00e000bf7b6818468e
:10a4f8000c37bd465df8047b704780b485b000af6b
:10a5080078607b68fb607b681b68bb600ee0bb689b
:10a518001b79002b05d0bb681a68fb681a60bb68fa
:10a5280008e0bb68fb60bb681b68bb60bb68002bae
:10a53800edd1002318461437bd465df8047b7047fb
:10a5480080b485b000af78607b681b68fb60fb68ef
:10a55800002b0bd0fb681a89fb685b899a4205d1ee
:10a56800fb681a687b681a60fb6800e000231846dd
:10a578001437bd465df8047b704780b485b000afe2
:10a5880078607b681b68fb60fb68002b05d0fb6864
:10a598001a687b681a60fb6800e0002318461437c5
:10a5a800bd465df8047b704780b483b000af786027
:10a5b80039607b681a683b681a607b683a681a6079
:10a5c80000bf0c37bd465df8047b704780b586b088
:10a5d80000af786000237b617b681b683b613b6947
:10a5e800002b0bd07b6901337b613b69fb603b69c6
:10a5f8001b683b61f86800f055f8f0e700bf7b681e
:10a6080000221a607b6918461837bd4680bd80b5a0
:10a6180086b000af786000237b617b681b683b6174
:10a628003b69002b14d03b691a893b695b899a42c4
:10a6380010d13b69fb607b6901337b613b691b6817
:10a648003b617b683a691a60f86800f02bf8e7e725
:10a6580000bf00e000bf7b683a691a607b69184652
:10a668001837bd4680bd80b485b000af78607b6880
:10a678001b68fb60fb68002b01d100230ce0fb6822
:10a688001a89fb685b899a4205d1fb681a687b685e
:10a698001a60fb6800e0002318461437bd465df8d1
:10a6a800047b704780b582b000af786078683df071
:10a6b8006ffa002318460837bd4680bd80b584b0c0
:10a6c80000af03463960fb713b680c3318463df018
:10a6d80053faf860fb68002b01d1002313e0fb79e3
:10a6e80003f00303d9b2fa68137961f30513137100
:10a6f800fb6800221a81fb6800221a603b689ab244
:10a70800fb685a81fb6818461037bd4680bd80b586
:10a7180084b000af786039603b681b7903f0300380
:10a72800dbb2002b03d17b680433fb6002e07b685b
:10a738000833fb603968f868fff7a7fe002318465e
:10a748001037bd4680bd80b584b000af78603960f1
:10a758007b681b68fb603968f868fff7d8ff034619
:10a7680018461037bd4680bd80b584b000af03469b
:10a778003960fb80fb88184635f0fcfbf860fb6805
:10a78800002b01d1022307e0fb681b68bb60396816
:10a79800b868fff7bcff034618461037bd4680bdb2
:10a7a80080b584b000af78600b46fb70fb78002b57
:10a7b80003d17b680433fb6002e07b680833fb60ed
:10a7c800f868fff724ff034618461037bd4680bdda
:10a7d80080b584b000af78600b46fb70fb78002b27
:10a7e80003d17b680433fb6002e07b680833fb60bd
:10a7f800f868fff738ff034618461037bd4680bd96
:10a8080080b584b000af78600b46fb70fb781946c2
:10a818007868fff7ddfff860fb68002b01d10023a3
:10a8280003e0f868fff73eff012318461037bd46de
:10a8380080bd80b584b000af78600b46fb70fb78b4
:10a84800002b03d17b680433fb6002e07b6808338c
:10a85800fb60f868fff7bafe034618461037bd4696
:10a8680080bd80b584b000af78607b685b681846af
:10a87800fff723fef860fb68002b01d0fb6806e0b9
:10a888007b689b681846fff718fef860fb68184657
:10a898001037bd4680bd80b500af40f2016031f091
:10a8a800bffd0246244b1a60234b1b68002b01d1c5
:10a8b80007233ee0204b1b6803f5c0631e4a536024
:10a8c8001d4b1b6899b21d4a536a61f30f0353620b
:10a8d800194b5b6899b2194a936961f30f03936145
:10a8e800154b00229a60144b4ff4c062da60124b89
:10a8f800da68114b9b689a4205d30f4bda680e4b06
:10a908009b68d31a06e00c4bda680b4b9b68d31a8a
:10a9180003f20163084a1361ff2031f081fd02460a
:10a92800054b5a61044b5b69002b01d1072300e0fa
:10a938000023184680bd00bf98ac002000240141c8
:10a9480080b400af0c4bda680b4b9b689a4205d376
:10a95800094bda68084b9b68d31a06e0064bda689d
:10a96800054b9b68d31a03f20163034a136100bfc6
:10a97800bd465df8047b704798ac002080b500aff9
:10a98800fff7deff014b184680bd00bf98ac0020e2
:10a9980080b400af044b1a68034b9b6813441846f5
:10a9a800bd465df8047b704798ac002080b400afca
:10a9b800044b1a68034b9b6813441846bd465df860
:10a9c800047b704798ac002080b485b000af7860f5
:10a9d8000023fb60124b1a697b68d31a104a136173
:10a9e8000f4b9a687b681344b3f5c06f0ad90c4bb8
:10a9f8009a687b681344a3f20163094a93600123b0
:10aa0800fb6005e0064b9a687b681344044a936030
:10aa1800fb6818461437bd465df8047b704700bfd5
:10aa280098ac002080b483b000af78600c4bda6833
:10aa38007b681344b3f5c06f06d9094bda687b68a5
:10aa48001344a3f2016303e0054bda687b681344ff
:10aa5800034ad36000bf0c37bd465df8047b7047de
:10aa680098ac002080b485b000af786039600f4b97
:10aa78001b687a68d31afb60fa683b681344b3f51d
:10aa8800c06f05d9fa683b681344a3f2026303e078
:10aa9800fa683b681344013bbb60044abb68d36057
:10aaa80000bf1437bd465df8047b704798ac0020a2
:10aab80080b483b000af78600e4b1a697b6813448a
:10aac8000c4a13610b4b9b687a689a4204d8094b6d
:10aad8009a687b68d31a05e0064b9a687b68d31a94
:10aae80003f20163034a936000bf0c37bd465df86b
:10aaf800047b704798ac002080b487b000aff86042
:10ab0800b9607a6000237b61fa68bb681344b3f5c7
:10ab1800c06f0bd9fa68bb681344a3f201633b61a9
:10ab2800fb68c3f5c06301337b6103e0fa68bb6867
:10ab380013443b617b68002b02d07b687a691a60fa
:10ab48003b6918461c37bd465df8047b704780b5e5
:10ab580086b000aff860b9601346fb80fff70effc0
:10ab68003861fb88fb820023bb82fb88013bba6803
:10ab78001a443b695b689a420ad93b695a68bb68c0
:10ab8800d31a9bb20133fb82fa88fb8ad31abb82a1
:10ab9800fb8a1a46b968f8683df0c0f9bb8a002bf1
:10aba80008d0fb8afa68d0183b691b68ba8a19462c
:10abb8003df0b4f900bf1837bd4680bd80b584b0fc
:10abc80000af78607b685b7bfb737b681b7b03f063
:10abd8000803002b02d0fb7b0433fb737b681b7bd1
:10abe80023f00803dab27b681a737b681b69fa7b67
:10abf80011461846fff736ff00bf1037bd4680bd27
:10ac080080b582b000af78607868fff751ff00bf69
:10ac18000837bd4680bd80b500af0548fff7a2faea
:10ac28000448fff79ffa0448fff740fb00bf80bdc8
:10ac3800b0ac0020b8ac0020c0ac002080b582b019
:10ac480000af1c203cf098ff78607b68002b01d196
:10ac58007b6811e07b6800221a737b681b7b43f0da
:10ac68000203dab27b681a737b681b7b23f0040348
:10ac7800dab27b681a737b6818460837bd4680bd10
:10ac880080b582b000af18203cf076ff78607b6812
:10ac9800002b01d17b6811e07b6800221a737b6866
:10aca8001b7b43f00103dab27b681a737b681b7b5a
:10acb80023f00403dab27b681a737b6818460837f6
:10acc800bd4680bd80b582b000af0023fb71fff7a1
:10acd800a2fffff7e0fd0346fb71fb79002b01d0d3
:10ace800fb7900e0fb7918460837bd4680bd80b582
:10acf80086b002af7860fff7a1ffb8600023fb734e
:10ad0800bb68002b36d07b681a68bb689a617b6881
:10ad18009a7abb681a757b681b681b681a88bb68b7
:10ad2800da827b685a68bb681a617b685a7abb68a2
:10ad38005a73bb681a7b7b681b7a1343dab2bb6809
:10ad48001a73bb681b7b23f00403dab2bb681a735f
:10ad5800bb681b7b43f00203dab2bb681a73b9689d
:10ad68000d48fff70ffabb68043319460b48fff785
:10ad7800adfa0be007230193094b0093012302224c
:10ad88004121ec2021f030fc0723fb73fb7b1846a4
:10ad98001037bd4680bd00bfb0ac0020c0ac00205d
:10ada800602e050180b586b002af7860fff768ffb6
:10adb800b8600023fb73bb68002b2cd07b681a6833
:10adc800bb685a617b685a68bb681a617b685a7aa3
:10add800bb685a73bb681a7b7b681b7a1343dab269
:10ade800bb681a73bb681b7b23f00403dab2bb6829
:10adf8001a73bb681b7b43f00103dab2bb681a7392
:10ae0800b9680d48fff7bef9bb68043319460b480b
:10ae1800fff75cfa0be007230193094b009301232a
:10ae280002224221ec2021f0dffb0723fb73fb7b8e
:10ae380018461037bd4680bdb8ac0020c0ac002015
:10ae4800802e050180b400af034b1b681846bd4631
:10ae58005df8047b704700bfb0ac002080b400af41
:10ae6800034b1b681846bd465df8047b704700bf5e
:10ae7800b8ac002080b584b000af0023fb60124856
:10ae8800fff78ffab860bb68002b16d0bb68043b8d
:10ae98007b607b681b7b03f00403002b04d1b9683b
:10aea8000948fff73ffa09e07868fff787fe0123b2
:10aeb800fb6078683cf06cfee1e700bffb68184671
:10aec8001037bd4680bd00bfc0ac002080b582b041
:10aed80000af78600748fff7b1f97b681b7b43f048
:10aee8000403dab27b681a73fff7c4ff00bf0837a0
:10aef800bd4680bdb0ac002080b582b000af7860a0
:10af08000748fff79bf97b681b7b43f00403dab221
:10af18007b681a73fff7aeff00bf0837bd4680bdd8
:10af2800b8ac002080b582b000af10203cf024fe01
:10af380078607b68002b01d100230ce07b6800223d
:10af48001a717b6800225a717b6800229a717b68ab
:10af58000022da607b6818460837bd4680bd80b598
:10af680082b000af78607b689b79002b08d07b6843
:10af7800db68002b04d07b68db6818463cf008fed1
:10af880078683cf005fe00bf0837bd4680bd80b537
:10af980084b000af78607b681b68fb60fb680c338b
:10afa8001846fff7aafa034618461037bd4680bd73
:10afb80080b584b000af786039607b681b68fb603f
:10afc800fb680c3339681846fff7eefa00bf1037f4
:10afd800bd4680bd80b58ab002af78600023fb779c
:10afe8007b681b68bb61bb691b880193194b009385
:10aff800012302224321ec2021f0f6fabb691b88c9
:10b008003b81bb69b3f84a30bb81bb69b3f84a30ae
:10b018007b81bb69b3f84c30fb81bb69b3f84e3018
:10b028003b82bb69b3f84a30bb82bb69b3f84a308c
:10b038007b82bb69012283f89e2007f1080318462a
:10b048000df0d0fc0346fb77fb7f18462037bd4642
:08b0580080bd00bfa02e050120
:020000040000fa
:020000040101f8
:10b0600080b58cb004aff860b9603b601346fb80dc
:10b07000fb889b0018462ef075fb78617b69002bde
:10b0800013d054202ef06efbf861fb69002b08d022
:10b0900054220021f8693df053f8fb697a691a637c
:10b0a00005e078692ef0fcfb01e00023fb61fb6901
:10b0b000002b13d0fa8800230393fb690293fb6ae9
:10b0c0000193bb6a00933b68b968f86800f00ef81a
:10b0d000f86900f07bf80123bb6102e04ff0ff3319
:10b0e000bb61bb6918462037bd4680bd80b586b0c0
:10b0f00000aff860b9607a603b60bb6a186b7b6830
:10b100009b001a46a5213df01bf8bb6a1a6b7b68b1
:10b1100003f18043013b9b0013443b613b6923f0f7
:10b1200007033b61bb68002b1ed000237b6112e04c
:10b13000ba687b6913441978ba6a7b69134434335b
:10b140000a461a70ba687b6913441b78002b06d034
:10b150007b6901337b617b690f2be9d900e000bf7c
:10b16000bb6a002283f843203b6a042b01d90423e5
:10b170003b62bb6a3a6ada62bb6a3a6a5a64bb6a81
:10b180000433184638f048fbbb6a1833184638f0c9
:10b1900043fbbb6aba6a1a613b6ac3f10502bb6a28
:10b1a0009a61bb6aba6a5a623a68f96838692ef0dd
:10b1b0001ffd0246bb6a1a607b6a002b02d07b6ac5
:10b1c000ba6a1a6000bf1837bd4680bd80b584b02a
:10b1d00000af78602ef0b5fd3e4b1b6801333d4a51
:10b1e00013603d4b1b68002b09d13b4a7b68136001
:10b1f000384b1b68012b10d101f004fb0de0374bdd
:10b200001b68002b09d1344b1b68da6a7b68db6a48
:10b210009a4202d8304a7b681360314b1b68013375
:10b220002f4a13607b68db6a01229a402d4b1b6812
:10b2300013432c4a13607b68da6a2b4913469b0040
:10b2400013449b000b4404331b68fb607b68fa6863
:10b250009a60fb689a687b68da60fb689b687a682a
:10b2600004325a607b681a1dfb689a607b68da6a50
:10b2700013469b0013449b001b4a1a447b685a6187
:10b280007b68da6a184913469b0013449b000b4401
:10b290001b68591c144813469b0013449b0003442d
:10b2a00019602ef067fd0d4b1b68002b0ed00a4b6a
:10b2b0001b68da6a7b68db6a9a4207d20b4b4ff055
:10b2c00080521a60bff34f8fbff36f8f00bf1037ec
:10b2d000bd4680bd18ff012040fe012024ff012053
:10b2e00034ff012020ff012044fe012004ed00e096
:10b2f00080b584b000af78602ef023fd7b68002b12
:10b3000002d1344b1b6800e07b68fb60fb680433b0
:10b31000184638f0ebfa0346002b15d1fb68da6ac1
:10b320002d4913469b0013449b000b441b68002bc4
:10b330000ad1fb68db6a012202fa03f3da43274be6
:10b340001b681340254a1360fb689b6a002b04d0de
:10b35000fb681833184638f0c9fa214b1b680133d3
:10b360001f4a13601b4b1b68fa689a420bd1fb689b
:10b37000043319461b4838f05cfa1b4b1b68013339
:10b38000194a136006e0194b1b68013b174a13600a
:10b3900001f0b4fa2ef0eefc0e4b1b68fa689a42ec
:10b3a00002d0f86801f09afa114b1b68002b0cd000
:10b3b000084b1b68fa689a4207d10e4b4ff0805237
:10b3c0001a60bff34f8fbff36f8f00bf1037bd46ba
:10b3d00080bd00bf40fe012044fe012020ff01206f
:10b3e00034ff0120ecfe012000ff012018ff0120a6
:10b3f00024ff012004ed00e080b586b000af786046
:10b40000396000237b6100f05ffb224b1b683b61ce
:10b410007b681b683a681344fb607b681b683a6969
:10b420009a420bd27b681b68fa689a4211d2fa687a
:10b430003b699a420dd901237b610ae07b681b6856
:10b44000fa689a4203d3fa683b699a4201d9012308
:10b450007b617b68fa681a607b69002b06d0fa680a
:10b460003b69d31a0021184602f08ef800f074fbf5
:10b47000b860bb68002b07d1074b4ff080521a60b1
:10b48000bff34f8fbff36f8f7b6918461837bd46e8
:10b4900080bd00bf1cff012004ed00e080b584b03a
:10b4a00000af78600023fb607b68002b08d000f0c1
:10b4b0000bfb0021786802f067f800f04dfbf860a4
:10b4c000fb68002b07d1064b4ff080521a60bff388
:10b4d0004f8fbff36f8f00bf1037bd4680bd00bfd9
:10b4e00004ed00e080b588b000af78607b687b61d8
:10b4f000294b1b687a699a4202d10023fb7745e009
:10b500002ef01ffc7b695b693b61244b1b68fb6071
:10b51000234b1b68bb602ef02dfc3a69fb689a42f6
:10b5200003d03a69bb689a4202d10223fb772de02f
:10b530003b691c4a93421dd17b699b6a002b16d143
:10b540000323fb770023bb610de07a69bb691344d9
:10b5500050331b78dbb2012b02d10223fb7715e0bd
:10b56000bb690133bb61bb69002beedd0ee002233a
:10b57000fb770be03b690c4a934202d03b69002bfe
:10b5800002d10423fb7701e00123fb77fb7f184600
:10b590002037bd4680bd00bf40fe0120d0fe012007
:10b5a000d4fe012004ff0120ecfe012080b584b010
:10b5b00000af78602ef0c5fb7b68002b02d1074bf3
:10b5c0001b6800e07b68fb60fb68db6abb602ef0f9
:10b5d000d1fbbb6818461037bd4680bd40fe012038
:10b5e00080b489b000af7860eff311824ff0200390
:10b5f00083f31188bff36f8fbff34f8f3a61fb6006
:10b600003b69fb617b68002b02d10a4b1b6800e0a1
:10b610007b68bb61bb69db6a7b61fb69bb60bb6844
:10b6200083f311887b6918462437bd465df8047b97
:10b63000704700bf40fe012080b588b000af786041
:10b6400039600023fb613b68042b01d904233b6074
:10b650002ef077fb7b68002b02d1554b1b6800e076
:10b660007b68bb61bb695b6c7b617a693b689a42b2
:10b6700000f098803a687b699a420dd94c4b1b6860
:10b68000ba699a420fd04a4b1b68db6a3a689a4201
:10b6900009d30123fb6106e0454b1b68ba699a4256
:10b6a00001d10123fb61bb69db6a3b61bb695a6c59
:10b6b000bb69db6a9a4202d1bb693a68da62bb694c
:10b6c0003a685a64bb699b69002b04db3b68c3f191
:10b6d0000502bb699a61bb6959693a6913469b00c7
:10b6e00013449b00334a1344994250d1bb6904333d
:10b6f000184638f0fbf80346002b09d101223b69bc
:10b7000002fa03f3da432c4b1b6813402a4a1360f6
:10b71000bb69db6a01229a40274b1b681343264a08
:10b720001360bb69da6a234913469b0013449b00ec
:10b730000b4404331b68fb60bb69fa689a60fb68c2
:10b740009a68bb69da60fb689b68ba6904325a6020
:10b75000bb691a1dfb689a60bb69da6a13469b00d5
:10b7600013449b00134a1a44bb695a61bb69da6ae5
:10b77000104913469b0013449b000b441b68591c43
:10b780000c4813469b0013449b0003441960fb695b
:10b79000002b07d0094b4ff080521a60bff34f8f38
:10b7a000bff36f8f2ef0e6fa00bf2037bd4680bd95
:10b7b00040fe012044fe012020ff012004ed00e0b6
:10b7c00080b584b000af78602ef0bbfa7b68002ba8
:10b7d00002d13b4b1b6800e07b68bb60bb68043355
:10b7e000184638f083f80346002b15d1bb68da6a97
:10b7f000344913469b0013449b000b441b68002be9
:10b800000ad1bb68db6a012202fa03f3da432e4b4a
:10b810001b6813402c4a1360bb689b6a002b04d042
:10b82000bb681833184638f061f8bb680433194612
:10b83000264837f0feff0023fb6010e0ba68fb6883
:10b84000134450331b78dbb2012b05d1ba68fb6877
:10b850001344503300221a70fb680133fb60fb680d
:10b86000002bebdd2ef086fa194b1b68002b05d060
:10b870002ef067fa01f042f82ef07cfa104b1b68ac
:10b88000ba689a4218d1124b1b68002b08d0114b92
:10b890004ff080521a60bff34f8fbff36f8f0be0f2
:10b8a0000a4b1a680c4b1b689a4203d1044b0022c6
:10b8b0001a6001e000f052fc00bf1037bd4680bda9
:10b8c00040fe012044fe012020ff012004ff012052
:10b8d00024ff012004ed00e018ff012080b485b0b2
:10b8e00000af78600023fb607b68bb60bb685b696e
:10b8f0000a4a93420ad1bb689b6a094a934205d01f
:10b90000bb689b6a002b01d10123fb60fb681846d2
:10b910001437bd465df8047b704700bf04ff01206b
:10b92000d8fe012080b584b000af78607b68fb60f2
:10b93000344b1b68fa689a425fd0fb68002b5cd0de
:10b940002ef0fff9f868fff7c9ff0346002b52d02d
:10b95000fb680433184637f0c9fffb68db6a012235
:10b960009a40294b1b681343274a1360fb68da6a25
:10b97000264913469b0013449b000b4404331b6869
:10b98000bb60fb68ba689a60bb689a68fb68da605b
:10b99000bb689b68fa6804325a60fb681a1dbb6872
:10b9a0009a60fb68da6a13469b0013449b00174aaf
:10b9b0001a44fb685a61fb68da6a144913469b0013
:10b9c00013449b000b441b68591c104813469b00f2
:10b9d00013449b0003441960fb68da6a094b1b6837
:10b9e000db6a9a4207d30a4b4ff080521a60bff3ca
:10b9f0004f8fbff36f8f2ef0bdf900bf1037bd46dc
:10ba000080bd00bf40fe012020ff012044fe012038
:10ba100004ed00e080b584b002af184b0193002321
:10ba2000009300234ff4807215491648fff718fb66
:10ba300078607b68012b02d122f0d6fe78607b68ab
:10ba4000012b14d14ff0200383f31188bff36f8fc4
:10ba5000bff34f8f3b600c4b4ff0ff321a600b4b24
:10ba600001221a600a4b00221a602ef038f9094ba5
:10ba70001b6800bf0837bd4680bd00bf3cff0120ea
:10ba8000308205013dc7010138ff012024ff01205c
:10ba90001cff012098b6002080b582b000af4ff0a7
:10baa000200383f31188bff36f8fbff34f8f7b6049
:10bab000044b00221a602ef03df900bf0837bd4646
:10bac00080bd00bf24ff012080b400af044b1b6881
:10bad0000133034a136000bfbd465df8047b704725
:10bae00040ff012080b485b000af0023bb6001237c
:10baf0007b60144b1b687a689a4201d20123bb60b9
:10bb0000114b1b68db6a002b02d00023fb6012e0a4
:10bb10000e4b1b68012b02d90023fb600be0bb68b6
:10bb2000002b02d00023fb6005e0094b1a68094b8b
:10bb30001b68d31afb60fb6818461437bd465df8d6
:10bb4000047b704720ff012040fe012044fe0120bd
:10bb500038ff01201cff012080b586b000af002314
:10bb60007b6100233b612ef0ecf8684b1b68013bc6
:10bb7000664a1360654b1b68002b40f0c080644b25
:10bb80001b68002b00f0bb808ae0624bdb68db683f
:10bb90007b617b699b6abb607b69db697a69126a3e
:10bba0009a607b691b6a7a69d2695a60bb685a6875
:10bbb0007b6918339a4203d17b691a6abb685a6061
:10bbc0007b6900229a62bb681b685a1ebb681a60b8
:10bbd0007b695b697b607b699b687a69d2689a60e4
:10bbe0007b69db687a6992685a607b685a687b690e
:10bbf00004339a4203d17b69da687b685a607b69b7
:10bc000000225a617b681b685a1e7b681a607b6938
:10bc1000db6a01229a40404b1b6813433e4a136083
:10bc20007b69da6a3d4913469b0013449b000b4431
:10bc300004331b683b607b693a689a603b689a688a
:10bc40007b69da603b689b687a6904325a607b6979
:10bc50001a1d3b689a607b69da6a13469b0013449d
:10bc60009b002e4a1a447b695a617b69da6a2b4928
:10bc700013469b0013449b000b441b68591c274828
:10bc800013469b0013449b00034419607b69da6ae6
:10bc9000234b1b68db6a9a4202d3224b01221a60b3
:10bca0001c4b1b68002b7ff470af7b69002b01d00d
:10bcb00000f024fe1c4b1b68fb60fb68002b10d0bf
:10bcc00000f03ef90346002b02d0164b01221a6009
:10bcd000fb68013bfb60fb68002bf1d1124b00229b
:10bce0001a60104b1b68002b09d001233b610f4bde
:10bcf0004ff080521a60bff34f8fbff36f8f2ef05b
:10bd000039f83b6918461837bd4680bd40ff012011
:10bd100018ff0120d8fe012020ff012044fe012051
:10bd200040fe01202cff012028ff012004ed00e04f
:10bd300080b483b000af054b1b687b607b681846fe
:10bd40000c37bd465df8047b704700bf1cff012027
:10bd500080b483b000af00237b60054b1b683b6061
:10bd60003b6818460c37bd465df8047b704700bf42
:10bd70001cff012080b400af034b1b681846bd4672
:10bd80005df8047b704700bf18ff012080b485b0c8
:10bd900000af78607b68002b02d1064b1b6800e087
:10bda0007b68fb60fb68343318461437bd465df88a
:10bdb000047b704740fe012080b582b000af786000
:10bdc0000e4b1a687b681a440d4b1b689a420bd1c4
:10bdd0002df0b7ff0b4b1b6801330a4a13602df09f
:10bde000c9ff7b68013b7b60044b1a687b68134486
:10bdf000024a136000bf0837bd4680bd1cff01200a
:10be000038ff012028ff012080b584b000af7860a2
:10be1000fff75afe2df095ff074b1a687b68134415
:10be2000054a13602df0a6fffff796fef860fb6849
:10be300018461037bd4680bd28ff012080b586b06a
:10be400000af78607b683b61fff73efe7868fff7e4
:10be500049fb0346022b61d101237b613b6904331b
:10be6000184637f043fd2df06cff3b699b6a002bb1
:10be700008d03b691833184637f038fd3b6901227a
:10be800083f851202df076ff3b69db6a01229a404e
:10be9000274b1b681343264a13603b69da6a25491e
:10bea00013469b0013449b000b4404331b68fb6048
:10beb0003b69fa689a60fb689a683b69da60fb68dc
:10bec0009b683a6904325a603b691a1dfb689a60a4
:10bed0003b69da6a13469b0013449b00154a1a44d7
:10bee0003b695a613b69da6a124913469b00134465
:10bef0009b000b441b68591c0e4813469b001344bf
:10bf00009b00034419603b69da6a0b4b1b68db6ad0
:10bf10009a4205d9094b01221a6001e000237b6196
:10bf2000fff71afe7b6918461837bd4680bd00bf73
:10bf300020ff012044fe012040fe01202cff0120b3
:10bf400080b588b000af0023fb61794b1b68002be4
:10bf500040f0e280774b1b680133bb61754abb69d7
:10bf60001360bb69002b10d1734b1b687b61734b53
:10bf70001b68714a1360714a7b691360704b1b68c0
:10bf800001336f4a136000f0b9fc6e4b1b68ba694d
:10bf90009a42c0f0a680684b1b681b68002b04d136
:10bfa000684b4ff0ff321a609be0634b1b68db6805
:10bfb000db683b613b695b68fb60ba69fb689a427e
:10bfc00003d2604afb6813608be03b695b69bb602e
:10bfd0003b699b683a69d2689a603b69db683a6959
:10bfe00092685a60bb685a683b6904339a4203d12d
:10bff0003b69da68bb685a603b6900225a61bb68da
:10c000001b685a1ebb681a603b699b6a002b1ed0d6
:10c010003b699b6a7b603b69db693a69126a9a609b
:10c020003b691b6a3a69d2695a607b685a683b6906
:10c0300018339a4203d13b691a6a7b685a603b699c
:10c0400000229a627b681b685a1e7b681a603b69f3
:10c05000db6a01229a403c4b1b6813433a4a136047
:10c060003b69da6a394913469b0013449b000b4431
:10c0700004331b683b603b693a689a603b689a6886
:10c080003b69da603b689b683a6904325a603b69f5
:10c090001a1d3b689a603b69da6a13469b00134499
:10c0a0009b002a4a1a443b695a613b69da6a27496c
:10c0b00013469b0013449b000b441b68591c2348e8
:10c0c00013469b0013449b00034419603b69da6ae2
:10c0d0001f4b1b68db6a9a427ff65daf0123fb6151
:10c0e00059e71b4b1b68da6a184913469b00134437
:10c0f0009b000b441b68012b01d90123fb61154bed
:10c100001b68002b01d13af0d5fb134b1b68002ba9
:10c1100009d00123fb6106e00e4b1b6801330d4a79
:10c1200013603af0c7fbfb6918462037bd4680bd57
:10c1300040ff01201cff0120d0fe0120d4fe012081
:10c1400030ff012038ff012020ff012044fe0120a4
:10c1500040fe012028ff01202cff012080b586b081
:10c1600000af2f4b1b68002b03d02e4b01221a600f
:10c1700051e02c4b00221a602b4b1b681b6b7b6120
:10c180004ff0a5333b617b691b683a699a4211d134
:10c190007b6904331b683a699a420bd17b69083387
:10c1a0001b683a699a4205d17b690c331b683a696e
:10c1b0009a4208d01c4b1a681b4b1b683433194633
:10c1c00010463af055fb194b1b687b607b68b3fa4d
:10c1d00083f3fb70fb78c3f11f03fb60fa6813461f
:10c1e0009b0013449b00124a1344bb60bb685b680e
:10c1f0005a68bb685a60bb685a68bb6808339a4281
:10c2000004d1bb685b685a68bb685a60bb685b68ee
:10c21000db68054a136000bf1837bd4680bd00bf0c
:10c2200040ff01202cff012040fe012020ff0120c3
:10c2300044fe012080b582b000af78603960074bc2
:10c240001b6818331946786837f017fb01213868e6
:10c2500001f09af900bf0837bd4680bd40fe0120bd
:10c2600080b586b000aff860b9607a60174b1b6884
:10c27000ba6842f000429a61fb685b687b61134bcd
:10c280001b687a69da61114b1b687a6992681a62d5
:10c290000e4b1a687b699b6818325a600b4b1b68ff
:10c2a00003f118027b699a60084b1b68fa689a626e
:10c2b000fb681b685a1cfb681a600121786801f052
:10c2c00063f900bf1837bd4680bd00bf40fe0120a6
:10c2d00080b586b000aff860b9607a60fb685b68d3
:10c2e0007b61164b1b687a69da61144b1b687a69ab
:10c2f00092681a62114b1a687b699b6818325a60ff
:10c300000e4b1b6803f118027b699a600b4b1b688c
:10c31000fa689a62fb681b685a1cfb681a607b68a3
:10c32000002b02d04ff0ff33bb607968b86801f092
:10c330002bf900bf1837bd4680bd00bf40fe01206d
:10c3400080b588b000af78607b68db68db68bb6174
:10c35000bb699b6a7b61bb69db69ba69126a9a60d7
:10c36000bb691b6aba69d2695a607b695a68bb6942
:10c3700018339a4203d1bb691a6a7b695a60bb6958
:10c3800000229a627b691b685a1e7b691a604a4bbd
:10c390001b68002b60d1bb695b693b61bb699b6813
:10c3a000ba69d2689a60bb69db68ba6992685a60f8
:10c3b0003b695a68bb6904339a4203d1bb69da68a6
:10c3c0003b695a60bb6900225a613b691b685a1e6f
:10c3d0003b691a60bb69db6a01229a40374b1b68d4
:10c3e0001343364a1360bb69da6a354913469b002a
:10c3f00013449b000b4404331b68fb60bb69fa6861
:10c400009a60fb689a68bb69da60fb689b68ba69e6
:10c4100004325a60bb691a1dfb689a60bb69da6a0c
:10c4200013469b0013449b00254a1a44bb695a617a
:10c43000bb69da6a224913469b0013449b000b44f4
:10c440001b68591c1e4813469b0013449b00034461
:10c45000196000f053fa1be01a4b5b68bb60bb69c4
:10c46000ba68da61bb689a68bb691a62bb689b6884
:10c47000ba6918325a60bb6903f11802bb689a6046
:10c48000bb69104a9a620f4b1b6801330d4a136057
:10c49000bb69da6a0c4b1b68db6a9a4205d9012337
:10c4a000fb610a4b01221a6001e00023fb61fb697a
:10c4b00018462037bd4680bd40ff012020ff0120e7
:10c4c00044fe0120d8fe012040fe01202cff012067
:10c4d00080b586b000af786039603b6843f00042b9
:10c4e0007b681a607b68db687b617b681b693b61ea
:10c4f0007b685b687a6892689a607b689b687a68f8
:10c5000052685a603b695b687a689a4203d17b68db
:10c510009a683b695a607b6800221a613b691b6814
:10c520005a1e3b691a6000f0e9f97b695b69fb60a0
:10c530007b699b687a69d2689a607b69db687a69f3
:10c5400092685a60fb685a687b6904339a4203d147
:10c550007b69da68fb685a607b6900225a61fb6874
:10c560001b685a1efb681a607b69db6a01229a40cd
:10c57000244b1b681343234a13607b69da6a224900
:10c5800013469b0013449b000b4404331b68bb60a1
:10c590007b69ba689a60bb689a687b69da60bb6835
:10c5a0009b687a6904325a607b691a1dbb689a607d
:10c5b0007b69da6a13469b0013449b00124a1a44b3
:10c5c0007b695a617b69da6a0f4913469b00134401
:10c5d0009b000b441b68591c0b4813469b001344db
:10c5e0009b00034419607b69da6a084b1b68db6aad
:10c5f0009a4202d9064b01221a6000bf1837bd4685
:10c6000080bd00bf20ff012044fe012040fe01202c
:10c610002cff012080b582b000af78602df091fb37
:10c62000064b1a687b681a60054b1a687b685a606b
:10c630002df0a0fb00bf0837bd4680bd30ff0120b4
:10c640001cff012080b483b000af7860064b1a68ed
:10c650007b681a60054b1a687b685a6000bf0c370c
:10c66000bd465df8047b704730ff01201cff0120b0
:10c6700080b586b000af786039602df062fb264b44
:10c680001b683b617b685b683a69d31afb60234b8c
:10c690001b6893f85130002b07d0204b1b680022f9
:10c6a00083f8512001237b612ee03b681b68b3f1c6
:10c6b000ff3f02d100237b6126e07b681a68184b9c
:10c6c0001b689a420ad07b685b683a699a4205d334
:10c6d00001237b613b6800221a6015e03b681b6800
:10c6e000fa689a420bd23b681a68fb68d21a3b6818
:10c6f0001a607868fff7a6ff00237b6104e03b68bf
:10c7000000221a6001237b612df034fb7b691846ff
:10c710001837bd4680bd00bf1cff012040fe012030
:10c7200030ff012080b400af034b01221a6000bf2c
:10c73000bd465df8047b70472cff012080b584b0b6
:10c7400000af786000f09ef8104b1b68012b07d9f2
:10c750000f4b4ff080521a60bff34f8fbff36f8fb4
:10c760003af0a2f8fff7bef9f860fb68042be9d9ac
:10c77000fff7aaf9fff7b6f9f860fb68042b02d9b6
:10c78000f8682df069fbfff7e7f9dbe744fe0120cd
:10c7900004ed00e080b483b000af01233b600123cf
:10c7a000fb71134b1b68002b02d00023fb7117e0b9
:10c7b000104b1b68002b02d00023fb7110e00e4bc6
:10c7c0001b68002b02d00023fb7109e00b4b1a6899
:10c7d0000b4b19683b68cb1a9a4201d10223fb71bb
:10c7e000fb7918460c37bd465df8047b704700bfe7
:10c7f000d8fe01202cff012028ff012004ff01208a
:10c8000018ff012080b582b000af00237b600ce0f0
:10c810007a6813469b0013449b00124a134418463f
:10c8200036f0daff7b6801337b607b68042befd93d
:10c830000d4836f0d1ff0d4836f0ceff0c4836f0eb
:10c84000cbff0c4836f0c8ff0b4836f0c5ff0b4b4a
:10c85000054a1a600a4b054a1a6000bf0837bd46f0
:10c8600080bd00bf44fe0120a8fe0120bcfe0120c7
:10c87000d8fe0120ecfe012004ff0120d0fe0120a3
:10c88000d4fe012080b582b000af19e02df059fa36
:10c890000f4bdb68db687b607b680433184637f03e
:10c8a00025f80c4b1b68013b0a4a13600a4b1b68b6
:10c8b000013b094a13602df05dfa786800f00ef82c
:10c8c000054b1b68002be1d100bf0837bd4680bd7a
:10c8d000ecfe012018ff012000ff012080b582b08e
:10c8e00000af78607b681b6b18462cf0d9ff786826
:10c8f0002cf0d6ff00bf0837bd4680bd80b400af26
:10c900000a4b1b681b68002b04d1094b4ff0ff3208
:10c910001a6005e0054b1b68db681b68044a13605e
:10c9200000bfbd465df8047b704700bfd0fe01200c
:10c9300038ff012080b483b000af054b1b687b60db
:10c940007b6818460c37bd465df8047b704700bf16
:10c9500040fe012080b483b000af0b4b1b68002b5e
:10c9600002d101237b6008e0084b1b68002b02d139
:10c9700002237b6001e000237b607b6818460c3754
:10c98000bd465df8047b704724ff012040ff012075
:10c9900080b586b000af78607b683b6100237b6127
:10c9a0007b68002b00f087803b69da6a444b1b6888
:10c9b000db6a9a4276d23b699b69002b06db404bcf
:10c9c0001b68db6ac3f105023b699a613b695969df
:10c9d0003b69da6a13469b0013449b00394a1344af
:10c9e000994257d13b690433184636f07fff03461e
:10c9f000002b0ad13b69db6a012202fa03f3da4316
:10ca0000314b1b681340304a13602d4b1b68da6aa8
:10ca10003b69da623b69db6a01229a402a4b1b6858
:10ca20001343294a13603b69da6a264913469b007f
:10ca300013449b000b4404331b68fb603b69fa689a
:10ca40009a60fb689a683b69da60fb689b683a69a0
:10ca500004325a603b691a1dfb689a603b69da6ac6
:10ca600013469b0013449b00164a1a443b695a61c3
:10ca70003b69da6a134913469b0013449b000b443d
:10ca80001b68591c0f4813469b0013449b0003442a
:10ca9000196004e00a4b1b68da6a3b69da62012319
:10caa0007b6108e03b695a6c054b1b68db6a9a4264
:10cab00001d201237b617b6918461837bd4680bdd2
:10cac00040fe012044fe012020ff012080b586b0f9
:10cad00000af78607b683b6100237b617b68002b43
:10cae0006cd03b699b6c5a1e3b699a643b69da6a5d
:10caf0003b695b6c9a4261d03b699b6c002b5dd1ba
:10cb00003b690433184636f0f1fe0346002b0ad188
:10cb10003b69db6a012202fa03f3da432a4b1b6802
:10cb20001340294a13603b695a6c3b69da623b69de
:10cb3000db6ac3f105023b699a613b69db6a01224a
:10cb40009a40214b1b6813431f4a13603b69da6a02
:10cb50001e4913469b0013449b000b4404331b687f
:10cb6000fb603b69fa689a60fb689a683b69da6027
:10cb7000fb689b683a6904325a603b691a1dfb687e
:10cb80009a603b69da6a13469b0013449b000f4a84
:10cb90001a443b695a613b69da6a0c4913469b00a7
:10cba00013449b000b441b68591c084813469b0008
:10cbb00013449b000344196001237b617b69184681
:10cbc0001837bd4680bd00bf20ff012044fe012074
:10cbd00080b588b000af786039607b68bb610123a5
:10cbe0007b617b68002b00f08180bb695b6c3a68dd
:10cbf0009a4202d93b68fb6102e0bb695b6cfb6156
:10cc0000bb69db6afa699a4270d0bb699b6c7a692e
:10cc10009a426bd1bb69db6a3b61bb69fa69da6234
:10cc2000bb699b69002b04dbfb69c3f10502bb698f
:10cc30009a61bb6959693a6913469b0013449b008a
:10cc40002c4a1344994251d1bb690433184636f03b
:10cc50004dfe0346002b0ad1bb69db6a012202fab2
:10cc600003f3da43244b1b681340234a1360bb6968
:10cc7000db6a01229a40204b1b6813431e4a136053
:10cc8000bb69da6a1b4913469b0013449b000b44a3
:10cc900004331b68fb60bb69fa689a60fb689a689a
:10cca000bb69da60fb689b68ba6904325a60bb6989
:10ccb0001a1dfb689a60bb69da6a13469b0013442d
:10ccc0009b000c4a1a44bb695a61bb69da6a09497c
:10ccd00013469b0013449b000b441b68591c0548da
:10cce00013469b0013449b000344196000bf203788
:10ccf000bd4680bd44fe012020ff012080b483b0ea
:10cd000000af094b1b689b697b60074b1b68da6aa5
:10cd1000054b1b68c2f105029a617b6818460c3707
:10cd2000bd465df8047b704740fe012080b400af33
:10cd3000074b1b68002b04d0054b1b689a6c013213
:10cd40009a64034b1b681846bd465df8047b704728
:10cd500040fe012080b586b000aff860b9607a600f
:10cd60002cf0efff284b1a68fb6812339b0013442a
:10cd70005b68002b15d1244b1a68fb6813445033b1
:10cd800001221a707b68002b0bd00121786800f01b
:10cd9000fbfb1e4b4ff080521a60bff34f8fbff367
:10cda0006f8f2cf0e7ff2cf0ccff174b1a68fb6855
:10cdb00012339b0013445b687b617b69002b14d0aa
:10cdc000bb68002b08d0104b1a68fb6812339b001d
:10cdd000134400225a6008e00b4b19687b695a1e05
:10cde000fb6812339b000b445a60074b1a68fb68c0
:10cdf0001344503300221a702cf0bcff7b69184694
:10ce00001837bd4680bd00bf40fe012004ed00e0a4
:10ce100080b586b000aff860b9607a603b602cf0f6
:10ce200090ff344b1a68fb68134450331b78dbb215
:10ce3000022b24d02f4b1a68fb6812339b0013443b
:10ce40005968bb68db431940fb6812339b001344ed
:10ce50005960284b1a68fb681344503301221a703a
:10ce60003b6a002b0bd00121386a00f08dfb224b6e
:10ce70004ff080521a60bff34f8fbff36f8f2cf0cb
:10ce800079ff2cf05eff3b68002b08d0194b1a6825
:10ce9000fb6812339b0013445a683b681a60154bb9
:10cea0001a68fb68134450331b78dbb2022b02d0a4
:10ceb00000237b6110e00f4b1a68fb6812339b0064
:10cec000134459687b68db431940fb6812339b00ad
:10ced0001344596001237b61064b1a68fb681344b5
:10cee000503300221a702cf045ff7b691846183722
:10cef000bd4680bd40fe012004ed00e080b58ab053
:10cf000000aff860b9607a60fb7001237b62fb6858
:10cf10003b622cf016ff3b6b002b07d03a6abb68d4
:10cf200012339b0013445a683b6b1a603a6abb6821
:10cf3000134450331b78fb773a6abb681344503371
:10cf400002221a70fb78042b3fd801a252f823f07a
:10cf5000cbcf010165cf010183cf01019fcf01013b
:10cf6000afcf01013a6abb6812339b0013445a6881
:10cf70007b681a43396abb6812339b000b445a60c2
:10cf800024e03a6abb6812339b0013445b685a1c66
:10cf9000396abb6812339b000b445a6016e03a6a48
:10cfa000bb6812339b0013447a685a600ee0fb7f23
:10cfb000022b07d03a6abb6812339b0013447a688d
:10cfc0005a6003e000237b6200e000bffb7f012b7f
:10cfd0006ed13b6a5b69bb613b6a9b683a6ad26807
:10cfe0009a603b6adb683a6a92685a60bb695a6821
:10cff0003b6a04339a4203d13b6ada68bb695a60e0
:10d000003b6a00225a61bb691b685a1ebb691a60e1
:10d010003b6adb6a01229a40294b1b681343284a6a
:10d0200013603b6ada6a274913469b0013449b004e
:10d030000b4404331b687b613b6a7a699a607b69a5
:10d040009a683b6ada607b699b683a6a04325a6084
:10d050003b6a1a1d7b699a603b6ada6a13469b0039
:10d0600013449b00174a1a443b6a5a613b6ada6ac6
:10d07000144913469b0013449b000b441b68591c26
:10d08000104813469b0013449b0003441960fff7ac
:10d0900035fc3b6ada6a0c4b1b68db6a9a4207d99b
:10d0a0000a4b4ff080521a60bff34f8fbff36f8f60
:10d0b0002cf060fe7b6a18462837bd4680bd00bf55
:10d0c00020ff012044fe012040fe012004ed00e08d
:10d0d00080b48fb000aff860b9607a60fb70012354
:10d0e0007b63fb683b63eff311824ff0200383f314
:10d0f0001188bff36f8fbff34f8fba617b61bb693c
:10d10000fb623b6c002b07d03a6bbb6812339b0071
:10d1100013445a683b6c1a603a6bbb681344503333
:10d120001b7887f82b303a6bbb68134450330222cc
:10d130001a70fb78042b41d801a252f823f000bfeb
:10d14000bdd1010155d1010173d101018fd101017f
:10d150009fd101013a6bbb6812339b0013445a689c
:10d160007b681a43396bbb6812339b000b445a60cf
:10d1700025e03a6bbb6812339b0013445b685a1c72
:10d18000396bbb6812339b000b445a6017e03a6b53
:10d19000bb6812339b0013447a685a600fe097f81b
:10d1a0002b30022b07d03a6bbb6812339b00134421
:10d1b0007a685a6003e000237b6300e000bf97f8c1
:10d1c0002b30012b40f08f804d4b1b68002b5ed124
:10d1d0003b6b5b697b623b6b9b683a6bd2689a6086
:10d1e0003b6bdb683a6b92685a607b6a5a683b6bb0
:10d1f00004339a4203d13b6bda687b6a5a603b6b1b
:10d2000000225a617b6a1b685a1e7b6a1a603b6b5c
:10d21000db6a01229a403b4b1b681343394a136077
:10d220003b6bda6a384913469b0013449b000b445e
:10d2300004331b683b623b6b3a6a9a603b6a9a68ac
:10d240003b6bda603b6a9b683a6b04325a603b6b1b
:10d250001a1d3b6a9a603b6bda6a13469b001344c3
:10d260009b00294a1a443b6b5a613b6bda6a264998
:10d2700013469b0013449b000b441b68591c224817
:10d2800013469b0013449b00034419601be01f4b93
:10d290005b68fb613b6bfa69da61fb699a683b6b1f
:10d2a0001a62fb699b683a6b18325a603b6b03f158
:10d2b0001802fb699a603b6b144a9a62134b1b6815
:10d2c0000133124a13603b6bda6a114b1b68db6a4d
:10d2d0009a4208d97b6c002b02d07b6c01221a6029
:10d2e0000c4b01221a60fb6a3b613b6983f3118896
:10d2f0007b6b18463c37bd465df8047b704700bf2a
:10d3000040ff012020ff012044fe0120d8fe012023
:10d3100040fe01202cff012080b48fb000aff860e8
:10d32000b9607a60fb687b63eff311824ff02003f2
:10d3300083f31188bff36f8fbff34f8ffa61bb6127
:10d34000fb693b637a6bbb68134450331b7887f8e7
:10d350002f307a6bbb681344503302221a707a6bf9
:10d36000bb6812339b0013445b685a1c796bbb6823
:10d3700012339b000b445a6097f82f30012b40f07a
:10d380008f804d4b1b68002b5ed17b6b5b69bb6252
:10d390007b6b9b687a6bd2689a607b6bdb687a6b7d
:10d3a00092685a60bb6a5a687b6b04339a4203d115
:10d3b0007b6bda68bb6a5a607b6b00225a61bb6a7e
:10d3c0001b685a1ebb6a1a607b6bdb6a01229a409b
:10d3d0003a4b1b681343394a13607b6bda6a38494e
:10d3e00013469b0013449b000b4404331b687b6271
:10d3f0007b6b7a6a9a607b6a9a687b6bda607b6a7d
:10d400009b687a6b04325a607b6b1a1d7b6a9a6048
:10d410007b6bda6a13469b0013449b00284a1a442c
:10d420007b6b5a617b6bda6a254913469b00134478
:10d430009b000b441b68591c214813469b00134456
:10d440009b00034419601be01e4b5b683b627b6bd7
:10d450003a6ada613b6a9a687b6b1a623b6a9b683c
:10d460007a6b18325a607b6b03f118023b6a9a6040
:10d470007b6b144a9a62134b1b680133114a136089
:10d480007b6bda6a104b1b68db6a9a4208d97b68af
:10d49000002b02d07b6801221a600c4b01221a601b
:10d4a0003b6b7b617b6983f3118800bf3c37bd46d2
:10d4b0005df8047b704700bf40ff012020ff012082
:10d4c00044fe0120d8fe012040fe01202cff012057
:10d4d00080b584b000af786039607b68002b02d1e2
:10d4e000104b1b6800e07b68bb602cf02afcba681c
:10d4f0003b68134450331b78dbb2022b08d1ba6867
:10d500003b681344503300221a700123fb6001e092
:10d510000023fb602cf02efcfb6818461037bd463c
:10d5200080bd00bf40fe012080b586b000aff8602e
:10d53000b9607a60fb68002b02d1124b1b6800e0d7
:10d54000fb687b612cf0fdfb7a69bb6812339b00a2
:10d5500013445b683b617a69bb6812339b001344d8
:10d560005a687b68db431a407969bb6812339b00b9
:10d570000b445a602cf0fefb3b6918461837bd4639
:10d5800080bd00bf40fe012080b586b000af78604e
:10d590003960384b1b687b61374b1b68002283f86e
:10d5a0005120354b1b680433184636f09ff903466b
:10d5b000002b0bd1304b1b68db6a012202fa03f30c
:10d5c000da432e4b1b6813402c4a13607b68b3f17f
:10d5d000ff3f24d13b68002b21d0294b5b683b6186
:10d5e000254b1b683a699a60234b1b683a6992681d
:10d5f000da60214b1a683b699b6804325a601e4b03
:10d600001b681a1d3b699a601b4b1b681c4a5a61b8
:10d610001b4b1b6801331a4a136000bf26e07a696e
:10d620007b681344fb60144b1b68fa685a60fa6805
:10d630007b699a4209d2134b1a680f4b1b6804335b
:10d640001946104636f019f910e00f4b1a680a4bcc
:10d650001b6804331946104636f00ff90b4b1b6854
:10d66000fa689a4202d2094afb68136000bf183771
:10d67000bd4680bd1cff012040fe012020ff01208f
:10d6800004ff0120d4fe0120d0fe012038ff01203c
:020000040000fa
:020000040101f8
:10d6900080b582b000af0023fb710f49002004f079
:10d6a00019ff0e49012004f015ff0d49022004f076
:10d6b00011ff0c49032004f00dff0849042004f079
:10d6c00009ff094804f02cff0848faf759f8fb79dc
:10d6d00018460837bd4680bdf5e1010129e7010183
:10d6e00099ed0101f5ea010115db01016df401017c
:10d6f00080b588b002af78600023bb7500233b6122
:10d700000023fb607b681b7901933c4b0093012352
:10d7100002220f21ec201ef06bff786800f03cfb2a
:10d720000346bb75bb7d002b58d1354b1b680433ba
:10d73000f021184604f0a7ff38613b691433fb6001
:10d740007b681a793b6983f87320fb680122da75dc
:10d750007b685a7bfb681a737b685b881a46fb6898
:10d760009a607b681b881a46fb685a607b689a7bc4
:10d77000fb685a757b685a79fb685a737b689a799b
:10d78000fb689a73fb6803f10f007b68073306227e
:10d7900019463af0c7fb3b69002283f8f4200023c6
:10d7a000fb7514e0fb681b7b1a46fb7d22fa03f332
:10d7b00003f00103002b07d03b6993f8f4300133e9
:10d7c000dab23b6983f8f420fb7d0133fb75fb7d06
:10d7d000022be7d90120f9f76ffc09e0bb7d01932b
:10d7e000084b009301230022ff21ec201ef000ffd4
:10d7f000bb7d18461837bd4680bd00bf485e050199
:10d8000078b20020605e050180b586b002af786016
:10d810000023fb73144b0093012302221021ec2000
:10d820001ef0e6fe00f00afb0346fb73fb7b002bb9
:10d8300008d10e4b93f900207b681a700120f9f78c
:10d840003bfc0ce07b68ff221a70fb7b0193084bca
:10d85000009301230022ff21ec201ef0c9fefb7b78
:10d8600018461037bd4680bd705e0501f0b000203f
:10d87000605e050180b588b002af03463960fb7178
:10d8800000237b6100233b610023fb730023bb600b
:10d89000fb7901932e4b0093012302221121ec20ee
:10d8a0001ef0a6fefb79184600f0dffa0346fb7374
:10d8b000fb7b002b3dd1274b1b680433f02118461e
:10d8c00004f0e1fe38613b69f833bb60fb79002b63
:10d8d00004d0fb7918462ef0a7fd7861bb685b6821
:10d8e000002b07d0bb685b6818462ef03bfebb6878
:10d8f00000225a60fb79002b09d0bb687a695a6014
:10d90000bb685b68fa79396818463af00bfbfb791b
:10d910009ab2bb681a813b6993f86031012b04d13c
:10d9200002220021386904f015fc0120f9f7c4fb3c
:10d9300009e0fb7b0193084b009301230022ff21a8
:10d94000ec201ef055fefb7b18461837bd4680bd07
:10d95000885e050178b20020605e050180b588b060
:10d9600002af03463960fb7100237b6100233b61fa
:10d970000023fb730023bb60fb7901932f4b0093c3
:10d98000012302221221ec201ef032fefb79184600
:10d9900000f0b1fa0346fb73fb7b002b3ed1284b12
:10d9a0001b680433f021184604f06dfe38613b69b2
:10d9b00003f58473bb60fb79002b04d0fb79184618
:10d9c0002ef032fd7861bb685b68002b07d0bb6826
:10d9d0005b6818462ef0c6fdbb6800225a60fb79d2
:10d9e000002b09d0bb687a695a60bb685b68fa791a
:10d9f000396818463af096fafb799ab2bb681a81f0
:10da00003b6993f86031012b04d10222002138696f
:10da100004f0a0fb0120f9f74ffb09e0fb7b019329
:10da2000084b009301230022ff21ec201ef0e0fdb3
:10da3000fb7b18461837bd4680bd00bfa05e0501c0
:10da400078b20020605e050180b586b002af034663
:10da5000fb710023fb600023fb72fb7901932a4bcf
:10da60000093012302221321ec201ef0c1fdfb795b
:10da7000184600f086fa0346fb72fb7a002b34d17d
:10da8000224b1b680433f021184604f0fcfdf860bb
:10da9000fb79032b1ad801a252f823f0adda010169
:10daa000b5da0101bdda0101c5da0101f86801f05a
:10dab00011fe0ce0f86801f0f7fc08e0f86801f0ee
:10dac00091fd04e0f86801f0d3fd00e000bffb79b0
:10dad000012b03d80120f9f7effa10e00020f9f745
:10dae000ebfa0020f9f7fafa09e0fb7a0193084b08
:10daf000009301230022ff21ec201ef079fdfb7a28
:10db000018461037bd4680bdbc5e050178b20020c6
:10db1000605e050180b58ab002af78600023bb77f4
:10db200000237b770023bb6100237b6100233b61e3
:10db30000023fb737b6893f82030bb730023fb77d3
:10db40000de0ba7bfb7f22fa03f303f00103002b05
:10db500002d0bb7f0133bb77fb7f0133fb77fb7fb9
:10db6000022beed97b6893f87330002b04d07b68ce
:10db700093f87330022b21d1bb7f1a465200134415
:10db80007b7704202ef050fc02467b68c3f84821c6
:10db90004a202ef049fc02467b68c3f854214220fb
:10dba0002ef042fc02467b68c3f84421ff202ef091
:10dbb0003bfc02467b68c3f840213ee07b6893f85b
:10dbc0007330012b04d07b6893f87330042b1fd182
:10dbd000bb7f5b007b7702202ef026fc02467b6831
:10dbe000c3f848210c202ef01ffc02467b68c3f8c6
:10dbf000542142202ef018fc02467b68c3f84421d1
:10dc0000ff202ef011fc02467b68c3f8402114e08f
:10dc10007b6893f87330032b0fd1bb7f7b77022097
:10dc20002ef002fc02467b68c3f8482125202ef026
:10dc3000fbfb02467b68c3f854217b7f1b01043346
:10dc400018462ef0f1fb38613b697b617b699bb222
:10dc5000002b0ad14f4b009301230022fe21ec2020
:10dc60001ef0c6fc7b6904337b617b7f2c2202fba8
:10dc700003f3184639f084ffb8617b6893f873307a
:10dc8000032b25d13b69002b0cd07b68d3f848319e
:10dc9000002b07d07b68d3f85431002b02d0bb692e
:10dca000002b51d138692ef05dfc7b68d3f84831e8
:10dcb00018462ef057fc7b68d3f8543118462ef0e6
:10dcc00051fcb86939f068ff0723fb73fb7b5ce00c
:10dcd0003b69002b16d07b68d3f84831002b11d05c
:10dce0007b68d3f85431002b0cd07b68d3f84431d7
:10dcf000002b07d07b68d3f84031002b02d0bb69e2
:10dd0000002b21d138692ef02dfc7b68d3f84831e7
:10dd100018462ef027fc7b68d3f8543118462ef0b5
:10dd200021fc7b68d3f8443118462ef01bfc7b683d
:10dd3000d3f8403118462ef015fcb86939f02cffa5
:10dd40000723fb73fb7b20e00023fb7718e0bb6914
:10dd50007a691a61fb7f002b02d1bb693a69da60ec
:10dd60007b6803f5fc73b969184604f039fc7b69dc
:10dd700010337b61bb692c33bb61fb7f0133fb77c5
:10dd8000fa7f7b7f9a42e2d3fb7b18462037bd4661
:10dd900080bd00bfd85e050180b586b000af786059
:10dda0000023fb7500233b610023fb73224b1b68a0
:10ddb0000433f021184604f066fc3861f9f7aef937
:10ddc0000346fb75fb7d002b03d00c23fb73fb7b11
:10ddd0002ee03b69002b08d03b6993f86031002ba3
:10dde00003d00c23fb73fb7b22e07b681b881f2b7b
:10ddf00004d97b681b88b3f5a04f03d91123fb73ab
:10de0000fb7b15e07b685b881f2b04d97b685b88f4
:10de1000b3f5a04f03d91123fb73fb7b08e07b68ac
:10de20005b7b002b03d11123fb73fb7b00e0fb7baf
:10de300018461837bd4680bd78b2002080b582b044
:10de400000af0023fb710023bb71f9f767f90346ac
:10de5000fb71fb79002b03d00c23bb71bb7900e075
:10de6000bb7918460837bd4680bd80b586b000af87
:10de70000346fb710023bb750023fb7500233b6148
:10de8000f9f74cf90346bb75bb7d002b03d00c237f
:10de9000fb75fb7d2be0fb791f2b03d91223fb7550
:10dea000fb7d24e0fb79002b14d00023fb60fb7981
:10deb00018462ef0b9faf860fb68002b02d1072350
:10dec000fb7502e0f8682ef04dfbfb7d002b01d0c6
:10ded000fb7d0ce020f02bfa38613b69002b02d16e
:10dee0000723fb7502e0386920f0eafafb7d18464b
:10def0001837bd4680bd80b586b000af0346fb71c4
:10df00000023bb750023fb7500233b61f9f706f97d
:10df10000346bb75bb7d002b03d00c23fb75fb7d3b
:10df20002be0fb791f2b03d91223fb75fb7d24e02b
:10df3000fb79002b14d00023fb60fb7918462ef0f0
:10df400073faf860fb68002b02d10723fb7502e02f
:10df5000f8682ef007fbfb7d002b01d0fb7d0ce069
:10df600020f0e5f938613b69002b02d10723fb75ee
:10df700002e0386920f0a4fafb7d18461837bd4648
:10df800080bd80b58ab000af0346fb71002387f8df
:10df9000223000237b62002387f82330fb79012b9a
:10dfa0000cd8f9f7bbf8034687f8223097f82230ef
:10dfb000002b03d00c2387f8233009e18c4b1b681e
:10dfc0000433f021184604f05efb78627b6a002b74
:10dfd00003d10c2387f82330fae0fb79002b14d10e
:10dfe0000023fb617b6a93f86031012b0dd120f097
:10dff0009ef9f861fb69002b03d0f86920f060fa04
:10e0000003e0072387f82330e2e0fb79002b00f0e0
:10e01000df80fb79032b16d1786a01f0dbfb034626
:10e02000fb7619f02df90cf0f3fef9f7cffa034661
:10e03000bb76fb7e002b02d1bb7e002b03d01e23c0
:10e0400087f82330c4e0fb79012b08d97b6a93f869
:10e050007330012b03d10c2387f82330b8e07b6a9f
:10e0600093f821307b767b7e012b0ed1786a03f00a
:10e070007bfc03463b763b7e83f00103dbb2002b47
:10e0800003d0122387f82330a2e07b7e002b0cd133
:10e0900007f115030021184635f008ff7b7d002ba2
:10e0a00003d0122387f8233092e07b7e022b02d02c
:10e0b0007b7e032b46d10023fb7500233b757b6ad7
:10e0c00093f8223003f00103dab23b7b62f30003e2
:10e0d0003b737b6a03f1230107f10c030133062232
:10e0e000184639f01fff07f1140207f10c0311461f
:10e0f00018460cf0affa0346fb75fb7d002b21d0d0
:10e100007b7e022b0cd107f10b030021184635f062
:10e11000cdfefb7a002b15d0122387f8233057e071
:10e120007b7e032b0ed1786a03f01efc03463b7600
:10e130003b7e83f00103dbb2002b03d0122387f870
:10e14000233045e07b6a93f86031002b09d1786a6f
:10e15000fff7e0fc034687f8233097f82330002bc5
:10e1600033d1fb79012b0dd17b6a93f86031002b01
:10e1700008d1f9f7b9fb034687f8233097f8233025
:10e18000002b24d1fb79012b0dd904202cf06cf845
:10e1900002467b6ada607b6adb68002b03d10723c7
:10e1a00087f8233014e0fb79012b11d9012020f0ee
:10e1b00097fa0346bb75bb7d83f00103dbb2002bee
:10e1c00006d00c2387f8233002e000bf00e000bf38
:10e1d00097f82330002b05d1fb79032b02d1786a05
:10e1e00001f04afb97f8233018462837bd4680bd1a
:10e1f00078b2002080b594b000af78600023fb6354
:10e200000023bb640023bb6300237b6400237b6388
:10e2100000233b630023fb620023bb6200237b627d
:10e2200000233b620023fb610023bb6100237b6171
:10e2300000233b617b68d3f848317b627b68d3f86d
:10e2400048310233fb617b68d3f85431bb617b6892
:10e25000d3f8543125333b617b68d3f844313b62ba
:10e260007b68d3f840317b6100233b737b68b3f854
:10e270000031dbb20633dbb27b737b68bb6007f136
:10e280000803796a184601f031f8b8697b683333be
:10e290000622194639f046fe7b68b3f80031002ba0
:10e2a0000ad0bb69981d7b68d3f8fc107b68b3f873
:10e2b00000311a4639f036fe05233b737b68b3f80c
:10e2c0001031dbb20633dbb27b737b68bb6007f1d6
:10e2d0000803f969184601f009f838697b68333397
:10e2e0000622194639f01efe7b68b3f81031002b68
:10e2f0000ad03b69981d7b68d3f80c117b68b3f892
:10e3000010311a4639f00efe7b68d3f8f8317b6481
:10e31000002387f84f30fbe17b6c1b697b637b6bd1
:10e320003b633a6b13686ff3020313603a6b136835
:10e33000012161f3c40313603a6b1368042161f394
:10e34000ca1313603a6b1368042161f3ce23136080
:10e350007b6b103399b23a6b136861f3de33136051
:10e360003a6b13686ff3df7313607b6a99b23a6b91
:10e37000536861f30f035360bb6999b23a6b5368fa
:10e3800061f31f4353603a6b9368012161f301030a
:10e3900093603a6b936843f0040393607b6893f84f
:10e3a0002b007b6893f83f107b6a5b781a4604f079
:10e3b0008af9f8637b6c7a6b1a617b6c00221a72a3
:10e3c0007b6c7a6a5a617b6cba699a617b6cfa6b76
:10e3d000da617b6cba6c1a627b6c002283f82820ad
:10e3e00097f84f307a6830339b0013447a6c5a6048
:10e3f000fa6bbb6c13447033bb647b6c1b687b642f
:10e400007b6c1b697b637a6b904b1b681b0c1b043a
:10e41000d21a97f84f3092b2796822339b000b449e
:10e420009a607b6bfb62fa6a1368052161f3020351
:10e430001360fa6a1368012161f3c4031360fa6a76
:10e440001368042161f3ca131360fa6a1368042184
:10e4500061f3ce23136097f84f207b6893f8f43074
:10e46000013b9a4205d1fa6a13686ff3de331360f9
:10e4700007e07b6b203399b2fa6a136861f3de33ed
:10e4800013603b6a99b2fa6a536861f30f035360f1
:10e490007b6999b2fa6a536861f31f435360fa6a61
:10e4a0009368022161f301039360fa6a936843f071
:10e4b000040393607b6b103399b2fa6a936861f33b
:10e4c00058239360fa6a9368022161f35a63936058
:10e4d0007b6893f82b007b6893f83f302522194620
:10e4e00004f0f1f8f8637b6c7a6b1a617b6c05229f
:10e4f0001a727b6c3a6a5a617b6c7a699a617b6c9e
:10e50000fa6bda617b6c00221a627b6c002283f862
:10e51000282097f84f307a6832339b0013447a6b87
:10e520009a6097f84f30fa6a1268c2f3cf3291b20c
:10e530007a6870335b0013440a461a817b6893f84b
:10e540002b007b6893f83f302222194604f0bbf879
:10e55000f863ba6cfb6b1344c833bb6397f84f3056
:10e56000002b03d17b68ba6bc3f8942197f84f2036
:10e570007b6893f8f430013b9a4203d17b68ba6b15
:10e58000c3f89021002387f8433015e097f8432023
:10e5900097f8431097f84f30c818796813465b0016
:10e5a0001344034426339b000b44ba6b9a6097f8dc
:10e5b0004330013387f8433097f8432097f84f30c2
:10e5c00013447a6892f8f4209342dfdbbb6cde33ad
:10e5d000bb647b6c1b687b647b6c1b697b637a6ba5
:10e5e0001a4b1b681b0c1b04d21a97f84f3092b2bf
:10e5f000796820339b000b445a607b6bbb62ba6a1c
:10e600001368042161f302031360ba6a13680121dd
:10e6100061f3c4031360ba6a1368042161f3ca1377
:10e620001360ba6a1368042161f3ce23136097f86c
:10e630004f207b6893f8f430013b9a4208d1ba6ac4
:10e6400013686ff3de3313600ae000bfc0b200202e
:10e650007b6b103399b2ba6a136861f3de331360cf
:10e66000fb6999b2ba6a536861f30f0353603b695f
:10e6700099b2ba6a536861f31f435360ba6a9368e8
:10e68000022161f301039360ba6a936843f00403c3
:10e6900093607b6893f82b007b6893f83f10fb69cd
:10e6a0005b781a4604f00ff8f8637b6c7a6b1a619a
:10e6b0007b6c04221a727b6cfa695a617b6c3a6932
:10e6c0009a617b6cfa6bda617b6c00221a627b6c5c
:10e6d000002283f8282097f84f307a6836339b0061
:10e6e00013447a6b5a6097f84f30ba6a1268c2f3d3
:10e6f000cf3291b27a6874335b0013440a46da80f1
:10e700007b6c1b687b6497f84f30013387f84f3080
:10e710007b6893f8f43097f84f209a42fff4fcadf1
:10e7200000bf5037bd4680bd80b592b000af786065
:10e7300000237b6300233b6400233b630023fb63d4
:10e740000023fb620023bb6200237b6200233b6249
:10e750000023fb610023bb6100237b6100233b613d
:10e760007b68d3f84831fb617b68d3f854317b6117
:10e770007b68d3f84431bb617b68d3f840313b619f
:10e7800001233b730c237b737b68bb6007f1080399
:10e79000f969184600f0aafd78697b6833330622d0
:10e7a000194639f0bffb7b69981d7b683933062217
:10e7b000194639f0b7fb7b68d3f8f831fb63fb6b84
:10e7c0001b69bb62002387f8473085e1fb6b1b693f
:10e7d000fb62fb6a7b627a6a13686ff30203136061
:10e7e0007a6a1368012161f3c40313607a6a1368bb
:10e7f000042161f3ca1313607a6a1368042161f378
:10e80000ce231360fb6a103399b27a6a136861f3fe
:10e81000de3313607a6a13686ff3df731360fb698a
:10e8200099b27a6a536861f30f0353607b6999b2b6
:10e830007a6a536861f31f4353607a6a93680121cf
:10e8400061f3010393607a6a936843f00403936071
:10e850007b6893f82b007b6893f83f10fb695b782b
:10e860001a4603f030ff7863fb6bfa6a1a61fb6ba0
:10e8700000221a72fb6bfa695a61fb6b7a699a6122
:10e88000fb6b7a6bda61fb6b3a6c1a62fb6b0022f2
:10e8900083f8282097f847307a6830339b00134478
:10e8a000fa6b5a607a6b3b6c134470333b64fb6bbe
:10e8b0001b68fb63fb6b1b69fb62fb6a3b623a6a8a
:10e8c0001368052161f3020313603a6a136801219a
:10e8d00061f3c40313603a6a1368042161f3ca1335
:10e8e00013603a6a1368042161f3ce23136097f82a
:10e8f00047207b6893f8f430013b9a4212d17b6841
:10e9000093f87330012b07d1bb6a99b23a6a136846
:10e9100061f3de3313600de03a6a13686ff3de33a0
:10e92000136007e0fb6a103399b23a6a136861f327
:10e93000de331360bb6999b23a6a536861f30f031f
:10e9400053603b6999b23a6a536861f31f4353605d
:10e950003a6a9368022161f3010393603a6a93680b
:10e9600043f0040393603a6a93686ff3582393600b
:10e970003a6a9368012161f35a6393607b6893f864
:10e980002b007b6893f83f302222194603f09bfe50
:10e990007863fb6bfa6a1a61fb6b05221a72fb6bd8
:10e9a000ba695a61fb6b3a699a61fb6b7a6bda61ff
:10e9b000fb6b00221a62fb6b002283f8282097f879
:10e9c00047307a6832339b001344fa6a9a6097f8aa
:10e9d00047303a6a1268c2f3cf3291b27a68703324
:10e9e0005b0013440a461a8197f847307a68363339
:10e9f0009b00134400225a6097f847307a687433ba
:10ea00005b0013440022da803a6c7b6b1344c833fa
:10ea10003b6397f84730002b03d17b683a6bc3f810
:10ea2000942197f847207b6893f8f430013b9a4291
:10ea30000dd17b6893f87330012b04d17b682c4a8d
:10ea4000c3f8902103e07b683a6bc3f89021002360
:10ea500087f83b3015e097f83b2097f83b1097f884
:10ea60004730c818796813465b00134403442633c3
:10ea70009b000b443a6b9a6097f83b30013387f860
:10ea80003b3097f83b2097f8473013447a6892f868
:10ea9000f4209342dfdb7b6893f87330012b10d1b5
:10eaa0007b6893f82b007b6893f83f30252219464a
:10eab00003f009fe78637a6b3b6c1344de333b64ee
:10eac00002e03b6cde333b64fb6b1b68fb6397f837
:10ead0004730013387f847307b6893f8f43097f874
:10eae00047209a42fff472ae00bf4837bd4680bd52
:10eaf0000088130080b58eb000af7860002387f8df
:10eb0000373000233b630023fb6200237b6200233a
:10eb10003b620023fb610023bb617b68d3f8483173
:10eb2000fb617b68d3f85431bb6102233b747b6883
:10eb3000b3f80031dbb20633dbb27b747b68fb6079
:10eb400007f10c03f969184600f0d0fbb8697b683f
:10eb500033330622194639f0e5f97b68b3f8003102
:10eb6000002b0ad0bb69981d7b68d3f8fc107b682a
:10eb7000b3f800311a4639f0d5f97b68d3f8f8318b
:10eb8000fb62002387f83730fae0fb6a1b697b627f
:10eb90007b6a3b623a6a13686ff3020313603a6a56
:10eba0001368012161f3c40313603a6a13680421f6
:10ebb00061f3ca1313603a6a1368042161f3ce2328
:10ebc000136097f837207b6893f8f430013b9a4242
:10ebd00005d13a6a13686ff3de33136007e07b6a8e
:10ebe000103399b23a6a136861f3de3313603a6afc
:10ebf00013686ff3df731360fb6999b23a6a536865
:10ec000061f30f035360bb6999b23a6a536861f3c9
:10ec10001f4353603a6a93686ff3010393603a6a43
:10ec2000936843f0040393607b6893f82b007b6840
:10ec300093f83f10fb695b781a4603f044fd786156
:10ec4000fb6a7a6a1a61fb6a00221a72fb6afa6925
:10ec50005a61fb6aba699a61fb6a7a69da61fb6a8e
:10ec60003a6b1a62fb6a002283f828203a6b7b69b0
:10ec7000134486333b6397f837307a6830339b0010
:10ec80001344fa6a5a6097f837307a6832339b0037
:10ec900013443a6a9a6097f837307a6836339b00a3
:10eca000134400225a6097f837207b6893f8f430b9
:10ecb000013b9a4210d197f837307a6870335b0085
:10ecc000134400221a8197f837307a6874335b0056
:10ecd00013440022da8013e07b6a10331a4697f857
:10ece000373091b27a6870335b0013440a461a8158
:10ecf00097f837307a6874335b0013440022da8067
:10ed000097f83730002b03d17b683a6bc3f8942116
:10ed100097f837207b6893f8f430013b9a4203d18f
:10ed20007b683a6bc3f89021002387f82b3015e0fd
:10ed300097f82b2097f82b1097f83730c818796878
:10ed400013465b001344034426339b000b443a6b89
:10ed50009a6097f82b30013387f82b3097f82b20e7
:10ed600097f8373013447a6892f8f4209342dfdb47
:10ed7000fb6a1b68fb6297f83730013387f837303e
:10ed80007b6893f8f43097f837209a42fff4fdae91
:10ed900000bf3837bd4680bd80b594b000af786005
:10eda0000023fb630023bb640023bb6300237b645d
:10edb00000237b6300233b630023fb620023bb62d1
:10edc00000237b6200233b620023fb610023bb61c5
:10edd00000237b6100233b617b68d3f848317b6271
:10ede0007b68d3f848310233fb617b68d3f8543138
:10edf000bb617b68d3f8543125333b617b68d3f822
:10ee000044313b627b68d3f840317b6108233b731c
:10ee10007b68b3f80031dbb20633dbb27b737b680f
:10ee2000bb6007f10803796a184600f05ffab86919
:10ee30007b6833330622194639f074f87b68b3f8df
:10ee40000031002b0ad0bb69981d7b68d3f8fc10f9
:10ee50007b68b3f800311a4639f064f805233b7338
:10ee60007b68b3f81031dbb20633dbb27b737b68af
:10ee7000bb6007f10803f969184600f037fa3869f2
:10ee80007b6833330622194639f04cf87b68b3f8b7
:10ee90001031002b0ad03b69981d7b68d3f80c1108
:10eea0007b68b3f810311a4639f03cf87b68d3f828
:10eeb000f8317b64002387f84f300be27b6c1b69d1
:10eec0007b637b6b3b633a6b13686ff302031360e6
:10eed0003a6b1368012161f3c40313603a6b136842
:10eee000042161f3ca1313603a6b1368042161f3c0
:10eef000ce2313607b6b103399b23a6b136861f3c6
:10ef0000de3313603a6b13686ff3df7313607b6a51
:10ef100099b23a6b536861f30f035360bb6999b2be
:10ef20003a6b536861f31f4353603a6b9368012156
:10ef300061f3010393603a6b936843f004039360b9
:10ef40007b6893f82b007b6893f83f107b6a5b78b3
:10ef50001a4603f0b8fbf8637b6c7a6b1a617b6c22
:10ef600000221a727b6c7a6a5a617b6cba699a6168
:10ef70007b6cfa6bda617b6cba6c1a627b6c002278
:10ef800083f8282097f84f307a6830339b00134479
:10ef90007a6c5a60fa6bbb6c13447033bb647b6c45
:10efa0001b687b647b6c1b697b637a6b984b1b686b
:10efb0001b0c1b04d21a97f84f3092b27968223397
:10efc0009b000b449a607b6bfb62fa6a1368052115
:10efd00061f302031360fa6a1368012161f3c40349
:10efe0001360fa6a1368042161f3ca131360fa6aa2
:10eff0001368042161f3ce23136097f84f207b68d8
:10f0000093f8f430013b9a4205d1fa6a13686ff322
:10f01000de33136007e07b6b203399b2fa6a136822
:10f0200061f3de3313603b6a99b2fa6a536861f3a5
:10f030000f0353607b6999b2fa6a536861f31f4307
:10f040005360fa6a9368022161f301039360fa6adc
:10f05000936843f0040393607b6b103399b2fa6ab0
:10f06000936861f358239360fa6a93686ff35a6365
:10f0700093607b6893f82b007b6893f83f302522e0
:10f08000194603f020fbf8637b6c7a6b1a617b6c8a
:10f0900005221a727b6c3a6a5a617b6c7a699a61b2
:10f0a0007b6cfa6bda617b6c00221a627b6c00224b
:10f0b00083f8282097f84f307a6832339b00134446
:10f0c0007a6b9a6097f84f30fa6a1268c2f3cf32bf
:10f0d00091b27a6870335b0013440a461a817b68e8
:10f0e00093f82b007b6893f83f300c22194603f00d
:10f0f000eafaf863ba6cfb6b134403f22513bb63a3
:10f100007b6893f82b007b6893f83f10fb695b7872
:10f110001a4603f0d8faf863fa6bbb6b1344073353
:10f12000bb6397f84f30002b03d17b68ba6bc3f8f1
:10f13000942197f84f207b6893f8f430013b9a4272
:10f1400003d17b68ba6bc3f89021002387f8433062
:10f1500015e097f8432097f8431097f84f30c818f8
:10f16000796813465b001344034426339b000b4429
:10f17000ba6b9a6097f84330013387f8433097f8b9
:10f18000432097f84f3013447a6892f8f420934262
:10f19000dfdbbb6cde33bb647b6c1b687b647b6c2e
:10f1a0001b697b637a6b1a4b1b681b0c1b04d21afe
:10f1b00097f84f3092b2796820339b000b445a6025
:10f1c0007b6bbb62ba6a1368042161f302031360ac
:10f1d000ba6a1368012161f3c4031360ba6a136841
:10f1e000042161f3ca131360ba6a1368042161f33e
:10f1f000ce23136097f84f207b6893f8f430013bdf
:10f200009a4207d1ba6a13686ff3de33136009e0dc
:10f21000c0b200207b6b103399b2ba6a136861f3f5
:10f22000de331360fb6999b2ba6a536861f30f0366
:10f2300053603b6999b2ba6a536861f31f435360e4
:10f24000ba6a9368022161f301039360ba6a936812
:10f2500043f0040393607b6893f82b007b6893f87a
:10f260003f10fb695b781a4603f02dfaf8637b6c5c
:10f270007a6b1a617b6c04221a727b6cfa695a6190
:10f280007b6c3a699a617b6cfa6bda617b6c002269
:10f290001a627b6c002283f8282097f84f307a6836
:10f2a00036339b0013447a6b5a6097f84f30ba6a32
:10f2b0001268c2f3cf3291b27a6874335b001344a0
:10f2c0000a46da807b6c1b687b6497f84f30013309
:10f2d00087f84f307b6893f8f43097f84f209a42c4
:10f2e000fff4ecad00bf5037bd4680bd80b586b0a1
:10f2f00000af7860396000237b617b681b687b61ad
:10f300007b6993f82130fb747b6993f82230bb74de
:10f310007b6993f8223003f00103dab23b7a62f39f
:10f3200000033b727b6903f1230107f108030133fa
:10f330000622184638f0f6fd07f1080318460bf0d0
:10f34000e9f903467b7407f1080318460bf04cfa01
:10f3500003463b747b681b791a46434b9b5c03f066
:10f360000f03d9b23a68137861f3030313700e20c8
:10f37000f7f76aff0346002b05d03a68137843f08d
:10f380002003137004e03a6813786ff34513137089
:10f39000fb7c002b09d13a6813786ff38613137046
:10f3a0007b69002283f8322037e0fb7c012b09d1f6
:10f3b0003a68137843f0400313707b69002283f8a6
:10f3c00032202ae0fb7c022b16d17b7c002b09d05b
:10f3d0003a68137843f0400313707b69012283f885
:10f3e00032201ae03a6813786ff3861313707b6942
:10f3f000002283f8322010e03a68137843f040038b
:10f4000013707b7c002b04d07b69012283f83220af
:10f4100003e07b69002283f832203b7c002b09d07b
:10f420003a68137843f0800313707b69012283f8f4
:10f43000312011e0bb7c002b05d13a6813786ff3c3
:10f44000c713137004e03a68137843f08003137015
:10f450007b69002283f831207b685a793b685a70b7
:10f4600000bf1837bd4680bd6c33050180b582b042
:10f4700000af0023fb7100233b600a4b1b68043381
:10f48000f021184603f0fff8386000230022002125
:10f49000386802f0c9fe0346fb71fb79184608374d
:10f4a000bd4680bd78b2002080b584b000af7860e2
:10f4b0000023fb607b6893f86031002b40f0838071
:10f4c00001210120f7f746fe7b6893f87330194657
:10f4d000786802f03cff7b68002283f88c217b680f
:10f4e000012283f88d217b6893f87330012b04d1be
:10f4f0007b68002283f88e2103e07b68012283f879
:10f500008e217b68042283f88f217b68db6940f2bf
:10f51000712202fb03f27b68c3f8a4217b6842f2ec
:10f520001072c3f8a8217b68012283f860217b68f0
:10f5300000221a741ef0dafe02467b68c3f8ec2142
:10f540001ef0f5fef8607b68d3f8ec317a689268bb
:10f550001a627b68d3f8ec311d4a5a627b68d3f893
:10f56000ec311c4a9a627b68d3f8ec311a4ada62b1
:10f570007b68d3f8ec31194a1a637b68d3f8ec3115
:10f58000174a5a637b68d3f8ec310021184602f021
:10f5900079fc7b68d3f8ec3100221a607b68d3f8e1
:10f5a000ec31fa6852685a60fb685b687a68d2f896
:10f5b000ec211a607b68d3f8ec311a46fb685a607c
:10f5c000f86802f0a7fd00bf1037bd4680bd00bf40
:10f5d000591a0301911b0301a91b0301a11902017f
:10f5e000a51d020180b588b002af78607b6893f8f2
:10f5f00073301946786802f0aafe7b68012283f80e
:10f6000060217b6800221a747b68db697b61f7f7f5
:10f6100093fd38613b694ff4c86202fb03f27b69da
:10f62000b2fbf3f3fb60f868f8f75af8f8f787f9dc
:10f63000786800f061f817f0d1fd0bf07dfbf7f76b
:10f6400049ff7b689a6807f108031a607b68db68ea
:10f6500007f108020093134604220449022026f011
:10f660006bf800bf1837bd4680bd00bf0b0001001e
:10f6700080b586b002af78607b68012283f8602194
:10f680007b6800221a74f8f743f80346fb73fb7b90
:10f69000002b01d0f8f753f97b6893f873301946c3
:10f6a000786802f054fe7b689a6807f108031a60d4
:10f6b0007b68db6807f108020093134604220449c3
:10f6c000022026f039f800bf1037bd4680bd00bfcc
:10f6d0000b00010080b582b000af78607b6893f8c2
:10f6e0006031012b04d101220021786802f032fd43
:10f6f00000bf0837bd4680bd80b584b000af7860dc
:10f700000023fb60314b1b680c33fb607b6893f874
:10f710007320fb681a707b6893f82020fb685a708e
:10f720007b6893f82920fb689a707b6893f8212006
:10f73000fb68da707b6893f82220fb681a71fb681b
:10f74000581d7b6823330622194638f0ebfb7b6893
:10f75000b3f80031002b0bd0fb6803f10c007b6881
:10f76000d3f8fc107b68b3f800311a4638f0dafba6
:10f770007b68b3f80031dab2fb68da727b68b3f801
:10f780001031002b0bd0fb6803f12c007b68d3f801
:10f790000c117b68b3f810311a4638f0c3fb7b6854
:10f7a000b3f81031dab2fb6883f82b207b6893f84a
:10f7b000f420fb6883f84b205022f968044826f0b7
:10f7c00060f800bf1037bd4680bd00bf78b2002092
:10f7d0001040014480b584b000af78600023fb7313
:10f7e0000023bb60224b1b680c33bb6050222149b5
:10f7f000b86826f046f8bb681a787b6883f87320ef
:10f80000bb685a787b6883f82020bb689a787b684d
:10f8100083f829207b68ff2283f82e20bb68da78e2
:10f820007b6883f821207b6803f12300bb680533e4
:10f830000622194638f076fbbb681a797b6883f894
:10f840002220bb6893f84b207b6883f8f420bb68c8
:10f850005b78002b04d0bb6893f84b30002b01d1b0
:10f860001e2300e0fb7b18461037bd4680bd00bf5d
:10f8700078b200201040014480b584b000af7860b9
:10f880000023fb602b4b1b680c33fb6050222a4982
:10f89000f86825f0f6fffb68db7a002b18d0fb68d0
:10f8a000db7a18462cf0c0fd02467b68c3f8fc20ca
:10f8b0007b68d3f8fc30002b0ad07b68d3f8fc00bf
:10f8c000fb6803f10c01fb68db7a1a4638f02afb6f
:10f8d000fb68db7a9ab27b68a3f80021fb6893f897
:10f8e0002b30002b1ad0fb6893f82b3018462cf0e5
:10f8f0009bfd02467b68c3f80c217b68d3f80c3172
:10f90000002b0bd07b68d3f80c01fb6803f12c01b2
:10f91000fb6893f82b301a4638f004fbfb6893f829
:10f920002b309ab27b68a3f8102100bf1037bd4678
:0cf9300080bd00bf78b2002010400144f0
:020000040000fa
:020000040101f8
:10f93c0080b584b000aff860b9607a603b60084a6b
:10f94c00fb681360074abb6813607868f6f752fbd4
:10f95c00054a3b68136000bf1037bd4680bd00bf31
:10f96c0078b1002080b1002088b1002080b483b031
:10f97c0000af78603960064a7b681360054a3b68c3
:10f98c00136000bf0c37bd465df8047b704700bfa9
:10f99c007cb1002084b1002080b500af084b002260
:10f9ac001a60084b00221a60074b00221a60074ba2
:10f9bc0000221a600649062034f052f900bf80bdbf
:10f9cc0078b100207cb1002080b1002084b10020ef
:10f9dc000900020180b584b000af78607b681b68b9
:10f9ec00fb60fa6892f8c8316ff3000382f8c831f3
:10f9fc00fa6892f8c8316ff3410382f8c831fb689a
:10fa0c00002283f8ac21fb68002283f8ad21fb684f
:10fa1c00002283f8ae21fb68002283f8af21fb683b
:10fa2c00002283f8b021fb68002283f8b121fb6827
:10fa3c00002283f8c621a04b1b681a78fb6883f858
:10fa4c00be21fb68002283f8bf21fb68002283f8eb
:10fa5c00c021fb68002283f8c121fb68002283f8d7
:10fa6c00c221fb68002283f8c321fb68002283f8c3
:10fa7c00c421fb68002283f8c521fb68fb22a3f894
:10fa8c002222fb68fb22a3f81e22fb681b22a3f890
:10fa9c00f622fb6893f8663003f01003002b05d0b8
:10faac00fb6840f64802a3f8242204e0fb6844f209
:10fabc009022a3f82422fb6893f8673003f010031c
:10facc00002b05d0fb6840f64802a3f8202204e086
:10fadc00fb6844f29022a3f82022774b1b681b7c16
:10faec0003f00103002b04d0fb68072283f8632288
:10fafc0005e0714b1b685a7cfb6883f863226e4be4
:10fb0c001b681b7c03f00203002b04d0fb6807224c
:10fb1c0083f8642205e0684b1b689a7cfb6883f8c9
:10fb2c006422fb6840f6b832a3f8a022fb6840f2ce
:10fb3c00dc52a3f8a222fb6803f5297340f202629f
:10fb4c00796818460df007f8fb6803f52f7340f23f
:10fb5c000362796818460cf0fefffb6803f53573f9
:10fb6c0040f20462796818460cf0f5fffb6803f567
:10fb7c001c734ff07e321a60fb6803f51d734ff057
:10fb8c007e321a60fb6803f51e734ff002321a6066
:10fb9c00fb6803f51f7300221a60fa6892f8803232
:10fbac006ff3820382f88032fa6892f880326ff336
:10fbbc00000382f88032fa6892f880326ff34103c6
:10fbcc0082f88032fa6892f880326ff3c71382f8a9
:10fbdc008032fb68002283f88122fb680022a3f8a4
:10fbec009c22fa6892f89e326ff3000382f89e32e0
:10fbfc00fa6892f89e326ff3410382f89e32fa68eb
:10fc0c0092f89e3243f0400382f89e32fa6892f8e2
:10fc1c009e3243f00c0382f89e32fa6892f89e32c0
:10fc2c0043f0300382f89e327b681b79042b09d198
:10fc3c00fb68002242f0070283f88922002283f835
:10fc4c008a2206e0fb68002283f88922002283f8ce
:10fc5c008a22fb68002283f88722002283f88822fc
:10fc6c00164b93f91220fb6883f88222134b93f9fd
:10fc7c001320fb6883f88322104b93f91420fb6844
:10fc8c0083f88422fb68ef2283f88522fb6800222c
:10fc9c0083f88622fb680022c3f8ec22fb6803f58c
:10fcac003b72fb68c3f8f022fb68002283f8f42255
:10fcbc0000bf1037bd4680bd3cb20020f0b0002024
:10fccc0080b584b000af78607b681b68fb60786897
:10fcdc000cf061fdfb6803f52973184617f0bafeaa
:10fcec00fa6892f8c8316ff3000382f8c831fa68e9
:10fcfc0092f8c8316ff3410382f8c831fb680022d7
:10fd0c0083f8ac21fb68002283f8ae21fb6800224b
:10fd1c0083f8b02178680df003f900bf1037bd46a9
:10fd2c0080bd80b584b000af78607b681b68bb6019
:10fd3c000023fb73bb6893f86430002b09d10821b6
:10fd4c00786806f087fd0346002b10d00123fb7367
:10fd5c000de0bb6893f86430012b08d10e21786854
:10fd6c0006f078fd0346002b01d00123fb73fb7bcf
:10fd7c00002b03d0bb68012283f8ac21fb7b184617
:10fd8c001037bd4680bd80b584b000af78607b680d
:10fd9c001b68fb60786806f049fe0346002b05d013
:10fdac00fb68052283f8ac21012300e000231846f0
:10fdbc001037bd4680bd80b584b000af78607b68dd
:10fdcc001b68fb60786806f0faff0346002b05d031
:10fddc00fb68132283f8ac21012300e000231846b2
:10fdec001037bd4680bd80b584b000af78607b68ad
:10fdfc001b68fb60fb6893f8ac31002b0cd1fb68e3
:10fe0c0093f8ae31212b07d0fb6893f8ae31222b3f
:10fe1c0002d0786807f060f800bf1037bd4680bd8f
:10fe2c0080b582b000af7860786807f055f800bff5
:10fe3c000837bd4680bd80b582b000af7860786869
:10fe4c0007f04af800bf0837bd4680bd80b584b0c6
:10fe5c0000af78607b681b68bb600023fb73bb68da
:10fe6c0093f86430002b1bd1bb6893f8be3103f0c0
:10fe7c000203dbb2002b09d00f21786806f0bcfe20
:10fe8c000346002b1dd00123fb731ae00121786877
:10fe9c0006f0effa0346002b13d00123fb7310e09e
:10feac00bb6893f8be3103f00203dbb2002b08d021
:10febc000f21786806f0a0fe0346002b01d0012329
:10fecc00fb73fb7b002b03d0bb68112283f8ac21a6
:10fedc00fb7b18461037bd4680bd80b584b000afa3
:10feec0078607b681b68fb60fb6893f86430002bc0
:10fefc0008d10321786806f0bcfa0346002b0ad01f
:10ff0c00012309e01021786806f076fe0346002be9
:10ff1c0001d0012300e0002318461037bd4680bdf8
:10ff2c0080b584b000af78600b46fb707b681b68b3
:10ff3c00fb60fb781a460f21786806f01efc03461e
:10ff4c00002b0ad0fb6893f8ae31112b03d10121a1
:10ff5c0078680cf083fa012300e000231846103770
:10ff6c00bd4680bd80b584b000af78607b681b68ef
:10ff7c00fb60f8680cf0b0fd0346002b02d07868eb
:10ff8c0007f04df900bf1037bd4680bd80b584b079
:10ff9c0000af78607b681b68fb60fb6893f8b53139
:10ffac001946786806f034fc0346002b05d0fb6834
:10ffbc00032283f8ac21012300e0002318461037fc
:10ffcc00bd4680bd80b584b000af78607b681b688f
:10ffdc00fb60fb68022283f8ac21786806f0c2fc57
:10ffec000346002b01d0012304e0fb68002283f8b8
:10fffc00ac21002318461037bd4680bd80b59ab0a1
:020000040102f7
:10000c0000af0346b9607a60fb8100237b66fb89f5
:10001c00082b00f2818001a252f823f04d0002015e
:10002c005b000201630002016b000201730002011c
:10003c007b000201eb000201150102011d0102010e
:10004c007b681b781946b86800f0b4f967e0b868ab
:10005c000cf070fb63e0b86800f0daf95fe0b868a8
:10006c0000f0e2f95be0b86800f0e9f957e0bb6832
:10007c001b683b663b6eb3f887329ab23b6eb3f8a3
:10008c0098309a424ad07b6893f900203b6e83f8f3
:10009c008c220021386e0cf0a8fd03461a46012371
:1000ac009340dab23b6e83f88b220121386e0cf050
:1000bc009cfd03461946b8680cf02efe03461a4602
:1000cc003b6e83f88d223b6eb3f8983001339ab2b5
:1000dc003b6ea3f88922b868fff785fe1ee0bb686b
:1000ec001b68fb654ff48153bb82fb6d1b883b8304
:1000fc007b681b78bb767b685b78fb7607f1140317
:10010c00184633f0d1fd0ae0b8680cf05dfe06e04d
:10011c00b86809f086fc02e000bf00e000bf7b6e0f
:10012c0018466837bd4680bd80b586b000aff86014
:10013c00b9607a607b687b61f8680cf0fbfa7b69cc
:10014c001b781946f8680cf0f3ff7a68b968f86800
:10015c0000f0cefa0346012b0cd17b691b781946b3
:10016c00f86800f0e7fd0346002b01d0012302e004
:10017c00002300e0012318461837bd4680bd80b52a
:10018c008ab004af786039607b681b687b613b6820
:10019c003b617b691b881a463b69db7902930192b0
:1001ac00824b0093012302225d21ec201cf01afaf1
:1001bc003b69db79012b3ad0182b3dd0002b40f05a
:1001cc00ee80112178680cf0a1f97b6993f8c631a7
:1001dc0003f00103dbb2002b03d00021786809f097
:1001ec003bfdf9f7ddfe0346012b40f2da807b691b
:1001fc0093f89c30002b00f0d4807b69d3f87831d5
:10020c00002118461ef0cafa0346fb81fb89002b1d
:10021c0000f0c7807b6993f89c30013bdab27b69b4
:10022c0083f89c207b69012283f89d20b9e0122180
:10023c0078680cf06bf9b5e0132178680cf066f96e
:10024c00012178680cf050fb034618460cf094fb27
:10025c0003467b73002178680cf046fb0346184676
:10026c000cf08afb03463b733a7b797b002378685e
:10027c0009f0b8fc7b6993f8803223f07f03dbb282
:10028c00002b63d07b6993f86430012b5ed17b7bb0
:10029c00032b34d17b69002283f894227b697a6921
:1002ac0092f87a2283f893227b69042283f89222b3
:1002bc00022178680cf030fd03461a467b6983f8fe
:1002cc009522786806f086ff7b69002283f89422d9
:1002dc007b697a6992f87b2283f893227b690822e6
:1002ec0083f89222032178680cf016fd03461a4617
:1002fc007b6983f89522786806f06cff26e0012173
:10030c0078690cf072fc0346fb727b69002283f85f
:10031c009422fa7a7b6979690a4492f8782283f8f4
:10032c009322fb7a012202fa03f3dab27b6983f897
:10033c009222fb7a194678680cf0eefc03461a46ba
:10034c007b6983f89522786806f044ff7b6900226c
:10035c0083f88122164b1b681b7c03f00103002bd6
:10036c0004d07b69072283f8632205e0104b1b68dd
:10037c005a7c7b6983f863220d4b1b681b7c03f052
:10038c000203002b04d07b69072283f8642209e066
:10039c00074b1b689a7c7b6983f8642202e000bfe0
:1003ac0000e000bf00bf1837bd4680bdcc6e050114
:1003bc003cb2002080b588b004af78600b46fb706f
:1003cc007b681b68fb60fb681b881a46fb780293f2
:1003dc0001920e4b0093012302225e21ec201cf0b3
:1003ec0001f9fb78022b07d116217868f9f7fafa94
:1003fc00fb68002283f8ac217b681b68002118463f
:10040c00faf7fcf900bf1037bd4680bdfc6e050144
:10041c0080b582b000af786022217868f9f7e2faf3
:10042c0000bf0837bd4680bd80b582b000af786094
:10043c00786809f02efb00bf0837bd4680bd80b53b
:10044c0084b000af78607b681b68fb60f8680cf0c8
:10045c0043fb0346002b03d01221786806f06ef99b
:10046c0000bf1037bd4680bd80b588b000aff860c6
:10047c00b9607a607b68bb610023fb77fb681b6803
:10048c007b61bb691b78023b232b00f2068101a226
:10049c0052f823f031050201a7060201a70602015a
:1004ac00a70602014705020155050201a706020134
:1004bc006b050201a7060201810502018f050201ed
:1004cc00a5050201a7060201b3050201a706020158
:1004dc00c9050201dd050201e9050201f50502016c
:1004ec00090602011d060201a7060201a706020168
:1004fc00a7060201a7060201a7060201a706020130
:10050c003106020131060201a7060201a70602010b
:10051c00a7060201a70602014706020167060201af
:10052c0087060201bb68022b40f0ba800123fb77df
:10053c007968f86806f0b6feb2e0bb68012b40f0b3
:10054c00b1800123fb77ade0bb68022b40f0ac809f
:10055c000123fb777968f86806f0b9fea4e0bb6864
:10056c00092b40f0a3800123fb777968f86806f02b
:10057c00c3fe9be0bb68012b40f09a800123fb7704
:10058c0096e0bb68062b40f095800123fb777968d9
:10059c00f86806f07dff8de0bb68022b40f08c8084
:1005ac000123fb7788e0bb68182b40f08780012380
:1005bc00fb777968f86806f0aeff7fe0bb68032b29
:1005cc007ed10123fb777968f86806f01bff77e092
:1005dc00bb68012b76d10123fb7773e0bb68012b41
:1005ec0072d10123fb776fe0bb68092b6ed101231d
:1005fc00fb777968f86806f01fff67e0bb68092b8a
:10060c0066d10123fb777968f86806f015ff5fe087
:10061c00bb68032b5ed10123fb777968f86806f081
:10062c0060ff57e0bb68022b56d10123fb777b6838
:10063c005a787b6983f8aa214ee0bb68042b4dd114
:10064c000123fb777b6903f28b207b68591cbb6809
:10065c00013b1a4637f060fc40e0bb68052b3fd1ec
:10066c000123fb777b6903f28e207b68591cbb68e6
:10067c00013b1a4637f050fc32e0bb68052b31d1f8
:10068c000123fb777b6903f292207b68591cbb68c2
:10069c00013b1a4637f040fc24e00223fb7722e0b2
:1006ac0000bf20e000bf1ee000bf1ce000bf1ae04e
:1006bc0000bf18e000bf16e000bf14e000bf12e05e
:1006cc0000bf10e000bf0ee000bf0ce000bf0ae06e
:1006dc0000bf08e000bf06e000bf04e000bf02e07e
:1006ec0000bf00e000bffb7f18462037bd4680bd31
:1006fc0080b588b000aff860b9607a607b68bb6188
:10070c007a68b968f868fff7affe0346fb77fb7fa2
:10071c00022b0fd1fb681b79042b0bd1224b1b68ce
:10072c00002b07d0204b1b687a68b968f86898478b
:10073c000346fb77fb7f022b0fd1fb681b79052b44
:10074c000bd11a4b1b68002b07d0184b1b687a680f
:10075c00b968f86898470346fb77fb7f012b1ed0de
:10076c00bb691b78022b0ad1fb681b687b617b6918
:10077c00d3f8843123f001027b69c3f88421bb696f
:10078c001b781946f86806f02ff90021f8680bf071
:10079c0065fe0121f8680bf061fefb7f00e0fb7f3a
:1007ac0018462037bd4680bd78b100207cb10020b2
:1007bc0080b584b000af78607b681b68bb60002399
:1007cc00fb73232178680bf013ff0346002b3ed0fc
:1007dc00bb6893f88b3218460cf0dcf90346ff2b00
:1007ec0002d12023fb7306e0bb6893f98d327e2b7c
:1007fc0001d11e23fb73fb7b002b20d1bb6893f82c
:10080c00ac31062b0dd1bb68ff2283f8912278689e
:10081c0006f093fb0346002b01d0012318e00023c4
:10082c0016e0bb68002283f89122786806f085fbfd
:10083c000346002b01d001230ae0002308e0fb7bd8
:10084c001a462321786805f098ff034600e001233f
:10085c0018461037bd4680bd90b597b000af786094
:10086c007b681b687b657b6d93f8ac31062b40f085
:10087c001181002178680bf0f1fd7b6d93f88b32c0
:10088c0018460cf087f9034687f853307b6d93f9c3
:10089c008f227b6d83f885227b6d93f8803203f079
:1008ac000403dbb2002b27d07a6d92f880326ff301
:1008bc00820382f8803241f221033b8100233b7397
:1008cc007b6d1b88fb8102233b7497f853300133fb
:1008dc00dbb27b747b6d93f99032bb747b6d93f8b8
:1008ec008e32c3f30103dbb2fb7400233b7507f1bb
:1008fc000803184633f0d8f97b6d93f990327e2bb0
:10090c0000f0be807b6d93f990327f2b12d097f85c
:10091c0053307a6d92f990127a6d13440a4683f82b
:10092c00742297f853307a6d13447a6d92f88e22b4
:10093c0083f87c227b6d93f89132002b00f0a08021
:10094c007b6d93f89132ff2b00f09a8097f853301f
:10095c00194678680cf0e0f9034687f8523097f89e
:10096c0052207b6d93f89132d31adab297f8533048
:10097c0051b27a6d13440a4683f870227b6d03f5ed
:10098c001c7297f85330d01897f853307a6dd418ee
:10099c0001210cf081f984f8780297f853307a6dc4
:1009ac00134493f9703297f952209a422ed097f84b
:1009bc0053307a6d134493f97032dab297f852309f
:1009cc00d31adbb25ab27b6d83f8942297f853207a
:1009dc007b6d796d0a4492f8782283f8932297f80c
:1009ec005330012202fa03f3dab27b6d83f89222c0
:1009fc0097f85330194678680cf08ef903461a466e
:100a0c007b6d83f89522786806f0e4fb7b6d93f898
:100a1c00803203f00103dbb2002b31d041f2210311
:100a2c003b8100233b737b6d1b88fb8100233b7454
:100a3c0097f853300133dbb27b7497f853307a6def
:100a4c00134493f97032bb7497f853307a6d134496
:100a5c0093f87832c3f30103dbb2fb7497f853308d
:100a6c007a6d134493f97032dab297f85230d31a84
:100a7c00dbb25bb23b7507f10803184633f014f98f
:100a8c007b6d93f88132012b0ad17868fff793f9cb
:100a9c00034606e02421786805f0a6ff034600e033
:100aac00012318465c37bd4690bd80b598b000afa9
:100abc0078607b681b68bb65bb6d93f995327f2ba7
:100acc0063d0012387f85e30002387f85f3058e04d
:100adc00bb6d93f8922297f85e301340dbb2002b7b
:100aec0045d097f85e3018460cf054f8034687f85a
:100afc00573097f85730ba6d92f99512ba6d134476
:100b0c000a4683f8742297f85730ba6d1344ba6dbd
:100b1c0092f8932283f87c22bb6d93f8803203f019
:100b2c000203dbb2002b22d041f22103bb81002354
:100b3c003b74bb6d1b887b8201233b7597f8573048
:100b4c000133dbb27b75bb6d93f99532bb75bb6d15
:100b5c0093f89332c3f30103dbb2fb75bb6d93f9ce
:100b6c0094323b7607f10c03184633f09df897f856
:100b7c005e305b0087f85e3097f85f30013387f8a2
:100b8c005f3097f85f30032ba2d9012318466037ea
:100b9c00bd4680bd80b584b000af78600b46fb705d
:100bac00fb78023b232b00f2bd8001a252f823f00c
:100bbc004d0c0201310d0201310d0201310d02010a
:100bcc00590c0201650c0201310d0201710c02017c
:100bdc00310d02017d0c0201890c0201950c020100
:100bec00310d0201a10c0201310d0201ad0c02010b
:100bfc00b90c0201c50c0201d10c0201dd0c020181
:100c0c00e90c0201310d0201310d0201310d02011d
:100c1c00310d0201310d0201310d0201f50c020101
:100c2c00010d0201310d0201310d0201310d0201e4
:100c3c00310d02010d0d0201190d0201250d0201ec
:100c4c00786800f0b9f80346fb736ee0786800f042
:100c5c00cff80346fb7368e0786800f023f903468d
:100c6c00fb7362e0786800f0e0f90346fb735ce02c
:100c7c00786800f0ebf90346fb7356e0786800f0f7
:100c8c0049fa0346fb7350e0786800f07afa0346a1
:100c9c00fb734ae0786800f097fa0346fb7344e074
:100cac00786800f044fb0346fb733ee0786800f084
:100cbc00e3fb0346fb7338e0786800f004fc034662
:100ccc00fb7332e0786800f00afc0346fb732ce0ff
:100cdc00786800f037fc0346fb7326e0786800f078
:100cec0054fc0346fb7320e0786800f08dfc03464f
:100cfc00fb731ae0786800f093fc0346fb7314e076
:100d0c007868fff755fd0346fb730ee07868fff734
:100d1c00a3fd0346fb7308e07868fff7c6fe0346a5
:100d2c00fb7302e00023fb7300bffb7b18461037fc
:100d3c00bd4680bd80b584b000af78600b46fb70bb
:100d4c00fb7819467868fff725ff0346fb73fb7b9e
:100d5c0083f00103dbb2002b0fd0154b1b68002b6b
:100d6c000bd0134b1b68fa781146786898470346ea
:100d7c00002b14bf01230023fb73fb7b83f00103c7
:100d8c00dbb2002b0fd00b4b1b68002b0bd0094b8d
:100d9c001b68fa781146786898470346002b14bff5
:100dac0001230023fb73fb7b18461037bd4680bd27
:100dbc0080b1002084b1002080b584b000af786091
:100dcc007b681b68fb60fb68d3f8843103f001037c
:100ddc00002b01d0012307e0fb6893f8b3311946cf
:100dec007868f8f7fffd012318461037bd4680bd23
:100dfc0080b584b000af78607b681b68bb60002353
:100e0c00fb73bb6893f86430002b04d1bb6893f878
:100e1c00ac31fb7314e00621786805f08ffc0346b7
:100e2c00002b0bd0ba6892f8c83143f0010382f85a
:100e3c00c831bb6893f8ae31fb7301e000232de0a1
:100e4c00bb68002283f8a821bb68002283f8a92183
:100e5c0078680bf06ffcfb7b212b05d10122002164
:100e6c00786808f099fd05e0fb7b222b02d17868ad
:100e7c0008f0b8fdbb6893f86430002b04d1002156
:100e8c0078680bf0ebfa08e0bb6893f86430012b40
:100e9c0003d1012178680bf0e1fa012318461037d1
:100eac00bd4680bd80b584b000af78607b681b68a0
:100ebc00fb60fb6893f8b431033b222b00f2a58056
:100ecc0001a252f823f000bf610f020117100201ba
:100edc00171002011710020117100201171002015e
:100eec00171002011710020117100201171002014e
:100efc0017100201710f0201890f02011710020174
:100f0c00171002011710020117100201c10f020184
:100f1c0017100201d10f0201171002011710020164
:100f2c00171002011710020117100201171002010d
:100f3c0017100201171002011710020117100201fd
:100f4c00171002011710020107100201071002010d
:100f5c0007100201fa6892f8be316ff3000382f8b1
:100f6c00be3155e0fa6892f8be316ff3c30382f8d4
:100f7c00be311a21786808f0d3fd49e0fa6892f87e
:100f8c00be316ff3410382f8be31fb6893f86430d5
:100f9c00002b0ad17868fef759ff034683f0010352
:100fac00dbb2002b33d000233be01a21786808f029
:100fbc0053fe2ce0fa6892f8be316ff3451382f8b9
:100fcc00be3125e0012178680bf08efc03461846f3
:100fdc000bf0d2fc0346fb72002178680bf084fc0a
:100fec00034618460bf0c8fc0346bb72ba7af97a72
:100ffc001a23786808f0f6fd0ae0fa6892f8803255
:10100c006ff3c71382f8803202e000bf00e000bf2c
:10101c00002178680bf022fa012178680bf01efa97
:10102c00012318461037bd4680bd80b582b000af95
:10103c007860002178680bf011fa0021786808f0cc
:10104c006ffd012318460837bd4680bd80b584b0be
:10105c0000af78607b681b68fb60fb6893f86430ba
:10106c00002b38d1fb6893f8ac31222b4dd1fb68a7
:10107c0093f8ad31042b48d10b21786805f05efb59
:10108c000346002b25d0786805f004fb0346002ba3
:10109c0017d0fb68012283f8ad21fa6892f8c831a9
:1010ac006ff3000382f8c831fa6892f8c8316ff315
:1010bc00410382f8c831fb68012283f8a92101237e
:1010cc0024e07b681b6800211846f9f797fb002386
:1010dc001ce000231ae0fb6893f86430012b14d158
:1010ec00fb6893f8ae31222b0fd1fb6893f8af312c
:1010fc00042b0ad1fb68022283f8af21fa6892f81c
:10110c00c8316ff3000382f8c83101231846103739
:10111c00bd4680bd80b584b000af78607b681b682d
:10112c00fb600c2178680bf063fa0346002b23d08c
:10113c00fb6893f8ac31022b0bd1fb68002283f8cf
:10114c00ac21786808f06dfc002178680bf086f90a
:10115c0012e0fb6893f8c63103f00803dbb2002bf6
:10116c000ad1786805f0fefb034683f00103dbb27d
:10117c00002b01d0002300e0012318461037bd4698
:10118c0080bd80b584b000af786078680bf0b2fa9f
:10119c000346002b0fd07b681b68fb60fb680022aa
:1011ac0083f8a821fb68002283f8a92100221a21c8
:1011bc00786808f0f1fb002178680bf04ff90123f7
:1011cc0018461037bd4680bd80b584b000af78603e
:1011dc007b681b68fb60fb6893f8ae31002b40f01a
:1011ec00a18078680bf039fb0346002b00f08e8051
:1011fc00fb68112283f8ae210f2178680bf0f8f907
:10120c000346002b00f08e80f8f7cafe0346012b34
:10121c003dd9fb68b3f84a20fb68b3f848329a42d0
:10122c0014d0fb68d3f87821fb68b3f84832194620
:10123c0040f2e24303fb01f3194610461df0aefaef
:10124c0003469ab2fb68a3f89a200be0fb68d3f82c
:10125c007831002118461df0a1fa03469ab2fb68ba
:10126c00a3f89a20fb68b3f89a30002b13d0fb68d4
:10127c00b3f89a30fa68b2f84822b3fbf2f102fbe9
:10128c0001f29b1a9ab2fb68a3f89a2003e0fb6860
:10129c000022a3f89a2078680bf09cfa0346002be6
:1012ac000ad0786808f023fdfa6892f8c63143f04a
:1012bc00010382f8c63135e0fb6893f86430002beb
:1012cc000fd10421786805f0d4f8034683f00103ac
:1012dc00dbb2002b26d0fb68002283f8ae21002362
:1012ec0021e0fb6893f86430012b1bd11021786846
:1012fc0005f082fc034683f00103dbb2002b11d016
:10130c00fb68002283f8ae2100230ce01e220f2183
:10131c00786805f032fa0346002b01d0012302e075
:10132c00002300e0012318461037bd4680bd80b570
:10133c0084b000af78607b681b68fb60fb6893f837
:10134c00ac31113b112b00f28b8001a252f823f02f
:10135c00a51302016d140201331402016d14020174
:10136c006d1402016d1402016d1402016d14020161
:10137c006d1402016d1402016d1402016d14020151
:10138c006d1402016d1402016d1402016d14020141
:10139c001114020111140201fb6893f86430002b44
:1013ac0020d1fb6893f8b3311a2b0bd1012178684b
:1013bc0005f05ff8034683f00103dbb2002b51d03c
:1013cc00002355e0fb6893f8c63103f00103dbb250
:1013dc00002b47d0fb6893f8b3311946786808f0b6
:1013ec003bfc3fe0fb6893f8c63103f00103dbb232
:1013fc00002b37d0fb6893f8b3311946786808f0a6
:10140c002bfc2fe0fb68002283f8a821fb6800224c
:10141c0083f8a921fb6893f8b33100221946786848
:10142c0008f0bafa1fe0012178680bf05dfa034668
:10143c0018460bf0a1fa0346fb72002178680bf0fa
:10144c0053fa034618460bf097fa0346bb72fb6837
:10145c0093f8b331ba7af97a786808f0c3fb02e0f2
:10146c0000bf00e000bf002178680af0f7ff0123fd
:10147c0018461037bd4680bd80b584b000af78608b
:10148c007b681b68fb60122178680bf0b1f803468f
:10149c00002b10d0fb6893f8ae31002b0bd113212d
:1014ac00786805f04bf9034683f00103dbb2002b9f
:1014bc0001d0002303e078680bf03cf901231846b7
:1014cc001037bd4680bd80b582b000af78607868bb
:1014dc000bf030f9012318460837bd4680bd80b5a6
:1014ec0084b000af78607b681b68bb600023fb7323
:1014fc00142178680bf07cf80346002b1dd0bb68d8
:10150c0093f8ae31002b18d178680af0a7fe034689
:10151c00002b01d00123fb73786805f035fb0346e3
:10152c0083f00103dbb2002b01d0002306e0fb7b30
:10153c00002b02d0786808f01efb012318461037e8
:10154c00bd4680bd80b584b000af78607b681b68f9
:10155c00fb60fb6893f8ac31052b0dd178680af071
:10156c007dfe0346002b02d0786808f004fb0021b6
:10157c0078680af073ff03e01521786805f034faf7
:10158c00012318461037bd4680bd80b584b000af2e
:10159c0078607b681b68fb60fb6893f8ae31002bae
:1015ac002dd1fb68132283f8ae21162178680bf03d
:1015bc001ff80346002b22d0fb6893f86430002bf5
:1015cc000ed1786804f017fe034683f00103dbb2fa
:1015dc00002b14d0fb68002283f8ae2100230fe00f
:1015ec00786805f02dfc034683f00103dbb2002b79
:1015fc0005d0fb68002283f8ae21002300e0012314
:10160c0018461037bd4680bd80b582b000af7860fb
:10161c00786805f025fe034618460837bd4680bda0
:10162c0080b582b000af78600021786808f090fb3c
:10163c00002178680af012ff012318460837bd46ce
:04164c0080bd00bf9e
:020000040000fa
:020000040102f7
:1016500080b582b000af0023fb715c2036f090fab9
:1016600002461f4b1a601e4b1b685c220021184665
:1016700036f066fd702036f083fa0246194b1a6088
:10168000184b1b6870220021184636f059fd144b88
:101690001b680433184601f0d4fa0346fb71fb794a
:1016a000002b01d0fb7917e00f48f6f77bf80f48c5
:1016b000f6f78af80e48f6f7cff80e48f5f738fe39
:1016c0000d48f6f7fff80d49002032f0cffa0c492b
:1016d000002000f0d9fefb7918460837bd4680bdd2
:1016e00078b200207cb2002015190201cd18020149
:1016f0007d1802015127020109180201d9270201b0
:101700001928020180b584b000af0023fb600023dc
:10171000bb604ff4147100202ef0eafcb860bb6887
:10172000002b68d0bb681b68fb604ff4147200216b
:10173000f86836f005fdfb68ba689a60f86801f051
:1017400026fbf86801f002fb2d4b1b680433f96897
:10175000184601f0dafafb6803f508731822002135
:10176000184636f0edfcba68fb68c3f82c22fa681c
:1017700092f828326ff3020382f82832fb680122c4
:1017800083f82922fb680022a3f82a22fb6803f5cc
:101790000e7318220021184636f0d2fcba68fb6896
:1017a000c3f84422fa6892f84032012161f302033f
:1017b00082f84032fb68012283f84122fb68032251
:1017c000a3f84222fb1d012118462df0fdfefa79f7
:1017d0000c4ba3fb0213d11a49080b4459090b46c1
:1017e000db000b449b000b44d31adbb2fb71fa798c
:1017f000fb6883f88220fb6818461037bd4680bd21
:1018000078b200204d91cfba80b582b000af0023ee
:101810007b6000233b601cf08afd03463b603b6815
:10182000002b24d0144b1b685b687b600de07b6849
:1018300093f86031012b05d13946002300227868e6
:1018400000f0f2fc7b681b687b607b68002beed1ac
:101850003b681b68002b05d03b68002118461cf034
:10186000fdfb05e03b6818461cf02afe00e000bfc7
:101870000837bd4680bd00bf78b2002080b483b079
:1018800000af0023fb7100233b600f4b1b685b68bc
:101890003b600fe03b6893f86031012b07d13b6858
:1018a00093f82930002b02d00123fb7105e03b683f
:1018b0001b683b603b68002becd1fb7918460c376a
:1018c000bd465df8047b704778b2002080b483b0d9
:1018d00000af0023fb7100233b600d4b1b685b686e
:1018e0003b600ae03b6893f86031012b02d1012391
:1018f000fb7105e03b681b683b603b68002bf1d146
:10190000fb7918460c37bd465df8047b704700bf75
:1019100078b2002080b483b000af0023fb710023b5
:101920003b60104b1b685b683b6011e03b6893f8c1
:101930006031012b09d13b681b7c83f00103dbb2d2
:10194000002b02d00123fb7105e03b681b683b6064
:101950003b68002bead1fb7918460c37bd465df891
:10196000047b704778b2002080b586b000af786005
:1019700000233b617b685b7dfb73fb7bf02b04d119
:10198000f5f78cfb0346fb7505e07b686c333b6128
:101990003b691b78fb75fb7d18461837bd4680bd3b
:1019a00080b592b000af78603960002387f8473087
:1019b0000023fb6300233b640023bb637b681b683d
:1019c000fb63fb6bd3f8ec3118461cf0a3fcfb6bfc
:1019d0000022c3f8ec21fb6b93f8653103f001039f
:1019e000002b73d0fb6b93f8653123f00103dab25f
:1019f000fb6b83f86521fb6b03f50e73184616f03d
:101a00002ff8fb6b93f88031002b2ad0fb6b002260
:101a100083f88021fb6b93f88131002b18d1fb6b8d
:101a2000d3f888311b683b643b6c002b19d03b6cae
:101a30001b8800221946f86b01f0cafb3b6c1a8820
:101a40003b6c93f8a8301946104601f045fc08e0bd
:101a5000fb6b93f881311a464ff6ff71f86b01f07a
:101a6000b7fbfb6b93f88631002b1bd0fb6b00227e
:101a700083f88621fb6b93f88731002b08d1894bc3
:101a80001b681b683a6c11880022f86b984709e0c4
:101a9000844b1b681b68fa6b92f887214ff6ff7125
:101aa000f86b98470021f86b00f0b3fdfb6b002248
:101ab00083f86021fff70aff034683f00103dbb2de
:101ac000002b03d001210220f5f744fbfb6b93f8b8
:101ad000653103f00203002b00f05b81fb6b93f890
:101ae000653123f00203dab2fb6b83f86521fb6bef
:101af00093f86031012b40f04c816a4b1b685b68a6
:101b0000002b07d0674b1b685b68f86b9847034650
:101b100087f8473097f84730002b06d1fb6b93f8d6
:101b200073301946f86b00f037fc97f84730002bfc
:101b300040f02f8100237b6300233b630023fb6283
:101b40001cf0d4fb78631cf0d1fb38631cf0effb76
:101b5000f8627b6b002b05d03b6b002b02d0fb6a3d
:101b6000002b02d1072387f847307b6b002b02d074
:101b7000786b1cf0cffb3b6b002b02d0386b1cf05a
:101b8000c9fbfb6a002b02d0f86a1cf099fc97f89d
:101b90004730002b40f0fd801cf0c9fbb8631cf0ff
:101ba000a5fb0246fb6bc3f8ec21fb6bd3f8ec31d1
:101bb000fa6b92681a62fb6bd3f8ec313a4a5a62bc
:101bc000fb6bd3f8ec31394a9a62fb6bd3f8ec31fa
:101bd000374ada62fb6bd3f8ec31364a1a63fb6b97
:101be000d3f8ec31344a5a63fb6bd3f8ec31002163
:101bf000184600f047f9fb6bd3f8ec3100221a606d
:101c0000fb6bd3f8ec31ba6b52685a60bb6b5b6804
:101c1000fa6bd2f8ec211a60fb6bd3f8ec311a4660
:101c2000bb6b5a60fb6bd3f80032002b08d1fb6b07
:101c30000022c3f8c821fb6b0022c3f8c4219ae03c
:101c4000fb6bd3f89031bb62fb6bd3f8b0317b6296
:101c5000fb6b93f82c303b62fb6bd3f8a431fb6138
:101c60003b6a002b2ad14ff41673bb61bb6903f5a5
:101c7000a5737b61fa69b96a7b6a19447b690b4475
:101c8000d31a3b613b6afa6902fb03f2bb6a1a444e
:101c90007b691a44fb6bc3f8c4213a69fb6bc3f838
:101ca000c82132e07cb20020591a0301911b0301c4
:101cb000a91b0301a1190201a51d0201ba6a7b6ad1
:101cc00013441a46fb699b1aa3f5a573fb60fb68d6
:101cd0005b08bb61bb6903f5a5737b61fa69b96aef
:101ce0007b6a19447b690b44d31a3b613b6afa69ee
:101cf00002fb03f2bb6a1a447b691a44fb6bc3f80c
:101d0000c4213a69fb6bc3f8c8211cf0effa024604
:101d1000fb6bc3f8f021fb6bd3f8f031fa6b9268e0
:101d20001a62fb6bd3f8f031fa6bd2f8ec211a642b
:101d30001b4b1b685b69f86b9847fb6bd3f8f03162
:101d40000121184600f09ef8fb6bd3f8f031002219
:101d50001a60fb6bd3f8f031ba6b52685a60bb6bf8
:101d60005b68fa6bd2f8f0211a60fb6bd3f8f031a4
:101d70001a46bb6b5a60bb6b002b0ad0bb6b1b684f
:101d8000002b03d0b86b00f0c5f902e0b86b1cf073
:101d900097fb97f8473018464837bd4680bd00bfcf
:101da0007cb2002080b586b000af78603960002337
:101db000fb7500233b610023fb607b681b683b6174
:101dc0003b6993f86031012b54d12d4b1b685b6844
:101dd000002b06d02a4b1b685b683869984703467e
:101de000fb75fb7d002b06d13b6993f873301946d8
:101df000386900f0d1fafb7d002b3bd11cf097fa3b
:101e0000f860fb68002b35d03b69d3f8ec31002239
:101e10001a603b69d3f8ec31fa6852685a60fb6883
:101e20005b683a69d2f8ec211a603b69d3f8ec316f
:101e30001a46fb685a603b69d3f80032002b16d073
:101e40003b69d3f8f03100221a603b69d3f8f031d6
:101e5000fa6852685a60fb685b683a69d2f8f02108
:101e60001a603b69d3f8f0311a46fb685a60f8688b
:101e70001cf02ef9fb7d18461837bd4680bd00bf0b
:101e80007cb2002080b588b004af78600b46fb7050
:101e90000023fb60fb78012b74d0022b00f0d48070
:101ea000002b40f029817b681b6a1b68fb607b6804
:101eb00001225a727b680022da727b6800229a73d0
:101ec0007b6800221a737b6800225a73fb78fa68d9
:101ed0005b01134403f5c7731a787b685a777b68f4
:101ee00001221a72fb78fa685b01134403f5c87388
:101ef0001a687b689a61fb78fa685b01134403f502
:101f0000ca731a687b685a61fb78fa685b011344ec
:101f100003f28f131a787b689a727b687a681a6466
:101f2000fb78fa680d335b01134404331a687b684d
:101f30005a64fb78fa680d335b01134408331a685e
:101f40007b689a647b689b697a68526c7968896c53
:101f50000391029201936b4b009301230222902183
:101f6000ec201af045fb7b685b697a689269029203
:101f70000193654b0093012302229121ec201af07a
:101f800037fbbae07b681b6a1b68fb607b68012239
:101f90005a727b680022da727b6800229a737b682f
:101fa00000221a737b6800225a73fb78fa685b017f
:101fb000134403f5c7731a787b685a777b6800224d
:101fc0001a72fb78fa685b01134403f5c8731a6848
:101fd0007b689a61fb78fa685b01134403f5ca7366
:101fe0001a687b685a61fb78fa685b01134403f254
:101ff0008f131a787b689a727b68012283f84c20d1
:10200000fb78fa680d335b01134404331a687b686c
:102010005a64fb78fa680d335b01134408331a687d
:102020007b689a647b689b697a68526c7968896c72
:10203000039102920193354b0093012302229321d5
:10204000ec201af0d5fa58e07b681b6a1b68fb602d
:102050007b6801225a727b680022da727b68002258
:102060001a737b6800229a737b6800225a73fb788c
:10207000fa685b01134403f5c7731a787b685a77d3
:102080007b6800221a72fb78fa685b01134403f53f
:10209000c8731a687b689a61fb78fa685b0113441d
:1020a00003f5ca731a687b685a61fb78fa685b01aa
:1020b000134403f28f131a787b689a727b687a68ec
:1020c0001a64fb78fa680d335b01134404331a6811
:1020d0007b685a647b6800229a647b689b697a6893
:1020e000526c029201930a4b009301230222942125
:1020f000ec201af07dfa00e000bf00bf1037bd46ab
:1021000080bd00bf7c330501c4330501e433050104
:102110002c34050180b582b000af78607b681b6805
:10212000002b03d078681bf07bff00e000bf08376e
:10213000bd4680bd80b582b000af78607b681b680b
:10214000002b03d078681bf07aff00e000bf08374f
:10215000bd4680bd80b586b000aff860b96013465b
:10216000fb7100237b61bb68002b03d0bb681b683d
:102170007b6102e01cf0dbf878617b69002b4fd0bb
:10218000fb6893f86531002b32d1fb68d3f8f0314e
:10219000002b16d0fb68d3f8f03100221a60fb68e0
:1021a000d3f8f0317a6952685a607b695b68fa68e3
:1021b000d2f8f0211a60fb68d3f8f0311a467b6937
:1021c0005a60fb68d3f8ec3100221a60fb68d3f840
:1021d000ec317a6952685a607b695b68fa68d2f8b8
:1021e000ec211a60fb68d3f8ec311a467b695a601f
:1021f000fb6893f86521fb791343dab2fb6883f837
:102200006521bb68002b0cd17b691b68002b03d0b8
:102210007869fff78fff04e078691cf051f900e05e
:1022200000bf1837bd4680bd80b586b000aff860ee
:10223000b96011461a460b46fb711346bb71002369
:102240007b61bb68002b03d0bb681b687b6102e02d
:102250001cf06df878617b69002b01d1072372e0d7
:10226000bb79002b3dd1fb6893f86731002b59d126
:10227000fb6893f86531002b54d1fb68d3f8f0313b
:10228000002b16d0fb68d3f8f03100221a60fb68ef
:10229000d3f8f0317a6952685a607b695b68fa68f2
:1022a000d2f8f0211a60fb68d3f8f0311a467b6946
:1022b0005a60fb68d3f8ec3100221a60fb68d3f84f
:1022c000ec317a6952685a607b695b68fa68d2f8c7
:1022d000ec211a60fb68d3f8ec311a467b695a602e
:1022e00020e0fb6893f86831002b1bd1fb6893f862
:1022f0006631002b16d1fb68d3f8f43100221a6046
:10230000fb68d3f8f4317a6952685a607b695b687c
:10231000fa68d2f8f4211a60fb68d3f8f4311a464f
:102320007b695a60bb68002b0cd17b691b68002b52
:1023300005d0fb79194678691bf090fe02e07869b8
:102340001cf0bef8002318461837bd4680bd80b586
:1023500082b000af78600b46fb70786800f0b8fd83
:10236000786800f04cfe0b4b1a68fb7808339b0032
:1023700013445b68002b08d0064b1a68fb780833bf
:102380009b0013445b687868984700bf0837bd46d8
:1023900080bd00bf7cb2002080b586b002af7860ff
:1023a0000b46fb700023fb73fb780193244b0093d7
:1023b000012302229521ec201af01af9fb780c2b4c
:1023c00010d17b68d3f80832002b03d00221786843
:1023d00000f01ff91b4b1b681b6978689847034680
:1023e000fb7323e07b68d3f8f831002b03d0002186
:1023f000786800f00ef97b68d3f80032002b03d028
:102400000121786800f005f9fb78052b07d80d4b02
:102410001b68db68786898470346fb7306e0094b46
:102420001b689b68786898470346fb73fb781946de
:102430007868fff78cff00bf1037bd4680bd00bf36
:10244000603405017cb2002080b483b000af7860b6
:10245000044b1b687a681a6000bf0c37bd465df8f4
:10246000047b70477cb2002080b483b000af7860fa
:10247000044b1b687a685a6000bf0c37bd465df894
:10248000047b70477cb2002080b483b000af034669
:102490003960fb71064b1b68fa791632396843f8cc
:1024a000221000bf0c37bd465df8047b704700bfab
:1024b0007cb2002080b483b000af7860044b1b680e
:1024c0007a68da6600bf0c37bd465df8047b70475a
:1024d0007cb2002080b483b000af03463960fb714a
:1024e000064b1a68fb7908339b0013443a685a601c
:1024f00000bf0c37bd465df8047b70477cb20020fe
:1025000080b483b000af7860044b1b687a689a602f
:1025100000bf0c37bd465df8047b70477cb20020dd
:1025200080b483b000af7860044b1b687a68da60cf
:1025300000bf0c37bd465df8047b70477cb20020bd
:1025400080b483b000af7860044b1b687a681a616e
:1025500000bf0c37bd465df8047b70477cb200209d
:1025600080b483b000af7860044b1b687a685a610e
:1025700000bf0c37bd465df8047b70477cb200207d
:1025800080b483b000af7860044b1b687a689a61ae
:1025900000bf0c37bd465df8047b70477cb200205d
:1025a00080b483b000af7860044b1b687a68da614e
:1025b00000bf0c37bd465df8047b70477cb200203d
:1025c00080b483b000af7860044b1b687a681a62ed
:1025d00000bf0c37bd465df8047b70477cb200201d
:1025e00080b483b000af786039603b6800221a6025
:1025f0007b685a683b685a607b685b683a681a6017
:102600003a687b685a6000bf0c37bd465df8047bb2
:10261000704780b584b000af78600b46fb70002334
:10262000fb600023bb60fb783f33db007a68134418
:10263000fb60fb681b68002b21d0fb681b68bb603c
:10264000bb68db68184629f08dffb86835f0a4fa3e
:10265000fb6800221a60fa68fb685a60fb7819462a
:10266000786800f0c2fbfb781946786800f0ddfb63
:10267000786800f0fdfb786800f012fc00e000bf15
:102680001037bd4680bd80b485b000af78600b4682
:10269000fb700023fb607b681b68fb6007e0fb6846
:1026a0005b7dfa789a4206d0fb681b68fb60fb688a
:1026b000002bf4d100e000bffb6818461437bd467c
:1026c0005df8047b704780b487b000af0346fb71b0
:1026d0000b46bb7113467b7100237b6100233b617a
:1026e000fb79022b0ad0032b10d0012b28d17b7948
:1026f0000a33db003b613b697b6122e07b790b3372
:10270000db003b613b695b087b611ae0bb79012b15
:1027100001d1022300e00823fb6050233b613b69a9
:1027200003f594733b617b79db002b331a46fb681e
:1027300003fb02f33a6913443b613b697b6100e0b0
:1027400000bf7b6918461c37bd465df8047b7047a7
:1027500080b586b000af0346b9607a60fb73002392
:10276000fb7500233b61fff7b1f8034683f00103db
:10277000dbb2002b03d00c23fb75fb7d25e0154b52
:102780001b680433fa7b11461846fff77cff38615b
:102790003b69002b03d14223fb75fb7d15e03b69b0
:1027a00093f86031002b03d10c23fb75fb7d0ce00b
:1027b0003b6993f84120bb681a703b6933330622aa
:1027c0001946786835f0aefbfb7d18461837bd46d4
:1027d00080bd00bf78b2002080b584b000af034652
:1027e000b9607a60fb810b4b1b68fa89163253f88b
:1027f0002230002b08d0074b1b68fa89163253f899
:1028000022307968b8689847002318461037bd46cb
:1028100080bd00bf7cb2002080b590b004af78606e
:1028200039600023fb600023fb620023bb627b68ee
:102830001b68fb623b68bb62bb6a1b8887f827305a
:10284000bb6a9b7887f82630bb6adb7887f825302f
:1028500097f82630002b12db012b02dd022b07d06c
:102860000de0fb6a93f86031002b0ad10023e4e10c
:10287000fb6a93f86131002b05d10023dde100bf35
:1028800002e000bf00e000bf97f82630fa6a92f835
:102890002e2002920193994b0093012302228f2153
:1028a000ec2019f0a5fe97f82630fa6a7a339b00df
:1028b00013445b68d3f8ac2097f82630f96a7a3372
:1028c0009b000b445b68d3f8b030029301928c4bb1
:1028d0000093022302229621ec2019f089fe1bf0be
:1028e00026fd0346fb60fb68002b01d10723a4e112
:1028f00097f827300193834b009302230222922101
:10290000ec2019f075fe97f8273003f02003002b18
:1029100000f0de8000233b620023fb61fb6a03f2d0
:102920006d13bb61fb6a93f86c3103f00103fb7517
:10293000754b1b689b6998470346bb75724b1b68b8
:10294000db69fa7db9691046984703467b75bb7d04
:1029500083f00103dbb2002b00f0a2807b7d83f0cb
:102960000103dbb2002b00f09b804ff44371052084
:102970002df0befb38623b6a002b00f04f81fb6af2
:102980003a6ac3f888213b6a1b68fb615e4b1b688f
:102990001b6afa691088f97dba69984703463b7546
:1029a000f969f86a00f07bfbf969f86a00f0abfba3
:1029b000fb6997f8252083f8f822534b1b68db6ee0
:1029c000fa6ad2f84011fa6ad2f87c21386a98473c
:1029d00097f8253083f00103dbb2002b1cd007f100
:1029e0000c0301221946f86afff7b4fbfb6a0122c7
:1029f00083f88021fb6a002283f88121fb6a1b7c1b
:102a0000002b00f00b81fb6a012283f88621fb6a10
:102a1000002283f8872101e10021f86afff7f9fd20
:102a2000fb6ab3f80031002b0ed0fb6ad3f8fc3000
:102a3000002b05d0fb6ad3f8fc30184629f092fd34
:102a4000fb6a0022c3f8fc20fb6ab3f81031002bac
:102a50000ed0fb6ad3f80c31002b05d0fb6ad3f8fb
:102a60000c31184629f07efdfb6a0022c3f80c21c8
:102a7000fb6a002283f8602100201bf031fefb6915
:102a80001b8800221946f86a00f0a2fbfb691a882d
:102a9000fb6993f8a8301946104600f01dfcbde014
:102aa000bb7d002b07d0194b009301230222172175
:102ab000ec2019f09dfd7b7d002b00f0b080144bc5
:102ac0000093012302221821ec2019f091fda6e0c9
:102ad00097f8273003f04003002b1bd007f10c03bd
:102ae00001221946f86afff735fbfb6a012283f8d9
:102af0008021fb6a3c2283f8812190e07c3405012f
:102b000098340501b43405017cb20020c0340501bd
:102b1000d8340501fb6a1b7c002b2fd0fb6a93f88d
:102b20007530002b2ad0fb6a93f8633183f00103e0
:102b3000dbb2002b22d097f82630002b1ed1fb6a87
:102b400093f874300133dab2fb6a83f87420fb6abd
:102b500093f87420fb6a93f875309a420ed307f10c
:102b60000c0301221946f86afff7f4fafb6a012206
:102b700083f88621fb6a432283f88721fb6a93f856
:102b80007330012b10d13c23fb7407f10c0301229d
:102b90001946f86afff7defafb6a012283f8802102
:102ba000fb6afa7c83f8812197f82530002b36d018
:102bb0000021f86afff72dfdfb6ab3f80031002b06
:102bc0000ed0fb6ad3f8fc30002b05d0fb6ad3f89b
:102bd000fc30184629f0c6fcfb6a0022c3f8fc2032
:102be000fb6ab3f81031002b0ed0fb6ad3f80c311e
:102bf000002b05d0fb6ad3f80c31184629f0b2fc43
:102c0000fb6a0022c3f80c21fb6a002283f86021d2
:102c100000201bf065fd00f07ffb00e000bffb68bb
:102c20001b68002b04d0fb681846fff783fa03e00b
:102c3000fb6818461bf044fc002318463037bd469d
:102c400080bd80b586b000af786000233b61002373
:102c5000fb737b6800221a607a687b685a60fef713
:102c600051fd38613b69002b03d10723fb73fb7bcc
:102c700047e03b69f0225a753b69002283f87320d4
:102c80003b69012283f82b203b694ff400629a6173
:102c90003b694ff40062da613b69002283f821202e
:102ca0003b69002283f822203b69072283f8202019
:102cb0003b69002283f829203b69ff2283f82e20fc
:102cc0003b69002283f8f4200023fb7515e03b6983
:102cd00093f820301a46fb7d22fa03f303f0010338
:102ce000002b07d03b6993f8f4300133dab23b692b
:102cf00083f8f420fb7d0133fb75fb7d022be6d9c5
:102d0000fb7b18461837bd4680bd80b483b000af4a
:102d1000786039603b6800221a607b685a683b68bb
:102d20005a607b685b683a681a603a687b685a60e8
:102d3000054b1b681a780132d2b21a7000bf0c37eb
:102d4000bd465df8047b704778b2002080b485b042
:102d500000af78600023bb600023fb730ee0fb7bb9
:102d60003f33db007a681344bb60bb6800221a6003
:102d7000ba68bb685a60fb7b0133fb73fb7b022b99
:102d8000edd900bf1437bd465df8047b704780b4b1
:102d900087b000af786000237b6100233b61002394
:102da000fb607b6803f594737b617b6803f5987324
:102db0003b617b6803f59c73fb607b6900221a60b2
:102dc0007a697b695a603b6900221a603a693b69fb
:102dd0005a60fb6800221a60fa68fb685a6000bffc
:102de0001c37bd465df8047b704780b582b000afec
:102df00078600b46fb70fa787b68523253f82230c9
:102e0000002b0ed0fa787b68523253f822301846e5
:102e100029f0a8fbfa787b685232002143f822108f
:102e200000e000bf0837bd4680bd80b582b000af6e
:102e300078600b46fb70fb787a6854339b00134430
:102e40005b68002b10d0fb787a6854339b001344e6
:102e50005b68184629f086fbfb787a6854339b0040
:102e6000134400225a6000e000bf0837bd4680bd11
:102e700080b582b000af78607b68d3f84431002b16
:102e80000ad07b68d3f84431184629f06bfb7b6885
:102e90000022c3f8442100e000bf0837bd4680bdd2
:102ea00080b582b000af78607b68d3f84031002bea
:102eb0000ad07b68d3f84031184629f053fb7b6871
:102ec0000022c3f8402100e000bf0837bd4680bda6
:102ed00080b58ab000af786000237b6200233b623c
:102ee0000023fb617b685b7dfb767b6893f8213078
:102ef000bb767b6833337b627b6841333b627b68a4
:102f00006d33fb61bb7e032b6cd801a252f823f01a
:102f1000212f0201312f0201512f0201512f0201f5
:102f2000796a002030f0c2ff3b6a00221a705ae032
:102f3000fb7ef02b03d1786af4f79ef804e00622ba
:102f4000f969786a34f0eeff3b6a01221a704ae0b0
:102f50007b6893f8223003f00103dab23b7c62f322
:102f600000033b747b6803f1230107f11003013375
:102f70000622184634f0d6ff07f11003184607f072
:102f8000c9fb03467b767b7e002b10d007f10f0236
:102f900007f110031146184607f05cfbfb7b796aca
:102fa000184607f0a9f83b6a01221a701be0bb7ea5
:102fb000022b07d1796a002030f078ff3b6a0022ab
:102fc0001a7010e0fb7ef02b03d1786af4f754f806
:102fd00004e00622f969786a34f0a4ff3b6a012212
:102fe0001a7000e000bf7b6893f84230002b02d0db
:102ff0003b6aff221a7000bf2837bd4680bd80b5ee
:1030000086b000af786000237b747b6839337b61c6
:103010007b6893f82130fb747b6893f8223003f0cf
:103020000103dab23b7a62f300033b727b6803f17f
:10303000230107f1080301330622184634f072ff1a
:1030400007f10803184607f0cffb0346bb74fb7c6f
:10305000022b02d0fb7c032b16d1bb7c002b13d0a0
:1030600007f1110207f108031146184607f0f2faba
:103070007b7c1946002007f0edf807f10803796919
:10308000184607f00bf806e07b6823330622194642
:10309000786934f047ff00bf1837bd4680bd80b562
:1030a00084b000af786039603b68fb607b68d3f820
:1030b0004431bb607b6893f87330062b04d07b6887
:1030c00093f87330072b04d1fb68012283f8a82002
:1030d00015e0bb681b7803f02003dbb2002b0ad09d
:1030e0000e20f4f7b1f80346002b04d0fb68012250
:1030f00083f8a82003e0fb68002283f8a82000bf23
:103100001037bd4680bd80b485b000af78603960af
:103110003b68fb607b6893f87330072b51d801a2a2
:1031200052f823f04531020145310201c331020159
:10313000c331020145310201c3310201573102019d
:1031400057310201fb68112283f86620fb681122c7
:1031500083f8672036e07b6893f82d30022b0cd083
:10316000032b13d0012b2ad1fb68112283f8662090
:10317000fb68112283f8672022e0fb68122283f8a3
:103180006620fb68122283f8672019e07b6893f8b9
:103190003f30fb72fb68212283f86620fb7a012b0b
:1031a00004d1fb68222283f8672003e0fb68232216
:1031b00083f86720fb68fa7a83f8682000e000bf94
:1031c00000e000bf00bf1437bd465df8047b7047c8
:1031d00080b598b000af78600b467b8013467b705b
:1031e0000023fb650023bb657b68d3f84031fb659a
:1031f00041f20a03bb8107f10c030433bb65bb6dcd
:103200007a781a70bb6d7a885a80bb6d01221a7168
:103210007b6893f86c21bb6d5a71bb6d981d7b6800
:1032200003f26d130622194634f07cfefb6ddb8a37
:103230009ab2bb6d1a83fb6d1b8b9ab2bb6d5a831e
:10324000fb6d5b8b9ab2bb6d9a83fb6d93f821305b
:10325000c3f34213dbb21a46bb6d9a77bb6d03f121
:1032600012007b6803f273130622194634f05afeeb
:103270007b6893f8213087f8573097f85730002b48
:1032800003d097f85730012b07d1bb6d0c330622c2
:103290000021184634f054ff15e07b6893f8323073
:1032a000012b09d1bb6d03f10c007b68333306227f
:1032b000194634f037fe06e0bb6d0c3306220021c0
:1032c000184634f03dff07f10c03184630f0f2fccd
:1032d00000bf6037bd4680bd80b596b000af0346e5
:1032e0000a46fb8013467b7100237b6541f2140381
:1032f000bb8107f10c0304337b657b6dfa881a8070
:103300007b6d7a799a7007f10c03184630f0d2fc85
:1033100000bf5837bd4680bd80b594b000af0023d4
:10332000fb648623bb803b1d0433fb64fb6c0022e3
:103330001a703b1d184630f0bdfc00bf5037bd462b
:0433400080bd00bf8d
:020000040000fa
:020000040102f7
:1033440080b485b000af0346fb710023fb731be020
:10335400124b1b68fa7b883253f82230002b10d0b2
:103364000e4b1b68fa7b883253f82230db78fa79eb
:103374009a4206d1094b1b68fa7b883253f82230f3
:1033840006e0fb7b0133fb73fb7b072be0d90023b7
:1033940018461437bd465df8047b70476cb20020b4
:1033a400b0b582b000af0023fb712fe01b4b1b684c
:1033b400fa79883253f82230002b24d1174b1c6839
:1033c400fd79162034f0dafb024605f1880344f84f
:1033d4002320124b1b68fa79883253f82230002bd1
:1033e4000ad00e4b1b68fa79883253f82230162221
:1033f4000021184634f0a2fe084b1b68fa79883283
:1034040053f8223006e0fb790133fb71fb79072b7b
:10341400ccd9002318460837bd46b0bd6cb2002095
:1034240080b485b000af0346fb800023fb7324e027
:10343400174b1b68fa7b883253f82230002b19d0c3
:10344400134b1b68fa7b883253f82230db78002b4d
:1034540010d00f4b1b68fa7b883253f822301b883c
:10346400fa889a4206d10a4b1b68fa7b883253f8d1
:10347400223006e0fb7b0133fb73fb7b072bd7d9a0
:10348400002318461437bd465df8047b704700bf1f
:103494006cb2002080b584b000af78607b68002bec
:1034a4001dd00023fb7316e00f4b1b68fa7b883298
:1034b40053f822307a689a420ad1786834f06afb69
:1034c400094b1b68fa7b8832002143f8221007e07d
:1034d400fb7b0133fb73fb7b072be5d900e000bfcb
:1034e4001037bd4680bd00bf6cb2002080b582b0ed
:1034f40000af03460a46fb8013467b71fb88b3f595
:10350400706f01d303230fe0fb881846fff788ff91
:103514000346002b01d1032306e07a79fb88114688
:10352400184619f07ffe034618460837bd4680bd8d
:1035340080b588b000af03463960fb80fb88b3f5e3
:10354400706f25d23b681b88052b21d93b681b88eb
:10355400b3f5486f1cd83b685b88052b18d93b68ca
:103564005b88b3f5486f13d83b681a883b685b885f
:103574009a420dd83b689b88b3f5fa7f08d23b6822
:10358400db88092b04d93b68db88b3f5486f01d984
:10359400032327e0fb881846fff742fff861fb6925
:1035a400002b01d103231de0fb699b7c002b01d080
:1035b400012317e0fb88bb8107f10c0302330822c7
:1035c4003968184634f0acfc07f10c03184619f0be
:1035d40017fd03467b837b8b002b02d1fb69012201
:1035e4009a747b8b18462037bd4680bd80b582b067
:1035f40000af03463960fb80fb88b3f5706f01d3dd
:1036040003230ee0fb881846fff70aff0346002b4e
:1036140001d1032305e0fb883968184619f012fd2f
:10362400034618460837bd4680bd80b586b000af56
:1036340003463960fb80fb88b3f5706f25d23b6885
:103644001b88052b21d93b681b88b3f5486f1cd810
:103654003b685b88052b18d93b685b88b3f5486fda
:1036640013d83b681a883b685b889a420dd83b683c
:103674009b88b3f5fa7f08d23b68db88092b04d911
:103684003b68db88b3f5486f01d903231ce0fb8852
:103694001846fff7c5fe0346002b01d1032313e0b0
:1036a400fb883b8110237b822023bb8207f1080324
:1036b400023308223968184634f032fc07f1080353
:1036c400184619f0fffc034618461837bd4680bd5e
:1036d40080b582b000af03460a46fb8013467b7177
:1036e400fb88b3f5706f01d303230fe0fb88184602
:1036f400fff796fe0346002b01d1032306e07a79f7
:10370400fb881146184619f00ffd03461846083782
:10371400bd4680bd80b582b000af03460a46fb803b
:103724001346bb80b988fb8840f64802184619f056
:1037340039fd034618460837bd4680bd90b585b0af
:1037440000af0446084611461a462346fb8003464a
:103754007b710b463b711346fb70fb88b3f5706fae
:103764000ed27b7923f00703002b09d13b7923f098
:103774000703002b04d1fb7823f00703002b01d0af
:1037840003231de0fb883b810023bb727b79002b64
:1037940001d10123bb723b79002b04d1bb7a43f0e6
:1037a4000203dbb2bb727b79fb723b793b73fb7820
:1037b4009bb2fb8107f10803184619f0d9fd0346b3
:1037c40018461437bd4690bd80b584b000af03469b
:1037d400b9607a60fb81fb89b3f5706f01d3032371
:1037e40006e0fb897a68b968184619f049fd034672
:1037f40018461037bd4680bd80b584b000af03467f
:103804000a46fb711346bb710023fb73fb7923f05b
:103814000703002b04d1bb7923f00703002b01d04d
:10382400032312e0fb79002b01d10123fb73bb7945
:10383400002b03d1fb7b43f00203fb73ba79f979c4
:10384400fb7b184619f064fd034618461037bd4645
:1038540080bd80b582b000af03463960fb80fb8831
:10386400b3f5706f01d3032305e0fb88396818466c
:1038740019f01cfe034618460837bd4680bd80b5c6
:1038840082b000af03463960fb80fb88b3f5706fec
:1038940001d3032305e0fb883968184619f08afd33
:1038a400034618460837bd4680bd80b582b000afd8
:1038b40003460a46fb801346bb80fb88b3f5706f52
:1038c40002d2bb88002b01d1032306e0ba88fb880f
:1038d4001146184619f0acfd034618460837bd4694
:1038e40080bd80b584b000afb9607a603b600346a8
:1038f400fb81fb89b3f5706f01d303230fe0fb89d0
:103904001846fff78dfd0346002b01d1032306e083
:10391400f8893b687a68b96819f004fe03461846ca
:103924001037bd4680bd80b584b000afba607b60ff
:103934000346fb810b467b73fb89b3f5706f02d2a0
:103944007b7b042b01d903230fe0fb891846fff787
:1039540067fd0346002b01d1032306e0797bf88938
:103964007b68ba6819f020fe034618461037bd4636
:1039740080bd80b582b000af03460a46fb80134683
:103984007b71fb88b3f5706f02d27b79042b01d96c
:1039940003230fe0fb881846fff742fd0346002b84
:1039a40001d1032306e07a79fb881146184619f001
:1039b40059fe034618460837bd4680bd80b582b01f
:1039c40000af0346fb800b467b7113463b71fb88bb
:1039d400b3f5706f01d303230fe0fb881846fff79c
:1039e4001ffd0346002b01d1032306e079793a79c0
:1039f400fb88184619f064fe034618460837bd468e
:103a040080bd80b586b000af78607b681b88fb8280
:103a1400fb8ab3f5706f01d3032320e0fb8a1846b9
:103a2400fff7fefc0346002b01d1032317e07b685c
:103a34001b88bb817b689b78bb737b68db78fb73db
:103a44007b681b793b747b685b797b747b68db8860
:103a54007b8207f10c03184619f072fe03461846e0
:103a64001837bd4680bd80b582b000af03460a4614
:103a7400fb8013467b71fb88b3f5706f01d303237e
:103a84000fe0fb881846fff7cbfc0346002b01d15f
:103a9400032306e07a79fb881146184619f084fe60
:103aa400034618460837bd4680bd80b584b000afd4
:103ab40003463960fb80fb881846fff7b1fcf860c9
:103ac400fb68002b01d1032307e0fb6804330722c2
:103ad4001946386834f024fa002318461037bd46d6
:103ae40080bd80b582b000af78607b681a897b683e
:103af4009b7a19461046fff7f9fc03461846083727
:103b0400bd4680bd80b582b000af78607b681a89fd
:103b14007b68db6819461046fff70afd0346184622
:103b24000837bd4680bd80b582b000af78607b6841
:103b34001a897b68db6819461046fff757fd034670
:103b440018460837bd4680bd80b582b000af7860a6
:103b54007b681a897b68db6819461046fff765fda8
:103b6400034618460837bd4680bd80b582b000af15
:103b740078607b681a897b689b7a19461046fff740
:103b8400a7fd034618460837bd4680bd80b582b000
:103b940000af78607b6818897b68997a7b68da7ae9
:103ba4007b681b7bfff7cafd034618460837bd46f2
:103bb40080bd80b582b000af78607b6818897b686f
:103bc400d9687b681b691a46fff7fefd0346184651
:103bd4000837bd4680bd80b582b000af78607b6891
:103be4001a7a7b685b7a19461046fff705fe03468e
:103bf40018460837bd4680bd80b582b000af7860f6
:103c04007b681a897b68db6819461046fff721fe3a
:103c1400034618460837bd4680bd80b582b000af64
:103c240078607b681a897b68db6819461046fff761
:103c340026fe034618460837bd4680bd80b582b0cf
:103c440000af78607b681a897b685b8919461046e7
:103c5400fff72bfe034618460837bd4680bd80b5e6
:103c640082b000af78607b6818897b68d9687b680c
:103c74001a697b685b69fff734fe03461846083708
:103c8400bd4680bd80b582b000af78607b6818897e
:103c94007b68997a7b68da687b681b69fff743fe67
:103ca400034618460837bd4680bd80b582b000afd4
:103cb40078607b681a897b689b7a19461046fff7ff
:103cc40058fe034618460837bd4680bd80b582b00d
:103cd40000af78607b6818897b68997a7b68db7aa7
:103ce4001a46fff76bfe034618460837bd4680bdeb
:103cf40080b582b000af78607b689b681846fff798
:103d040080fe034618460837bd4680bd80b582b0a4
:103d140000af78607b681a897b689b7a19461046e5
:103d2400fff7a1fe034618460837bd4680bd80b59f
:103d340084b000af03460a46fb8013467b71114be7
:103d44001b68db6b0c209847f860fb68002b01d1e3
:103d5400022313e0fb68fa881a81fb687a799a7265
:103d6400f9684ff4b0502ef027fafb681b887b816a
:103d7400044b1b681b6cf86898477b8918461037fe
:103d8400bd4680bd4cb0002080b584b000af034672
:103d94003960fb80114b1b68db6b10209847f8607f
:103da400fb68002b01d1022313e0fb68fa881a8117
:103db400fb683a68da60f96841f201602ef0fcf9b8
:103dc400fb681b887b81054b1b681b6cf868984754
:103dd4007b8918461037bd4680bd00bf4cb000201b
:103de40080b584b000af03463960fb80114b1b687b
:103df400db6b10209847f860fb68002b01d102238d
:103e040013e0fb68fa881a81fb683a68da60f9689b
:103e140041f202602ef0d0f9fb681b887b81054bd0
:103e24001b681b6cf86898477b8918461037bd4699
:103e340080bd00bf4cb0002080b584b000af034605
:103e44003960fb80114b1b68db6b10209847f860ce
:103e5400fb68002b01d1022313e0fb68fa881a8166
:103e6400fb683a68da60f96841f203602ef0a4f95d
:103e7400fb681b887b81054b1b681b6cf8689847a3
:103e84007b8918461037bd4680bd00bf4cb000206a
:103e940080b584b000af03460a46fb8013467b71ad
:103ea400114b1b68db6b0c209847f860fb68002bf8
:103eb40001d1022313e0fb68fa881a81fb687a793e
:103ec4009a72f96841f204602ef076f9fb681b8857
:103ed4007b81054b1b681b6cf86898477b891846e7
:103ee4001037bd4680bd00bf4cb0002090b585b0f2
:103ef40000af0446084611461a462346fb80034693
:103f04007b710b463b711346fb70144b1b68db6bd8
:103f140010209847f860fb68002b01d1022319e0b8
:103f2400fb68fa881a81fb687a799a72fb683a7995
:103f3400da72fb68fa781a73f96841f205602ef0b8
:103f44003bf9fb681b887b81044b1b681b6cf8687e
:103f540098477b8918461437bd4690bd4cb0002065
:103f640080b586b000af0346b9607a60fb81134b1d
:103f74001b68db6b1420984778617b69002b01d1a7
:103f8400022316e07b69fa891a817b69ba68da60d0
:103f94007b697a681a61796941f206602ef00cf93e
:103fa4007b691b887b82054b1b681b6c786998476f
:103fb4007b8a18461837bd4680bd00bf4cb0002030
:103fc40080b584b000af03460a46fb711346bb714b
:103fd400114b1b68db6b0c209847f860fb68002bc7
:103fe40001d1022313e0fb68fa791a72fb68ba79eb
:103ff4005a72f96841f207602ef0def8fb681b88fc
:104004007b81054b1b681b6cf86898477b891846b5
:104014001037bd4680bd00bf4cb0002080b584b0d1
:1040240000af03463960fb80114b1b68db6b10202b
:104034009847f860fb68002b01d1022313e0fb686a
:10404400fa881a81fb683a68da60f96841f2086014
:104054002ef0b2f8fb681b887b81054b1b681b6c38
:10406400f86898477b8918461037bd4680bd00bf65
:104074004cb0002080b584b000af03463960fb80ab
:10408400114b1b68db6b10209847f860fb68002b12
:1040940001d1022313e0fb68fa881a81fb683a68ad
:1040a400da60f96841f209602ef086f8fb681b8833
:1040b4007b81054b1b681b6cf86898477b89184605
:1040c4001037bd4680bd00bf4cb0002080b584b021
:1040d40000af03460a46fb801346bb80114b1b68a6
:1040e400db6b0c209847f860fb68002b01d102239e
:1040f40013e0fb68fa881a81fb68ba885a81f96868
:1041040041f20a602ef058f8fb681b887b81054b4e
:104114001b681b6cf86898477b8918461037bd46a6
:1041240080bd00bf4cb0002080b586b000afb96040
:104134007a603b600346fb81144b1b68db6b1820e1
:10414400984778617b69002b01d1022319e07b69d0
:10415400fa891a817b69ba68da607b697a681a61bc
:104164007b693a685a61796941f20b602ef024f850
:104174007b691b887b82054b1b681b6c786998479d
:104184007b8a18461837bd4680bd00bf4cb000205e
:1041940080b586b000afba607b600346fb810b46f6
:1041a4007b73144b1b68db6b1420984778617b6925
:1041b400002b01d1022319e07b69fa891a817b69fa
:1041c4007a7b9a727b69ba68da607b697a681a6169
:1041d400796941f20c602df0efff7b691b887b82cb
:1041e400044b1b681b6c786998477b8a1846183700
:1041f400bd4680bd4cb0002080b584b000af0346fe
:104204000a46fb8013467b71114b1b68db6b0c2049
:104214009847f860fb68002b01d1022313e0fb6888
:10422400fa881a81fb687a799a72f96841f20d600a
:104234002df0c2fffb681b887b81054b1b681b6c40
:10424400f86898477b8918461037bd4680bd00bf83
:104254004cb0002080b584b000af0346fb800b4611
:104264007b7113463b71134b1b68db6b0c20984727
:10427400f860fb68002b01d1022316e0fb68fa8882
:104284001a81fb687a799a72fb683a79da72f9686a
:1042940041f20e602df090fffb681b887b81054b7b
:1042a4001b681b6cf86898477b8918461037bd4615
:1042b40080bd00bf4cb0002080b584b000af7860f2
:1042c4000f4b1b68db6b0c209847f860fb68002bd6
:1042d40001d1022310e0fb687a689a60f96841f220
:1042e4000f602df069fffb681b887b81044b1b6802
:1042f4001b6cf86898477b8918461037bd4680bd0b
:104304004cb0002080b584b000af03460a46fb8061
:1043140013467b71114b1b68db6b0c209847f860cc
:10432400fb68002b01d1022313e0fb68fa881a8191
:10433400fb687a799a72f96841f210602df03cffbb
:10434400fb681b887b81054b1b681b6cf8689847ce
:104354007b8918461037bd4680bd00bf4cb0002095
:1043640080b582b000af1049062003f09bff0f4bcd
:104374001b680f4ac3f884210023fb710be00b4b2d
:104384001b68fa79883253f822301846fff782f80e
:10439400fb790133fb71fb79072bf0d90023184615
:1043a4000837bd4680bd00bfc45905016cb200206a
:1043b400b943020180b5d2b004af3b1d18603b1d68
:1043c4001b681b781f2b00f29e8401a252f823f075
:1043d40055440201e14402015f4b02010b4d02010d
:1043e4000b4d02010b4d02010b4d0201634502010d
:1043f4000b4d02014d4802010b4d02010b4d020110
:1044040009490201ed4c02010b4d02010b4d020161
:104414000b4d0201b1490201c34a0201e545020103
:104424007b4b02010b4d02010b4d02010b4d0201ae
:104434000b4d02010b4d02010b4d02010b4d02010c
:10444400994b02015d4c02010b4d0201434a0201ea
:104454003b1d1b68db881846fef7e2ffc7f83001f6
:10446400d7f83031002b11d13b1d1b68db881a466d
:104474003b1d1b681b7802930192a24b00930423fb
:1044840000221021ee2018f0b1f818e0d7f830011e
:10449400fff700f83b1d1b68da8807f10c035a800c
:1044a4003b1d1b681a7a07f10c031a7107f10c0300
:1044b40001221a7007f10c03184603f023fb3b1d7d
:1044c4001b68043300220192009306230022052175
:1044d4004ff4827032f006fa00f016bc3b1d1b68e4
:1044e400db881846fef79cffc7f82c01d7f82c315f
:1044f400002b11d13b1d1b68db881a463b1d1b6832
:104504001b78029301927f4b009304230022102115
:10451400ee2018f06bf814e007f10c0303221a7074
:104524003b1d1b68da8807f10c035a803b1d1b688e
:104534001a7907f10c031a7107f10c03184603f0fa
:10454400e1fa3b1d1b680433002201920093062309
:10455400002208214ff4827032f0c4f9d4e33b1de9
:104564001b68db881846fef75bffc7f82801d7f8fd
:104574002831002b11d13b1d1b68db881a463b1ddb
:104584001b681b78029301925e4b00930423002264
:104594001021ee2018f02af814e007f10c0303228e
:1045a4001a703b1d1b68da8807f10c035a803b1d07
:1045b4001b681a7907f10c031a7107f10c031846ea
:1045c40003f0a0fa3b1d1b68043300220192009300
:1045d4000423002230214ff4827032f083f993e3f4
:1045e4003b1d1b681b7a012b18d1474b1b6803f535
:1045f400da73184613f032fa434b1b681a78424bad
:104604001b6822f00102d2b21a700021002003f0cc
:104614004bfafef7c5fec7f8340111e03a4b1b68ac
:104624001a78394b1b6822f00402d2b21a700221a4
:10463400002003f039fa0120fef782fec7f83401a6
:104644003b1d1b681b79002b62d1d7f83431002b3a
:1046540011d13b1d1b68db881a463b1d1b681b7868
:1046640002930192294b0093042300221121ee208e
:1046740017f0bcff54e03b1d1b68da88d7f83431cf
:104684001a80d7f834310222da703b1d1b681a7a7b
:10469400d7f834319a703b1d1b689a8bd7f83431a4
:1046a4009a813b1d1b68da8bd7f83431da813b1dc4
:1046b4001b681a8cd7f834311a82134b1b6893f891
:1046c4002120d7f834311a713b1d1b685b7d03f040
:1046d400c003402b0ad1d7f83431581d3b1d1b6849
:1046e40010330622194633f01bfc19e0d7f8343195
:1046f400581d054b1b6822330622194633f010fc63
:104704000ee000bf085a05016cb200203c5a0501b6
:10471400d7f83431002b03d0d7f83401fef7bafeb2
:104724003b1d1b681a7907f10c039a703b1d1b682b
:10473400da8807f10c039a803b1d1b681a7a07f18b
:104744000c039a713b1d1b685a7a3b1d1b680a3384
:104754001946104603f0e5f803461a4607f10c0320
:10476400da713b1d1b6803f10a0207f10c030833dd
:104774001068186092889a803b1d1b685b7d03f06b
:10478400c003402b0bd13b1d1b6803f1100207f142
:104794000c030e331168196092889a8019e0b74ba4
:1047a4001b6893f82130022b0bd1b44b1b6803f127
:1047b400220207f10c030e331168196092889a8063
:1047c40007e007f10c030e3306220021184633f0ec
:1047d400b5fc3b1d1b6803f1160207f10c031433ef
:1047e4001068186092889a803b1d1b689a8b07f1a9
:1047f4000c035a833b1d1b68da8b07f10c039a8365
:104804003b1d1b681a8c07f10c03da8307f10c03b8
:1048140000221a7007f10c03184603f073f93b1dcc
:104824001b680433002201920093202300224ff4da
:104834009f714ff4827032f055f83b1d1b680433ae
:1048440018461ef01ffe5fe23b1d1b68db881846fe
:10485400fef7e6fdc7f82401d7f82431002b11d167
:104864003b1d1b68db881a463b1d1b681b780293a3
:104874000192834b0093042300221021ee2017f0b1
:10488400b5fe30e0d7f8243100229a7407f10c0306
:1048940002221a703b1d1b68da8807f10c035a8048
:1048a4003b1d1b681a7907f10c031a713b1d1b6829
:1048b4001a8907f10c031a813b1d1b681a8907f139
:1048c4000c03da803b1d1b685a8907f10c035a81db
:1048d4003b1d1b689a8907f10c039a8107f10c03ad
:1048e400184603f00ff93b1d1b68043300220192a4
:1048f40000930a23002240f23e314ff4827031f0db
:10490400f1ff01e23b1d1b689b881846fef788fdfa
:10491400c7f82001d7f82031002b11d13b1d1b68ab
:104924009b881a463b1d1b681b7802930192544bcb
:104934000093042300221021ee2017f057fe26e0f6
:1049440007f10c0306221a703b1d1b689a8807f1b5
:104954000c035a803b1d1b68da8807f10c039a800c
:104964003b1d1b681a8907f10c03da803b1d1b6889
:104974005a8907f10c031a813b1d1b689a8907f1b8
:104984000c035a8107f10c03184603f0bbf83b1dd6
:104994001b6804330022019200930a23002240f290
:1049a4003e614ff4827031f09dffade13b1d1b6809
:1049b400db881846fef734fdc7f81c01d7f81c3114
:1049c400002b11d13b1d1b68db881a463b1d1b685d
:1049d4001b78029301922a4b009304230022102196
:1049e400ee2017f003fe1be03b1d1b681b79002b18
:1049f40016d13b1d1b681b7a03f02003002b06d045
:104a0400d7f81c311b88fb211846fef783fe07f1fb
:104a14000c0317221a7007f10c03184603f072f8fe
:104a24003b1d1b6804330022019200930c230022d7
:104a340040f23e414ff4827031f054ff64e13b1d7b
:104a44001b689b881846fef7ebfcc7f81801d7f8db
:104a54001831002b16d13b1d1b689b881a463b1d41
:104a64001b681b7802930192054b009304230022d8
:104a74001021ee2017f0bafd13e000bf6cb2002045
:104a8400085a050107f10c030b221a703b1d1b6821
:104a94009a8807f10c035a8007f10c03184603f0b7
:104aa40031f83b1d1b68043300220192009302235a
:104ab400002257214ff4827031f014ff24e13b1d92
:104ac4001b68db881846fef7abfcc7f81401d7f85f
:104ad4001431002b11d13b1d1b68db881a463b1d8a
:104ae4001b681b78029301928a4b009304230022d3
:104af4001021ee2017f07afd20e007f10c030c22c0
:104b04001a703b1d1b681a7907f10c031a713b1dbf
:104b14001b68da8807f10c035a803b1d1b681a7a5c
:104b240007f10c035a713b1d1b685a7a07f10c03f9
:104b34009a7107f10c03184602f0e4ff3b1d1b6851
:104b440004330022019200930623002240f63e41e2
:104b54004ff4827031f0c6fed6e03b1d1b6804336f
:104b64000022019200930a2300220c214ff4827048
:104b740031f0b8fec8e03b1d1b68043300220192eb
:104b840000930423002241f23e414ff4827031f03d
:104b9400a9feb9e03b1d1b68db881846fef740fc04
:104ba400c7f81001d7f81031002b11d13b1d1b6839
:104bb400db881a463b1d1b681b7802930192564bf7
:104bc4000093042300221121ee2017f00ffd34e09e
:104bd40007f10c0314221a703b1d1b681a7907f1a4
:104be4000c039a703b1d1b68da8807f10c039a804a
:104bf4003b1d1b681a7a07f10c039a713b1d1b6855
:104c04005a7a07f10c03da713b1d1b6893f90a20e9
:104c140007f10c031a723b1d1b68da7a07f10c03c7
:104c24005a723b1d1b6893f90c2007f10c039a720e
:104c340007f10c03184602f065ff3b1d1b680433a3
:104c44000022019200930a23002242f23e114ff403
:104c5400827031f047fe57e03b1d1b689b88184665
:104c6400fef7defbc7f80c01d7f80c31002b11d18d
:104c74003b1d1b689b881a463b1d1b681b780293cf
:104c84000192254b0093042300221121ee2017f0fa
:104c9400adfc1ae007f10c0316221a703b1d1b68c9
:104ca4009a8807f10c035a803b1d1b689a7907f117
:104cb4000c031a713b1d1b68da7907f10c035a7156
:104cc40007f10c03184602f01dff3b1d1b6804335b
:104cd4000022019200930423002242f23e014ff489
:104ce400827031f0fffd0fe03b1d1b68043300228e
:104cf400019200930a23002240f23e714ff4827025
:104d040031f0f0fd00e000bf0123184607f59c7761
:0c4d1400bd4680bd085a05013c5a05014f
:020000040000fa
:020000040102f7
:104d200080b485b000af78607b68fb60fb68002bc7
:104d300001d1002311e00c4bfa68106818600b4b8e
:104d400000221a60094b00225a60fb685a88064b01
:104d50005a80074b00221a60012318461437bd46bb
:104d60005df8047b704700bf78a500206ca100208f
:104d70003ca6002080b400af01231846bd465df874
:104d8000047b704780b58ab000aff860b9607a6084
:104d90003b604ff0ff333b624ff0ff33fb6100237a
:104da0007b6100233b6100237b6245e04c497a6aca
:104db00013465b001344db000b4404331b68002bd9
:104dc00002d17b6afb6134e045497a6a13465b0095
:104dd0001344db000b4404331b68fa689a4228d161
:104de0003f497a6a13465b001344db000b440833e7
:104df0001b681946786833f06ef90346002b01d022
:104e0000002368e07b6a3b6235497a6a13465b009f
:104e10001344db000b4410331b687b6130497a6a12
:104e200013465b001344db000b4414331b683b61e7
:104e300005e07b6a01337b627b6a072bb6dd3b6a48
:104e4000b3f1ff3f02d03b6abb6108e0fb69b3f1fd
:104e5000ff3f02d0fb69bb6101e000233be020493a
:104e6000ba6913465b001344db000b440433fa6851
:104e70001a601b49ba6913465b001344db000b44fc
:104e8000ba681a601649ba6913465b001344db001e
:104e90000b4408337a681a601149ba6913465b00fb
:104ea0001344db000b440c333a681a600c49ba69ae
:104eb00013465b001344db000b4410337a691a601d
:104ec0000749ba6913465b001344db000b441433f3
:104ed0003a691a60012318462837bd4680bd00bfd5
:104ee0007ca5002080b582b000af1e4b1b68002b54
:104ef00001d0012331e01c4b1b68002b1fd11b4b41
:104f00005b781a461a491b4800f0d0fa0346002b7a
:104f100015d1194b1b7883f00103dbb2002b0ed0a7
:104f200030f00af80346012b06d92ff0d9ff0346cb
:104f3000124918461ef0e0fd0f4b01221a700a4b71
:104f40001b687b6005e0786800f01af87b689b6856
:104f50007b607b68002bf6d1012318460837bd46dd
:104f600080bd00bf3ca600206ca1002078a50020d9
:104f700079a5002064d1040140a60020e4d10401f9
:104f800080b590b000af78607b681b68bb617b68c0
:104f90005b687b61bb69db68786998470346002bd7
:104fa00000f0d481bb691b69786998470346fb749c
:104fb0007b68b3f91030002b6fd07b68b3f91030e9
:104fc0001a467b681344fa7c9a747b68b3f91030f4
:104fd0009bb201339bb21ab27b681a827b68b3f929
:104fe0001030032b30d17b68b3f910301a467b6840
:104ff000134400229a74964bbb6300237b63002307
:10500000fb6314e07b6803f11200bb6b1b68032297
:10501000194632f08dfe0346002b02d1bb6b7b6339
:1050200008e0fb6b0133fb63bb6b0c33bb63fb6bb7
:10503000052be7d97b6b002b03d17b6800221a82fa
:1050400087e17b687a6bda607b68b3f91030022bfa
:1050500040f37e817b68b3f910301a467b68db68c9
:105060009b689a4240f074817b6803f112027b686e
:10507000db681b681946104633f02df80346002bf9
:1050800007d17b68db685b687a68d268114678680c
:1050900098477b6800221a825be1fb7c0d2b02d0d3
:1050a000fb7c0a2b27d17b68da697b6820339a4224
:1050b00005d1bb691b6867497869984749e1bb69b5
:1050c0001b686549786998477b68db6900221a701c
:1050d0007b6803f120027b689a617b6803f1200200
:1050e0007b68da61786800f023fdbb691b685b4967
:1050f000786998472de1fb7c082b5bd17b689a6926
:105100007b6820339a4240f224817b68da697b68ad
:105110009b699a423ed97b689b693b637b689b692c
:10512000013bfb627b68da693b6bd31afb600023af
:10513000fb630ce03b6b1a78fb6a1a70fb6a013365
:10514000fb623b6b01333b63fb6b0133fb63fb682f
:10515000fa6b9a42eed37b689b695a1e7b689a6110
:105160007b68db695a1e7b68da617b68db69002239
:105170001a707b6803f171007b689a69fb68384993
:1051800032f030ffbb691b687a687132114678696a
:105190009847dee0bb691b683249786998477b68ad
:1051a0009b695a1e7b689a617b68db695a1e7b6823
:1051b000da61cee0fb7c7f2b40d17b68da697b68cb
:1051c0009b699a4240f2c5807b689b690133bb6250
:1051d0007b689b697b627b68da69bb6ad31afb6078
:1051e0000023fb630ce0bb6a1a787b6a1a707b6a47
:1051f00001337b62bb6a0133bb62fb6b0133fb6330
:10520000fb68fa6b9a42eed37b68db695a1e7b68b7
:10521000da617b68db6900221a707b6803f1710038
:105220007b689a69fb68104932f0dcfebb691b6839
:105230007a6871321146786998478ae0fb7c1b2bab
:1052400014d17b68fa7c9a747b6801221a8280e010
:105250001cd1040108d204010cd2040110d20401b3
:1052600014d2040120d2040128d204017b68da6937
:105270007b682033d31a4f2b53dc7b68da697b6859
:105280009b69d31abb60bb68002b2ed07b68db699f
:10529000013b3b627b68db69fb610023fb630ce045
:1052a0003b6a1a78fb691a70fb69013bfb613b6a38
:1052b000013b3b62fb6b0133fb63bb68fa6b9a42b9
:1052c000eed37b68db695a1c7b68da617b68db693b
:1052d00000221a707b687133581c7b689b695a1cca
:1052e000bb681d4932f07efe03e07b68002283f834
:1052f00072207b68fa7c83f87120bb691b687a682e
:1053000071321146786998477b689b69fa7c1a70fc
:105310007b689b695a1c7b689a61786800f033ff50
:1053200017e0bb691b680d49786998477b6803f1f2
:1053300020027b689a617b6803f120027b68da6156
:10534000bb691b6806497869984702e000bf00e026
:1053500000bf4037bd4680bd34d204013cd20401b9
:1053600010d2040180b582b000af78607968002067
:1053700000f0c4f900bf0837bd4680bd0fb480b54a
:10538000adf5826d00af0023c7f808340023c7f8dd
:105390000c3407f21c423b1d1a603b1d07f108004c
:1053a0001b68d7f818244ff4806131f003fd0346e1
:1053b000c7f80834d7f80834002b43d0d7f808349e
:1053c000b3f5806f3ed207f10802d7f808341344d2
:1053d00000221a701f4b1b681a46d7f80834134472
:1053e000b3f5806f02d31b4b00221a60194b1b6868
:1053f000194a134407f108021146184632f002ff19
:10540000144b1b68144a13441946002000f076f927
:10541000d7f8083403f00303c7f80c34d7f80c347a
:10542000002b05d0d7f80c34c3f10403c7f80c34b3
:10543000d7f80824d7f80c341a44064b1b681344d9
:10544000044a136000bf07f58267bd46bde880408f
:1054500004b0704774a5002074a1002080b485b00a
:1054600000af0346fb80104b1b68fb6008e0fb6845
:105470009b68fb60b7f906309bb2013b9bb2fb8097
:10548000b7f90630002b02d0fb68002befd1fb6888
:10549000002b01d0fb6800e0002318461437bd46fe
:1054a0005df8047b704700bf6ca1002080b586b01a
:1054b00000aff860b9607a604ff4127028f08bfa90
:1054c00038613b69002b01d1002342e04ff4127296
:1054d0000021386932f034fe3b69fa681a603b6992
:1054e000ba685a603b6903f120023b699a613b69e3
:1054f00003f120023b69da6100237b6110e03b6924
:1055000003f1cc003b6903f1d8027b695c2101fb0c
:1055100003f31344194600f0dbfd7b6901337b6123
:105520007b69032bebd93b6900229a600b4b1b680c
:10553000002b06d1094a3b691360084a3b69536056
:1055400006e0064b5b683a699a60044a3b6953601f
:105550003b6918461837bd4680bd00bf6ca10020ce
:1055600080b586b000af7860254b1b687b617b6897
:10557000fb607b69002b02d0fb68002b01d100236c
:1055800039e07a69fb689a4214d11d4b5b68fa686e
:105590009a4206d11a4b00221a60194b00225a6017
:1055a00003e07b699b68164a1360f86828f01ffacd
:1055b000012320e07b693b6119e07a69fb689a422c
:1055c00010d17b699a683b699a600d4b5b68fa68f9
:1055d0009a4202d10a4a3b695360f86828f007faf8
:1055e000012308e07b693b617b699b687b617b6988
:1055f000002be2d1002318461837bd4680bd00bffe
:105600006ca1002080b588b000aff860b9607a6006
:105610000023fb61bb68002b26d0164b7b61002367
:10562000bb611ee07b695b68fa689a4213d1002077
:1056300028f070f838617b691b69002b07d17b6902
:10564000ba681a617b697a685a617b69fb6139695a
:10565000002028f075f8bb690133bb617b69183302
:105660007b61bb69072bddddfb6918462037bd4632
:1056700080bd00bf7ca5002080b588b000af7860f9
:105680000023fb777b68bb61bb691a4a9b1adb105e
:10569000194a02fb03f37b617b69002b24db7b69e6
:1056a000072b21d87a6913465b001344db001a46a6
:1056b000104b13443b613a69bb699a4214d10020f4
:1056c00028f028f8f8603b695b68002b08d03b693c
:1056d0001b69002b04d03b6900221a610123fb7770
:1056e000f968002028f02cf8fb7f18462037bd46cb
:1056f00080bd00bf7ca50020abaaaaaa90b583b04c
:1057000000af78603960084b5b881c46386832f01f
:10571000b3fc03461a46396820461ef055f900bf0f
:105720000c37bd4690bd00bf78a500200eb480b5f3
:10573000adf21c4d00af3b1d18600023c7f81034bc
:105740000023c7f8143407f5856207f10c031a60cb
:1057500007f10c0307f110001b68d7f824244ff45d
:10576000806131f027fb0346c7f81034d7f81034b6
:10577000002b43d0d7f81034b3f5806f3ed207f139
:105780001002d7f81034134400221a701f4b1b6804
:105790001a46d7f810341344b3f5806f02d31b4b6d
:1057a00000221a60194b1b68194a134407f11002b2
:1057b0001146184632f026fd144b1b68144a134458
:1057c00019460020fff79affd7f8103403f00303bf
:1057d000c7f81434d7f81434002b05d0d7f8143494
:1057e000c3f10403c7f81434d7f81024d7f81434dd
:1057f0001a44064b1b681344044a136000bf07f2a7
:105800001c47bd46bde8804003b0704774a500202a
:1058100074a1002080b582b000af78600b46fb70a9
:10582000094b5b8818461df085ff0346022b07d104
:10583000054b5b881846fb1c012219461ef0c4f874
:1058400000bf0837bd4680bd78a5002080b582b076
:1058500000af7860044b5b8818461ef083f803465f
:1058600018460837bd4680bd78a5002080b584b0b5
:1058700000af7860064b5b88184607f10f030122e2
:1058800019461ef009f8fb7b18461037bd4680bd4f
:1058900078a5002080b586b000aff860b9607a6066
:1058a000fb685b687b61fb681b681b68044978695f
:1058b000984732f001f900bf1837bd4680bd00bfe0
:1058c00074d2040180b586b000aff860b9607a6028
:1058d000fb685b687b61fb681b681b68154978691e
:1058e0009847c0220021144832f02afc15e0134bdf
:1058f0001a68124b5b689a4207d1104b00225a601b
:105900000e4b5b680d4a136004e00c4b1b689b68f0
:105910000a4a1360386928f06af8084b1b683b6133
:105920003b69002be3d1064b01221a6000bf1837f8
:10593000bd4680bd90d204017ca500206ca1002052
:105940003ca6002080b58cb000aff860b9607a60ea
:10595000fb685b687b61bb68012b74d10023fb761d
:105960006b4b3b620023bb6233e03b6a5b68002bfe
:1059700029d0fb7e83f00103dbb2002b07d0fb684c
:105980001b681b686349786998470123fb76fb68ad
:105990001b681b68604978699847fb681b681b682f
:1059a0003a6a9268114678699847fb681b681b68d9
:1059b0003a6ad268114678699847fb681b681b6889
:1059c0005649786998473b6a18333b62bb6a013392
:1059d000bb62bb6a072bc8ddfb681b681b685049ac
:1059e000786998470023fb624e4b7b6221e0fb689d
:1059f0001b681b68484978699847fb681b681b68e7
:105a00007a6a1268114678699847fb681b681b68b8
:105a10007a6a9268114678699847fb681b681b6828
:105a20003e4978699847fb6a0133fb627b6a0c3315
:105a30007b62fb6a022bdad9fb681b681b683a4958
:105a40007869984760e00023fb61314b3b6200239b
:105a5000bb6218e03b6a5b68002b0ed03b6a9a6819
:105a60007b6804331b681946104632f034fb03464a
:105a7000002b02d13b6afb6108e03b6a18333b62b2
:105a8000bb6a0133bb62bb6a072be3ddfb69002bfa
:105a900034d00023fb62fb695b687b6221e0fb681a
:105aa0001b681b681c4978699847fb681b681b6862
:105ab0007a6a1268114678699847fb681b681b6808
:105ac0007a6a9268114678699847fb681b681b6878
:105ad000124978699847fb6a0133fb627b6a0c3391
:105ae0007b62fb691b681a46fb6a9342d7d3fb684b
:105af0001b681b680c497869984705e0fb681b68c0
:105b00001b680a497869984700bf3037bd4680bd99
:105b10007ca50020c4d20401f0d20401f8d2040113
:105b200000d30401c0d104010cd204012cd3040120
:105b300090b5bfb002af78600023c7f8ec3007f132
:105b4000b40320220021184632f0fafa7b685b6821
:105b5000c7f8d8307b6803f1200107f160035122b8
:105b6000184632f055fb07f1b40107f16003082233
:105b7000184600f00df9c7f8ec00d7f8ec30002b10
:105b800007d17b681b681b687c49d7f8d800984709
:105b9000f1e0d7f8ec30002b40f3e4807b68cc33a5
:105ba000184600f0c4fac7f8d400d7f8d43003f18f
:105bb00008007b6820335122194632f029fb7b68ac
:105bc000cc33d7f8d410184600f082fa7b68002254
:105bd000c3f8d4200023c7f8e830694bc7f8e03099
:105be0002ce0d7f8b420d7f8e0301b6819461046ef
:105bf00032f071fa0346002b16d1d7f8ec30082b9f
:105c000008dd7b681b685b6808225e49d7f8d8000e
:105c10009847b0e0d7f8e0305b68786807f1b402e5
:105c2000d7f8ec109847a6e0d7f8e8300133c7f86a
:105c3000e830d7f8e0300c33c7f8e030d7f8e83078
:105c4000022bced9504bc7f8dc300023c7f8e43024
:105c500083e0d7f8dc305b68002b74d0d7f8dc30f9
:105c60001b69002b24d07b6803f1200107f10c0392
:105c70005122184632f0ccfad7f8dc301c69d7f83c
:105c8000dc3058687968d7f8dc305b6907f10c02c2
:105c900000935123a0470346002b6bd107f1b401b9
:105ca00007f10c030822184600f072f8c7f8ec0060
:105cb000d7f8ec30082b08dd7b681b685b6808228e
:105cc0003049d7f8d800984755e00023c7f8e830a6
:105cd0002d49d7f8e42013465b001344db000b4446
:105ce00004331b68c7f8e0301fe0d7f8b420d7f8ba
:105cf000e0301b681946104632f0edf90346002be0
:105d000009d1d7f8e0305b68786807f1b402d7f8ba
:105d1000ec1098472fe0d7f8e8300133c7f8e830a7
:105d2000d7f8e0300c33c7f8e0301749d7f8e42053
:105d300013465b001344db000b441b681a46d7f87c
:105d4000e8309342d1d3d7f8e4300133c7f8e430d8
:105d5000d7f8dc301833c7f8dc30d7f8e430072b3d
:105d60007ff777af7b681b681b680849d7f8d800b6
:105d7000984700e000bff437bd4690bd50d3040102
:105d8000c0d1040188d304017ca50020c0d3040144
:105d900080b588b000aff860b9607a600023fb611d
:105da0004ae02221f86832f0d5f9b861bb69002bce
:105db00012d0bb6900221a700ee00023fb60fb6961
:105dc0007a689a4205d9fb699b00ba6813447a69dc
:105dd0001a60fb690133fb611c49f86831f02afb4a
:105de00078617b69002be8d1bb69002b28d0bb69a7
:105df0000133bb612221b86932f0acf938613b69eb
:105e0000002b03d03a69bb699a4202d14ff0ff33ad
:105e100018e03b6900221a70fb697a689a4205d93a
:105e2000fb699b00ba681344ba691a60fb690133c5
:105e3000fb613b690133fb60fb68002bb1d100e0e3
:105e400000bffb6918462037bd4680bdf0d3040172
:105e500080b584b000af786039607b68d3f8d43007
:105e6000002b0bd07b68d3f8d4301b68fb607b68b9
:105e7000d3f8cc30fa689a4204d107e07b68d3f8b3
:105e8000cc30fb60f968786800f0bcf81037bd468c
:105e900080bd80b584b000af786039607b68d3f88e
:105ea000d430002b0ed07b68d3f8d4305b68fb6015
:105eb0007b68d3f8d030fa689a4203d0f9687868e2
:105ec00000f0a0f800bf1037bd4680bd80b584b09b
:105ed00000af786039607b681b68fb607b685b683b
:105ee000bb607b689a697b68db699a420bd2fb686e
:105ef0001b683a6812681146b86898477b689b69c6
:105f00005a1c7b689a6100bf1037bd4680bd80b5c2
:105f100084b000af786039607b681b68fb607b6889
:105f20005b68bb607b689a697b6820339a420bd9b7
:105f30007b689b695a1e7b689a61fb681b683a689c
:105f400012681146b868984700bf1037bd4680bd3b
:105f500080b588b000af786039607b681b68fb61f2
:105f60007b685b68bb617b689a697b682033d31a66
:105f70007b617b69002b12d007f108037a690a491b
:105f8000184632f02ff8fb691b6807f1080211462a
:105f9000b86998477b6803f120027b689a6100bf6b
:105fa0002037bd4680bd00bff4d3040180b588b062
:105fb00000af786039607b681b68fb617b685b6859
:105fc000bb617b68da697b689b69d31a7b617b69fb
:105fd000002b11d007f108037a690949184632f0fd
:105fe00001f8fb691b6807f108021146b869984778
:105ff0007b68da697b689a6100bf2037bd4680bd47
:10600000fcd3040180b586b000af786039607b684e
:106010001b683b617b685b68fb603b680833184624
:1060200032f02af80346bb60bb68002b45d07b6882
:10603000da697b682033d31a7b6107e03b691b6810
:106040002049f86898477b69013b7b617a69bb68a6
:106050009a42f3dc07e03b691b681b49f8689847e4
:106060007b69013b7b617b69002bf4d17b6803f189
:1060700020023b6808331946104632f0c3f83b69ea
:106080001b681249f86898473b691b687a68203298
:106090001146f86898477b6803f12002bb681a44f0
:1060a0007b689a617b6803f12002bb681a447b68b5
:1060b000da617b683a68c3f8d42000bf1837bd4660
:1060c00080bd00bf04d4040108d4040108d2040137
:1060d00080b483b000af786039607b681b68002ba8
:1060e0000cd17b683a681a607b683a685a603b68f2
:1060f0003a681a603b683a685a6012e07b681a682e
:106100003b681a607b685a683b685a607b685b68ca
:106110003a681a607b681b683a685a607b683a681c
:106120001a6000bf0c37bd465df8047b704780b431
:1061300085b000af78607b681a687b685b689a42bc
:1061400009d17b681b68fb607b6800221a607b6852
:1061500000225a6010e07b685b68fb60fb685a684d
:106160007b685a607b685b687a6812681a607b6833
:106170001b687a6852685a60fb6818461437bd4637
:106180005df8047b704780b483b000af78607b68b3
:106190009a697b68db699a4203d97b689a697b6854
:1061a000da6100bf0c37bd465df8047b704700bf65
:020000040000fa
:020000040102f7
:1061b00080b483b000af03460a46fb711346bb713f
:1061c000fb79002b03db022b03dd042b01d0002322
:1061d00011e000bfbb79002b03db022b03dd042b96
:1061e00001d0002307e000bffa79bb799a4201d1c0
:1061f000012300e0002318460c37bd465df8047b00
:10620000704780b58ab000af786005210020f4f7b0
:1062100059faf861fb69002b00f02c817b681b6840
:10622000bb61fb690c337b6100233b627b691822f5
:106230001a70bb6993f86322bb6993f86632134006
:1062400087f82730bb6993f86422bb6993f86532fd
:10625000134087f826307b6900225a707b69002240
:106260009a700121786806f045fb0346fb74002113
:10627000786806f03ffb0346bb74bb6993f8632262
:10628000bb6993f8643219461046fff791ff3862f4
:106290003b6a002b0ad1bb6993f86622bb6993f86d
:1062a000653219461046fff783ff38623b6a002bc0
:1062b00017d097f8272097f8263013407b747b7c03
:1062c000002b65d0fa7c7b7c9a4203d1ba7c7b7c24
:1062d0009a425dd07b697a7c5a707b697a7c9a702d
:1062e00056e097f82720fb7c1340dbb2002b02d04e
:1062f000002387f8273097f82620bb7c1340dbb2b9
:10630000002b02d0002387f8263097f82730002b87
:1063100003d197f82630002b3bd097f8273003f0b5
:106320000103002b03d07b6901225a7012e097f819
:10633000273003f00203002b03d07b6902225a703e
:1063400008e097f8273003f00403002b02d07b69a4
:1063500004225a7097f8263003f00103002b03d073
:106360007b6901229a7014e097f8263003f002034b
:10637000002b03d07b6902229a700ae097f826303e
:1063800003f00403002b04d07b6904229a7000e020
:1063900000bf7b695a78bb6983f868227b699a7869
:1063a000bb6983f869227b695b78002b03d17b6929
:1063b0009b78002b21d07b694ff0ff32da704ff0d1
:1063c000ff321a71f4f7b2fdb860bb68002b0fd032
:1063d000bb681822da71bb6801225a71bb6903f5e8
:1063e0001a72bb68da60b9687868f4f7e5fd2fe0e7
:1063f000f869f4f75bf900233de07b690022da706d
:1064000000221a71bb6993f8c63103f00203dbb2b4
:10641000002b19d00121786806f06cfa0346184663
:1064200006f0b0fa03463b740021786806f062fa81
:106430000346184606f0a6fa0346fb73fa7b397c3e
:106440000023786803f0d4fb1321786806f064f821
:10645000f969786806f099fdbb6993f868321946c6
:10646000786806f0aefa03469ab2bb69a3f89e219b
:10647000012300e0002318462837bd4680bd80b5c3
:1064800088b000af78600b46fb700c210020f4f759
:1064900019f9f861fb69002b00f0fd807b681b682f
:1064a000bb61fb690c337b617b6900221a70fb784e
:1064b00003f00103002b5cd0bb69b3f83032082b2a
:1064c00004d9bb69082283f83a2208e0bb69b3f813
:1064d0003032dbb2013bdab2bb6983f83a22bb69e6
:1064e000b3f89a30002b06d0bb69b3f89a20bb6989
:1064f000a3f83c2203e0bb690022a3f83c22bb695d
:10650000b3f83022bb69a3f83e22bb69b3f832224c
:10651000bb69a3f84022bb69b3f83422bb69a3f876
:106520004222fb7803f00203002b7bd0bb6993f877
:106530004e32002b06d1bb69b3f84822bb69a3f8e1
:106540003e226fe0bb69b3f84832ba6992f84e2236
:1065500093fbf2f102fb01f29b1a7b82bb69b3f859
:1065600048227b8ad31a7b82bb697a8aa3f83e22af
:1065700058e0bb69b3f84832082b04d9bb6908223c
:1065800083f83a2208e0bb69b3f84832dbb2013b3a
:10659000dab2bb6983f83a22fb7803f00403002bdc
:1065a0001ed0bb69b3f852324ff6ff72934204d14a
:1065b000bb690122a3f83c2222e0bb69b3f89a3000
:1065c000002b06d0bb69b3f89a20bb69a3f83c2224
:1065d00016e0bb69b3f85222bb69a3f83c220fe076
:1065e000bb69b3f89a30002b06d0bb69b3f89a2088
:1065f000bb69a3f83c2203e0bb690022a3f83c225c
:10660000bb69b3f84822bb69a3f83e22bb69b3f863
:106610004a22bb69a3f84022bb69b3f84c22bb698c
:10662000a3f84222bb6993f83a227b695a70bb698e
:10663000b3f83c227b695a80bb69b3f83e227b6980
:106640009a80bb69b3f840227b69da80bb69b3f8f2
:1066500042227b691a81f4f769fcf860fb68002b21
:1066600014d0fb680022da71fb6801225a71bb6901
:1066700003f23a22fb68da60f9687868f4f79cfc68
:10668000f969786806f081fc012305e0f869f4f700
:106690000df8002300e0002318462037bd4680bdda
:1066a00080b588b000af78607b681b68fb611721fc
:1066b0000020f4f707f8b861bb69002b3fd0bb6935
:1066c0000c337b6107f108030c21184628f07cff8e
:1066d000fb6903f5ef7307f108010822184631f052
:1066e00021fcfb6903f5f7733a691a607b690322a1
:1066f0001a707b69581cfb6903f2d31308221946f0
:1067000031f010fcfb69b3f8dc217b69a3f80920a8
:106710007b6903f10b00fb6903f5ef73082219464f
:1067200031f000fc7b691333fa6902f5f7721268e5
:106730001a60b969786806f028fc012300e000239c
:1067400018462037bd4680bd80b584b000af786064
:106750000b46fb7001210020f3f7b4fff860fb68e3
:10676000002b0bd0fb680c33bb60bb68fa781a7047
:10677000f968786806f009fc012300e00023184658
:106780001037bd4680bd80b586b000af78600b463f
:10679000fb701346bb707b681b687b617b6993f859
:1067a000be3103f00403dbb2002b1bd00321002019
:1067b000f3f788ff38613b69002b11d03b690c333c
:1067c000fb60fb6811221a70fb68fa785a70fb684c
:1067d000ba789a703969786806f0d7fb012319e016
:1067e000002317e002210020f3f76cff38613b69ba
:1067f000002b0ed03b690c33bb60bb680d221a70b6
:10680000bb68ba785a703969786806f0befb012314
:1068100000e0002318461837bd4680bd80b584b01f
:1068200000af78600b46fb7002210020f3f74affaf
:10683000f860fb68002b0ed0fb680c33bb60bb68b4
:1068400002221a70bb68fa785a70f968786806f004
:106850009cfb012300e0002318461037bd4680bd95
:1068600080b586b000af78600b46fb707b681b6814
:106870007b6109210020f3f725ff38613b69002b7c
:106880006ed03b690c33fb60fb68fa781a70fb68ca
:10689000581c364b1b680822194631f043fbfb7825
:1068a000092b57d1314b1b681a787b6993f8b631a5
:1068b0001340dab27b6983f8be212c4b1b685a78ef
:1068c0007b6993f8b7311340dab27b6983f8bf2153
:1068d000264b1b689a787b6993f8b8311340dab27b
:1068e0007b6983f8c021214b1b68da787b6993f8b8
:1068f000b9311340dab27b6983f8c1211b4b1b68a5
:106900001a797b6993f8ba311340dab27b6983f85c
:10691000c221164b1b685a797b6993f8bb3113402f
:10692000dab27b6983f8c321104b1b689a797b69c3
:1069300093f8bc311340dab27b6983f8c4210b4b66
:106940001b68da797b6993f8bd311340dab27b6951
:1069500083f8c5213969786806f017fb012300e048
:10696000002318461837bd4680bd00bf3cb200204a
:1069700080b586b000af78607b681b687b610621bc
:106980000020f3f79ffe38613b69002b28d03b695c
:106990000c33fb60fb680c221a70144b1a78fb68ee
:1069a0005a70134b1b88dab2fb689a70104b1b8825
:1069b0001b0a9bb2dab2fb68da70fb68b8221a7164
:1069c000fb6804225a717a6992f8c63143f00803d1
:1069d00082f8c6313969786806f0d7fa012300e0f9
:1069e000002318461837bd4680bd00bf95ac002077
:1069f00096ac002080b584b000af78600b46fb7089
:106a000002210020f3f75efef860fb68002b0ed039
:106a1000fb680c33bb60bb6807221a70bb68fa784e
:106a20005a70f968786806f0b0fa012300e0002394
:106a300018461037bd4680bd80b586b000af78607f
:106a400009210020f3f73efe78617b69002b00f0fe
:106a50009c807b681b683b617b690c33fb60012178
:106a6000786805f047ff0346fb720021786805f05f
:106a700041ff0346bb72fb6814221a70fb680022b8
:106a800062f004025a7000229a703b69b3f81e2229
:106a9000fb68a3f80520fb7a03f00103002b04d167
:106aa000fb7a03f00203002b1cd03b69b3f82032c1
:106ab00040f6480293420ed9fb68002242f0480299
:106ac000da71002242f008021a723b6940f648026d
:106ad000a3f8202227e03b69b3f82022fb68a3f843
:106ae000072020e0fb7a03f00403002b1bd03b6956
:106af000b3f8203244f2902293420ed9fb68002270
:106b000062f06f02da71002242f042021a723b69af
:106b100044f29022a3f8202205e03b69b3f820223a
:106b2000fb68a3f80720bb7a03f00103002b04d114
:106b3000bb7a03f00203002b0ed0fb68002242f068
:106b40004802da70002242f008021a713b6940f6ee
:106b50004802a3f8242212e0bb7a03f00403002bbe
:106b60000dd0fb68002262f06f02da70002242f062
:106b700042021a713b6944f29022a3f824227969f7
:106b8000786806f002fa012300e00023184618375f
:106b9000bd4680bd80b586b000af78600921002079
:106ba000f3f790fd78617b69002b26d07b681b682a
:106bb0003b617b690c33fb60fb6815221a703b69f3
:106bc000b3f8a221fb68a3f801203b69b3f8a42124
:106bd000fb68a3f803203b69b3f89e21fb68a3f888
:106be00005203b69b3f8a021fb68a3f80720796969
:106bf000786806f0caf9012300e000231846183728
:106c0000bd4680bd80b586b000af78600b46fb7096
:106c10007b681b687b6118210020f3f753fd386106
:106c20003b69002b00f0cc803b690c33fb60fb68b8
:106c3000fa781a70fb780f2b4dd17b69b3f82e22ae
:106c4000fb68a3f801207b69b3f83022fb68a3f846
:106c500003207b69b3f83222fb68a3f805207b6927
:106c6000b3f83422fb68a3f807207b69b3f89a30a5
:106c7000002b05d07b69b3f89a20fb689a8106e067
:106c8000fb684ff0ff321a734ff0ff325a73fb6804
:106c90004ff0ff329a734ff0ff32da73fb684ff018
:106ca000ff321a744ff0ff325a74fb684ff0ff3214
:106cb0009a744ff0ff32da74fb684ff0ff321a75a6
:106cc0004ff0ff325a75fb684ff0ff329a754ff064
:106cd000ff32da7543e0fb78102b40d17b69b3f8c3
:106ce0004622fb68a3f801207b69b3f84822fb68c1
:106cf000a3f803207b69b3f84a22fb68a3f80520b8
:106d00007b69b3f84c22fb68a3f807207b69b3f8d2
:106d10009a30002b05d07b69b3f89a20fb689a81e2
:106d200004e07b69b3f85222fb689a817b69b3f86f
:106d30005422fb68da817b69b3f85622fb681a8219
:106d40007b69b3f85822fb685a827b69b3f85a22f0
:106d5000fb689a827b69b3f85c22fb68da82fb6885
:106d600000225a72f3f722f90346052b11d97b69e9
:106d7000b3f898207b69b3f84c3001339bb21946c5
:106d8000c9000b445b009bb213449ab2fb685a8162
:106d900010e07b69b3f898207b69b3f84c3001337d
:106da0009bb2194649000b449b009bb213449ab214
:106db000fb685a813969786806f0e7f8012300e03a
:106dc000002318461837bd4680bd80b586b000af99
:106dd000786003210020f3f775fc78617b69002b54
:106de0002fd07b681b683b617b690c33fb60fb68c1
:106df00016221a703b6993f86322fb685a703b694c
:106e000093f86422fb689a707969786806f0bdf897
:106e10003b6993f86430012b11d13b69b3f89e2193
:106e20003b69a3f8f6223b6993f863321946786808
:106e300005f0c7fd03469ab23b69a3f89e210123e2
:106e400000e0002318461837bd4680bd80b586b0e7
:106e500000af786003210020f3f734fc78617b6990
:106e6000002b3ad07b681b683b617b690c33fb606d
:106e7000fb6817221a703b6993f863223b6993f809
:106e800066321340fb723b6993f864223b6993f8c6
:106e900065321340bb72fb68fa7a5a70fb68ba7aa3
:106ea0009a707969786806f070f83b6993f86430f5
:106eb000012b10d13b69b3f89e213b69a3f8f62260
:106ec000fb685b781946786805f07bfd03469ab24b
:106ed0003b69a3f89e21012300e0002318461837e0
:106ee000bd4680bd80b584b000af7860042100202d
:106ef000f3f7e8fbf860fb68002b1fd07b681b688a
:106f0000bb60bb68062283f8ac21fb6823221a739e
:106f1000fb680c33581cbb6803f28b230322194611
:106f200031f000f8bb6893f98c22bb6883f88622a5
:106f3000f968786806f029f8012300e00023184674
:106f40001037bd4680bd90b599b000af786005217f
:106f50000020f3f7b7fbf865fb6d002b00f03b81d9
:106f60007b681b68bb65bb6d93f88b32184605f0d8
:106f700017fe034687f85730fb6d24221a73bb6d4a
:106f800093f98c32002b00f0c48097f857301946e3
:106f9000786805f0c7fe034687f85630bb6d93f955
:106fa0008c32dab297f856301344dab297f8573089
:106fb00051b2ba6d13440a4683f87022bb6d03f5d3
:106fc0001c7297f85730d01897f85730ba6dd4180c
:106fd000012105f067fe84f8780297f85730ba6d02
:106fe000134493f97032dab297f85630d31adbb201
:106ff0005ab2bb6d83f88f22bb6d93f89132ff2b91
:107000004cd197f85730ba6d134493f87832c3f3e4
:107010000103dbb2002b41d0bb6d93f98c32002b06
:107020000fdd97f85730ba6d1a4492f97022d2b238
:10703000013ad2b251b2ba6d13440a4683f87022b3
:107040000ee097f85730ba6d1a4492f97022d2b216
:107050000132d2b251b2ba6d13440a4683f870229b
:10706000bb6d03f51c7297f85730d01897f857305e
:10707000ba6dd418012105f015fe84f8780297f84e
:107080005730ba6d134493f97032dab297f856302c
:10709000d31adbb25ab2bb6d83f88f22bb6d93f863
:1070a000803203f00103dbb2002b36d041f2210322
:1070b000bb8100233b74bb6d1b887b8200233b7527
:1070c00097f857300133dbb27b7597f85730ba6dbc
:1070d000134493f97032bb7597f85730ba6d134467
:1070e00093f87832c3f30103dbb2fb7597f857309e
:1070f000ba6d134493f97032dab297f85630d31a56
:10710000dbb25bb23b7607f10c0318462cf0d2fde4
:1071100003e0bb6d002283f88f2297f857301946a1
:10712000786805f0fffd03461a46bb6d83f8902290
:10713000bb6d93f89132ff2b03d0bb6d002283f817
:107140009122bb6d93f89132ff2b13d0bb6d93f856
:107150009132002b0ed0bb6db3f89820bb6da3f815
:107160008722bb6db3f8983002339ab2bb6da3f897
:10717000892219e0bb6d93f89132ff2b0cd17b680b
:107180001b79042b08d1bb6db3f8983007339ab242
:10719000bb6da3f8892207e0bb6db3f898300133cb
:1071a0009ab2bb6da3f8892297f85720bb6db96dd1
:1071b0000a4492f8782283f88e22fb6d0c33013357
:1071c000ba6d02f28e2212681a60f96d786805f0c5
:1071d000dcfe012300e0002318466437bd4690bd65
:1071e00080b584b000af786005210020f3f76afa1b
:1071f000f860fb68002b13d07b681b68bb60fb68e2
:1072000025221a73fb680c330133ba6802f292220a
:1072100012681a60f968786805f0b7fe012300e08b
:10722000002318461037bd4680bd80b584b000af3e
:10723000786002210020f3f745faf860fb68002b24
:107240000dd0fb681d221a73074b1b681a7dfb6863
:107250005a73f968786805f098fe012300e000236e
:1072600018461037bd4680bd3cb2002080b584b0c2
:1072700000af786002210020f3f724faf860fb6881
:10728000002b0dd0fb681e221a73084b1b681a7d59
:10729000fb685a73f968786805f077fe012300e00f
:1072a000002318461037bd4680bd00bf3cb2002009
:1072b00080b485b000af786039607b681b68fb6084
:1072c0003b68bb60bb685a78fb6883f8b32100bf9a
:1072d0001437bd465df8047b704780b485b000afbd
:1072e000786039607b681b68fb603b68bb60bb688b
:1072f0005a78fb6883f8b42100bf1437bd465df8a7
:10730000047b704780b584b000af786039607b68db
:107310001b68fb603b68bb60fb6803f5db70bb6808
:1073200001330822194630f0fdfd384b1b681a78ee
:10733000fb6893f8b6311340dab2fb6883f8be21dc
:10734000324b1b685a78fb6893f8b7311340dab2b6
:10735000fb6883f8bf212d4b1b689a78fb6893f874
:10736000b8311340dab2fb6883f8c021274b1b68a1
:10737000da78fb6893f8b9311340dab2fb6883f826
:10738000c121224b1b681a79fb6893f8ba3113406c
:10739000dab2fb6883f8c2211c4b1b685a79fb6880
:1073a00093f8bb311340dab2fb6883f8c321174b63
:1073b0001b689a79fb6893f8bc311340dab2fb681a
:1073c00083f8c421114b1b68da79fb6893f8bd314f
:1073d0001340dab2fb6883f8c521fb6893f8c23129
:1073e00003f00203002b06d1fb6893f8c23103f0cf
:1073f0000403002b06d0fa6892f8803243f0800331
:1074000082f8803200bf1037bd4680bd3cb20020fc
:1074100080b485b000af786039607b681b68fb6022
:107420003b68bb60bb685a78fb6883f8b221bb68d5
:107430009a78fb6883f8b32100bf1437bd465df826
:10744000047b704780b485b000af786039607b689a
:107450001b68fb603b68bb60bb68b3f801309ab245
:10746000fb68a3f82a22bb68b3f803309ab2fb6822
:10747000a3f82c22bb68b3f805309ab2fb68a3f8d6
:107480002622bb68b3f807309ab2fb68a3f828221b
:1074900000bf1437bd465df8047b704780b485b0eb
:1074a00000af786039607b681b68fb603b68bb603d
:1074b000bb685a78fb6883f85e22bb689a78fb68e1
:1074c00083f85f22bb68da78fb6883f86022bb68c8
:1074d0001a79fb6883f86122bb685a79fb6883f8e4
:1074e000622200bf1437bd465df8047b704780b44c
:1074f00085b000af786039607b681b68fb603b68d3
:10750000bb60bb685a78fb6883f86522bb689a78d1
:10751000fb6883f8662200bf1437bd465df8047b24
:10752000704780b485b000af786039607b681b68b5
:10753000fb603b68bb60bb68b3f801309ab2fb6884
:10754000a3f84622bb68b3f803309ab2fb68a3f8ed
:107550004822bb68b3f805309ab2fb68a3f84a2208
:10756000bb68b3f807309ab2fb68a3f84c22bb683b
:107570005a7afb6883f84e22bb685b899ab2fb6833
:10758000a3f85022bb689b899ab2fb68a3f85222e9
:10759000bb68db899ab2fb68a3f85422bb681b8adc
:1075a0009ab2fb68a3f85622bb685b8a9ab2fb6862
:1075b000a3f85822bb689b8a9ab2fb68a3f85a22a8
:1075c000bb68db8a9ab2fb68a3f85c2200bf143761
:1075d000bd465df8047b704780b485b000af78602d
:1075e00039607b681b68fb603b685a78fb6883f8ee
:1075f000aa2100bf1437bd465df8047b704700bf69
:020000040000fa
:020000040102f7
:1076000080b584b000af78600023fb7313e0fb7b90
:107610000d4a12f833207b681b789a4208d1fb7b15
:10762000094adb0013445b6878689847012306e049
:10763000fb7b0133fb73fb7b1d2be8d90023184632
:107640001037bd4680bd00bfe8b20020b0b5d6b04f
:1076500002af3b1d18603b1d1b681b780e2b35d0fd
:107660000f2b67d0062b40f09980002387f84f310d
:1076700017e007f14c0309221a7097f84f313a1db1
:1076800012689b001344da8807f14c035a8007f113
:107690004c03184600f038fa97f84f31013387f859
:1076a0004f313b1d1b681b7997f84f219a42e0d35d
:1076b0003b1d1b6804330022019200931a23002211
:1076c00013214ff482702ff00ff968e007f10803df
:1076d00000221a703b1d1b681a7907f108035a70c3
:1076e0003b1d1b68591d07f1080302332022184671
:1076f00030f018fc07f10803023320333a1d1268fa
:1077000002f125012022184630f00cfc07f1080395
:10771000184600f037fa3b1d1b6804330022019223
:1077200000934123002240f63e014ff482702ff077
:10773000dbf834e007f1080301221a703b1d1b68d7
:107740001a7907f108035a703b1d1b685a1d07f18f
:1077500008030233156854689068d1681d605c6046
:107760009860d960156954699069d1691d615c613f
:107770009861d96107f10803184600f003fa3b1d30
:107780001b6804330022019200932123002240f65b
:107790003e114ff482702ff0a7f800e000bf0123e4
:1077a000184607f5a877bd46b0bd80b582b000afda
:1077b0007860054b1b68d3f8843178689847034696
:1077c00018460837bd4680bd6cb2002080b582b037
:1077d00000af7860054b1b68d3f88831786898470c
:1077e000034618460837bd4680bd00bf6cb2002076
:1077f00080b582b000af7860054b1b68d3f890313c
:1078000078689847034618460837bd4680bd00bfd4
:107810006cb2002080b582b000af7860054b1b6869
:10782000d3f8783178689847034618460837bd463c
:1078300080bd00bf6cb2002080b582b000af786020
:10784000054b1b68d3f8943178689847034618466f
:107850000837bd4680bd00bf6cb2002080b582b045
:1078600000af7860054b1b68d3f87c317868984787
:10787000034618460837bd4680bd00bf6cb20020e5
:1078800080b582b000af7860054b1b68d3f89831a3
:1078900078689847034618460837bd4680bd00bf44
:1078a0006cb2002080b582b000af7860786821f0bb
:1078b000c7fa034618460837bd4680bd80b483b07a
:1078c00000af78600e4b1b6893f82130002b03d17a
:1078d0007b6800221a700ce0094b1b6893f821307a
:1078e000022b03d17b6803221a7002e07b6801221d
:1078f0001a7000bf0c37bd465df8047b704700bfaf
:107900006cb2002080b483b000af0346fb71fb79fa
:10791000002b01d1002300e0012318460c37bd469f
:107920005df8047b704780b483b000af03463960d4
:10793000fb71fb79002b02d0fb79022b01d10023d4
:1079400017e0fb79012b13d13b6805331b7803f05b
:10795000c003402b01d102230be03b6805331b78a9
:1079600003f0c003002b01d1032302e0012300e058
:10797000012318460c37bd465df8047b704780b57f
:107980008cb000af07f110030321184627f01cfe4e
:1079900007f1100303330d220021184630f0d0fb0d
:1079a000bb7c03f07f03dbb2bb74bb7c43f04003c2
:1079b000dbb2bb7407f1200318462cf0b1fa3a464b
:1079c00007f1100107f1200318462cf0d3fc0a4bf5
:1079d0001b68223339460322184630f0a3fa064bbf
:1079e0001b68253307f110010322184630f09afa7c
:1079f00000bf3037bd4680bd6cb2002080b582b07c
:107a000000af78600621786827f0defd7b680533db
:107a10001a787b68053302f03f02d2b21a7000bfb9
:107a20000837bd4680bd80b500af1e4b1b6893f87c
:107a30002130032b06d11b4b1b6822331846fff75e
:107a4000ddff07e0174b1b6893f82130022b01d1b3
:107a5000fff795ff134b1b6893f82130012b05d9d5
:107a6000104b1b682233184621f016fa0d4b1b6889
:107a7000d3f87431002098470a4b1b681b8e002beb
:107a80000ed0084b1b6803f5f272064b1b681b8e69
:107a90001946054b03fb01f3194610460ff022ff70
:107aa00000bf80bd6cb2002040420f0080b582b0a4
:107ab00000af03460a46fb711346bb71114b1b68ae
:107ac0001b78002b0dd1fb79002b02d0fff7abff09
:107ad00013e00c4b1b6803f5f27318460ff0c0ff60
:107ae0000be0fb79002b08d0bb79032b05d1054bac
:107af0001b68d3f874310120984700bf0837bd4692
:107b000080bd00bf6cb2002080b584b000af78604b
:107b10000023fb7314e01a4b1a68fb7b66339b004f
:107b200013445b68002b08d0154b1a68fb7b663347
:107b30009b0013445b6878689847fb7b0133fb73b9
:107b4000fb7b022be7d97b681b78172b13d84ff4ec
:107b5000807030f015f8b860bb68002b0bd04ff484
:107b600080727968b86830f0ddf9ba684ff48071d6
:107b700001202af047fb00bf1037bd4680bd00bf83
:107b80006cb2002080b584b000af78600023fb7336
:107b900012e00d4b1b68fa7b6a3253f82230002b3f
:107ba00007d0094b1b68fa7b6a3253f82230786899
:107bb0009847fb7b0133fb73fb7b022be9d900bfaa
:107bc0001037bd4680bd00bf6cb2002080b584b0c8
:107bd00000af78607b68db88022b06d10e4b1b68f8
:107be0001b78002b01d0fff71eff0023fb730be077
:107bf000094b1a68fb7b7e339b0013445b687868f3
:107c00009847fb7b0133fb73fb7b082bf0d900bf4c
:107c10001037bd4680bd00bf6cb2002080b586b075
:107c200000af0023fb82334a07f10c0392e8030004
:107c300018600433198002330a0c1a702e4b2f4a35
:107c40001a603b1d08220021184630f079faff2304
:107c50003b71fd237b713b1d1846fff723fe284b2c
:107c60001b6800221a70264b1b68002283f8332001
:107c7000234b1b684ff461721a86214b1b6800224c
:107c800083f8322007f10c031946072000f0d4f8de
:107c90001b4b1b682133184600f094f8184b1b68e7
:107ca00093f82130002b05d0154b1b682233184662
:107cb00021f0f2f8134a062101202af023fe104b8e
:107cc0001a6892f8ec31012161f3020382f8ec3179
:107cd0000b4b1b68062283f8ed21094b1b6802221f
:107ce000a3f8ee2127f0bafbfb8a18461837bd46e9
:107cf00080bd00bf48760501acb2002001760201cc
:107d00006cb20020cd7b020180b582b000af7860fc
:107d10007b681b7818461df01ffa7b685b88184645
:107d20001df036fa7b681b79002b09d07b68d88858
:107d30007b6819897b685a897b689b891df038fab2
:107d4000002318460837bd4680bd80b582b000af1d
:107d500078607b681b78022b03d07b681b78032b31
:107d600001d1012327e07b681b78012b12d17b68ae
:107d70009b7903f0c003402b05d07b689b7903f00f
:107d8000c003002b01d1012315e07b6801331846a5
:107d900021f082f80a4b1b682133072279681846c4
:107da00030f0c0f87b681a787b68013319461046ba
:107db0002cf09af8002318460837bd4680bd00bf56
:107dc0006cb2002080b582b000af78607a687b68c2
:107dd0000133194610462ef03bfe0346184608377d
:107de000bd4680bd80b485b000af786039600023a7
:107df000fb730be00f4b1968fa7bfb7b386803447d
:107e00000a4452781a70fb7b0133fb73094b1a68e2
:107e1000fb7b13445b78002b02d0fb7b1f2be9d943
:107e20007b68fa7b1a70002318461437bd465df84c
:107e3000047b70476cb2002080b582b000af03466f
:107e40003960fb71fb79202b01d9032310e00a4b29
:107e50001b68013320220021184630f071f9064bcf
:107e60001b680133fa793968184630f05bf8002353
:107e700018460837bd4680bd6cb2002080b5c4b03e
:107e800000af02463b461960fb1d1a703b46fa1dc7
:107e9000127819681046fff7cfff0346a7f80e3196
:107ea000b7f80e31002b02d0b7f80e311de007f104
:107eb0000c030a221a7007f10c03da1c07f10c03f9
:107ec000023311461846fff78dff0346a7f80e311f
:107ed000b7f80e31002b02d0b7f80e3105e007f1ec
:107ee0000c031846fff710fe0023184607f58877a5
:107ef000bd4680bd80b582b000af7860786820f064
:107f0000aaff034618460837bd4680bd80b584b039
:107f100000af03463960fb71fb79002b03d121f0e0
:107f200001f800233fe00023fb730de0fa7b1346ca
:107f3000db009b1a3a6813441b78032b01d90323f7
:107f400031e0fb7b0133fb73fa7bfb799a42edd383
:107f500020f0e8ff0023fb7320e0fa7b1346db00f0
:107f60009b1a3a6813441b781846fff7cbfc03466c
:107f70003b72fa7b1346db009b1a3a6813445a1c87
:107f800007f109031168196092889a8007f10803c4
:107f9000184620f0e5fffb7b0133fb73fa7bfb798e
:107fa0009a42dad3002318461037bd4680bd80b50b
:107fb00086b000af03463960fb71fb79082b01d90d
:107fc000032388e00023fb750fe0fa7d13469b0036
:107fd0001344db001a463b6813441b78012b01d97c
:107fe000032378e0fb7d0133fb75fa7dfb799a4230
:107ff000ebd33b4b1b681b78002b01d005236ae0b9
:10800000002020f06bff20f0f9ff354b1b68343364
:108010004ff4a0720021184630f092f8304b1b68e4
:10802000fa7983f832202e4b1b6893f83230002bfc
:1080300050d02b4b1b6803f13400fa7913469b0098
:108040001344db001a4639682ff06cff0023fb75e0
:1080500039e0fa7d13469b001344db001a463b6867
:108060001344184620f0a2fffa7d13469b001344e8
:10807000db001a463b68134493f82730012b1fd1cd
:10808000fa7d13469b001344db001a463b681344f9
:108090001b783b73fa7d13469b001344db001a46a2
:1080a0003b6813445a1c07f10d031168196092884c
:1080b0009a800123fb7407f10c03184620f0e0ffbf
:1080c000fb7d0133fb75fa7dfb799a42c1d3012018
:1080d00020f004ff002318461837bd4680bd00bfbe
:1080e0006cb2002080b586b000af03463960fb71ea
:1080f000334b1b681b78002b01d005235ce03b68e9
:10810000002b1bd02e4b1b683a6852881a8607f149
:10811000080310220021184630f012f83b68191da0
:1081200007f10803102218462ff0eefe0346002b3d
:1081300004d03b68043318462bf008fffb79002b72
:1081400022d03b681b78022b03d03b681b78032ba3
:1081500008d13b685b88002b04d03b685b88b3f593
:10816000e16f01d9032327e03b681b78022b04d180
:108170003b685b88184620f05fff114b1b683a682c
:10818000127883f8212011e00d4b1b68213318462b
:10819000fff718fe0a4b1b6893f82130012b05d11d
:1081a000074b1b682233184620f076fe044b1b68f1
:1081b000fa7983f83320002318461837bd4680bd6e
:1081c0006cb2002080b582b000af03463960fb710d
:1081d00097f907303968184620f074ff03461846af
:1081e0000837bd4680bd80b582b000af0346396018
:1081f000fb7197f907303968184620f07bff03467a
:1082000018460837bd4680bd80b582b000af7860a3
:1082100039603968786820f085ff034618460837ca
:10822000bd4680bd80b500af20f0bcff03461846b8
:1082300080bd80b582b000af78600b46fb70fb78e4
:108240001946786820f0ccff034618460837bd462b
:1082500080bd80b500af21f00df80346184680bd03
:1082600080b582b000af0346fb710b46bb7113466d
:108270007b717a7997f9061097f90730184621f043
:108280000bf8034618460837bd4680bd80b582b05e
:1082900000af0346fb80fb88184611f0dbfd034668
:1082a00018460837bd4680bd80b483b000af034692
:1082b0003960fb71064b1a68fb799b0013443a68de
:1082c0001a6000bf0c37bd465df8047b704700bfe5
:1082d00068b2002080b582b000af03463a60fb71ff
:1082e0000b46bb71084b1a68fb799b0013441a6854
:1082f000bb799b0013441b683868984703461846af
:108300000837bd4680bd00bf68b2002080b582b08e
:1083100000af78607b689b681846fff7f5fc034662
:1083200018460837bd4680bd80b582b000af786082
:108330007b689b681846fff708fd03461846083718
:10834000bd4680bd80b582b000af78607b689b6819
:108350001846fff737fd034618460837bd4680bd6f
:1083600080b582b000af78607b689a687b68db6814
:1083700019461046fff736fd034618460837bd4636
:1083800080bd80b582b000af78607b681a7a7b6868
:10839000db6819461046fff74ffd034618460837bd
:1083a000bd4680bd80b582b000af78607b689b68b9
:1083b0001846fff79ffd034618460837bd4680bda7
:1083c00080b582b000af78607b681a7a7b68db6822
:1083d00019461046fff79afd034618460837bd4672
:1083e00080bd80b582b000af78607b681a7a7b6808
:1083f000db6819461046fff7dafd034618460837d2
:10840000bd4680bd80b582b000af78607b681a7ac7
:108410007b68db6819461046fff764fe0346184682
:108420000837bd4680bd80b582b000af78607b68fc
:1084300093f908207b68db6819461046fff7c2fef7
:10844000034618460837bd4680bd80b582b000aff0
:1084500078607b6893f908207b68db6819461046d2
:10846000fff7c1fe034618460837bd4680bd80b5fc
:1084700082b000af78607b689a687b68db681946d9
:108480001046fff7c1fe034618460837bd4680bdbb
:1084900080b582b000af7860fff7dbfe0346184678
:1084a0000837bd4680bd80b582b000af78607b687c
:1084b00093f908007b6893f909107b689b7a1a4648
:1084c000fff7cefe034618460837bd4680bd80b58f
:1084d00000af0e4b1b68002b0bd130202ff050fb50
:1084e00002460a4b1a60094b1b68002b01d102237c
:1084f0000ae00749012029f045fe06490020fff760
:10850000d3fefff78bfb0346184680bd68b2002000
:10851000d58202011076050180b584b000af786085
:108520000f4b1b68db6b0c209847f860fb68002b37
:1085300001d1022310e0fb687a689a60f9684ff471
:10854000805029f03bfefb681b887b81044b1b6835
:108550001b6cf86898477b8918461037bd4680bd6c
:108560004cb0002080b584b000af78600f4b1b6822
:10857000db6b0c209847f860fb68002b01d10223cd
:1085800010e0fb687a689a60f96841f2010029f00e
:1085900015fefb681b887b81044b1b681b6cf8680d
:1085a00098477b8918461037bd4680bd4cb00020e7
:1085b00080b584b000af78600f4b1b68db6b0c207c
:1085c0009847f860fb68002b01d1022310e0fb689c
:1085d0007a689a60f96841f2020029f0effdfb68c1
:1085e0001b887b81044b1b681b6cf86898477b8950
:1085f00018461037bd4680bd4cb0002080b584b011
:1086000000af78603960114b1b68db6b1020984716
:10861000f860fb68002b01d1022313e0fb687a6845
:108620009a60fb683a68da60f96841f2030029f061
:10863000c5fdfb681b887b81044b1b681b6cf868bd
:1086400098477b8918461037bd4680bd4cb0002046
:1086500080b584b000af03463960fb71114b1b68d5
:10866000db6b10209847f860fb68002b01d10223d8
:1086700013e0fb68fa791a72fb683a68da60f96805
:1086800041f2040029f09afdfb681b887b81054bb1
:108690001b681b6cf86898477b8918461037bd46e5
:1086a00080bd00bf4cb0002080b584b000af7860c2
:1086b0000f4b1b68db6b0c209847f860fb68002ba6
:1086c00001d1022310e0fb687a689a60f96841f2f0
:1086d000050029f073fdfb681b887b81044b1b6838
:1086e0001b6cf86898477b8918461037bd4680bddb
:1086f0004cb0002080b584b000af03463960fb71f8
:10870000114b1b68db6b10209847f860fb68002b4f
:1087100001d1022313e0fb68fa791a72fb683a6808
:10872000da60f96841f2060029f048fdfb681b8811
:108730007b81054b1b681b6cf86898477b89184642
:108740001037bd4680bd00bf4cb0002080b584b05e
:1087500000af03463960fb71114b1b68db6b1020c7
:108760009847f860fb68002b01d1022313e0fb68f7
:10877000fa791a72fb683a68da60f96841f2070020
:1087800029f01cfdfb681b887b81054b1b681b6c5b
:10879000f86898477b8918461037bd4680bd00bff2
:1087a0004cb0002080b582b000af786039600d4bce
:1087b0001b6893f821203b681a700a4b1b6893f8da
:1087c00033207b681a70074b1b681a8e3b685a80ef
:1087d0003b68043318462bf0a3fb002318460837e8
:1087e000bd4680bd6cb2002080b584b000af0346aa
:1087f0003960fb71114b1b68db6b10209847f860e8
:10880000fb68002b01d1022313e0fb68fa791a728e
:10881000fb683a68da60f96841f2080029f0cefc9a
:10882000fb681b887b81054b1b681b6cf8689847ad
:108830007b8918461037bd4680bd00bf4cb0002074
:1088400080b584b000af03463960fb71114b1b68e3
:10885000db6b10209847f860fb68002b01d10223e6
:1088600013e0fb68fa791a72fb683a68da60f96813
:1088700041f2090029f0a2fcfb681b887b81054bb3
:108880001b681b6cf86898477b8918461037bd46f3
:1088900080bd00bf4cb0002080b584b000af03465f
:1088a0003960fb71114b1b68db6b10209847f86037
:1088b000fb68002b01d1022313e0fb68fa791a72de
:1088c000fb683a68da60f96841f20a0029f076fc40
:1088d000fb681b887b81054b1b681b6cf8689847fd
:1088e0007b8918461037bd4680bd00bf4cb00020c4
:1088f00080b584b000af78603960114b1b68db6bca
:1089000010209847f860fb68002b01d1022313e088
:10891000fb687a689a60fb683a68da60f96841f245
:108920000b0029f04bfcfb681b887b81044b1b6808
:108930001b6cf86898477b8918461037bd4680bd88
:108940004cb0002080b582b000af0e4b1b68db6bd3
:108950000820984778607b68002b01d102230de046
:10896000796841f20c0029f029fc7b681b887b8028
:10897000044b1b681b6c786898477b88184608373f
:10898000bd4680bd4cb0002080b584b000af03462a
:10899000fb710b46bb7113467b71134b1b68db6b82
:1089a0000c209847f860fb68002b01d1022316e0e9
:1089b000fb68fa791a72fb68ba795a72fb687a799d
:1089c0009a72f96841f20d0029f0f8fbfb681b88e8
:1089d0007b81054b1b681b6cf86898477b891846a0
:0c89e0001037bd4680bd00bf4cb0002029
:020000040000fa
:020000040102f7
:1089ec0080b58cb002af7860002387f827307b68a5
:1089fc001b8801936c4b0093012302224c21ec2029
:108a0c0013f0f0fd7b681b88184627f0b1fa38622a
:108a1c003b6a002b03d1022387f82730aee03b6a78
:108a2c001b68fb61fb6993f86430012b0bd1fb696c
:108a3c0093f8be3103f00203dbb2002b03d11a23ef
:108a4c0087f827309ae0386a04f05df80346002b6b
:108a5c0000f083807b685a88fb69a3f82e227b6820
:108a6c009a88fb69a3f830227b68da88fb69a3f843
:108a7c0032227b681a89fb69a3f834227b685a89f5
:108a8c00fb69a3f836227b689a89fb69a3f8382224
:108a9c00fb6993f89e30002b04d0fb69002283f80d
:108aac009e2006e0fa6992f8c63143f0010382f881
:108abc00c631f1f775fa0346012b3dd9fb69b3f8c2
:108acc004a20fb69b3f830329a4214d0fb69d3f8d0
:108adc007821fb69b3f83032194640f2e24303fbcc
:108aec0001f31946104615f059fe03469ab2fb697c
:108afc00a3f89a200be0fb69d3f8783100211846d3
:108b0c0015f04cfe03469ab2fb69a3f89a20fb6958
:108b1c00b3f89a30002b13d0fb69b3f89a30fa698a
:108b2c00b2f83022b3fbf2f102fb01f29b1a9ab2bb
:108b3c00fb69a3f89a2003e0fb690022a3f89a20b2
:108b4c00386af7f783f9034683f00103dbb2002b95
:108b5c0014d0072387f8273010e007f10c030e22fe
:108b6c00796818462ff0d8f907f10c030e22012171
:108b7c00386a04f06bfb034687f8273097f82730e8
:108b8c00002b0ad097f827300193084b0093012350
:108b9c000022ff21ec2013f025fd97f82730184612
:108bac002837bd4680bd00bfcce80401e8e80401cd
:108bbc0080b588b002af0346fb800023fb75fb88b1
:108bcc0001932b4b0093012302224d21ec2013f037
:108bdc0009fdfb88184627f0cbf938613b69002b5f
:108bec0002d10223fb7530e03b691b68fb60fb681c
:108bfc0093f86430012b09d1fb6893f8be3103f074
:108c0c000803dbb2002b01d11a23fb75386903f082
:108c1c007aff0346002b0bd03869f7f782f803462e
:108c2c0083f00103dbb2002b0fd00723fb750ce0a4
:108c3c0007f10803fa881a8007f1080302220221bf
:108c4c00386904f003fb0346fb75fb7d002b09d050
:108c5c00fb7d0193074b009301230022ff21ec20a5
:108c6c0013f0c0fcfb7d18461837bd4680bd00bf15
:108c7c00f8e80401e8e8040180b588b002af786038
:108c8c000023fb757b681b8801932d4b00930123fc
:108c9c0002224e21ec2013f0a5fc7b681b881846a1
:108cac0027f066f938613b69002b02d10223fb7572
:108cbc0033e03b691b68fb607b685a88fb68a3f850
:108ccc002e227b689a88fb68a3f830227b68da88ae
:108cdc00fb68a3f832227b681a89fb68a3f834225c
:108cec007b685a89fb68a3f836227b689a89fb68f3
:108cfc00a3f83822fb6893f8ae31112b0bd13869ed
:108d0c00f7f7ebf8034683f00103dbb2002b04d03a
:108d1c000723fb7501e00c23fb75fb7d002b09d0b1
:108d2c00fb7d0193074b009301230022ff21ec20d4
:108d3c0013f058fcfb7d18461837bd4680bd00bfac
:108d4c001ce90401e8e8040180b58ab004af0346cd
:108d5c000a46fb8013467b710023fb75fb887a79ee
:108d6c00029201931e4b0093012302224f21ec200f
:108d7c0013f038fcfb88184627f0faf838613b6989
:108d8c00002b02d10223fb7517e03b691b68fb60cb
:108d9c00fb6893f8ae31112b0dd17b7919463869ec
:108dac00f7f7bef8034683f00103dbb2002b04d0c7
:108dbc000723fb7501e00c23fb75fb7d002b09d011
:108dcc00fb7d0193074b009301230022ff21ec2034
:108ddc0013f008fcfb7d18461837bd4680bd00bf5c
:108dec0040e90401e8e8040180b58cb004af034607
:108dfc00fb800b46bb8013467b800023fb77fb88f4
:108e0c00ba887988039102920193324b0093012323
:108e1c0002225021ec2013f0e5fbfb88184627f0ca
:108e2c00a7f8b861bb69002b02d10223fb773ee0a7
:108e3c00bb691b687b617b6993f8be3103f020032f
:108e4c00dbb2002b02d11a23fb7730e0b86903f0b8
:108e5c005afe0346002b13d07b69ba88a3f81e2256
:108e6c007b697a88a3f82022b869f6f78cff034651
:108e7c0083f00103dbb2002b19d00723fb7716e03c
:108e8c0007f10c03fa881a8007f10c030233ba8835
:108e9c001a8007f10c0304337a881a8007f10c034b
:108eac0006220321b86904f0d1f90346fb77fb7f56
:108ebc00002b09d0fb7f0193074b00930123002269
:108ecc00ff21ec2013f08efbfb7f18462037bd46ac
:108edc0080bd00bf74e90401e8e8040180b58cb0e2
:108eec0004af78600023fb770023bb777b681b887b
:108efc001a467b68db7819467b681b7903930291d1
:108f0c000192994b0093012302225121ec2013f082
:108f1c0069fb7b681b88184627f02af8b861bb6987
:108f2c00002b02d10223fb770ce1b86903f0ebfdb7
:108f3c000346002b00f0f680bb691b687b610121a6
:108f4c00b86903f0d1fc0346fb740021b86903f047
:108f5c00cbfc0346bb747b689b78032b00f0c8806a
:108f6c007b68db78fa7c9a421cd17b681b79ba7cd3
:108f7c009a4217d10123bb77fb7c042b40f0bb80ba
:108f8c007b68db88012b03d17b69012283f8682085
:108f9c007b68db88022b40f0ae807b69002283f873
:108fac006820a8e07b689b7803f00103002b04d0b9
:108fbc007b69072283f8632204e07b68da787b699b
:108fcc0083f863227b689b7803f00203002b04d0a8
:108fdc007b69072283f8642204e07b681a797b6939
:108fec0083f864227b68da887b69a3f86c227b683f
:108ffc00db88002b13d07b68db88022b0fd87b68b7
:10900c00db88012b03d17b69012283f868207b6804
:10901c00db88022b03d17b69002283f868207a69f4
:10902c0092f8c63143f0020382f8c6317b6993f89b
:10903c00803223f07f03dbb2002b44d07b681b799a
:10904c00042b20d17b68db88002b0ed17b6993f835
:10905c006830002b04d17b69042283f88b2217e043
:10906c007b69082283f88b2212e07b68db88022b59
:10907c0004d17b69042283f88b2209e07b690822e6
:10908c0083f88b2204e07b681a797b6983f88b2246
:10909c007b69002283f88c227b68db78184603f00e
:1090ac0079fd03461946b86903f036fe03461a46a5
:1090bc007b6983f88d227b69012283f88122b86950
:1090cc00f6f791fe18e0b869f6f775fe034683f0e3
:1090dc000103dbb2002b0fd07a6992f8c6316ff323
:1090ec00410382f8c6310023bb770723fb7703e0eb
:1090fc000123bb7700e000bfbb7f002b22d0fb7ca1
:10910c00184603f039fc03467b74bb7c184603f00d
:10911c0033fc03463b74fb7f3a7c797cb86900f0e6
:10912c0061fd0fe007f108030822796818462ef05c
:10913c00f3fe07f1080308220421b86904f086f84d
:10914c000346fb77fb7f002b09d0fb7f0193074b7a
:10915c00009301230022ff21ec2013f043fafb7f44
:10916c0018462037bd4680bda8e90401e8e8040193
:10917c0080b588b002afba607b600346fb810b46ba
:10918c007b730023fb75fb89184626f0f1fe3861d2
:10919c003b69002b02d10223fb750fe07b7b013b6b
:1091ac00dbb21946386903f0b7fd03461a46bb68b3
:1091bc001a700f4b93f901207b681a700d4b0093ba
:1091cc00012302225221ec2013f00cfafb7d002b20
:1091dc0009d0fb7d0193084b009301230022fd2154
:1091ec00ec2013f0fff9fb7d18461837bd4680bd07
:1091fc00f0b00020d0e90401f0e9040180b59cb086
:10920c0002af03460a46fb8013467b71002387f8a6
:10921c006730fb88184626f0abfe38663b6e002b99
:10922c0003d1022387f8673079e07b79013b87f81b
:10923c005f303b6e1b68bb65bb6d93f8803223f0cf
:10924c007f03dbb2002b67d097f85f30ba6d134405
:10925c0093f974327e2b3ad1386e03f054fc0346ea
:10926c00002b22d0ba6d92f8803243f0040382f8be
:10927c0080327b79013b012202fa03f3dab2bb6d37
:10928c0083f88b22bb6d002283f88c2297f85f3019
:10929c001946386e03f040fd03461a46bb6d83f841
:1092ac008d22386ef6f7bcfd39e007f15403fa88cd
:1092bc001a807b7987f8563007f154030322062174
:1092cc00386e03f0c3ff034687f8673027e041f29e
:1092dc002103bb8100233b74bb6d1b887b82022363
:1092ec003b757b797b7597f85f30ba6d134493f9b6
:1092fc007432bb7597f85f30ba6d134493f87c32b7
:10930c00c3f30103dbb2fb7500233b7607f10c03bf
:10931c0018462af0c9fc02e01a2387f867300e4b76
:10932c000093012302225321ec2013f05bf997f8f0
:10933c006730002b0ad097f867300193074b0093e6
:10934c0001230022fd21ec2013f04cf997f8673033
:10935c0018466837bd4680bd00ea0401f0e90401f7
:10936c0080b58cb004af0346fb800b467b71134673
:10937c003b710023fb77fb88184626f0f9fdb8619a
:10938c00bb69002b02d10223fb7785e0bb691b680c
:10939c007b617b6993f8803223f07f03dbb2002b77
:1093ac0078d00021786903f020fc0346fb747b79ac
:1093bc00002b06d0fb7c7a69134493f970327e2b18
:1093cc0009d03b79002b4ed0fb7c7a69134493f97e
:1093dc0074327e2b47d1b86903f095fb0346002b02
:1093ec002fd07b7903f00103d9b27a6992f88032dd
:1093fc0061f3000382f880323b7903f00103d9b2a8
:10940c007a6992f8803261f3410382f88032fb7cf6
:10941c00012202fa03f3dab27b6983f88b227b69af
:10942c00002283f88c22fb7c1946b86903f074fc8b
:10943c0003461a467b6983f88d22b869f6f7fbfc64
:10944c002ae007f10c03fa881a807b79bb733b790d
:10945c00fb7307f10c0304220721b86903f0f6fe35
:10946c000346fb7718e07b7903f00103d9b27a69e4
:10947c0092f8803261f3000382f880323b7903f07a
:10948c000103d9b27a6992f8803261f3410382f810
:10949c00803201e01a23fb77fb887a7939790391c2
:1094ac00029201930c4b0093012302225421ec20d5
:1094bc0013f098f8fb7f002b09d0fb7f0193074b2f
:1094cc00009301230022fd21ec2013f08bf8fb7f8d
:1094dc0018462037bd4680bd1cea0401f0e90401a2
:1094ec00b0b58eb008af78600023fb757b681b8825
:1094fc00184626f03dfd38613b69002b02d1022352
:10950c00fb754ae03b691b68fb60fb6893f8803293
:10951c0023f07f03dbb2002b3dd07b689b78ff2bc5
:10952c0012d07b689a787b68db781344dab2fb68dc
:10953c0083f896227b689a787b68db78d31adab248
:10954c00fb6883f8972207e0fb68ff2283f89622da
:10955c00fb68ff2283f897227b681a797b685b791a
:10956c001344dab2fb6883f898227b681a797b681b
:10957c005b79d31adab2fb6883f899227b68da88b4
:10958c00fb68a3f89a22fa6892f89e3243f0020321
:10959c0082f89e3201e01a23fb757b681b881a4601
:1095ac007b689b7819467b68db7818467b681b794f
:1095bc001c467b685b791d467b68db8806930595aa
:1095cc0004940390029101920c4b0093012302220c
:1095dc005521ec2013f006f8fb7d002b09d0fb7d08
:1095ec000193074b009301230022fd21ec2012f084
:1095fc00f9fffb7d18461837bd46b0bd58ea04018b
:10960c00f0e9040180b58ab004af03460a46fb803a
:10961c0013467b710023fb75fb88184626f0a8fccb
:10962c0038613b69002b02d10223fb752de03b69ad
:10963c001b68fb60fb6893f8803223f07f03dbb27e
:10964c00002b20d0fb6893f89e3203f00203dbb2b0
:10965c00002b15d07b7903f00103d9b2fa6892f88c
:10966c009e3261f3000382f89e327b79002b0cd082
:10967c00fa6892f89e3243f0300382f89e3204e08e
:10968c000c23fb7501e01a23fb75fb887a79029297
:10969c0001930d4b0093012302225621ec2012f072
:1096ac00a1fffb7d002b09d0fb7d0193074b0093a1
:1096bc0001230022fd21ec2012f094fffb7d1846c3
:1096cc001837bd4680bd00bfbcea0401f0e90401b7
:1096dc0080b58ab004af03460a46fb8013467b7103
:1096ec000023fb75fb887a79029201931b4b009344
:1096fc00012302225721ec2012f074fffb8818463c
:10970c0026f036fc38613b69002b02d10223fb7535
:10971c0011e03b691b68fb60fb687a7983f8b52123
:10972c003869f6f733fc034683f00103dbb2002bf8
:10973c0001d00723fb75fb7d002b09d0fb7d01932a
:10974c00074b009301230022ff21ec2012f04aff6b
:10975c00fb7d18461837bd4680bd00bff0ea0401fa
:10976c00e8e8040180b58ab002af0346fb80002311
:10977c00fb77fb8801932d4b009301230222582188
:10978c00ec2012f02ffffb88184626f0f1fbb86195
:10979c00bb69002b02d10223fb7735e0bb691b6848
:1097ac007b61b86903f0aff90346002b1fd07b69ce
:1097bc0093f8c63103f00803dbb2002b0bd007f192
:1097cc001003ba691a6007f1100304221849032028
:1097dc001bf0fbff18e0b869f6f7f4fb034683f0c7
:1097ec000103dbb2002b0fd00723fb770ce007f152
:1097fc000c03fa881a8007f10c0302220021b869c5
:10980c0003f024fd0346fb77fb7f002b09d0fb7f85
:10981c000193084b009301230022ff21ec2012f04e
:10982c00e1fefb7f18462037bd4680bd18eb0401d6
:10983c0008060101e8e8040180b58ab004af0346cc
:10984c003960fb800023fb75fb88184626f090fbe3
:10985c0038613b69002b02d10223fb7507e03b69a1
:10986c001b68fb60fb68b3f8a0223b681a80fb887e
:10987c003a681288029201930c4b00930123022246
:10988c005921ec2012f0aefefb7d002b09d0fb7da4
:10989c000193074b009301230022ff21ec2012f0cf
:1098ac00a1fefb7d18461837bd4680bd3ceb04017c
:1098bc00e8e8040180b58ab004af03460a46fb8091
:1098cc001346bb800023fb75fb88ba880292019378
:1098dc001b4b0093012302225a21ec2012f082fe32
:1098ec00fb88184626f044fb38613b69002b02d1fb
:1098fc000223fb7511e03b691b68fb60fb68ba88af
:10990c00a3f8a022fb68b3f8a0325b089ab2fb68fc
:10991c00a3f8a222386902f00dfffb7d002b09d0c1
:10992c00fb7d0193074b009301230022ff21ec20c8
:10993c0012f058fefb7d18461837bd4680bd00bf9f
:10994c0070eb0401e8e8040180b586b000af034673
:10995c00fb800023fb75fb88184626f009fb386159
:10996c003b69002b02d10223fb7510e03b691b689d
:10997c00fb60fb6893f8c13103f00403dbb2002bee
:10998c0003d03869f6f7eefa01e01a23fb75fb7d7c
:10999c0018461837bd4680bd80b596b000af7860cc
:1099ac000b46fb701346bb707b681b687b65002302
:1099bc003b6508233b8107f1080304333b653b6d92
:1099cc00fa781a707b6d1a883b6d5a803b6dba78a9
:1099dc001a7107f1080318462af066f900bf5837c8
:1099ec00bd4680bd80b596b000af78607b681b68c3
:1099fc007b6500233b6530233b8107f1080304336f
:109a0c003b653b6d00221a707b6d1a883b6d5a804a
:109a1c0007f1080318462af047f900bf5837bd462e
:109a2c0080bd80b596b000af78607b681b687b65a5
:109a3c0000233b650c233b8107f1080304333b6592
:109a4c003b6d00221a707b6d1a883b6d5a807b6dc2
:109a5c0093f85e223b6d1a717b6d93f85f223b6d20
:109a6c005a717b6d93f860223b6d9a717b6d93f804
:109a7c0061223b6dda717b6d93f862223b6d1a7239
:109a8c0007f1080318462af00ff900bf5837bd46f6
:109a9c0080bd80b596b000af78607b681b687b6535
:109aac0000233b6557233b8107f1080304333b65d7
:109abc007b6d1a883b6d1a8007f1080318462af053
:109acc00f3f800bf5837bd4680bd80b596b000afe7
:109adc0078607b681b687b6500233b6541f205035e
:109aec003b8107f1080304333b657b6d1a883b6da2
:109afc001a803b6d981c7b6d03f2d3130822194618
:109b0c002ef00afa7b6db3f8dc213b6d5a8107f11c
:109b1c00080318462af0c8f800bf5837bd4680bd68
:109b2c0080b596b000af78600b46fb707b681b6805
:109b3c007b6500233b6541f204033b8107f108037d
:109b4c0004333b653b6dfa781a707b6d1a883b6d5c
:109b5c005a803b6d181d7b6d03f5db73082219468b
:109b6c002ef0daf907f1080318462af09df800bf29
:109b7c005837bd4680bd80b596b000af78607b6825
:109b8c001b687b6500233b657b6d1b6e43f40012e9
:109b9c007b6d1a6641f207033b8107f1080304331e
:109bac003b657b6d1a883b6d1a807b6db3f89e21eb
:109bbc003b6d5a807b6db3f8a0213b6d9a807b6d19
:109bcc00b3f8a2213b6dda807b6db3f8a4213b6d19
:109bdc001a8107f1080318462af066f800bf5837b7
:109bec00bd4680bd80b596b000af78600846114682
:109bfc001a460346fb700b46bb7013467b707b68a2
:109c0c001b687b6500233b6541f20c033b8107f12c
:109c1c00080304333b657b6d0022a3f86c227a6d3c
:109c2c0092f8c6316ff3410382f8c6313b6d7a78f6
:109c3c001a707b6d1a883b6d5a803b6dfa781a71dd
:109c4c003b6dba785a7107f1080318462af02cf8c4
:109c5c0000bf5837bd4680bd80b596b000af786068
:109c6c000b46fb707b681b687b6500233b6541f2f0
:109c7c0003033b8107f1080304333b657a6d92f8cb
:109c8c00c6316ff3000382f8c6313b6dfa781a7057
:109c9c007b6d1a883b6d5a80fb78002b0fd17b6d46
:109cac00b3f83e223b6d9a807b6db3f840223b6d3e
:109cbc00da807b6db3f842223b6d1a810ee07b6d2e
:109ccc00b3f830223b6d9a807b6db3f832223b6d3a
:109cdc00da807b6db3f834223b6d1a8107f10803ef
:109cec00184629f0e1ff00bf5837bd4680bd80b54e
:109cfc0096b000af78607b681b687b6500233b6582
:109d0c0041f206033b8107f1080304333b657b6d8d
:109d1c001a883b6d1a807b6db3f846223b6d5a80d6
:109d2c007b6db3f848223b6d9a807b6db3f84a2269
:109d3c003b6dda807b6db3f84c223b6d1a8107f1d9
:109d4c000803184629f0b0ff00bf5837bd4680bd48
:109d5c0080b596b000af78600b46fb707b681b68d3
:109d6c007b6500233b6541f21f033b8107f1080330
:109d7c0004333b653b6dfa781a707b6d1a883b6d2a
:109d8c005a807b6d93f8aa213b6d1a7107f1080379
:109d9c00184629f089ff00bf5837bd4680bd00bf6b
:020000040000fa
:020000040102f7
:109dac0080b500af4ff43b702df0e4fe0246074b3c
:109dbc001a60064b1b684ff43b72002118462ef0bc
:109dcc00b9f900f0e5f800bf80bd00bfccb20020af
:109ddc0080b584b000af786000237b730023fb73e5
:109dec000123bb732722796835482ef095f801f0d2
:109dfc0083f803467b737b7b03f00703d9b2314aac
:109e0c00d2f8683f61f31243c2f8683f2d4ad2f88a
:109e1c00683f43f48013c2f8683f00bf294bd3f866
:109e2c00683fc3f30053dbb2012bf7d0264b1b78f2
:109e3c003b737b7b012202fa03f3dab23b7b1343c5
:109e4c003b73214a3b7b13700023fb730be0fb7bc2
:109e5c007a681344db7d002b02d00023bb7305e032
:109e6c00fb7b0133fb73fb7b0f2bf0d9174b1a6871
:109e7c007b7b1344ba7bda70786801f0dbf8134b08
:109e8c0019687a7b13469b001344db009b1a08333a
:109e9c000b4403332722796818462ef03df80b4b00
:109eac001b6819787b7b012202fa03f3dab2074ba9
:109ebc001b680a43d2b21a7000bf1037bd4680bd72
:109ecc00703301410024014168330141ccb20020c0
:109edc0080b584b000af78600023bb730023fb73a4
:109eec000722796826482ef017f8264ab2f86c3ffc
:109efc0043f00203a2f86c3f224bd3f8683fc3f344
:109f0c008073dbb2012b34d11e4bd3f8943fc3f3d7
:109f1c000263dbb2bb731c4b1b787b73bb7b0122d4
:109f2c0002fa03f3dbb2db43dab27b7b13407b73c5
:109f3c00154a7b7b1370154b1b681978bb7b012270
:109f4c0002fa03f3dbb2db43dab2104b1b680a40b4
:109f5c00d2b21a700d4b1968ba7b13469b0013448e
:109f6c00db009b1a08330b440333184601f062f8ec
:109f7c0001e00223fb73fb7b18461037bd4680bd06
:109f8c00703301410024014168330141ccb20020ff
:109f9c0080b582b000af0023bb710023fb71184a5f
:109fac00d2f8683f43f40013c2f8683f00bf144b6b
:109fbc00d3f8683fc3f34053dbb2012bf7d0114aff
:109fcc00bb791370104b1b6800221a700023fb71b5
:109fdc0008e00d4b1a68fb7913440122da70fb7907
:109fec000133fb71fb79072bf3d900f0a9ff064b6a
:109ffc001b6800229a7000bf0837bd4680bd00bfa9
:10a00c000024014168330141ccb2002080b483b0fc
:10a01c0000af78607b6819781c4ad2f8b03f61f3c6
:10a02c001743c2f8b03f7b685978184ad2f8b03f52
:10a03c0061f31f63c2f8b03f7b689978134ad2f87a
:10a04c00b43f61f30703c2f8b43f7b68d9780f4a79
:10a05c00d2f8b43f61f30f23c2f8b43f7b6819798f
:10a06c000a4ad2f8b43f61f31743c2f8b43f7b6895
:10a07c005979064ad2f8b43f61f31f63c2f8b43f72
:10a08c0000bf0c37bd465df8047b704700240141ce
:10a09c0080b584b000af786039600023fb60072284
:10a0ac0079680f482df038ff0e4ab2f86c3f43f038
:10a0bc000203a2f86c3f0b4bd3f8683fc3f38073d9
:10a0cc00dbb2012b05d10622074938682df024ff9d
:10a0dc0001e01f23fb60fb6818461037bd4680bdae
:10a0ec0070330141002401419833014180b582b0a5
:10a0fc0000af03463960fb71094b1968fa791346b6
:10a10c005b0013445b0003f5a0730b44033306227e
:10a11c00194638682df000ff00bf0837bd4680bdda
:10a12c00ccb2002080b582b000af0023fb710023bd
:10a13c00fb717ce0424b1b681b781a46fb7922fab8
:10a14c0003f303f00103002b6dd0fb7919460120ba
:10a15c0000f07af83a4b1968fa793a4bd3f8a43fe5
:10a16c00d8b213465b0013445b000b4403f2431359
:10a17c0002461a70324b1968fa79324bd3f8a43f65
:10a18c00c3f30723d8b213465b0013445b000b44a4
:10a19c0003f5a27302461a70294b1968fa79294bf8
:10a1ac00d3f8a43fc3f30743d8b213465b00134460
:10a1bc005b000b4403f2451302461a70204b1968de
:10a1cc00fa79204bd3f8a43fc3f30763d8b21346f4
:10a1dc005b0013445b000b4403f5a37302461a7037
:10a1ec00174b1968fa79174bd3f8a83fd8b2134616
:10a1fc005b0013445b000b4403f2471302461a70d6
:10a20c000f4b1968fa790f4bd3f8a83fc3f3072308
:10a21c00d8b213465b0013445b000b4403f5a473e4
:10a22c0002461a7000e000bffb790133fb71fb7929
:10a23c00072b7ff67faf00bf0837bd4680bd00bf40
:10a24c00ccb200200024014180b586b000af03469b
:10a25c000a46fb711346bb710023fb7500233b615f
:10a26c0007f10c030321184625f0a8f9bb7b03f07a
:10a27c007f03dbb2bb73bb7b43f04003dbb2bb732e
:10a28c0000bf464b03f5815310331b68c3f3407377
:10a29c00dbb2012bf5d0414b03f5865304331a88fe
:10a2ac0042f040021a803d4b03f5865304331a8862
:10a2bc0042f020021a80fb79002b03d0bb791846a0
:10a2cc0000f082fcbb7903f00703d9b2334ad2f811
:10a2dc00683f61f31243c2f8683ffb7983f00103d6
:10a2ec00d9b22e4ab2f86c3f61f30003a2f86c3f6e
:10a2fc00397b2a4b03f5805310331a6861f307023c
:10a30c001a60797b254b03f5805310331a6861f37f
:10a31c000f221a60b97b214b03f5805310331a6856
:10a32c0061f317421a601d4ad2f8683f43f4800368
:10a33c00c2f8683f00bf194bd3f8683fc3f3805392
:10a34c00dbb2012bf7d000233b61144b03f5815397
:10a35c0010331b68c3f30063dbb2012b01d11f2345
:10a36c003b610e4b03f584530c331b68c3f3400362
:10a37c00dbb2012b01d11f233b61fb7d0133fb754c
:10a38c00fb7dc82b04d83b691f2b3ff469af00e061
:10a39c0000bf3b6918461837bd4680bd00240141fb
:10a3ac0080b483b000af03463960fb71fb7903f0d6
:10a3bc000703d9b21f4ad2f8683f61f31243c2f8bf
:10a3cc00683f1c4bd3f8703fc3f30723dab23b68ea
:10a3dc001a703b680133174ad2f8702fc2f3074248
:10a3ec00d2b21a703b680233124ad2f8702fc2f301
:10a3fc000762d2b21a703b6803330e4ad2f8742f3c
:10a40c00d2b21a703b6804330a4ad2f8742fc2f3e2
:10a41c000722d2b21a703b680533064ad2f8742f61
:10a42c00c2f30742d2b21a7000bf0c37bd465df8ba
:10a43c00047b70470024014180b483b000af034615
:10a44c00fb71fb7903f00703d9b2094ad2f8683fd4
:10a45c0061f31243c2f8683f054bd3f8703fc3f366
:10a46c000003dbb218460c37bd465df8047b704721
:10a47c000024014180b483b000af0023fb71074b73
:10a48c001b681b78ff2b01d10123fb71fb7918464c
:10a49c000c37bd465df8047b704700bfccb2002082
:10a4ac0080b483b000af0123fb71074b1b681b7892
:10a4bc00002b01d00023fb71fb7918460c37bd46ed
:10a4cc005df8047b704700bfccb2002080b483b031
:10a4dc0000af0346fb71094af979d2f8683f61f382
:10a4ec00d753c2f8683f064b1b68fa795a7000bf05
:10a4fc000c37bd465df8047b704700bf002401415a
:10a50c00ccb2002080b400af064b1b685b78002bec
:10a51c0001d0012300e000231846bd465df8047b02
:10a52c00704700bfccb20020b0b58eb000af7860e1
:10a53c000b46fb70002387f83730072279683f48b9
:10a54c002df0eafc3e4ab2f86c3f43f00203a2f84d
:10a55c006c3f3b4bd3f8683fc3f38073dbb2012bea
:10a56c0062d1374bd3f8943fc3f30263dbb287f865
:10a57c00363097f8363003f00703d9b2304ad2f8a8
:10a58c00683f61f31243c2f8683f2d4b07f10c048e
:10a59c0003f577650fcd0fc40fcd0fc495e80300fd
:10a5ac0020600434218002340b0c2370fb7803f000
:10a5bc000103dab23b7b62f341033b73204b03f59f
:10a5cc00776407f10c050fcd0fc40fcd0fc495e8c0
:10a5dc00030020600434218002340b0c2370184ad1
:10a5ec00d2f8683f43f48013c2f8683f00bf144ba5
:10a5fc00d3f8683fc3f30053dbb2012bf7d0114bf8
:10a60c00186897f83620fb7803f00103d9b213468b
:10a61c009b001344db009b1a034403f10802d3781c
:10a62c0061f34103d37002e0022387f8373097f8c7
:10a63c00373018463837bd46b0bd00bf70330141c6
:10a64c0000240141ccb2002080b584b000af78600a
:10a65c0039600023fb730023bb7307227968184809
:10a66c002df05afc174ab2f86c3f43f00203a2f8e3
:10a67c006c3f144bd3f8683fc3f38073dbb2012bf0
:10a68c0014d1104bd3f8943fc3f30263dbb2fb73ca
:10a69c000d4b1b681b781a46fb7b22fa03f303f065
:10a6ac000103002b04d10223bb7301e00223bb7313
:10a6bc003b68fa7b1a70bb7b18461037bd4680bdd1
:10a6cc007033014100240141ccb2002080b485b02c
:10a6dc0000af0346fb710023fb730a4b1b681b780e
:10a6ec001a46fb7922fa03f303f00103002b01d085
:10a6fc000123fb73fb7b18461437bd465df8047bc6
:10a70c00704700bfccb2002080b584b000af786039
:10a71c000023fb730023bb7300237b730123fb72a9
:10a72c0000233b730722796820482df0f5fb204a63
:10a73c00b2f86c3f43f00203a2f86c3f1c4bd3f809
:10a74c00683fc3f38073dbb2012b08d10123bb73c9
:10a75c00174bd3f8943fc3f30263dbb2fb73154b77
:10a76c001b681b781a46fb7b22fa03f303f00103e8
:10a77c00002b01d001237b73fb7b184600f01cf8e7
:10a78c000346fb72bb7b002b0ad07b7b002b07d0d4
:10a79c00fb7a83f00103dbb2002b01d001233b7366
:10a7ac003b7b18461037bd4680bd00bf703301415e
:10a7bc0000240141ccb2002080b483b000af03462a
:10a7cc00fb71054b1a68fb791344db7818460c3780
:10a7dc00bd465df8047b7047ccb20020b0b58eb09e
:10a7ec0000af7860002387f83730002387f83630c5
:10a7fc00002387f83530012387f83430002387f89d
:10a80c003330002387f83230072279683d482df029
:10a81c0083fb3d4ab2f86c3f43f00203a2f86c3f55
:10a82c00394bd3f8683fc3f38073dbb2012b42d1b1
:10a83c00012387f83730344bd3f8943fc3f30263ca
:10a84c00d9b2314ad2f8683f61f31243c2f8683f7b
:10a85c002d4bd3f8943fc3f30263dbb287f832304d
:10a86c00294b07f1080403f577650fcd0fc40fcd05
:10a87c000fc495e8030020600434218002340b0cd3
:10a88c002370002387f8333011e097f8333007f149
:10a89c003802134413f8293c002b03d0002387f80b
:10a8ac00343008e097f83330013387f8333097f8b9
:10a8bc0033300f2be9d9154b1b681b781a4697f8c8
:10a8cc00323022fa03f303f00103002b02d00123f0
:10a8dc0087f8363097f83730002b0dd097f8363094
:10a8ec00002b09d097f8343083f00103dbb2002b36
:10a8fc0002d0012387f8353097f8353018463837b1
:10a90c00bd46b0bd7033014100240141ccb20020e2
:10a91c00b0b58eb000af78603960012387f837305e
:10a92c00002387f83530072279682c482df0f4fa8b
:10a93c002b4ab2f86c3f43f00203a2f86c3f284b51
:10a94c00d3f8683fc3f38073dbb2012b38d1244baf
:10a95c00d3f8943fc3f30263d9b2214ad2f8683fcb
:10a96c0061f31243c2f8683f1d4b07f10c0403f569
:10a97c0077650fcd0fc40fcd0fc495e80300206091
:10a98c000434218002340b0c2370002387f83630fa
:10a99c0011e097f8363007f13802134413f8253cd0
:10a9ac00002b03d0002387f837300ce097f83630b3
:10a9bc00013387f8363097f836300f2be9d902e09f
:10a9cc00022387f835303b6897f837201a7097f8d0
:10a9dc00353018463837bd46b0bd00bf7033014125
:10a9ec0000240141b0b58eb000af7860396001230e
:10a9fc0087f83630002387f83530002387f8343059
:10aa0c00072279683e482df087fa3e4ab2f86c3f2f
:10aa1c0043f00203a2f86c3f3a4bd3f8683fc3f300
:10aa2c008073dbb2012b40d1364bd3f8943fc3f388
:10aa3c000263dbb21a463b681a703b681b7803f062
:10aa4c000703d9b22f4ad2f8683f61f31243c2f818
:10aa5c00683f2c4b07f10c0403f577650fcd0fc441
:10aa6c000fcd0fc495e8030020600434218002341c
:10aa7c000b0c2370002387f8373011e097f8373030
:10aa8c0007f13802134413f8253c002b03d00023a4
:10aa9c0087f836300fe097f83730013387f83730c6
:10aaac0097f837300f2be9d905e03b68ff221a7075
:10aabc00022387f8343097f83430002b1ad197f8ea
:10aacc00363083f00103dbb2002b13d00e4b196828
:10aadc0097f8372013469b001344db009b1a0b445a
:10aaec000833db78c3f34003dbb2002b02d1012324
:10aafc0087f8353097f8353018463837bd46b0bd35
:10ab0c007033014100240141ccb2002080b584b0e7
:10ab1c0000af78600123bb73fff7c2fc0346002b28
:10ab2c0002d00123bb733ce00023fb7334e01f4bca
:10ab3c001b681b781a46fb7b22fa03f303f0010314
:10ab4c00002b23d0fb7b1846fff736fe0346002b69
:10ab5c001ed1164b1968fa7b13469b001344db007d
:10ab6c009b1a18330b440a331022796818462df0bf
:10ab7c00c5f90346002b0cbf01230023bb73bb7b21
:10ab8c0083f00103dbb2002b0ad102e000bf00e02e
:10ab9c0000bffb7b0133fb73fb7b072bc7d900e0aa
:10abac0000bfbb7b18461037bd4680bdccb2002021
:10abbc0080b400af034b1b689b781846bd465df80c
:10abcc00047b7047ccb2002080b485b000af034644
:10abdc00fb71544b1968fa7913469b001344db0044
:10abec009b1a08330b440333fb60fb68d97d4e4a38
:10abfc00d2f8843f61f31f63c2f8843ffb68197e6f
:10ac0c00494ad2f8883f61f30703c2f8883ffb68d2
:10ac1c00597e454ad2f8883f61f30f23c2f8883f2a
:10ac2c00fb68997e404ad2f8883f61f31743c2f81b
:10ac3c00883ffb68d97e3c4ad2f8883f61f31f639a
:10ac4c00c2f8883ffb68197f374ad2f88c3f61f312
:10ac5c000703c2f88c3ffb68597f334ad2f88c3f0c
:10ac6c0061f30f23c2f88c3ffb68997f2e4ad2f810
:10ac7c008c3f61f31743c2f88c3ffb68d97f2a4a9b
:10ac8c00d2f88c3f61f31f63c2f88c3ffb6893f8da
:10ac9c002010254ad2f8903f61f30703c2f8903f89
:10acac00fb6893f82110204ad2f8903f61f30f23f0
:10acbc00c2f8903ffb6893f822101b4ad2f8903fe1
:10accc0061f31743c2f8903ffb6893f82310164ac0
:10acdc00d2f8903f61f31f63c2f8903ffb6893f882
:10acec002410114ad2f8943f61f30703c2f8943f41
:10acfc00fb6893f825100c4ad2f8943f61f30f23ac
:10ad0c00c2f8943ffb6893f82610074ad2f8943f98
:10ad1c0061f31743c2f8943f00bf1437bd465df88a
:10ad2c00047b7047ccb200200024014180b582b076
:10ad3c0000af324b1b6803f5ba733b6000237b609a
:10ad4c0040e07a6813469b001344db009b1a0833df
:10ad5c003a681344d81c294b19687a6813469b002f
:10ad6c001344db009b1a08330b4403332722194688
:10ad7c002df0d2f8214b1a687b68134403331978f1
:10ad8c003a687b68134403330a461a707a68134690
:10ad9c005b0013445b0003f5a0733a681344d81ca2
:10adac00164b19687a6813465b0013445b0003f575
:10adbc00a0730b440333062219462df0adf87b68c3
:10adcc0001337b607b68072bbbd90c4b1b681a7853
:10addc003b681a70094b1b685a783b685a70074bd2
:10adec001b689a783b689a704ff4bc7239680448b7
:10adfc001af041fd00bf0837bd4680bdccb2002023
:10ae0c00e040014480b582b000af394b1b6803f5bc
:10ae1c00ba733b604ff4bc72364938681af02bfd9c
:10ae2c0000237b604ee0324b19687a6813469b0016
:10ae3c001344db009b1a08330b44d81c7a68134666
:10ae4c009b001344db009b1a08333a68134403330a
:10ae5c00272219462df060f8254b19687a6813469d
:10ae6c009b001344db009b1a08330b440333184636
:10ae7c00fef7aeff1e4b1a6839687b680b44033330
:10ae8c0019787b68134403330a461a70184b1968f7
:10ae9c007a6813465b0013445b0003f5a0730b4404
:10aeac00d81c7a6813465b0013445b0003f5a0734f
:10aebc003a6813440333062219462df02df87b68ab
:10aecc0001337b607b68072badd9094b1b683a6853
:10aedc0012781a703b685b781846fff7f7fa044b48
:10aeec001b683a6892789a7000bf0837bd4680bddf
:10aefc00ccb20020e040014480b483b000af00230a
:10af0c00fb710023fb710de00c4b1b681b781a4680
:10af1c00fb7922fa03f303f00103002b06d0fb7933
:10af2c000133fb71fb79072beed900e000bffb79f5
:10af3c0018460c37bd465df8047b7047ccb2002038
:10af4c0080b400af3a4ad2f8843f6ff31f63c2f863
:10af5c00843f374ad2f8883f6ff30703c2f8883f23
:10af6c00334ad2f8883f6ff30f23c2f8883f304a38
:10af7c00d2f8883f6ff31743c2f8883f2c4ad2f8b7
:10af8c00883f6ff31f63c2f8883f294ad2f88c3f81
:10af9c006ff30703c2f88c3f254ad2f88c3f6ff34e
:10afac000f23c2f88c3f224ad2f88c3f6ff3174321
:10afbc00c2f88c3f1e4ad2f88c3f6ff31f63c2f865
:10afcc008c3f1b4ad2f8903f6ff30703c2f8903fb7
:10afdc00174ad2f8903f6ff30f23c2f8903f144af0
:10afec00d2f8903f6ff31743c2f8903f104ad2f853
:10affc00903f6ff31f63c2f8903f0d4ad2f8943f15
:10b00c006ff30703c2f8943f094ad2f8943f6ff3e9
:10b01c000f23c2f8943f064ad2f8943f6ff31743bc
:10b02c00c2f8943f00bfbd465df8047b704700bf7b
:10b03c000024014180b584b000af78600023fb731d
:10b04c002de01b4b1b681b781a46fb7b22fa03f383
:10b05c0003f00103002b1ad0154b1968fa7b134629
:10b06c009b001344db009b1a18330b4403f10a00ba
:10b07c007b681733102219462cf040ff02460c4b0c
:10b08c001b68002a14bf01220022d2b29a70084b0e
:10b09c001b689b78002b06d1fb7b0133fb73fb7b7e
:10b0ac00072bced900e000bf00bf1037bd4680bdd6
:04b0bc00ccb20020f2
:020000040000fa
:020000040102f7
:10b0c00080b588b000aff860b96011461a460b46eb
:10b0d000fb8013467b710023fb83fb689b8818462b
:10b0e00007f0f0feb861bb69002b2dd0bb691033af
:10b0f0007b617a7907f11403114618461bf0fffab9
:10b10000fa88fb689b88013b9a4203d9fb689b88bd
:10b11000013bfb80fb88002b05d07b69fa88b9686e
:10b1200018461bf0f7f9fb8801339bb2ba69194640
:10b13000f86809f0cffb0346fb83fb8b002b05d09f
:10b14000b86907f0cefe01e01123fb83fb8b1846a4
:10b150002037bd4680bd80b584b000aff860b960cf
:10b160001346fb71fb689b7b03f00403002b02d1a9
:10b17000fb79022b08d0fb689b7b03f00403002bb8
:10b1800010d0fb79102b0dd1fb681b68fa79b968d8
:10b1900018462cf0b9fe0346002b0cbf01230023f8
:10b1a000dbb200e0002318461037bd4680bd80b5f5
:10b1b00086b000af786039603b6800221a707b6807
:10b1c000db88002b09d07b68db88092b05d87868e1
:10b1d00006f0bdf90346fb8243e07b68db880f2b5a
:10b1e00009d97b68db88172b05d8786806f050f9f9
:10b1f0000346fb8235e04ff482702cf0c1fc3861cd
:10b200003b69002b2bd07b689b88184609f028fbf4
:10b21000f860fb68002b01d1002323e07b689a7a59
:10b22000fb68da743b690a221a707b689a883b696a
:10b230009a807b68da883b69da807b689a7a3b6916
:10b240001a727b681a893b695a810421386909f0ae
:10b250003ff93b6801221a700023fb8201e0802342
:10b26000fb82fb8a18461837bd4680bd80b485b086
:10b2700000af03460a46fb801346bb800023fb73e6
:10b28000fb88002b03d0fa88bb889a4201d901239e
:10b29000fb73fb7b18461437bd465df8047b704793
:10b2a00080b485b000af03463a60fb800b46bb809c
:10b2b0001a4b1b681b68fb6025e0fb689b89fa88ba
:10b2c0009a4207d2fb689b89ba889a4202d3fb68ec
:10b2d0009b89fb80fb689b89fa889a4210d3fb68a4
:10b2e000db89fa889a420bd8fb685a68fb88f968b0
:10b2f00089895b1a1b011a443b681a60fb8806e0c7
:10b30000fb681b68fb60fb68002bd6d10023184646
:10b310001437bd465df8047b704700bfb0b2002013
:10b3200080b586b000af7b600346fb810b46bb81d6
:10b330001346fb722c4b1b681b687b614ce07b69de
:10b340009b89fa899a4207d27b699b89ba899a427a
:10b3500002d37b699b89fb817b699b89fa899a422d
:10b3600037d37b69db89fa899a4232d87b695a687c
:10b37000fb89796989895b1a1b011a443b6a1a6047
:10b380001ce03b6a1b68fa7a79681846fff7e3fe0f
:10b390000346002b04d07b6a7a691a60fb891fe0a0
:10b3a000fb894ff6ff72934212d0fb890133fb8178
:10b3b0003b6a1b6803f110023b6a1a607b69db89f8
:10b3c000fa899a4205d8fa89bb899a42d9d900e00c
:10b3d00000bf7b691b687b617b69002bafd10023b9
:10b3e00018461837bd4680bdb0b2002080b58cb07d
:10b3f00000aff8600b467a607b810023bb85002399
:10b400007b8500233b627b89052b06d000237b8351
:10b410000423fb8501233b8524e07b6801337b61aa
:10b4200007f1140207f11a03114618461bf098f8a9
:10b4300007f1140207f11803114618461bf090f8a3
:10b440007b8b3b85f8680ff025fd0346fb85fb8d64
:10b45000002b07d17b8b3a8b11461846fff706ff6e
:10b460000346fb85fb8d002b40f08580fb689b88a5
:10b47000184607f027fd38623b6a002b79d03b6afb
:10b4800010337b6107f11403052118461bf037f9cf
:10b4900001237b8557e07b8d012b1cd13b699b7b76
:10b4a00003f00403002b05d0022387f82730122372
:10b4b000bb8504e0012387f827300423bb8597f878
:10b4c000272007f11403114618461bf018f97b8d4d
:10b4d00001337b8513e03b699b7b03f00403002b66
:10b4e00003d097f82730012b3dd03b699b7b03f0bd
:10b4f0000403002b03d197f82730022b33d0fa8bab
:10b5000007f11403114618461bf00ef93b69196840
:10b51000bb8d023b9ab207f1140318461bf09ef94b
:10b520007a8dbb8d13447b857a8dbb8d1344fa686d
:10b530009288934214dcfb8b01339bb27b837a8b22
:10b540003b8b9a420ed87b8b398b07f11002184641
:10b55000fff7a6fe0346fb83fb8b002b9bd102e08b
:10b5600000bf00e000bf7b8d012b04d10a23fb85c7
:10b5700001e01123fb85fb8d002b08d17b8d3a6afe
:10b580001946f86809f0a6f90346fb8508e0fb8d2b
:10b59000dbb23a8d0421f86808f012fe0346bb8343
:10b5a0003b6a002b05d0fb8d002b02d0386a07f0d8
:10b5b00098fc00bf3037bd4680bd80b590b002af6b
:10b5c000f8600b467a607b810023bb627b89092b84
:10b5d00002d07b89172b32d17b89073bfb867b68a6
:10b5e0000133fb6107f11c0207f1240311461846e1
:10b5f0001af0b6ff07f11c0207f1220311461846a4
:10b600001af0aeff07f11c0107f1180302221846d9
:10b610001bf05df8fb69fb62bb8c3b86f8680ff0a2
:10b6200039fc0346bb86bb8e002b0ed1bb8c7a8cbb
:10b6300011461846fff71afe0346bb8605e00023b5
:10b64000bb8401233b860423bb86bb8e002b6dd1bc
:10b65000fb689b88184607f035fcb862bb6a002b74
:10b6600062d0bb6a1033fb6107f11c030721184647
:10b670001bf045f801237b863be007f1180302220b
:10b680003b4918462cf040fc0346002b31d17b6926
:10b690009b681b88fa8e9a421cd17b695b68fa8e84
:10b6a000f96a18462cf030fc0346002b12d13b6996
:10b6b0009a8907f11c03114618461bf035f83b69bf
:10b6c000da8907f11c03114618461bf02df87b8e12
:10b6d00004337b867b8e0433fa68928893421ad8af
:10b6e0003b69db8901339bb2bb84ba8c7b8c9a4269
:10b6f00013d8b88c798c07f1180207f11003019365
:10b7000007f11403009313460222fff709fe0346d4
:10b71000002bb2d102e000bf00e000bf7b8e012b06
:10b7200004d10a23bb8601e01123bb86bb8e002b0c
:10b7300008d17b8eba6a1946f86809f0cbf803463f
:10b74000bb8608e0bb8edbb23a8e0621f86808f0b3
:10b7500037fd0346fb84bb6a002b05d0bb8e002b54
:10b7600002d0b86a07f0bdfb00bf3837bd4680bdc8
:10b770007072050190b599b002aff8600b467a601f
:10b780007b810023a7f854300023a7f85030002312
:10b7900087f83f300023fb647b89072b02d07b892d
:10b7a000152b2bd17b89053ba7f856307b680133dd
:10b7b000bb6307f1380207f14203114618461af03d
:10b7c000cffe07f1380207f14003114618461af080
:10b7d000c7feb7f8562007f1380107f128031846cd
:10b7e0001af075ffb7f84230b7f8402011461846f6
:10b7f000fff73cfd0346a7f8543005e00023a7f807
:10b8000042300423a7f85430b7f85430002b4fd1fe
:10b81000fb685b7a03f00103002b49d0fb689b7a3d
:10b8200003f00103002b43d0fb685b7a03f00c03a9
:10b83000002b19d0fb6800225a724ff482702cf052
:10b840009ff9b864bb6c002b32d0bb6c10221a700d
:10b85000fb681a88bb6c9a80bb6c00229a71042129
:10b86000b86c08f035fe23e0a84b1b88bb83b7f803
:10b870005630022b12d107f11c0107f128030222d6
:10b8800018462cf041fb0346002b07d1fb685b7a7e
:10b8900043f00803dab2fb685a7209e0fb685b7a8e
:10b8a00043f00403dab2fb685a721223a7f854304b
:10b8b000b7f85430002b40f0fe80b7f84200b7f8dc
:10b8c0004010b7f85630dab207f1280407f1200328
:10b8d000019307f1240300932346fff721fd03465c
:10b8e000a7f85230b7f85230002b03d10a23a7f83b
:10b8f000543030e0fb6818887b6adb7b1a460121f4
:10b9000005f046fa0346a7f85430b7f85430002b38
:10b9100004d0b7f85230a7f842301ce07b6a9b7b1a
:10b9200003f00203002b16d07b6a3b61fb681b8887
:10b93000bb82b7f85230fb8200233b830823bb76df
:10b9400007f13f0207f1100311461846fff72ffcdd
:10b950000346a7f85430b7f85430002b40f0ab80c2
:10b9600097f83f30002b40f0a680fb689b88184674
:10b9700007f0a8faf864fb6c002b00f091807b6a5a
:10b980009b681b880233a7f84630fb6c1033bb63ff
:10b9900007f13803092118461af0b1feb7f846300e
:10b9a000dab207f13803114618461af0a8feb7f8c4
:10b9b000522007f13803114618461af0b5fe7b6a8b
:10b9c00059687b6a9b681a8807f1380318461af091
:10b9d00045ffb7f846300233a7f8503050e0b7f8cb
:10b9e000523001339bb2a7f84230b7f84200b7f8a3
:10b9f0004010b7f85630dab207f1280407f12003f7
:10ba0000019307f1240300932346fff789fc0346c3
:10ba1000a7f85230b7f85230002b45d07b6a9b7b99
:10ba200003f00203002b41d17b6a9b681b889a1ca0
:10ba3000b7f846309a423bd1fb6818887b6adb7bbb
:10ba40001a46012105f0a4f90346002b32d1b7f8bc
:10ba5000522007f13803114618461af065fe7b6a3a
:10ba600059687b6a9b681a8807f1380318461af0f0
:10ba7000f5feb7f85020b7f846301344a7f8503019
:10ba80003b6adb894ff6ff72934214d0b7f850201f
:10ba9000b7f846301344fa68928893429fdd0ae073
:10baa0001123a7f8543006e000bf04e000bf02e015
:10bab00000bf00e000bf97f83f30002b21d1b7f85e
:10bac0005430002b11d1b7f85030fa6c1946f86891
:10bad00008f000ff0346a7f84430b7f84430002bc5
:10bae0000fd0f86c07f0fdf90be0b7f84220b7f87b
:10baf0005430dbb20821f86808f062fb0346a7f86f
:10bb0000443000bf5c37bd4690bd00bfaca503010b
:10bb100080b58cb000aff8600b467a607b81002363
:10bb200087f829307b89032b0dd17b685a1c07f1dc
:10bb30002a03114618461af027fcf8680ff0aaf9f4
:10bb40000346fb8503e000237b850423fb85fb8df7
:10bb5000002b44d17b8d07f1200207f12401184608
:10bb600005f0e2f80346002b37d0fb6818887b6aa3
:10bb7000db7b1a46012105f00bf90346fb85fb8da3
:10bb8000002b2cd17b6a9b7b03f00203002b15d08a
:10bb90007b6a7b61fb681b883b837b8d7b830023f7
:10bba000bb830a23bb7707f1290207f1140311466f
:10bbb0001846fff7fcfa0346fb8510e07b6a9b7b87
:10bbc00003f02003002b0ad07b6a7a8d1946f868af
:10bbd0000ff0a5f90346fb8501e00123fb8597f8eb
:10bbe0002930002b17d1fb8d002b0bd17b6a5968b4
:10bbf0007b6a9b681a880b23f868fff761fa034693
:10bc0000bb8508e07a8dfb8ddbb20a21f86808f06d
:10bc1000d7fa0346bb8500bf3037bd4680bd80b52f
:10bc20008eb000aff8600b467a607b81002387f806
:10bc30002f307b89052b18d17b680133bb6207f15c
:10bc4000280207f13203114618461af089fc07f161
:10bc5000280207f13003114618461af081fcf868f3
:10bc60000ff018f90346fb8603e000237b860423cc
:10bc7000fb86fb8e002b4dd17b8e07f1200207f156
:10bc80002401184605f050f80346002b40d0fb680d
:10bc900018887b6adb7b1a46012105f079f8034698
:10bca000fb86fb8e002b35d17b6a9b681a883b8e06
:10bcb0009a4202d20723fb862ce07b6a9b7b03f02f
:10bcc0000203002b15d07b6a7b61fb681b883b83da
:10bcd0007b8e7b833b8ebb830c23bb7707f12f02cc
:10bce00007f1140311461846fff761fa0346fb8675
:10bcf00010e07b6a9b7b03f02003002b0ad07b6a59
:10bd00007a8e1946f8680ff00af90346fb8601e0bf
:10bd10000123fb8697f82f30002b1cd1fb8e002bc4
:10bd200010d17b6a5b683a8e99187b6a9b681a8887
:10bd30003b8ed31a9ab20d23f868fff7c1f9034678
:10bd4000bb8608e07a8efb8edbb20c21f86808f027
:10bd500037fa0346bb8600bf3837bd4680bd90b575
:10bd600095b002aff8600b467a607b817b89072b28
:10bd700002d07b89152b42d17b89053ba7f8463041
:10bd80007b680133fb6207f12c0207f13403114693
:10bd900018461af0e5fb07f12c0207f132031146b1
:10bda00018461af0ddfbb7f8462007f12c0107f121
:10bdb0001c0318461af08bfcf8680ff06bf803466a
:10bdc000a7f84430b7f84430002b1dd1b7f846200f
:10bdd00007f11c03854918462cf096f80346002b02
:10bde00003d01023a7f844300ee0bb8e7a8e1146a4
:10bdf0001846fff73bfa0346a7f8443004e0002357
:10be0000bb860423a7f84430b7f84430002b40f039
:10be1000cc80b88e798eb7f84630dab207f11c04c0
:10be200007f11403019307f1180300932346fff76a
:10be300077fa03467b877b8f002b03d10a23a7f871
:10be40004430b2e0fb681888bb69db7b1a460121ed
:10be500004f09eff0346a7f84430b7f84430002ba7
:10be600002d07b8fbb86a0e0fb689b88184607f05a
:10be700029f8f863fb6b002b00f08e80bb699b6890
:10be80001b8804333b87fb6b1033fb6207f12c03e9
:10be9000112118461af033fc3b8fdab207f12c035c
:10bea000114618461af02bfc7a8f07f12c03114625
:10beb00018461af039fc7b69da8907f12c03114620
:10bec00018461af031fcbb695968bb699b681a882f
:10bed00007f12c0318461af0c1fc3b8f0233a7f878
:10bee00042304ae07b69db8901339bb2bb86b88e66
:10bef000798eb7f84630dab207f11c0407f1140363
:10bf0000019307f1180300932346fff709fa03464c
:10bf10007b877b8f002b43d0bb699b681b881a1dd6
:10bf20003b8f9a423ed1fb681888bb69db7b1a467f
:10bf3000012104f02dff0346002b35d17a8f07f144
:10bf40002c03114618461af0effb7b69da8907f1da
:10bf50002c03114618461af0e7fbbb695968bb6908
:10bf60009b681a8807f12c0318461af077fcb7f87b
:10bf700042203b8f1344a7f842307b69db894ff6a0
:10bf8000ff72934211d0b7f842203b8f1344fa68f6
:10bf900092889342a6dd08e01123a7f8443004e01c
:10bfa00000bf02e000bf00e000bfb7f84430002b44
:10bfb0000dd1b7f84230fa6b1946f86808f08afce0
:10bfc0000346002b0dd0f86b06f08bff09e0ba8e0c
:10bfd000b7f84430dbb21021f86808f0f1f80346f6
:10bfe000fb8600bf4c37bd4690bd00bf7072050197
:10bff00080b584b000af03463960fb800023fb812d
:10c00000fb88184608f02cfcb860bb68002b02d1f6
:10c010000323fb812ce03b689b780b2b05d1bb688d
:10c02000db7c03f00a03002b09d13b689b780d2bc6
:10c030001cd1bb68db7c03f00c03002b16d03b68e3
:10c04000d91c3b681a883b689b78b868fff738f8ba
:10c050000346fb81fb89112b01d10223fb81fb8964
:10c06000002b05d1bb680022da7401e00123fb81bb
:10c07000fb8918461037bd4680bd80b586b000af3d
:10c0800003463960fb800023fb82fb88184608f0da
:10c09000e7fb38613b69002b02d10323fb824ae0b6
:10c0a0003b681b8802333a699288934202d9012384
:10c0b000fb8240e03b69db7c082b3ad13b699b88e3
:10c0c000184606f0fffef860fb68002b2ed0fb68d8
:10c0d0001033bb6007f10803092118461af00ffb63
:10c0e0003b689a7807f10803114618461af007fbd7
:10c0f000b8683b68d91c3b681b881a461af00afad4
:10c100003b681b8802339bb2fa681946386908f00d
:10c11000e1fb0346fb82fb8a002b03d13b69002233
:10c12000da7408e0f86806f0dcfe04e00223fb8223
:10c1300001e00123fb82fb8a18461837bd4680bd0b
:10c1400080b584b000af78607b681b891846fcf727
:10c150009df80346002b0ad07b681a897b68db6850
:10c1600019461046fff744ff0346fb8101e0042314
:10c17000fb81fb8918461037bd4680bd80b584b071
:10c1800000af78607b681b891846fcf77ff8034690
:10c19000002b0ad07b681a897b68db681946104639
:10c1a000fff76bff0346fb8101e00423fb81fb8962
:10c1b00018461037bd4680bd80b584b000af034639
:10c1c0003960fb80114b1b68db6b10209847f860cf
:10c1d000fb68002b01d1022313e0fb68fa881a8167
:10c1e000fb683a68da60f96844f2050025f0e6ff7a
:10c1f000fb681b887b81054b1b681b6cf8689847a4
:10c200007b8918461037bd4680bd00bf4cb000206a
:10c2100080b584b000af03463960fb80114b1b68ca
:10c22000db6b10209847f860fb68002b01d10223dc
:10c2300013e0fb68fa881a81fb683a68da60f968eb
:10c2400044f2070025f0bafffb681b887b81054b91
:10c250001b681b6cf86898477b8918461037bd46e9
:08c2600080bd00bf4cb00020be
:020000040000fa
:020000040102f7
:10c2680080b487b000af78607b681b687b617b69ae
:10c27800b3f82a227b69b3f81e32934228bf1346cb
:10c288007b827b69b3f82c227b69b3f82032934216
:10c2980028bf13463b827b69b3f826227b69b3f833
:10c2a8002232934228bf1346fb817b69b3f82822c8
:10c2b8007b69b3f82432934228bf1346bb817b695c
:10c2c800b3f89e317a8a9a4212d17b69b3f8a031c9
:10c2d8003a8a9a420cd17b69b3f8a231fa899a4218
:10c2e80006d17b69b3f8a431ba899a4200f0b180cb
:10c2f8007b8a1a2b04d87b691b22a3f89e2110e0a5
:10c308007b69b3f81e327a8a9a4206d97b69b3f8f8
:10c318001e227b69a3f89e2103e07b697a8aa3f831
:10c328009e217b69b3f89e217b69a3f8f622fb89dd
:10c338001a2b04d87b691b22a3f8a2210be0fb89e6
:10c34800fb2b04d97b69fb22a3f8a22103e07b69bc
:10c35800fa89a3f8a2217b6993f8663003f01003e9
:10c36800002b1bd0bb89b3f5a47f05d27b694ff4a2
:10c37800a472a3f8a4212ce07b69b3f82832ba8907
:10c388009a4206d97b69b3f820227b69a3f8a421d5
:10c398001fe07b69ba89a3f8a4211ae0bb89b3f529
:10c3a800296f05d27b694ff42962a3f8a42110e014
:10c3b8007b69b3f82832ba899a4206d97b69b3f8ff
:10c3c80028227b69a3f8a42103e07b69ba89a3f832
:10c3d800a4217b6993f8673003f01003002b1bd06e
:10c3e8003b8ab3f5a47f05d27b694ff4a472a3f806
:10c3f800a0212ce07b69b3f820323a8a9a4206d908
:10c408007b69b3f820227b69a3f8a0211fe07b6930
:10c418003a8aa3f8a0211ae03b8ab3f5296f05d21e
:10c428007b694ff42962a3f8a02110e07b69b3f877
:10c4380020323a8a9a4206d97b69b3f820227b696e
:10c44800a3f8a02103e07b693a8aa3f8a02101237d
:10c4580000e0002318461c37bd465df8047b704792
:10c4680080b584b000af78600b46fb707b681b68b2
:10c47800fb60fb78002b0dd1fb6893f8ac31032be4
:10c4880003d0fb68002283f8ac21fb68002283f804
:10c49800ad210ae0fb78012b07d1fb68002283f865
:10c4a800ae21fb68002283f8af21fb6893f8b03116
:10c4b800002b12d0fb6893f8b031032b0dd1fb6829
:10c4c80093f8b13119467868f4f736fc0346002b27
:10c4d80003d0fb68002283f8b021fb6893f8b031e1
:10c4e800002b0fd1fb68d3f8ec32002b0ad007f1f0
:10c4f80008037a681a6007f1080304220349032035
:10c5080019f065f900bf1037bd4680bd0706010167
:10c5180080b584b000af78600b46fb707b681b6801
:10c52800fb60fb6893f8ac31fa789a4203d100219a
:10c538007868fff795fffb6893f8ae31fa789a426e
:10c5480003d101217868fff78bff00bf1037bd4684
:10c5580080bd80b584b000af78607b681b68fb60e5
:10c56800fb6803f5fb70fb6803f5ef71fb6803f2ea
:10c5780006231a4627f0fafefb6803f2c9130522c0
:10c58800002118462bf0d8fdfb6803f5e773052258
:10c59800002118462bf0d0fdfb6893f86430002b7f
:10c5a80012d1fb6893f8d23103f07f03dab2fb684b
:10c5b80083f8d221fb6893f8cd3163f07f03dab2b8
:10c5c800fb6883f8cd2111e0fb6893f8d23163f062
:10c5d8007f03dab2fb6883f8d221fb6893f8cd3188
:10c5e80003f07f03dab2fb6883f8cd2100bf103770
:10c5f800bd4680bd80b584b000af78600b46fb7047
:10c608007b681b68bb60bb6893f86430002b59d10a
:10c61800bb6893f8ac31212b04d0bb6893f8ac31dc
:10c62800222b27d1bb6893f8ac31212b04d1bb68ee
:10c6380093f8ad31012b09d0bb6893f8ac31222bac
:10c6480012d1bb6893f8ad31042b0dd1bb6803221e
:10c6580083f8b021bb68fa7883f8b121bb6800225f
:10c6680083f8ae21002343e03d217868edf7bcf95b
:10c6780000233de0bb6893f8ac21bb6893f8ae316a
:10c688001340dbb203f01003002b30d0bb6893f8e3
:10c69800ac21bb6893f8ae319a4202d12323fb73d5
:10c6a80001e02a23fb73fa7bfb7819467868faf7ce
:10c6b80066f80346002b03d001217868fff7d0fe07
:10c6c800002315e0bb6893f86430012b0fd1bb68d9
:10c6d80093f8ae31212b04d0bb6893f8ae31222bee
:10c6e80005d13d217868edf77ff9002300e00123ab
:10c6f80018461037bd4680bd80b485b000af78605d
:10c708007b681b68fb60fb6893f8ac3103f020037f
:10c71800002b01d0012309e0fb6893f8ae3103f048
:10c728002003002b01d0012300e000231846143712
:10c73800bd465df8047b704780b584b000af786073
:10c748007b681b68fb60fb6893f8c83103f0010342
:10c75800dbb2002b1dd0fb6803f52f72fb68b3f822
:10c76800a032194642f2107303fb01f31946104632
:10c778000bf0b4f8fb6803f53572fb68b3f8a23226
:10c78800194642f2107303fb01f3194610460bf0e9
:10c79800a5f800bf1037bd4680bd80b584b000af96
:10c7a80078607b681b68fb60fb6893f8c83103f00e
:10c7b8000103dbb2002b0bd0fb6803f52f7318467f
:10c7c8000bf04af9fb6803f5357318460bf044f98a
:10c7d80000bf1037bd4680bd80b485b000af78601b
:10c7e8007b681b68bb600023fb73bb68b3f84c20f5
:10c7f800bb68b3f84a329a4202d00123fb7327e0a0
:10c80800bb68b3f84e20bb68b3f84c329a4202d0ea
:10c818000123fb731ce0bb6893f84e32002b15d143
:10c82800bb68b3f84a20bb68b3f846329a4202d2d2
:10c838000123fb730ce0bb68b3f84a20bb68b3f86c
:10c8480048329a4204d90123fb7301e00123fb73a8
:10c85800fb7b18461437bd465df8047b704780b4ef
:10c8680085b000af78607b681b68fb60fb68b3f835
:10c878004622fb68b3f848329a4201d900232fe0d8
:10c88800fb68b3f84632052b05d9fb68b3f8463286
:10c89800b3f5486f01d9002322e0fb68b3f84832aa
:10c8a800052b05d9fb68b3f84832b3f5486f01d9b1
:10c8b800002315e0fb68b3f84a32b3f5fa7f01d3d9
:10c8c80000230de0fb68b3f84c32092b05d9fb684f
:10c8d800b3f84c32b3f5486f01d9002300e00123c7
:10c8e80018461437bd465df8047b704780b485b0a0
:10c8f80000af78600b46fb700023fb737b681b68f6
:10c90800bb60fb78002b19d0bb6893f86730112bfc
:10c9180002d10123fb732ae0bb6893f86730122b1e
:10c9280002d10223fb7322e0bb6893f8673003f05f
:10c938002003002b1bd00423fb7318e0bb6893f87b
:10c948006630112b02d10123fb7310e0bb6893f80a
:10c958006630122b02d10223fb7308e0bb6893f800
:10c96800663003f02003002b01d00423fb73fb7b0c
:10c9780018461437bd465df8047b704780b485b00f
:10c9880000af0346fb710123fb73fb79012b02d136
:10c998000123fb730ae0fb79022b02d10223fb730c
:10c9a80004e0fb79042b01d10323fb73fb7b1846be
:10c9b8001437bd465df8047b704780b485b000af7e
:10c9c80078600b46fb700023fb730023bb817b68f8
:10c9d8001b68bb60fb78002b76d0fb7803f0040360
:10c9e800002b1dd0bb68b3f89e319b019bb203f5a9
:10c9f8007473bb81bb68b3f8a031ba899a420ad96b
:10ca0800bb68b3f8a031a3f57473bb81bb899b09dc
:10ca18009bb2fb7345e0bb68b3f89e31fb7340e003
:10ca2800fb7803f00103002b1bd0bb68b3f89e31e1
:10ca3800db009bb27033bb81bb68b3f8a031ba8905
:10ca48009a4209d9bb68b3f8a031703bbb81bb8956
:10ca5800db089bb2fb7324e0bb68b3f89e31fb7321
:10ca68001fe0fb7803f00203002b1ad0bb68b3f871
:10ca78009e319b009bb23c33bb81bb68b3f8a031ad
:10ca8800ba899a4209d9bb68b3f8a0313c3bbb814b
:10ca9800bb899b089bb2fb7303e0bb68b3f89e316c
:10caa800fb73fb7b1a2b02d81b23fb730ae0fb7b6f
:10cab8009ab2bb68b3f89e319a4203d9bb68b3f8ff
:10cac8009e31fb73fb7b03e0bb68b3f89e31dbb29e
:10cad80018461437bd465df8047b704780b483b0b0
:10cae80000af78607b6893f8ac31002b06d17b6887
:10caf80093f8ae31002b01d1012300e00023184642
:10cb08000c37bd465df8047b704780b485b000af34
:10cb180078607b681b68bb600023fb73bb6893f875
:10cb2800ac31002b12d1bb6893f8ae31002b0dd17c
:10cb38000123fb73bb6893f8f432002b06d1bb6862
:10cb4800d3f8ec32002b01d00023fb73fb7b184693
:10cb58001437bd465df8047b704780b584b000afdc
:10cb6800f860b9601346fb8018220021f8682bf0a2
:10cb7800e3faba68fb68da60fa68137a012161f3ac
:10cb880002031372fb6801225a72fb68fa885a8101
:10cb980000bf1037bd4680bd80b483b000af0346e8
:10cba800fb71fb79013b072b1ad801a252f823f03d
:10cbb800d9cb0201ddcb0201e9cb0201e1cb0201b5
:10cbc800e9cb0201e9cb0201e9cb0201e5cb020185
:10cbd800002306e0012304e0022302e0032300e02f
:10cbe800ff2318460c37bd465df8047b704780b4b8
:10cbf80085b000af78600b46fb70fb78002b04d043
:10cc08007b6893f86730fb7303e07b6893f86630c2
:10cc1800fb73fb7b113b122b39d801a252f823f08e
:10cc280075cc020179cc020197cc020197cc0201a4
:10cc380097cc020197cc020197cc020197cc020154
:10cc480097cc020197cc020197cc020197cc020144
:10cc580097cc020197cc020197cc020197cc020134
:10cc680085cc020181cc02017dcc020100230fe0ba
:10cc780001230de002230be0032309e07b6893f80e
:10cc88006830002b01d1022302e0032300e00023d7
:10cc980018461437bd465df8047b704780b584b0ec
:10cca80000af78600b46fb703b7b6ff301033b736f
:10ccb800fb78002b03d0184b5b78fb7302e0164b14
:10ccc8009b78fb737b6893f9003097f90f209a42a1
:10ccd80007dc7b68fa7b1a703b7b43f002033b73eb
:10cce80014e07b6893f900200b4b93f903309a42c8
:10ccf80009dc094b93f903207b681a703b7b43f0ee
:10cd080001033b7302e0786813f0f0fa3b7b1846a6
:10cd18001037bd4680bd00bff0b0002080b485b09c
:10cd280000af78600b46fb707b681b68fb60fb7884
:10cd3800fa68134493f970327e2b03d1074b93f9a9
:10cd4800013004e0fb78fa68134493f9703218460e
:10cd58001437bd465df8047b704700bff0b0002073
:10cd680080b584b000af78600b46fb707b681b68a9
:10cd7800fb600c202af000ffb860bb68002b01d1d3
:10cd880000231fe0fb78002b1bd0fb7818462af005
:10cd9800f3fe0246bb689a60bb689b68002b04d10f
:10cda800b8682af0f5fe00230ce0bb6800221a6080
:10cdb800fb68d3f8f032ba681a60ba68fb68c3f83f
:10cdc800f022bb6818461037bd4680bd80b584b0d8
:10cdd80000af78607b681b68fb60fb68d3f8ec32b7
:10cde800002b00f09880fb68d3f8ec32bb60fb683e
:10cdf800012283f8f422bb681b79082b5fd801a2b3
:10ce080052f823f031ce02013fce02014bce02018f
:10ce180059ce020177ce0201c7ce020183ce0201ac
:10ce28009bce0201b9ce0201bb689b681b881846dd
:10ce3800fcf79afc44e0bb689b681846fbf7d2fdf8
:10ce48003ee0bb689b681b881846fbf7b3fe37e0db
:10ce5800bb689b681888bb689b6802331988bb68e5
:10ce68009b6804331b881a46fbf7c0ff28e0bb68a1
:10ce78009b681846fcf734f822e0bb689b681a8860
:10ce8800bb689b6802331b7819461046fcf7b8f953
:10ce980016e0bb689b681888bb689b6802331978e2
:10cea800bb689b6803331b781a46fcf75bfa07e0fc
:10ceb800bb689b681b781846eaf718f800e000bfc3
:10cec800174b1b68002b03d0154b1b68b868984795
:10ced800fb6893f8f432012b19d1fb68d3f8ec32d4
:10cee8001a68fb68c3f8ec22fb68d3f8ec32002b15
:10cef80005d1fb6803f53b72fb68c3f8f022bb68f9
:10cf08009b6818462af044feb8682af041fefb6880
:10cf1800002283f8f42200bf1037bd4680bd00bf51
:10cf280088b1002080b584b000af78607b681b684a
:10cf3800fb601de0fb68d3f8ec32bb60fb68d3f8fc
:10cf4800ec321a68fb68c3f8ec22fb68d3f8ec32c1
:10cf5800002b05d1fb6803f53b72fb68c3f8f02290
:10cf6800bb689b6818462af013feb8682af010fec2
:10cf7800fb68d3f8ec32002bdcd100bf1037bd467c
:10cf880080bd80b584b000af786039603b680c33f1
:10cf9800fb60fb681b781946786800f008f8396868
:10cfa8007868edf7d0fb00bf1037bd4680bd80b56f
:10cfb80084b000af78600b46fb707b681b68fb6031
:10cfc800fb78023b212b00f2a88001a252f823f043
:10cfd800f7d0020161d0020123d1020161d0020120
:10cfe800a7d0020123d1020161d0020123d102019d
:10cff80061d00201cfd002017fd0020123d102010a
:10d0080061d0020161d0020123d1020123d10201c2
:10d0180061d0020123d1020161d0020123d10201b2
:10d0280061d0020161d0020123d1020161d0020165
:10d0380023d1020123d1020123d1020161d00201cf
:10d0480023d1020123d1020123d1020123d10201fc
:10d0580023d1020161d00201fa6892f8c63143f087
:10d06800040382f8c631fb6803f529733049184672
:10d078000af034fc58e0fb6893f8ac31022b4ed12f
:10d08800fa6892f8c63143f0040382f8c631fb68a7
:10d0980003f52973264918460af020fc3fe0fb688f
:10d0a80093f86430002b3cd1fa6892f8c63143f00b
:10d0b800040382f8c631fb6803f529731c49184636
:10d0c8000af00cfc2de0fb6893f86430012b2ad1a0
:10d0d800fa6892f8c63143f0040382f8c631fb6857
:10d0e80003f52973124918460af0f8fb1be0fa68a1
:10d0f80092f8c63143f0040382f8c631fb6803f5a1
:10d108002972fb68b3f84e30194642f2107303fbdc
:10d1180001f3194610460af0e1fb00bf04e000bf26
:10d1280002e000bf00e000bf00bf1037bd4680bd71
:10d13800005a620280b584b000af78600b46fb707d
:10d148007b681b68fb60fb78252b78d801a252f816
:10d1580023f000bff5d10201f5d10201f5d102019a
:10d1680047d2020121d2020147d20201f5d10201c0
:10d17800f5d1020147d20201f5d1020147d20201dd
:10d18800f5d10201f5d10201f5d1020147d2020120
:10d1980047d20201f5d10201f5d1020147d20201bd
:10d1a800f5d1020147d20201f5d1020147d20201ad
:10d1b800f5d10201f5d1020147d2020147d202019d
:10d1c80047d2020147d2020147d20201f5d102013a
:10d1d80047d2020147d2020147d2020147d20201d7
:10d1e80047d20201f5d10201f5d10201fb6893f89b
:10d1f800c63103f00403dbb2002b22d0fa6892f8a0
:10d20800c6316ff3820382f8c631fb6803f52973d0
:10d2180018460af021fc14e0fb6893f86430002bf0
:10d228000dd1fa6892f8c63143f0040382f8c6318a
:10d23800fb6803f52973054918460af04ffb00bf40
:10d2480000e000bf00bf1037bd4680bd005a620233
:10d2580080b588b000aff8607b600b46fb72134660
:10d26800bb720023fb77fb681b68bb61bb6993f843
:10d27800f432002b16d1bb7a1946f868fff770fd17
:10d2880078617b69002b0ad07b69fa7a1a717b690d
:10d298009b68ba7a796818462af040fe06e00723a8
:10d2a800fb7703e0bb69022283f8f422fb7f184670
:08d2b8002037bd4680bd00bf18
:020000040000fa
:020000040102f7
:10d2c00080b584b000af786039600123fb607b6873
:10d2d000bb60bb68002b5dd0bb68db6b002b59d0fb
:10d2e000bb681a6cbb68db6b0021a3fb0223002b1d
:10d2f00000d001210b46002b4cd11cf022fdbb6855
:10d300001a68bb68db6bb968096c01fb03f31a444c
:10d31000bb689a60bb6800229a63bb681a68bb68e6
:10d320005a60bb681a68bb68db6b013bb968096c63
:10d3300001fb03f31a44bb68da60bb68ff2283f881
:10d340004420bb68ff2283f845203b68002b14d1a2
:10d35000bb681b69002b1ad0bb6810331846eef768
:10d36000efff0346002b12d00e4b4ff080521a6095
:10d37000bff34f8fbff36f8f09e0bb6810331846c0
:10d3800026f02afabb682433184626f025fa1cf04a
:10d39000f1fc01e00023fb60fb6818461037bd4636
:10d3a00080bd00bf04ed00e080b58ab002aff86038
:10d3b000b9601346fb710023fb61fb68002b2dd085
:10d3c0000021ba68fb68a3fb0223002b00d00121d7
:10d3d0000b46002b22d1fb68ba6802fb03f313f162
:10d3e0004d0f1bd8fb68ba6802fb03f3bb61bb6936
:10d3f0004c3318461cf0b6f9f861fb69002b0dd0d0
:10d40000fb697b617b694c337b61fa79fb69009333
:10d4100013467a69b968f86800f005f8fb691846a0
:10d420002037bd4680bd80b584b000aff860b960dc
:10d430007a60fb70bb68002b03d1bb69ba691a60c4
:10d4400002e0bb697a681a60bb69fa68da63bb6993
:10d45000ba681a640121b869fff732ffbb6900227c
:10d460009a6400bf1037bd4680bd80b582b000af62
:10d4700078607b68002b0ed07b6800229a607b6806
:10d4800000221a607b680022da600023002200215b
:10d49000786800f03bf800bf0837bd4680bd80b516
:10d4a00086b000af0346fb7101237b6100233b6123
:10d4b000fb791a4639697869fff776fff860f868f2
:10d4c000fff7d3fffb6818461837bd4680bd80b50f
:10d4d00084b000af786039600023fb607b68002b6c
:10d4e0000fd03a687b689a420bd8022200217868f4
:10d4f000fff75afff860fb68002b02d0fb683a6820
:10d500009a63fb6818461037bd4680bd80b58ab067
:10d5100000aff860b9607a603b6000237b62fb6813
:10d520003b621cf00efc3b6a9a6b3b6adb6b9a42d7
:10d5300002d33b68022b45d13b6a9b6bfb613a6887
:10d54000b968386a00f08afcb8613b6a9b6c002bb2
:10d5500014d03b68022b02d1fb69002b2ed1386a14
:10d5600000f074fe0346002b28d04a4b4ff0805247
:10d570001a60bff34f8fbff36f8f1fe03b6a5b6a88
:10d58000002b10d03b6a24331846eef7d9fe034631
:10d59000002b13d03f4b4ff080521a60bff34f8fd8
:10d5a000bff36f8f0ae0bb69002b07d0394b4ff0f8
:10d5b00080521a60bff34f8fbff36f8f1cf0dafbfe
:10d5c000012363e07b68002b03d11cf0d3fb002315
:10d5d0005ce07b6a002b06d107f110031846eff7d9
:10d5e00031f801237b621cf0c5fbeef76dfa1cf0ed
:10d5f000a8fb3b6a93f844305bb2b3f1ff3f03d121
:10d600003b6a002283f844203b6a93f845305bb2c2
:10d61000b3f1ff3f03d13b6a002283f845201cf0a1
:10d62000a9fb3a1d07f1100311461846eff720f841
:10d630000346002b24d1386a00f02bfd0346002b53
:10d6400018d03b6a10337a6811461846eef7f2fd9f
:10d65000386a00f093fceef77ffa0346002b7ff464
:10d6600060af0c4b4ff080521a60bff34f8fbff387
:10d670006f8f56e7386a00f081fceef76dfa50e7dd
:10d68000386a00f07bfceef767fa0023184628376b
:10d69000bd4680bd04ed00e080b58eb000aff860ff
:10d6a000b9607a603b60fb683b63eff311824ff037
:10d6b000200383f31188bff36f8fbff34f8ffa619d
:10d6c000bb61fb69fb623b6b9a6b3b6bdb6b9a420a
:10d6d00002d33b68022b4ed13b6b93f8453087f861
:10d6e0002b303b6b9b6b7b623a68b968386b00f000
:10d6f000b5fb97f92b30b3f1ff3f29d13b6b9b6c06
:10d70000002b12d03b68022b02d17b6a002b2fd159
:10d71000386b00f09bfd0346002b29d07b68002b63
:10d7200026d07b6801221a6022e03b6b5b6a002beb
:10d730001ed03b6b24331846eef702fe0346002b47
:10d7400016d07b68002b13d07b6801221a600fe093
:10d75000eef710fb386297f92b303a6a9a4207d9f4
:10d7600097f82b300133dbb25ab23b6b83f845207c
:10d7700001237b6301e000237b63fb6a7b617b69a0
:10d7800083f311887b6b18463837bd4680bd80b562
:10d790008cb000af786039607b68bb62eff31182b8
:10d7a0004ff0200383f31188bff36f8fbff34f8fc8
:10d7b0007a613b617b697b62bb6a9b6b3b62bb6a44
:10d7c000db6b3a6a9a4242d2bb6a93f84530fb77e8
:10d7d0003b6a5a1cbb6a9a6397f91f30b3f1ff3f4b
:10d7e00023d1bb6a9b6c002b0cd0b86a00f02efdd5
:10d7f0000346002b28d03b68002b25d03b68012234
:10d800001a6021e0bb6a5b6a002b1dd0bb6a24331f
:10d810001846eef795fd0346002b15d03b68002b0c
:10d8200012d03b6801221a600ee0eef7a3fab8614d
:10d8300097f91f30ba699a4206d9fb7f0133dbb2f0
:10d840005ab2bb6a83f845200123fb6201e0002342
:10d85000fb627b6afb60fb6883f31188fb6a1846f6
:10d860003037bd4680bd80b58ab000aff860b96082
:10d870007a6000237b62fb683b621cf062fa3b6ac1
:10d880009b6bfb61fb69002b1fd0b968386a00f005
:10d890004ffbfb695a1e3b6a9a633b6a1b69002b6c
:10d8a0000fd03b6a10331846eef74afd0346002bb3
:10d8b00007d03d4b4ff080521a60bff34f8fbff33c
:10d8c0006f8f1cf057fa012369e07b68002b03d1ae
:10d8d0001cf050fa002362e07b6a002b06d107f1ae
:10d8e00014031846eef7aefe01237b621cf042fae9
:10d8f000eef7eaf81cf025fa3b6a93f844305bb285
:10d90000b3f1ff3f03d13b6a002283f844203b6a16
:10d9100093f845305bb2b3f1ff3f03d13b6a00227d
:10d9200083f845201cf026fa3a1d07f1140311462e
:10d930001846eef79dfe0346002b23d1386a00f00f
:10d940007cfb0346002b17d03b6a24337a681146d0
:10d950001846eef76ffc386a00f010fbeef7fcf8a3
:10d960000346002b89d1104b4ff080521a60bff351
:10d970004f8fbff36f8f80e7386a00f0fffaeef742
:10d98000ebf87ae7386a00f0f9faeef7e5f8386a6a
:10d9900000f053fb0346002b3ff46faf0023184603
:10d9a0002837bd4680bd00bf04ed00e080b58ab0d9
:10d9b00000af7860396000237b627b68fb610023e5
:10d9c0003b621cf0bef9fb699b6bbb61bb69002b22
:10d9d00024d0bb695a1efb699a63fb691b68002b44
:10d9e00004d1eff7a3f90246fb699a60fb691b6952
:10d9f000002b0fd0fb6910331846eef7a1fc03464d
:10da0000002b07d04c4b4ff080521a60bff34f8f62
:10da1000bff36f8f1cf0aef9012389e03b68002b48
:10da200003d11cf0a7f9002382e07b6a002b06d10a
:10da300007f10c031846eef705fe01237b621cf08c
:10da400099f9eef741f81cf07cf9fb6993f8443042
:10da50005bb2b3f1ff3f03d1fb69002283f844209e
:10da6000fb6993f845305bb2b3f1ff3f03d1fb692b
:10da7000002283f845201cf07df93a4607f10c039b
:10da800011461846eef7f4fd0346002b32d1f86933
:10da900000f0d3fa0346002b26d0fb691b68002b4d
:10daa00009d11cf04ef9fb699b681846eef770ff30
:10dab00038621cf05ff9fb6924333a681146184656
:10dac000eef7b8fbf86900f059faeef745f80346af
:10dad000002b7ff476af184b4ff080521a60bff3e3
:10dae0004f8fbff36f8f6ce7f86900f047faeef7de
:10daf00033f866e7f86900f041faeef72df8f869b7
:10db000000f09bfa0346002b3ff45baf3b6a002b0f
:10db10000dd01cf016f9f86900f088f97861fb69fe
:10db20009b6879691846eff753f81cf023f9002336
:10db300018462837bd4680bd04ed00e080b58ab0a8
:10db400000aff860b9607a6000237b62fb683b62db
:10db50001cf0f7f83b6a9b6bfb61fb69002b21d043
:10db60003b6adb68bb61b968386a00f0e1f93b6a7f
:10db7000ba69da603b6a5b6a002b0fd03b6a2433d8
:10db80001846eef7ddfb0346002b07d03c4b4ff069
:10db900080521a60bff34f8fbff36f8f1cf0eaf80b
:10dba000012369e07b68002b03d11cf0e3f800231c
:10dbb00062e07b6a002b06d107f110031846eef7ee
:10dbc00041fd01237b621cf0d5f8edf77dff1cf0d1
:10dbd000b8f83b6a93f844305bb2b3f1ff3f03d12e
:10dbe0003b6a002283f844203b6a93f845305bb2dd
:10dbf000b3f1ff3f03d13b6a002283f845201cf0bc
:10dc0000b9f83a1d07f1100311461846eef730fd3a
:10dc10000346002b23d1386a00f00ffa0346002b8d
:10dc200017d03b6a24337a6811461846eef702fb98
:10dc3000386a00f0a3f9edf78fff0346002b87d178
:10dc40000f4b4ff080521a60bff34f8fbff36f8faf
:10dc50007ee7386a00f092f9edf77eff78e7386ae0
:10dc600000f08cf9edf778ff386a00f0e6f903462a
:10dc7000002b3ff46daf002318462837bd4680bd0a
:10dc800004ed00e080b58eb000aff860b9607a6056
:10dc9000fb683b63eff311824ff0200383f311889d
:10dca000bff36f8fbff34f8ffa61bb61fb69fb62fc
:10dcb0003b6b9b6bbb62bb6a002b37d03b6b93f813
:10dcc000443087f82730b968386b00f031f9bb6a07
:10dcd0005a1e3b6b9a6397f92730b3f1ff3f12d17d
:10dce0003b6b1b69002b1ed03b6b10331846eef7c5
:10dcf00027fb0346002b16d07b68002b13d07b68d4
:10dd000001221a600fe0eef735f8386297f92730f4
:10dd10003a6a9a4207d997f827300133dbb25ab2f0
:10dd20003b6b83f8442001237b6301e000237b638a
:10dd3000fb6a7b617b6983f311887b6b18463837fc
:10dd4000bd4680bd80b58ab000af786039607b6821
:10dd50003b62eff311824ff0200383f31188bff38e
:10dd60006f8fbff34f8f7a613b617b69fb613b6ac9
:10dd70009b6b002b0cd03b6adb68bb613968386a4f
:10dd800000f0d6f83b6aba69da6001237b6201e0f1
:10dd900000237b62fb69fb60fb6883f311887b6a6d
:10dda00018462837bd4680bd80b584b000af786086
:10ddb0001bf0c7ff7b689b6bfb601bf0dbfffb6806
:10ddc00018461037bd4680bd80b584b000af78607e
:10ddd0007b68fb601bf0b5fffb68da6bfb689b6b35
:10dde000d31abb601bf0c6ffbb6818461037bd4690
:10ddf00080bd80b485b000af78607b68fb60fb6855
:10de00009b6bbb60bb6818461437bd465df8047b4e
:10de1000704780b584b000af78607b68fb60f868bd
:10de20001bf03efd00bf1037bd4680bd80b485b0fd
:10de300000af78607b685b6a002b06d07b681b6b49
:10de40001b68c3f10503fb6001e00023fb60fb6876
:10de500018461437bd465df8047b704780b586b020
:10de600000aff860b9607a6000237b61fb689b6b50
:10de70003b61fb681b6c002b0dd1fb681b68002b02
:10de80004dd1fb689b681846eef720fe7861fb6871
:10de900000229a6043e07b68002b19d1fb68586828
:10dea000fb681b6c1a46b9682af03cf8fb685a6894
:10deb000fb681b6c1a44fb685a60fb685a68fb6875
:10dec0009b689a422bd3fb681a68fb685a6026e06d
:10ded000fb68d868fb681b6c1a46b9682af022f800
:10dee000fb68da68fb681b6c5b421a44fb68da600b
:10def000fb68da68fb681b689a4207d2fb689a687d
:10df0000fb681b6c5b421a44fb68da607b68022b7f
:10df100005d13b69002b02d03b69013b3b613b696a
:10df20005a1cfb689a637b6918461837bd4680bd4a
:10df300080b582b000af786039607b681b6c002bc5
:10df400018d07b68da687b681b6c1a447b68da60df
:10df50007b68da687b689b689a4203d37b681a689f
:10df60007b68da607b68d9687b681b6c1a46386806
:10df700029f0d8ff00bf0837bd4680bd80b584b00a
:10df800000af78601bf0ddfe7b6893f84530fb73d3
:10df90001ee07b689b6c002b08d0786800f056f977
:10dfa0000346002b10d0eef7bdfb0de07b685b6aeb
:10dfb000002b12d07b6824331846eef7c1f90346d4
:10dfc000002b01d0eef7aefbfb7b013bdbb2fb731a
:10dfd00097f90f30002bdcdc00e000bf7b68ff22ec
:10dfe00083f845201bf0c6fe1bf0abfe7b6893f860
:10dff0004430bb7311e07b681b69002b12d07b6837
:10e0000010331846eef79cf90346002b01d0eef7cb
:10e0100089fbbb7b013bdbb2bb7397f90e30002b56
:10e02000e9dc00e000bf7b68ff2283f844201bf09e
:10e03000a1fe00bf1037bd4680bd80b584b000afe3
:10e0400078601bf07efe7b689b6b002b02d1012366
:10e05000fb6001e00023fb601bf08cfefb681846b0
:10e060001037bd4680bd80b485b000af78607b6856
:10e07000bb60bb689b6b002b02d10123fb6001e0fe
:10e080000023fb60fb6818461437bd465df8047b2f
:10e09000704780b584b000af78601bf052fe7b689b
:10e0a0009a6b7b68db6b9a4202d10123fb6001e033
:10e0b0000023fb601bf05efefb6818461037bd4670
:10e0c00080bd80b485b000af78607b68bb60bb6802
:10e0d0009a6bbb68db6b9a4202d10123fb6001e0c3
:10e0e0000023fb60fb6818461437bd465df8047bcf
:10e0f000704780b586b000aff860b9607a60fb68a1
:10e100007b611bf01efe7b6993f844305bb2b3f178
:10e11000ff3f03d17b69002283f844207b6993f899
:10e1200045305bb2b3f1ff3f03d17b69002283f836
:10e1300045201bf01ffe7b699b6b002b06d17b6982
:10e1400024337a68b9681846eef7c2f87869fff7a1
:10e1500015ff00bf1837bd4680bd80b584b000af45
:10e160007860002204217868fff71ef9f860fb68e8
:10e1700018461037bd4680bd80b584b000af7860ca
:10e1800039601bf0defd7b689b6c002b02d0002306
:10e19000fb600be07b689b6b002b02d00023fb60d5
:10e1a00004e07b683a689a640123fb601bf0e2fd9f
:10e1b000fb6818461037bd4680bd80b584b000afff
:10e1c000786039607b68bb60bb689b6c3a689a4238
:10e1d00002d00023fb600fe0bb689b6b002b02d0da
:10e1e0000023fb6008e01bf0acfdbb6800229a64d2
:10e1f0001bf0c0fd0123fb60fb6818461037bd46cd
:10e2000080bd80b584b000af786039600023fb60ca
:10e2100007f10c033a6819467868fff724fbfb689e
:10e2200018461037bd4680bd80b584b000af786019
:10e230000023fb6007f10c03002219467868fff702
:10e2400021fdfb6818461037bd4680bd80b586b0fd
:10e2500000af78607b689b6c3b6100237b613b690e
:10e260009a6b3b69db6b9a422dd23b6993f8453040
:10e27000fb733b1d002219463869fff7effd7861fb
:10e2800097f90f30b3f1ff3f0ed13b695b6a002b6a
:10e2900019d03b6924331846eef752f80346002b99
:10e2a00011d001237b610ee0edf764fdb86097f9b2
:10e2b0000f30ba689a4206d9fb7b0133dbb25ab2ff
:10e2c0003b6983f845207b6918461837bd4680bdf9
:020000040000fa
:020000040102f7
:10e2d00080b582b000af0023fb710d4b00221a60a5
:10e2e0000c4b00221a600c4b00221a600b4b0022d0
:10e2f0001a600b4b00221a7003f09cfb09490020a6
:10e3000026f07efdfb7918460837bd4680bd00bf6c
:10e310002cb1002038b100203cb1002040b10020d9
:10e3200031b100207de7020180b586b000af786092
:10e330000023fb7514f0daf938613969786821f047
:10e3400003f8f860fb68054a934201d90123fb7585
:10e35000fb7d18461837bd4680bd00bf38feff7fe5
:10e3600080b483b000af78607b68044a136000bf5c
:10e370000c37bd465df8047b704700bf2cb1002010
:10e3800080b483b000af78607b68044a136000bf3c
:10e390000c37bd465df8047b704700bf38b10020e4
:10e3a00080b483b000af78607b68044a136000bf1c
:10e3b0000c37bd465df8047b704700bf3cb10020c0
:10e3c00080b483b000af78607b68044a136000bffc
:10e3d0000c37bd465df8047b704700bf40b100209c
:10e3e00080b58cb000aff860b9607a6000237b62c2
:10e3f0000023fb620023bb62fb681b68fb620ce02e
:10e40000fb6a1b691a467b689a4203d1fb6a1b6a46
:10e41000bb6205e0fb6a1b68fb62fb6a002befd165
:10e42000fb681b68fb624ae0fb6a1b7a002b07d083
:10e43000fb6a1b7a012b03d0fb6a1b7a022b36d1b5
:10e44000fb6a1b691a467b689a4232d3fb6a1a6ad6
:10e45000bb6ad31a184620f069fe3862fb6a1b6952
:10e460007b62fb6a1b7a012b0dd0022b15d0002b8f
:10e4700021d17b6afb61396ab86820f005ff02464a
:10e48000fb69da6018e07b6abb61396ab86820f022
:10e49000fbfe0246bb69da600ee07b6a7b61396a8b
:10e4a000b86820f0f1fe02467b69da6004e000bf44
:10e4b00002e000bf00e000bffb6a1b68fb62fb6a72
:10e4c000002bb1d100bf3037bd4680bd80b584b0d0
:10e4d00000af03463960fb7100200ff073fa03466a
:10e4e000fb8101200ff06efa0346bb8102200ff082
:10e4f00069fa03467b81fb79002b37d022f0def9e5
:10e5000022f0e8f922f0f2f922f0fcf9fb8943f459
:10e5100060539bb2194600200ff07efa3b6893f8d7
:10e520007330002b09d03b6893f87330022b04d072
:10e530003b6893f87330042b08d1bb8943f0100378
:10e540009bb2194601200ff067fa04e0bb89194617
:10e5500001200ff061fa7b896fea03536fea1353ce
:10e560009bb2194602200ff057fa1de04ff6ff71db
:10e5700000200ff07dfa4ff6ff7101200ff078fabe
:10e580004ff6ff7102200ff073fafb891946002045
:10e590000ff042fabb89194601200ff03dfa7b8942
:10e5a000194602200ff038fa00bf1037bd4680bd73
:10e5b00080b584b000af03463960fb710023fb6077
:10e5c0003b683333fb60fb79002b1dd03b68333352
:10e5d0001846fbf721fd0622f968194829f0a2fc2c
:10e5e0000123bb72174ab97ab2f86c3f61f3861304
:10e5f000a2f86c3f0123fb72124af97ad2f8683f05
:10e6000061f38a23c2f8683ffb793968184600f045
:10e61000c7fc0d4b1b78002b0dd040f2ff133b8144
:10e620003b89c3f3080399b2064ad2f89c3f61f3d1
:10e630001843c2f89c3f00bf1037bd4680bd00bfe5
:10e64000ac3301410024014130b1002080b483b0db
:10e6500000af7860144b03f5d3530c331a681321c1
:10e6600061f31f621a60104b03f5d3530c331a6821
:10e67000192161f317421a600b4b03f583530833da
:10e680001a68072161f31f721a60074b03f5835361
:10e6900008331a68032161f31b621a6000bf0c374c
:10e6a000bd465df8047b70470024014180b485b00d
:10e6b00000af78600023fb600023bb607b68d3f869
:10e6c0004431fb607b68d3f84031bb60fb68002bb2
:10e6d0002fd0bb68002b2cd0fb6899b2184b03f5e8
:10e6e000825308331a6861f31f421a60fb689bb2b9
:10e6f000423399b2124b03f5825310331a6861f317
:10e700001f421a60bb6899b20d4b03f58253083360
:10e710001a6861f30f021a60bb689bb2ff3399b2ab
:10e72000074b03f5825310331a6861f30f021a6026
:10e7300000e000bf1437bd465df8047b704700bfa2
:10e740000024014180b582b000af78607b681b7cfb
:10e75000002b06d07b6893f93030184611f010fb7f
:10e7600005e0054b93f90030184611f009fb00bf96
:10e770000837bd4680bd00bff0b0002080b584b032
:10e7800000af0346b9607a60fb81fb89dbb20b2bdb
:10e7900068d801a252f823f0c9e70201d3e70201c9
:10e7a000dde70201f1e70201fbe7020165e8020192
:10e7b00021e802012be8020135e802013fe80201ed
:10e7c00049e802015de802017968b86800f05ef886
:10e7d0004fe07968b86800f077f84ae0274b1b688b
:10e7e000002b41d0254b1b687968b86898473be0ff
:10e7f0007968b86800f098f83be0214b1b68002b63
:10e8000002d01f4b1b6898477968b86800f0f6f88b
:10e810001c4b1b68002b29d01a4b1b68984725e01e
:10e820007968b86800f008f923e07968b86800f002
:10e8300017f91ee07968b86800f080f919e0796886
:10e84000b86800f09dfa14e00f4b1b68002b0fd046
:10e850000d4b1b687968b868984709e0b86803f001
:10e86000cff906e000bf04e000bf02e000bf00e017
:10e8700000bf002318461037bd4680bd38b10020c8
:10e8800008ad00200cad00203cb1002080b584b064
:10e8900000af786039607b681b68fb60fb6893f8a9
:10e8a0006231012b08d126f013fa064b1b8843f086
:10e8b00040039ab2034b1a80002318461037bd4616
:10e8c00080bd00bf2ab1002080b584b000af786061
:10e8d00039607b681b68fb60fb6893f86231002b32
:10e8e0001bd0fb6893f87330042b0fd8fb6893f8a8
:10e8f0007330012b08d1fb68d3f844315b78252baa
:10e9000004d926f0e5f901e026f0e2f9054b1b8871
:10e9100043f080039ab2034b1a8000231846103745
:10e92000bd4680bd2ab1002080b586b000af7860ba
:10e9300039607b681b683b613b6993f86231002b4f
:10e9400051d03b6993f87330042b45d83b6993f859
:10e950007330012b40d0264b03f5d2531c331b6878
:10e96000c3f30f439bb2fb60214b03f5d253183323
:10e970001b68c3f30f439bb2bb600023fb750023ee
:10e98000bb751ae0bb7d3a6920339b0013445b687a
:10e99000fa689a420bd0bb7d3a6922339b0013443c
:10e9a0009b68fa689a4205d1bb68002b02d101230b
:10e9b000fb7508e0bb7d0133bb753b6993f8f43010
:10e9c000ba7d9a42ded3fb7d002b03d0094b012296
:10e9d0001a7001e026f07cf9074b1b8843f4807322
:10e9e0009ab2054b1a80002318461837bd4680bde1
:10e9f00000240141e8b100202ab1002080b584b094
:10ea000000af786039607b681b68fb60fb6893f837
:10ea10006231002b08d0074b1b78002b01d026f069
:10ea200057f9044b00221a70002318461037bd46d0
:10ea300080bd00bfe8b1002080b584b000af786031
:10ea400039607b681b68fb60044b1b68f86898475b
:10ea5000002318461037bd4680bd00bf40b10020de
:10ea600080b584b000af786039607b681b68fb605c
:10ea7000304b03f5d25318331b68c3f34013dbb29a
:10ea8000002b33d12b4b03f5d25318331b68c3f340
:10ea90008013dbb2002b29d1264b03f5d253183358
:10eaa0001b68c3f3c013dbb2002b1fd1214b03f54e
:10eab000d25318331b68c3f30023dbb2002b15d1ec
:10eac0001c4b03f5d25318331b68c3f34023dbb24e
:10ead000002b0bd1174b03f5d25318331b68c3f32c
:10eae0008023dbb2002b01d100231fe0fb6893f8e9
:10eaf0006231002b19d026f0ebf80f4b1b8843f046
:10eb000010039ab20c4b1a800a4b03f5d2531833f8
:10eb10001b68c3f38013dbb2002b06d0054b03f553
:10eb2000d452138843f0080313800023184610378b
:10eb3000bd4680bd002401412ab1002080b58cb0c3
:10eb400000af786039607b681b68fb620023bb62a2
:10eb500000237b62864b1b78002b1fd0854b1b78d4
:10eb6000fa6a7a339b0013445b683b62824bd3f8aa
:10eb7000603fc3f34023dbb2002b0fd1fb6a93f855
:10eb80007330012b08d000237b763b6adb6a07f1e8
:10eb900019021146786898470023e5e0fb6ad3f82c
:10eba00040317b62fb6ad3f84431bb62fbf77efce9
:10ebb000034683f00103dbb2002b47d0fbf7a8fc30
:10ebc000034683f00103dbb2002b3fd06a4bd3f83e
:10ebd0006c3fc3f3c023dbb2002b37d1654b1b78ee
:10ebe000fa6a7a339b0013445b68fb617a6a07f127
:10ebf00011031168196092889a80bb6a1b78c3f36d
:10ec00008013dab23b7c62f300033b7407f11a0213
:10ec100007f1100311461846fbf7eafe0346002be6
:10ec200014d00023fb73fb6a93f86231022b04d1ea
:10ec30003968786802f0b8ff06e0fb69db6a07f123
:10ec40000f0211467868984700238de0786a00f03b
:10ec5000c9fa0346002b40f08680fb6a93f86231c4
:10ec6000002b06d0454b1b8843f020039ab2434b40
:10ec70001a80414bd3f86c3fc3f3c023dbb2002ba7
:10ec800022d13d4bd3f86c3fc3f30023dbb2012b01
:10ec900016d1394bd3f8683fc3f34073dbb2012b75
:10eca0000ed1fb6a012283f86a21334bd3f8683f07
:10ecb000c3f30263dbb21a46fb6a83f86b2103e0fd
:10ecc000fb6a002283f86a21fb6a93f86a31002b01
:10ecd0000fd0fb6a93f86b311846fbf7b3fb034682
:10ece000fb76fb7e43f00203dab2fb6a83f86c2109
:10ecf00008e0bb6a1b78c3f38013dbb21a46fb6ad9
:10ed000083f86c21fb6a93f86a31002b08d0fb6a08
:10ed100003f27313796a0622184629f003f907e013
:10ed2000fb6a03f2731306220021184629f008fa41
:10ed3000fb6a93f86a31002b0ad0fb6a93f86b21c7
:10ed4000fb6a03f26d1319461046fbf72ffb07e031
:10ed5000fb6a03f26d13796a0622184629f0e2f87d
:10ed6000f86a00f0ebf9002318463037bd4680bd45
:10ed700030b1002028b10020002401412ab1002038
:10ed800080b590b000af786039600023fb637b688a
:10ed90001b68bb6300237b6300233b637c4b1b78b6
:10eda000ba6b7a339b0013445b683b63794b1b78e7
:10edb000002b1dd0784bd3f8603fc3f34023dbb268
:10edc000002b15d1002387f82630bb6b93f86231f6
:10edd000022b04d13968786802f0e6fe06e03b6b4e
:10ede000db6a07f126021146786898470023cae0db
:10edf000bb6bd3f844317b63bb6bd3f84031fb630f
:10ee0000fbf754fb034683f00103dbb2002b3fd03a
:10ee1000fbf77efb034683f00103dbb2002b37d008
:10ee20005d4bd3f86c3fc3f3c023dbb2002b2fd173
:10ee3000fa6b07f11d031168196092889a807b6b49
:10ee40001b78c3f38013dab23b7f62f300033b7796
:10ee500007f1270207f11c0311461846fbf7c8fd0e
:10ee60000346002b14d00023fb76bb6b93f8623172
:10ee7000022b04d13968786802f096fe06e03b6bfd
:10ee8000db6a07f11b0211467868984700237ae095
:10ee9000bb6b93f82f30012b74d13f4bd3f86c3ff1
:10eea000c3f3c023dbb2002b22d13b4bd3f86c3f22
:10eeb000c3f30023dbb2012b16d1374bd3f8683fe5
:10eec000c3f34073dbb2012b0ed1bb6b012283f87d
:10eed0006921314bd3f8683fc3f30263dbb21a46b2
:10eee000bb6b83f86b2103e0bb6b002283f86921c5
:10eef000bb6b5b7d87f82830bb6b93f86931002bc7
:10ef00001dd0254bd3f8683fc3f30263dbb218462c
:10ef1000fbf798fa034643f00203dbb287f8293087
:10ef20001d4bd3f8683fc3f30263dbb21a4607f107
:10ef30002803023319461046fbf738fa0ee07b6bc4
:10ef40001b78c3f38013dbb287f8293007f128035d
:10ef500002330622f96b184628f0e4ff07f10c0390
:10ef60007a681a6007f10c0304331a4607f1280384
:10ef700003cb1060516007f10c030c2207490120fc
:10ef800016f029fc002318464037bd4680bd00bf5f
:10ef900028b1002030b1002000240141040001010b
:10efa00080b588b000af03463960fb71fb7983f010
:10efb0000103dbb2002b10d00023fb75fb7d03f0b7
:10efc0000103d9b25b4ad2f8643f61f34923c2f826
:10efd000643f002008f034f8a7e03b6893f87330f2
:10efe000fb773b6893f82930bb773b6893f8223076
:10eff0007b773b682333bb61fb7f012b08d0fb7f12
:10f00000042b05d0fb7f072b02d0fb7f0b2b23d1da
:10f010000023bb82bb8ac3f3080399b2454ad2f8e6
:10f020009c3f61f31843c2f89c3f7b7f1946b86947
:10f0300008f0aef8282007f041ff0123bb75bb7d27
:10f0400003f00103d9b23b4ad2f8643f61f349238c
:10f05000c2f8643f00bf68e0bb7f032b58d801a211
:10f0600052f823f075f0020199f00201c1f002019b
:10f07000e9f0020140f2ff137b827b8ac3f30803ad
:10f0800099b22c4ad2f89c3f61f31843c2f89c3fd6
:10f09000002007f0d5ff3ce020233b823b8ac3f3ee
:10f0a000080399b2234ad2f89c3f61f31843c2f88f
:10f0b0009c3f082007f002ff012007f0c1ff28e075
:10f0c0000823fb81fb89c3f3080399b2194ad2f8dc
:10f0d0009c3f61f31843c2f89c3f202007f0eefeee
:10f0e000012007f0adff14e00023bb81bb89c3f30f
:10f0f000080399b20f4ad2f89c3f61f31843c2f853
:10f100009c3f282007f0dafe012007f099ff00e07d
:10f1100000bf094b1b68002b01d1012300e0002335
:10f12000002b02d0002007f0c9fe00bf2037bd46eb
:10f1300080bd00bf00240141e4ad002090b587b040
:10f1400000af786000237b6100233b617b68d3f8cc
:10f150004031fb607b6893f87330063b012b27d866
:10f160007b6893f82d30022b0ad0032b0ed0012b95
:10f170001cd140f6c4137b614ff4ab733b6116e0c6
:10f1800040f6c4137b61fa233b6110e040f6a663ae
:10f190007b617b6893f83f30012b03d14ff45173af
:10f1a0003b6104e040f2e6633b6100e000bf04e045
:10f1b00040f2e2437b6100233b61094b1b68002b5b
:10f1c0000ad0074b1c6805233a697969f868a0479b
:10f1d00002467b68c3f87c2100bf1c37bd4690bd4a
:10f1e0002cb1002080b483b000af78607b68db8aec
:10f1f0009bb2052b10d97b68db8a9bb2b3f5486fb5
:10f200000ad87b685b8b9bb2092b05d97b685b8b2b
:10f210009bb2b3f5486f01d91e2318e07b6893f8c1
:10f220002130c3f30403dbb2042b07d97b6893f8c6
:10f230002130c3f30403dbb2102b01d91e2306e0f7
:10f24000064b1b68002b01d11f2300e0002318464a
:10f250000c37bd465df8047b704700bf2cb1002021
:020000040000fa
:020000040102f7
:10f2600008b5044b186818b1804780f00100c0b29f
:10f2700008bd00bf44a6002009b91046704780b100
:10f28000037883ea122383ea131343ea022282ea11
:10f29000033282ea431292b200b10130013989b2dd
:10f2a000eae7ff23ede72de9f04f85b081460e9e9a
:10f2b0008a46904606b11e4443449cb24746554692
:10f2c000a74203d1012005b0bde8f08f95b36a468f
:10f2d0001023294648461ef0c1fbbdf80420944285
:10f2e00008d9bdf8063013449bb29f4202d29c421b
:10f2f00003d91f46bdf80a50e8e79742a4eb020184
:10f3000028bfe31b89b234bf0b469bb2a4eb0304b6
:10f3100032bfbdf80ab04746d346a4b246b1103555
:10f320002944f61ac91a324689b248461ef096fb9d
:10f330005d46c5e72846c6e72de9f74fd48896888d
:10f34000dff8588082468b4644f307254ff6ff7757
:10f35000002d03da384603b0bde8f08f1ad0a4f5cb
:10f3600080741ffa84f94ff48074cdf8008023462e
:10f37000324659465046fff796ff38b13a46214685
:10f380004046fff779ff2644b6b20746013d6db20d
:10f390004c46dde7002cddd0a146e6e748a600207c
:10f3a00010b5094c94f804011ef0f6fb4ff400521e
:10f3b000002194f804011ef019fc18b14ff4807379
:10f3c000a4f8063110bd00bf44a600202de9f0418d
:10f3d000094c05460e46174613460a46014694f860
:10f3e00004011ef071fb3b463246294694f80401a5
:10f3f000bde8f0411ef048bc44a6002003292cd8eb
:10f40000dfe801f002091b23184bb3f80621104472
:10f41000a3f806017047154ab2f80631184480b2c5
:10f42000c11c4ff6fc730b40984203d90430a2f87c
:10f4300006017047a2f8063170470c4ab2f806314f
:10f440000f33184420f00f00f1e7084ab2f80631f4
:10f450003f33184420f03f00e9e74ff0200383f3e7
:10f460001188bff36f8fbff34f8ffee744a60020d4
:10f470004ff0200383f31188bff36f8fbff34f8fdb
:10f48000fee770b50c4a92f808410023d9b28c42cd
:10f4900001d800200be05d1c9b00d118b1f8096178
:10f4a000864207d1b1f80b2112b10448184470bd4f
:10f4b000fff7deff2b46e9e744a600204da700201a
:10f4c00008b5fff7deff00b1408808bd10b504465f
:10f4d000fff7d7ff40b14ff0200383f31188bff34c
:10f4e0006f8fbff34f8ffee7094b93f808010206b9
:10f4f00001d5fff7bdff421c83f8082103eb800212
:10f5000003f20913a2f8094103eb800010bd00bf0c
:10f5100044a6002008b5fff7b4ff08b9fff7a8ff1d
:10f52000064a92f80831013bdbb282f8083102eb5f
:10f530008303d3f80931036008bd00bf44a600204f
:10f540002de9f041244cb4f80a33b4f80c630344b9
:10f550009bb204f20e37ff2b0546a4f80a3307ebe3
:10f56000060004f104080ad82a464146354428f02a
:10f57000d9fc0126a4f80c533046bde8f081c6f54d
:10f580008072414628f0cefc4ff480723946b4f8c0
:10f590000601fff71bff06460028edd000214ff4bf
:10f5a0008070fff72bffb4f80a53b4f80c13a5f5dd
:10f5b00080750023adb2a4f80c33a4f80a53002dd3
:10f5c000dad0c1f580712a4618fa81f1384628f060
:10f5d000a9fca4f80c53cfe744a600207fb545f260
:10f5e0004143adf806300d4bcde902300c4bc04322
:10f5f000b3f80e3404904ff6ff7210210df106009f
:10f60000adf81430fff738fe1222adf8040001a95e
:10f610000020fff7dbfe07b05df804fb534e7632a7
:10f6200044a600202de9f04f724c94f80471002597
:10f630008fb0122309aa29463846a4f81054a4f81a
:10f640001254a4f80c53a4f80a531ef007fa0b9bab
:10f65000039394f804310133dbb2012b94bf84f897
:10f66000043184f8045194f80431bb4208d14ff0be
:10f67000200383f31188bff36f8fbff34f8ffee733
:10f68000fff78efe0028e4d04ff0000adff870810b
:10f6900080e004eb8a091023b9f80bb105aa59469a
:10f6a00038461ef0dbf90026bdf81c50adf81a50a4
:10f6b00005aa59463846adf81860adf81e60adf899
:10f6c0002060fff739fe4ff6ff72adf814000e21ef
:10f6d00005a8fff7d1fdf022adf82200ff21464832
:10f6e00028f02efd05ab03cb1035c8f80000c8f894
:10f6f0000410b4f80c2303cbb4f80631c8f80800a2
:10f70000adb21344b5f5807fc8f80c10a9f80b31e1
:10f7100019d8394b00933246bdf81c30594638464b
:10f72000fff7c1fd50b1b4f80631b4f80c2313440f
:10f73000a9f80b312846fff703ff38bb0024204609
:10f740000fb0bde8f08f1023b5f5807f2a4628bfa3
:10f750004ff48072a2eb03091ffa89f94344029225
:10f76000009332464b4659463846fff79cfd002829
:10f77000e4d00298fff7e4fe0028dfd0029bed1ae8
:10f780004e44adb2b6b20023002dddd10af1010323
:10f790005ffa83fa94f8083153453ff67aafb4f82c
:10f7a0000a23fab9b4f80a030021fff727feb4f8d8
:10f7b0000631a4f80e34039b581efff70fff0446d2
:10f7c0000028bbd002210020fff718fe1222ff21e3
:10f7d00009a828f0b5fc122309aa002138461ef01a
:10f7e00073f9ace70549b4f80601fff7effd00280f
:10f7f000d8d1a3e744a6002058a6002052a9002093
:10f8000048a6002008b50a4bb3f80631c3f50053eb
:10f810009bb283420bd2fff705ff40b94ff02003a4
:10f8200083f31188bff36f8fbff34f8ffee708bddf
:10f8300044a600202de9f84f344e0446351d894674
:10f840004ff48072ff21284628f07afce1884ff6b9
:10f85000ff724846fff710fd4ff6ff7220800e2121
:10f860002046fff709fd2346e08103cb7060696005
:10f8700003cba860e960e28802f11007bfb2b9f1da
:10f88000000f07d0b7f5807f17d8494606f114005e
:10f8900028f048fbe2881e49b6f80601f02a28bf86
:10f8a000f022103292b2fff791fd8046e0881030ce
:10f8b000022180b2fff7a2fd25e04ff0000b1020df
:10f8c000b7f5807f3c4628bf4ff48074a4eb000a54
:10f8d000524609eb0b01284428f024fb22460c4930
:10f8e000b6f80601fff772fd804660b1204602219e
:10f8f0003f1bfff783fdbfb20beb0a031ffa83fb2d
:10f900000020002fdcd14046bde8f88f44a600203f
:10f9100048a600202de9f041674c00258eb084f800
:10f9200008514ff0ff38ff27122304aa0021284670
:10f930001ef094f8dde906637340013326d19df88b
:10f940001230412b22d19df81330542b1ed19df83b
:10f950001430532b1ad19df815304e2b16d19df82b
:10f960001630762b12d19df81730322b0ed14ff670
:10f97000ff7210210df11200fff77efcbdf8103070
:10f98000834203d146453cbfb0462f46e5b1ff2f29
:10f990002cd1002384f804314ff6ff766ff0010577
:10f9a000fff7fefc90b994f804310133dbb2012b70
:10f9b00084f80431f4d94ff0200383f31188bff3a6
:10f9c0006f8fbff34f8ffee70125ade72846a4f800
:10f9d0000e64fff703fe0028e5d0002384f8083109
:10f9e000012384f814340eb0bde8f0814ff4807325
:10f9f000a4f806313846122309aa002184f80471bc
:10fa00001ef02cf84ff6ff77b4f80631b3f5005f1f
:10fa1000e6d2bdf83420ba4201d09a4217d802216a
:10fa20000020fff7ebfc022510236a46b4f806110c
:10fa300094f804011ef012f86a46102312f8011b14
:10fa4000ff291ed1013b9bb2002bf7d1c8e700254f
:10fa5000eae729461020fff7d1fcd5e7bdf80260a0
:10fa60003046fff70efd10b93046fff72ffdb4f812
:10fa700006314380bdf80830bbb93046fff74afd78
:10fa800013e03a460e216846fff7f6fbbdf80e601c
:10fa90008642ded16a46b4f8061194f80401fff7f5
:10faa0004bfcbdf800308342d8d0bdf806001030c2
:10fab000294680b2cfe700bf44a60020034b93f84d
:10fac00014340bb9fff726bf704700bf44a60020cf
:10fad0002de9ff478a4616469846054630b12bb1b8
:10fae000fff7befb044650b1052045e04ff0200370
:10faf00083f31188bff36f8fbff34f8ffee706f1db
:10fb0000100080b2fff77efe2846fff7bafc0746da
:10fb1000a8b3b0f802901d4d10236a46494695f8e7
:10fb200004011df09bffbdf808300aeb06029a4263
:10fb300027d8b34218bfbdf80c40adf804a01cbfd5
:10fb40000134a4b241466846adf80c40adf80660f9
:10fb5000adf80a90b5f80641fff76cfe98b1bdf814
:10fb60000c307c80642b4ff0000005d9bdf80230ca
:10fb7000a5f81034a5f8120404b0bde8f0870320fe
:10fb8000fae70420f8e70120f6e700bf44a60020ca
:10fb900073b50c4615461e46c0b1bbb1fff790fccd
:10fba00080b16319b3f5803f09d201460c48009635
:10fbb0002b46224690f80401fff775fb20b904207c
:10fbc00002b070bd0320fbe70020f9e74ff02003ef
:10fbd00083f31188bff36f8fbff34f8ffee700bf32
:10fbe00044a600201fb540b94ff0200383f31188cd
:10fbf000bff36f8fbff34f8ffee7fff761fc48b194
:10fc000001460648102390f804016a461df026ffbd
:10fc1000bdf8080005b05df804fb00bf44a6002055
:10fc20002de9f04f431e14469bb24ff6fd729342ee
:10fc30008bb080460e461dd8b1f5006f1ad8fff77d
:10fc40003ffc00bbfff70cfb054648bb06f110006c
:10fc500080b2fff7d7fd8d4b93f90821002a80f27f
:10fc6000f7804ff0200383f31188bff36f8fbff34a
:10fc70004f8ffee74ff0200383f31188bff36f8fa0
:10fc8000bff34f8ffee74046fff7acff86420fd031
:10fc90007e4da5f81084a5f81264fff7e1fa08b1cb
:10fca00005200ee0b5f8120470b9b5f810347bb930
:10fcb000002c00f0e6802346324600214046fff744
:10fcc00067ff0bb0bde8f08f103080b2fff79afdf0
:10fcd000b5f81004fff7d5fb81460028e8d0b0f84e
:10fce00002b095f80401102306aa59461df0b6fe8d
:10fcf000b5f81234ebb9bdf82000103080b2fff730
:10fd000081fdb5f81004fff7bcfb814640b94ff008
:10fd1000200383f31188bff36f8fbff34f8ffee78c
:10fd2000b0f802b095f80401102306aa59461df058
:10fd300095feb5f81224b5f806310493bdf82030cd
:10fd400022b19342adf8202028bf13460022bdf80f
:10fd50002010adf81c20adf81e10adf82220adf833
:10fd600024200df1180cbce80300dff824a1686022
:10fd700003f11007caf80410bce80300bfb2b7f5de
:10fd8000807fcaf80800caf80c1030d80af11001b8
:10fd9000009195f804015946fff785fa002872d0c2
:10fda00006ab03cbbdf81e206860caf8041003cb75
:10fdb0001032caf80800caf80c1092b25146b5f8d1
:10fdc0000601fff703fb00283ff472afbdf81e00e9
:10fdd0001030022180b2fff711fb2c4b0022a3f858
:10fde0001024a3f81224049ba9f8023060e71546fa
:10fdf0001023cdf814a0b7f5807fba4628bf4ff482
:10fe0000807aaaeb030292b20392059a1f48134428
:10fe100000932a46039b90f804015946fff743fae2
:10fe200088b31b495246b1f80201fff7cffa002808
:10fe30003ff43eaf02215046fff7e0fa039ba7ebe9
:10fe40000a072b44bfb29db20023002fd3d1c4e7d1
:10fe5000214606a8b3f80671adf81a80adf81c501b
:10fe6000adf81e60adf82060adf82250adf824501a
:10fe7000fff7e0fc38b14046fff728fb478002203f
:10fe80001fe720461de701201be700bf44a6002016
:10fe900048a60020f0b5074685b040b94ff02003d2
:10fea00083f31188bff36f8fbff34f8ffee7fff728
:10feb00007fb00283fd0fff7d3f9044600283cd1c8
:10fec0001020fff79ffc4ff6ff720e216846adf839
:10fed0000020adf80270cde90144adf80c40fff709
:10fee000cbf96b46adf80e0003cb154d6860a960e9
:10fef00003cb2e1de860296110223146b5f80601ba
:10ff0000fff764fa68b91022b5f8061195f80401f4
:10ff10001df06cfe18b902211020fff76ffa0120c6
:10ff200007e002211020fff769fa3846fff7f2fade
:10ff3000204605b0f0bd0320fbe70520f9e700bf30
:10ff400044a60020f8b50446fff78af9054668bbc9
:10ff500064b11df021fe01201df01efe4ff4007261
:10ff60002946134828f0ecf8002020e0114d95f8c0
:10ff70000871e3b29f420cd8fff754fb0028f3d17d
:10ff80004ff0200383f31188bff36f8fbff34f8fc0
:10ff9000fee705eb8403b3f80961304611f090faef
:10ffa00010b93046fff7b6fa0134e2e70520f8bd94
:10ffb0004da7002044a60020014b1860704700bfe9
:10ffc00044a6002008b5fff77bfa003018bf0120d7
:10ffd00008bd08b5fff726fb40b94ff0200383f3b7
:10ffe0001188bff36f8fbff34f8ffee708bd00bfcf
:020000040000fa
:020000040102f7
:10fff00080b586b000af03460a46fb8013467b718e
:020000040103f6
:100000000023fb82fb88012b2dd9fb88013b9bb28f
:1000100007f10c0207f11001184600f085fe0346b7
:10002000002b22d03b691b6802221249184627f098
:100030006bff0346002b18d13b695b681b787b750f
:100040007b79122b04d17b7d03f00803002b07d0b2
:100050007b79522b09d17b7d03f00403002b04d163
:100060000323fb8201e00323fb82fb8a1846183737
:10007000bd4680bd7c72050180b588b000aff860d8
:10008000b9607a600023fb83fb681b89184604f083
:10009000e7fbb861bb69002b01d10023a7e07b68b7
:1000a00000221a70bb6800221a70fb685b890f2b54
:1000b00009d9fb685b89172b05d8f86800f0ebffbe
:1000c0000346fb8392e0fb685b89002b0dd0fb6845
:1000d0005b89092b09d8f968b86901f037f803463c
:1000e000fb837b6801221a7080e04ff4827027f056
:1000f00047fd78617b69002b6cd07b690b221a70fd
:10010000fb681a897b699a80fb685a897b69da8067
:10011000fb681a7c7b691a72fb689a897b695a8131
:10012000fb68da897b699a81fb685a7c7b695a7221
:10013000fb68db89002b09d07b6903f10e00fb68ab
:100140005968fb68db891a4627f0ecfe04217869c0
:1001500004f0bef9fb681b689b7b03f00103002bd6
:1001600035d0bb6801221a70fb681b7c522b03d070
:10017000fb681a7cbb69da74fb681b7c122b12d1fa
:10018000fb681b689b7b03f02003002b0bd0fb68f4
:100190005a89bb699a82bb691633fa685268128819
:1001a00092b21a8022e0fb681b7c162b1ed17b6862
:1001b00001221a70bb69012283f83820bb6993f8c9
:1001c00039300133dab2bb6983f839200ee00023fd
:1001d000fb830be0fb681b689b7b03f00103002b98
:1001e00002d08023fb8301e00023fb83fb8b1846b6
:1001f0002037bd4680bd80b584b000af78600b4627
:10020000fb704ff4827027f0bbfcf860fb68002b9a
:100210001cd0fb680b221a707b681a88fb689a80d6
:10022000fb680022da80fb6818221a72fb68002241
:100230005a81fb6800229a81fb68fa785a7204217d
:10024000f86804f045f97b681822da7400bf1037ab
:10025000bd4680bd80b586b000af786039600023b0
:10026000fb8200237b753b6800221a805de07a7d6b
:100270007b68063253f82230002b53d07a7d7b689e
:10028000063253f822301b8807f10c0207f11001e7
:10029000184600f049fd034683f00103dbb2002b52
:1002a0000ad08023fb827a7d7b68063253f82230a5
:1002b0001a883b681a803be03b699b7b03f008038c
:1002c000002b14d13b699a89797d7b68063153f8fc
:1002d00021305b889a420ad00d23fb827a7d7b68ad
:1002e000063253f822301a883b681a8020e03b69b6
:1002f0009b7b03f00803002b14d03b699a89797d1e
:100300007b68063153f821305b889a420ad20d236c
:10031000fb827a7d7b68063253f822301a883b686c
:100320001a8005e07b7d01337b757b7d072b9ed991
:10033000fb8a18461837bd4680bd80b586b000af31
:1003400078600023bb820023fb756ee0fa7d7b683a
:10035000063253f82230002b6bd0fa7d7b680632d0
:1003600053f822301b8807f1080207f10c011846e8
:1003700000f0dafc0346002b54d0fa7d7b6806328d
:1003800053f822301b88032b1ad0fb685868fa7d7b
:100390007b68063253f82230191dfa7d7b680632dd
:1003a00053f822305b881a4627f0bcfdfa7d7b6843
:1003b000063253f82220fb689b6852881a8011e0ad
:1003c000fa7d7b68063253f822305b88d8b2fa7d1a
:1003d0007b68063253f8223004331946f7f74efd96
:1003e00003467b82fb689b7b03f02003002b11d02c
:1003f000fa7d7b68063253f82230191dfa7d7b683e
:10040000063253f822301b881a4678680af0ecfd51
:1004100003467b82fa7d7b68063253f82230184609
:1004200027f0bafbfb7d0133fb75fb7d072b8dd9d4
:1004300000e000bfbb8a18461837bd4680bd80b5b6
:1004400084b000af78600023fb8100237b731ee043
:100450007a7b7b68063253f82230002b1bd07a7be4
:100460007b68063253f8223093f80431002b0bd00e
:100470007a7b7b68063253f8223093f80431fb8193
:10048000786803f0f0fd07e07b7b01337b737b7bb7
:10049000072bddd900e000bffb8918461037bd46a9
:1004a00080bd80b586b000af78607b689b8a002bea
:1004b0000bd07b6803f116017b689b8a1a4678682b
:1004c0000af092fd7b6800229a82012002f0fafc79
:1004d00078617b69002b01d1022316e07b69103320
:1004e000fb6007f10c031321184616f008f97a692e
:1004f0000121786804f0eef903467b827b8a002ba9
:1005000002d0786902f0edfc7b8a18461837bd46a8
:1005100080bd80b588b000aff860b96011461a465a
:100520000b46fb801346bb80bb880533fb83fb8bec
:10053000184602f0c7fcb861bb69002b01d1022349
:100540002be0bb6910333b6107f1100317211846fc
:1005500016f0d5f8fa8807f110031146184616f080
:10056000e3f83a8d07f110031146184616f0dcf84f
:100570003b69ba88b968184627f0d4fcfb8bba6986
:100580001946f86804f0a6f90346fb82fb8a002ba3
:1005900002d0b86902f0a5fcfb8a18462037bd4698
:1005a00080bd80b586b000af78607b6893f8383046
:1005b000032b0bd17868fff7c0fe0346fb827868f7
:1005c00003f051fd7b68002283f83820012002f0ff
:1005d00079fc38613b69002b01d1022316e03b69ad
:1005e0001033fb6007f10c031921184616f087f849
:1005f0003a690121786804f06df90346fb82fb8ab1
:10060000002b02d0386902f06cfcfb8a18461837c0
:10061000bd4680bd80b590b000aff8607b600b46f2
:100620007b8113467b72002387f83330002387f8e1
:1006300032307b89022b20d97b89033bfb877b6887
:100640000133fb6207f12c0207f13403114618460f
:1006500015f086fffb6abb63f8680af01bfc0346d3
:10066000bb87bb8f002b0cd1bb8e7a7a1146184604
:10067000fff7befc0346bb8703e00023bb860423d1
:10068000bb87bb8f002b40f08680bb8e07f1240216
:1006900007f12801184600f047fb0346002b78d0ed
:1006a000fb681888bb6adb7b1a46102100f070fbe0
:1006b0000346bb87bb8f002b6dd1bb6a9b7b03f0ce
:1006c0000803002b07d1bb6a9b89fa8f9a4202d09c
:1006d0000d23bb875fe0bb6a9b7b03f00803002b05
:1006e00007d0bb6a9b89fa8f9a4202d90d23bb8738
:1006f00051e0bb6a9b7b03f02003002b0dd0bb6a4b
:100700009b7b03f00103002b07d1bb8e1a46b96b0c
:10071000f8680af069fc0346bb87bb8f002b3ad10f
:10072000fb681b883b83bb8e7b830023bb83fb8fd3
:10073000fb837b7a87f82030002387f82130bb6b5e
:100740007b61bb6a3b6107f1320207f1330107f1bc
:1007500010031846fff790fc0346bb87bb6a9b7be0
:1007600003f00103002b16d1bb8f002b13d1bb6a02
:100770005b68fa8fb96b184627f0d4fbbb6a9b7b8a
:1007800003f00803002b06d0bb6a9b68fa8f1a801f
:1007900001e00123bb877b7a122b15d197f8333008
:1007a000002b11d1bb8f002b05d1f868fff779fe24
:1007b0000346fb8608e0ba8ebb8fdbb2797af86815
:1007c00003f0fefc0346fb8600bf4037bd4680bdfc
:1007d00080b584b000aff8600b467a607b81798980
:1007e0007b681222f868fff715ff00bf1037bd467f
:1007f00080bd80b584b000aff8600b467a607b8125
:10080000fb685b7a002b05d0fb689b7a03f0010341
:10081000002b05d179897b685222f868fff7fafe30
:1008200000bf1037bd4680bd80b594b002aff86000
:100830000b467a607b810023bb8700237b870023e4
:10084000a7f84630002387f83930002387f838307e
:1008500000233b647b89042b2bd97b89053ba7f8bc
:1008600046307b6801333b6307f1300207f13c03fc
:100870001146184615f074fe07f1300207f13a03ed
:100880001146184615f06cfe3b6b3b64f8680af0a5
:1008900001fb0346a7f84430b7f84430002b0dd1d4
:1008a000bb8f12211846fff7a3fb0346a7f844307d
:1008b00004e00023bb870423a7f84430b7f8443092
:1008c000002b40f09f80bb8f07f1280207f12c011d
:1008d000184600f029fa0346002b00f09080fb68d0
:1008e0001888fb6adb7b1a46102100f051fa034698
:1008f000a7f84430b7f84430002b40f083807b8f5a
:10090000002b09d0fb6a9b7b03f01003002b03d163
:100910008023a7f8443018e0fb6893f83b30072b9e
:1009200003d90923a7f844300fe0fb6a9b7b03f04f
:100930000103002b09d1ba8f07f137031946f86874
:1009400000f0c3fa0346a7f84430b7f84430002b50
:1009500058d1fb681b88bb83bb8ffb837b8f3b8499
:10096000b7f846307b84162387f82430002387f8b5
:1009700025303b6cbb61fb6a7b6107f1380207f1f4
:10098000390107f114031846fff776fb0346a7f871
:10099000443097f83830002b11d197f837301a4689
:1009a000fb68063253f82230002b2bd097f83730f3
:1009b00007f114021946f86800f0d9fa22e097f816
:1009c0003730072b1ed897f837301a46fb680632a7
:1009d00053f82230002b15d097f837301a46fb68b1
:1009e000063253f82230184627f0d6f897f83730f9
:1009f0001a46fb680632002143f8221002e0012368
:100a0000a7f8443097f83930002b1ad1b7f84430a2
:100a1000002b0cd1ba8f7b8fb7f8461000930b4692
:100a2000396cf868fff775fd0346fb8709e0ba8f5c
:100a3000b7f84430dbb21621f86803f0c1fb034677
:100a4000fb8700bf4837bd4680bd80b586b000af8c
:100a5000f8600b467a607b8100233b8200237b7524
:100a60007b89022b02d00423fb8291e0f8680af014
:100a700011fa0346fb82fb8a002b02d01223fb8271
:100a800086e07b685b783b753b7d012b02d90423b4
:100a9000fb827de0fb6893f83b30002b16d1fb68ae
:100aa00093f83830012b0ed13b7d1946f868fff7db
:100ab000a2fb01237b75fb68002283f83820fb68ca
:100ac0001822da7464e00023fb8261e0fb6893f88b
:100ad0003830002b22d13b7d002b03d1f86803f086
:100ae000c2fa55e0f868fff7aafc0346fb82fb8ace
:100af000002b4dd107f110031946f868fff7aafb48
:100b00000346fb82fb8a002b42d1f868fff715fcf5
:100b10000346fb82f86803f0a6fa39e03b7d002b20
:100b20000ad1f86803f09ffa01237b753b7d1946d3
:100b3000f868fff760fb2be0f868fff780fc0346de
:100b4000fb82fb8a002b15d107f110031946f868c8
:100b5000fff780fb0346fb82fb8a002b0ad1fb6870
:100b6000032283f8382001237b753b7d1946f86802
:100b7000fff741fbfb8a002b0ad00221f868fff740
:100b80003afbfb68002283f83820f86803f06bfa20
:100b90007b7d002b11d1fb8a002b05d1f868fff774
:100ba00000fd03467b8208e03a8afb8adbb218210b
:100bb000f86803f005fb03467b8200bf1837bd468b
:100bc00080bd80b586b002af03463960fb8000234c
:100bd000fb81fb88184603f043feb860bb68002b1e
:100be00002d10323fb8151e03b681b78132b12d108
:100bf000bb68db7c122b0bd1b868fff752fc0346b5
:100c0000fb81fb89002b41d1bb680022da743de0f7
:100c10000123fb813ae03b681b78172b1dd1bb6891
:100c2000db7c162b16d13b6803f108013b685a8820
:100c30003b68d8883b689b8800930346b868fff7f9
:100c400068fc0346fb81fb89002b1fd1bb68002297
:100c5000da741be00123fb8118e03b681b78192b39
:100c600012d1bb68db7c182b0bd1b868fff799fc5d
:100c70000346fb81fb89002b08d1bb680022da7494
:100c800004e00123fb8101e00123fb81fb8918467d
:100c90001037bd4680bd80b584b000af78607b68fa
:100ca0001b891846f7f7f2fa0346002b0ad07b6837
:100cb0001a897b68db6819461046fff782ff0346f6
:100cc000fb8101e00423fb81fb8918461037bd46f8
:100cd00080bd80b584b000af03463960fb80114b06
:100ce0001b68db6b10209847f860fb68002b01d174
:100cf000022313e0fb68fa881a81fb683a68da601d
:100d0000f96844f2080021f059fafb681b887b81de
:100d1000044b1b681b6cf86898477b891846103792
:080d2000bd4680bd4cb000206f
:020000040000fa
:020000040103f6
:100d280080b487b000af0346b9607a60fb81154b89
:100d38001b681b687b611be07b699b89fa899a4267
:100d480013d37b69db89fa899a420ed87b687a6962
:100d58001a607b695a68fb89796989895b1a1b0162
:100d68001a44bb681a60012306e07b691b687b6133
:100d78007b69002be0d1002318461c37bd465df87f
:100d8800047b7047b0b2002080b584b000af034642
:100d9800fb800b467b7113463b710023fb720023db
:100da800bb72fb88184603f057fdf860fb68002b00
:100db80001d10f2381e03a797b791340dbb2002b14
:100dc80006d17b79012b01d1022376e0032374e05d
:100dd8007b79012b06d13b7903f00e03002b08d158
:100de80000236ae03b7903f0e003002b01d10023e4
:100df80063e07b79012b04d13b7903f00403002bda
:100e080007d17b79102b0ed13b7903f04003002bdf
:100e180009d0fb68188807f10a0307f10b020321c0
:100e2800e1f7cef931e07b79012b04d13b7903f06e
:100e38000203002b07d17b79102b0ed13b7903f0ed
:100e48002003002b09d0fb68188807f10a0307f173
:100e58000b020221e1f7b4f917e07b79012b04d1e9
:100e68003b7903f00803002b06d17b79102b0cd1ba
:100e780097f90430002b08dafb68188807f10a0391
:100e880007f10b020121e1f79bf9bb7a002b09d18d
:100e98003b7903f0ee03002b0ed0fb7a0f2b0bd817
:100ea8000c230ae0bb7a012b01d10f2305e0bb7aa2
:100eb800022b01d1052300e0002318461037bd4658
:100ec80080bd90b587b000aff860b9601346fb806d
:100ed8000023fb8200237b753ae07a7dfb680632ab
:100ee80053f82230002b09d07a7dfb68063253f87c
:100ef80022301b88fa889a4227d12ce07c7d4ff457
:100f0800837026f039fe0146fb68a21d43f82210c3
:100f18007a7dfb68063253f82230002b12d07a7d96
:100f2800fb68063253f822304ff4837200211846ca
:100f380027f002f97a7dfb68063253f82230fa88e6
:100f48001a8008e01123fb8205e07b7d01337b7565
:100f58007b7d072bc1d9bb687a7d1a70fb8a18463e
:100f68001c37bd4690bd80b586b000aff8600b4613
:100f78007a60fb72fa7afb68063253f8223093f8eb
:100f88000431002b77d17b685b8907f1100207f1e8
:100f980014011846fff7c4fe0346002b6bd07b688c
:100fa8009a897b699b899a4208d9fa7afb68063242
:100fb80053f82230072283f804215ce07b68db8940
:100fc8001a467b689b8913447a699289934208dda3
:100fd800fa7afb68063253f822300d2283f804218e
:100fe80049e07b689b89b3f5807f08d9fa7afb686a
:100ff800063253f82230072283f804213be07b684d
:10100800db891a467b689b891344b3f5807f08d92e
:10101800fa7afb68063253f822300d2283f804214d
:1010280029e0fa7afb68063253f822307a68928906
:101038001344181d7b6859687b68db891a4626f0bb
:101048006dff7b68db891a467b689b891344f97ab4
:10105800fa68063152f82120528893420bdd7b68ea
:10106800d9897b689a89f87afb68063053f820306a
:101078000a4492b25a80fb6893f83b300133dab2e3
:10108800fb6883f83b2000bf1837bd4680bd80b59c
:1010980086b000af78600023fb827b685b89152be4
:1010a80042d17b681b7c122b34d17b681b89184684
:1010b80003f0d2fb38613b69002b3ed07b685b684c
:1010c8001b7803f00103002b21d03b6901229a729f
:1010d8003b691b881846e1f7fdf80346002b2cd026
:1010e8004ff4827026f048fdf860fb68002b24d08e
:1010f800fb6811221a707b681a89fb689a80fb6862
:1011080001229a710421f86803f0def915e013232f
:10111800fb8212e07b681b7c162b02d18023fb82aa
:101128000be08023fb8208e07b685b89132b02d1ec
:101138000023fb8201e08023fb82fb8a18461837d4
:10114800bd4680bd80b584b000af786039600023ab
:10115800fb813b685b89032b2ad13b681b7c122be4
:1011680003d03b681b7c522b0ed13b68db89dab27b
:101178003b685b6819461046f6f77cfe0346002b71
:1011880018d08023fb8115e03b685a8907f10d03cd
:1011980019467868fff795fe0346fb81fb89002b0b
:1011a80008d17b7b3a6819467868fff7dcfe01e0d6
:1011b8008023fb81fb8918461037bd4680bd80b56a
:1011c80084b000af78607b681b780c2b29d17b68d2
:1011d8009b88184603f040fbf860fb68002b20d082
:1011e800fb6800225a72fb681b881846e1f772f800
:1011f8000346002b15d04ff4827026f0bdfcb86072
:10120800bb68002b0dd0bb6810221a707b689a88c7
:10121800bb689a80bb6800229a710421b86803f001
:1012280053f900bf1037bd4680bd80b590b000af00
:1012380078604ff44073bb86bb8e184626f09cfc42
:1012480038633b6b002b02d102233b870ce0002361
:10125800fb8607f1140310220021184626f06cffc4
:101268003b6b7b6200233b873b8f002b40f0048164
:10127800844b1b681b68fb63d0e0fb6b9b897b87f7
:10128800c0e0fb6b5a687b8ff96b89895b1a1b017d
:101298001344fb62fb6a9b7b03f00403002b40f0c2
:1012a800ae80fb6a1a6807f112031146184615f05a
:1012b80067f87b8ab3f5205f12d07b8a42f6010279
:1012c80093420dd07b8a42f60202934208d07b8a71
:1012d80042f60302934203d07b8ab3f5245f5ad1c6
:1012e800fb6a9b681b88dbb29ab2fb8e13449bb2e5
:1012f8000433fb86fa8ebb8e9a4202d902233b87bf
:1013080086e07a8f07f124031146184615f008fa8b
:101318007a8a07f124031146184615f001fafb6a88
:101328005968fb6a9b681b88dbb29ab207f12403f1
:10133800184615f08ffa7b8a42f6020293425dd175
:10134800fb6a9b681b88042b58d1fb6a5a6807f113
:1013580010031146184615f013f83b8a07f10c02e2
:1013680007f108011846fff7dbfc0346002b45d0c0
:10137800fb8e1033fb86fa8ebb8e9a4202d902236b
:101388003b8745e0bb68596807f1240310221846db
:1013980015f060fa32e07b8a42f60112934213d0cc
:1013a8007b8a42f6021293420ed07b8a42f60312df
:1013b800934209d07b8a42f60412934204d07b8a76
:1013c80042f6051293421ad1fb8e0433fb86fa8e3d
:1013d800bb8e9a4203d902233b8700bf18e07a8f5d
:1013e80007f124031146184615f09af97a8a07f18d
:1013f80024031146184615f093f900e000bf7b8fcf
:1014080001337b87fb6bdb897a8f9a427ff639af92
:101418003b8f002b07d1fb6b1b68fb63fb6b002b1f
:101428007ff42baf00e000bf3b8f002b21d1fb8e58
:10143800184626f0a1fbb862bb6a002b13d0fb8ebe
:101448001a46396bb86a15f03ff8386b26f0a0fbde
:10145800fa8e07f114007b68b96a15f01dfbb86aab
:1014680026f096fb08e0386b26f092fb02233b87b8
:1014780002e0386b26f08cfb3b8f18464037bd46a0
:1014880080bd00bfb0b20020b0b588b000af7860b2
:101498007b68db88172b27d17b689b7a0a2b07d0c0
:1014a8007b689b7a0c2b03d07b689b7a082b18d11e
:1014b80007f108031846fff7b8fe0346002b0dd1c5
:1014c8007b681b685b681d4607f108040fcc286021
:1014d8006960aa60eb600023fb832fe08023fb8315
:1014e8002ce08023fb8329e07b68db88152b23d144
:1014f8007b689b7a0a2b07d07b689b7a0c2b03d0de
:101508007b689b7a082b14d17b689b88184603f06c
:10151800a3f9b861bb69002b08d07b681b685b68be
:10152800ba69927a1a700023fb8307e08023fb8351
:1015380004e08023fb8301e08023fb83fb8b1846b8
:101548002037bd46b0bd80b584b000af78607b68f9
:10155800db88032b26d17b689b7a0a2b07d07b6814
:101568009b7a0c2b03d07b689b7a082b17d17b685e
:101578001b685a6807f10d0311461846f6f72efc4a
:101588000346002b08d17a7b7b681b689b6892b264
:101598001a800023fb8107e08023fb8104e080237d
:1015a800fb8101e08023fb81fb8918461037bd468b
:1015b80080bd80b588b002af78600b467b8003237e
:1015c800fb82fb8a184601f079fc38613b69002be5
:1015d80001d1022321e03b691033bb6007f1080306
:1015e8000321184615f087f87a8807f10803114691
:1015f800184615f095f87b681888f98a0423009333
:1016080000233a6901f074fc0346fb81fb89002b37
:1016180002d0386901f061fcfb8918461837bd46cd
:1016280080bd80b588b000aff8600b467a607b81da
:101638007b89032b10d1f86809f028fc0346fb834b
:10164800fb8b002b0ad1fb68db7803f00203002b2d
:1016580004d00623fb8301e00423fb83fb8b002bd0
:1016680045d1fb68db7803f01003002b04d0264b30
:101678001b681b89bb8303e0234b1b685b89bb8307
:101688007b685a1c07f112031146184614f078febd
:101698007b8a162b01d817237b827b8aba8b9a42c6
:1016a80003d2fb68ba8b9a8002e07a8afb689a8038
:1016b800bb8b1946f868fff77cff03467b834ff422
:1016c800827026f059fa78617b69002b18d07b6903
:1016d8000e221a70fb681a887b699a80fb689a88c0
:1016e8007b69da800421786902f0eefe08e0fb8b62
:1016f800dbb200220221f86802f05efd03467b831c
:1017080000bf2037bd4680bdb0b2002080b586b08e
:1017180000aff8600b467a607b81fb681b7a002b70
:101728002cd1274b1b689b8903f00103002b25d084
:101738000c2026f021fa38613b69002b3ad07b89ce
:10174800184626f019fa02463b695a603b695b68fd
:10175800002b2fd03b6900221a603b697a891a81d5
:101768003b695b687a897968184626f0d7fbfb687d
:101778004c333969184621f0b3fe1be00023fb7592
:1017880014e0fb7d0f4a12f833207b681b789a42dd
:1017980009d1fb7d0b4adb0013445b6879897a68c1
:1017a800f868984707e0fb7d0133fb75fb7d0b2b41
:1017b800e7d900e000bf00bf1837bd4680bd00bfb5
:1017c800b0b20020d860050180b500af0b490420f5
:1017d80020f0d4fc0a49002003f076f9094b1b6875
:1017e800094a5a60094b1b68f7221a81074b1b6884
:1017f800f7225a810023184680bd00bf9d4a030185
:10180800a86005018cb1002015170301b0b20020b3
:1018180080b584b000af03463960fb80fb8818466a
:1018280003f01af8b860bb68002b02d10323fb81d0
:1018380019e03b681a78bb68db7c9a4211d13b6897
:1018480019783b685a883b685b78b86802f0b4fc42
:101858000346fb81fb89002b05d1bb680022da74a3
:1018680001e00123fb81fb8918461037bd4680bd86
:1018780080b584b000af78600023fb817b681b785b
:10188800002b03d019f038f80346fb81fb89184672
:101898001037bd4680bd80b483b000af03460a460a
:1018a800fb801346bb80fb88162b12d9fb88f72bcd
:1018b8000fd8bb88162b0cd9bb88f72b09d8084b37
:1018c8001b68fa881a81064b1b68ba885a8100235c
:1018d80000e0032318460c37bd465df8047b7047cb
:1018e800b0b2002080b584b000af78607b681b89f7
:1018f8001846f6f7c7fc0346002b0ad07b681a89fe
:101908007b68db6819461046fff782ff0346fb81b8
:1019180001e00423fb81fb8918461037bd4680bdd2
:1019280080b582b000af78607b689b681846fff787
:101938009fff034618460837bd4680bd80b582b074
:1019480000af0346fb80054b1b68fa889a8113f0a9
:101958002ffa002318460837bd4680bdb0b20020d4
:1019680080b584b000af03463960fb80114b1b681b
:10197800db6b10209847f860fb68002b01d102232d
:1019880013e0fb68fa881a81fb683a68da60f9683c
:1019980044f2060020f00efcfb681b887b81054b97
:1019a8001b681b6cf86898477b8918461037bd463a
:1019b80080bd00bf4cb0002080b584b000af786017
:1019c8000f4b1b68db6b0c209847f860fb68002bfb
:1019d80001d1022310e0fb687a689a60f96844f242
:1019e8000a0020f0e7fbfb681b887b81044b1b681f
:1019f8001b6cf86898477b8918461037bd4680bd30
:101a08004cb0002080b582b000af03460a46fb8088
:101a18001346bb80ba88fb8811461846fff73bff80
:0c1a2800034618460837bd4680bd00bfcd
:020000040000fa
:020000040103f6
:101a340080b400af054b00221a60054b00221a70d7
:101a440000231846bd465df8047b7047dcb10020d6
:101a5400e8b1002080b586b000af7860396000231b
:101a64007b6100233b617b681b683b613b687b6156
:101a74007b6993f84f3003f00403002b04d03b69d7
:101a8400012283f8632103e03b69002283f8632188
:101a94007b69d3f8b0203b69c3f898217b69d3f8fc
:101aa400ac203b69c3f89c21304b00221a70304ba8
:101ab40001221a802f4b00221a702f4a7b6913606f
:101ac400f8f724fd0346fb733b6993f82930bb7395
:101ad4002a4b00221a70fb7b002b13d03b6993f82e
:101ae4007330012b04d03b6993f87330042b03d17a
:101af400224b01221a7005e0bb7b002b02d01f4b46
:101b040001221a70386900f009fd1d4b00221a7079
:101b14003b69012283f862211a48fcf74ffc3b69b8
:101b240093f87330012b06d13b6903f5087316490a
:101b3400184605f0d5fe39690120fcf7c5fc396962
:101b44000120fcf733fd3b6993f86331194638698a
:101b540000f096f93b69d3f89c311846fcf7e2fb98
:101b6400002318461837bd4680bd00bf28b10020a9
:101b74002ab1002031b1002034b1002030b100205e
:101b8400e8b10020511d03010088130080b483b024
:101b940000af78603960002318460c37bd465df805
:101ba400047b704780b584b000af7860396000234f
:101bb400fb607b681b68fb60fb6893f86231002b59
:101bc40014d023f083f83b681b78002b07d10a4b11
:101bd4001b8843f004039ab2074b1a8006e0064bb5
:101be4001b8843f008039ab2034b1a80002318465b
:101bf4001037bd4680bd00bf2ab1002080b588b033
:101c040000af78600023fb777b681b68bb61bb690e
:101c1400002283f86321bb69d3f89021bb69c3f820
:101c24009821c8201df080fa786110f05dfd3861bc
:101c3400796938691df026fb0246bb69c3f89c210b
:101c4400234b00221a70234b01221a80224b0022bc
:101c54001a70224a7b681360f8f758fc0346fb733a
:101c6400bb6993f82930bb73fb7b002b06d0bb7b8d
:101c7400002b03d01a4b01221a7002e0184b0022e9
:101c84001a70bb69022283f862211648fcf796fb9e
:101c9400154b1b68002b03d0134b1b68012098477e
:101ca400b9690120fcf710fcb9690120fcf77efc3e
:101cb400fb7f1946b86900f0e3f8bb69d3f89c319f
:101cc4001846fcf72ffb002318462037bd4680bd7d
:101cd40028b100202ab1002031b100200cb200202c
:101ce40030b10020511d0301e0b1002080b483b065
:101cf40000af78607b68044a136000bf0c37bd46b0
:101d04005df8047b704700bfdcb1002080b483b071
:101d140000af78607b68044a136000bf0c37bd468f
:101d24005df8047b704700bfe0b1002080b483b04d
:101d340000af78607b68044a136000bf0c37bd466f
:101d44005df8047b704700bfe4b1002080b58ab021
:101d540000af7860002387f827307b689b68fb61bd
:101d64007b6893f86231002b22d03f4b03f5d253aa
:101d740018331a686ff300021a603b4b03f5b05333
:101d84000c331a686ff3db621a6079680020fcf781
:101d94009bfb79680020fcf709fc7b6893f873309f
:101da400012b05d17b6803f50873184605f056fe30
:101db4007b6893f86231022b02d1012387f8273024
:101dc4002a4b00221a707b68002283f862210023c8
:101dd400fb7607f10c03fa691a6007f10c0304336c
:101de4007b617b6900229a70214b1a887b691a8077
:101df4007b6997f82720da70fb7e43f0807343f405
:101e04008033194607f10c030822012013f0e1fc8a
:101e140097f827301946786800f0d4fb00233b81fb
:101e240000233b62134b1b78002b06d007f10803f9
:101e34003b620c233b7201237b7297f82730002b03
:101e440007d00d4b1b68002b09d00b4b1b68984720
:101e540005e00a4b1b68396a18460cf057f900bfb5
:101e64002837bd4680bd00bf00240141e8b10020f1
:101e74002ab1002031b10020e4b1002034b10020a7
:101e840080b588b000af78600b46fb700023fb611f
:101e94000023bb6100237b617b6803f5fc73fb615a
:101ea4007b68d3f898313b617b68d3f89c31fb6045
:101eb400fb691b687b61fb78002b06d07b68d3f839
:101ec40010227b68c3f8142203e07b687a69c3f8a4
:101ed40014227b68d3f814321b69bb617868fcf761
:101ee400b3fb7868fcf72cfc7868fcf7ddfb7868ba
:101ef40000f01af97b6893f83f3003f00103d9b27c
:101f04003e4b03f58652138861f3041313803b4b55
:101f140003f5825314331a686ff34d321a607b68e9
:101f240093f82d301946032022f032fdba69f9687e
:101f3400f869fcf753fafb78002b02d1786800f0bb
:101f440061f87b6893f87330052b0dd90023bb60cf
:101f54007b6803f50073bb60bb681b68002b03d070
:101f6400274b1b6878689847786800f0f3f87b681b
:101f740093f87330012b11d1204b03f5d2531c334a
:101f84001a68062161f30f021a601c4b03f5d25341
:101f940018331a6842f002021a600fe0174b03f577
:101fa400d2531c331a686ff30f021a60134b03f5f4
:101fb400d25318331a686ff341021a60bb6999b29d
:101fc4000e4b03f5d25318331a6861f31f421a609b
:101fd4003b6999b2094b03f5d35310331a6861f383
:101fe4001f421a60054b03f5d25318331a6842f0a6
:101ff40001021a6000bf2037bd4680bd00240141a4
:10200400dcb1002090b589b000af78600023fb619b
:1020140000237b6100233b617b6893f82030fb73d2
:102024007b68d3f8f8313b613b691b69fb6107f1bd
:102034000e03012118461df0c5faba7b384ba3fbe9
:10204400021399080b465b000b445b00d31adbb206
:10205400bb737b6893f873300b2b24d801a252f81e
:1020640023f000bf992003019f200301992003015d
:10207400a52003019f200301ab200301a520030138
:10208400a5200301a5200301a5200301a520030128
:10209400a52003010323bb7608e00223bb7605e0f9
:1020a4000123bb7602e00123bb7600bf0023fb764d
:1020b4002ee0fa7bbb7b1c46f97e1a4823465b0064
:1020c400234403440b441b7822fa03f303f0010373
:1020d400002b1ad0fb697b61bb7b1846fa7e114941
:1020e40003465b0003440b4413441b782533dbb2e3
:1020f40003f03f03d9b27a69936861f3c80393602c
:10210400bb7e1b01fa691344fb61fb7e0133fb7642
:10211400fb7e022bcdd900bf2437bd4690bd00bf46
:10212400abaaaaaa1881050180b483b000af786075
:10213400074b03f5a3530c331a88492161f30e02ac
:102144001a8000bf0c37bd465df8047b704700bfa2
:102154000024014180b489b000af78600023bb61e2
:102164000023fb6100237b617b6803f5fc737b61c7
:102174007b691b68fb617b691b68fb612fe07b68e3
:10218400d3f814321a46fb699a4222d8fb691b69b8
:10219400bb61fb691b7a042b0bd0052b11d0002be0
:1021a40019d1bb693b613a6913686ff34613136035
:1021b40012e0bb69fb60fa6813686ff3461313609f
:1021c4000ae0bb69bb60ba6813686ff34613136017
:1021d40002e000bf00e000bffb691b68fb61fb6914
:1021e400002bccd100bf2437bd465df8047b70477b
:1021f40080b58ab000af78600b46fb700023fb61aa
:1022040000237b620023bb61ff2387f823307b68b4
:1022140003f5fc73bb61bb691b687b62bb691b680c
:102224007b6239e07b68d3f814321a467b6a9a429f
:102234002ed87b6a1b69fb617b6a1b7a042b0dd049
:10224400052b15d0002b1dd1fb697b617b691b68b5
:10225400c3f34113dbb287f8233014e0fb693b611d
:102264003b691b68c3f34113dbb287f823300ae0f0
:10227400fb69fb60fb681b68c3f34113dbb287f89f
:10228400233000e000bf97f82330002b08d000e093
:1022940000bf7b6a1b687b627b6a002bc2d100e0b3
:1022a40000bf7b6a002b11d17b680022c3f8102287
:1022b40016e0fb78002b03d07b6a1b687b6202e08c
:1022c4007b6a2c3b7b627b6a002b04d07b6a1b7a83
:1022d400022beed800e000bf7b687a6ac3f81022b4
:1022e4007b68ff2283f89c20002387f8223016e0c5
:1022f4007b68d3f8102297f82230796830339b003a
:102304000b445b689a4205d17b6897f8222083f8d6
:102314009c200be097f82230013387f822307b6849
:1023240093f8f43097f822209a42e1d37b6893f82b
:102334009c20064b1b789a4204d8ff22012178681e
:1023440000f006f800bf2837bd4680bd32b100203a
:1023540080b489b000af78600b46fb701346bb7045
:102364007b6893f873303b770023bb613b7f052b7d
:1023740002d83b7f032b34d10023bb60fb78002bb6
:1023840020d00023fb7716e0fb7f7a6832339b0072
:1023940013449b68bb61bb69bb60fb7f7a68703385
:1023a4005b0013441989ba68136861f3de33136060
:1023b400fb7f0133fb777b6893f8f430fa7f9a4212
:1023c400e2d3a5e0bb787a6832339b0013449b6860
:1023d400bb61bb69bb60ba6813686ff3de3313601b
:1023e40096e03b7f002b02d03b7f022b58d1002389
:1023f4003b610023fb60fb78002b34d00023bb77c8
:102404002ae0bb7f7a6832339b0013449b68bb612c
:10241400bb693b61bb7f7a6870335b0013441989e5
:102424003a69136861f3de331360bb7f7a6836332d
:102434009b0013445b68bb61bb69fb60bb7f7a682c
:1024440074335b001344d988fa68136861f3de338c
:102454001360bb7f0133bb777b6893f8f430ba7f9a
:102464009a42ced354e0bb787a6832339b0013444b
:102474009b68bb61bb693b613a6913686ff3de33e8
:102484001360bb787a6836339b0013445b68bb6186
:10249400bb69fb60fa6813686ff3de33136037e0df
:1024a4003b7f042b34d100237b61fb78002b20d0ad
:1024b40000237b7716e07b7f7a6832339b001344da
:1024c4009b68bb61bb697b617b7f7a6870335b000f
:1024d400134419897a69136861f3de3313607b7fcf
:1024e40001337b777b6893f8f4307a7f9a42e2d3a6
:1024f4000ee0bb787a6832339b0013449b68bb615f
:10250400bb697b617a6913686ff3de331360ffe79d
:1025140000bf2437bd465df8047b704790b585b095
:1025240000af78607b6893f8633183f00103dbb21a
:10253400002b01d0002302e07b6893f89c307b736e
:10254400ff23bb737b6893f8633183f00103dbb231
:10255400002b08d0ff2201217868fff7f9fe7b6881
:10256400ff2283f89c207b7bfb7314e07b68d3f809
:1025740098117a7bfc7b786813465b0013442344f0
:1025840026339b0003449b6899420bd3fb7bbb73ac
:10259400fb7b0133fb737b6893f8f430fa7b9a423c
:1025a400e4d300e000bfbb7b1a4600217868fff744
:1025b400cffe034abb7b137000bf1437bd4690bdea
:1025c40032b1002080b582b000af78600b46fb705a
:1025d400394b1b8803f02003002b68d1364b1b8832
:1025e40003f00803002b62d1fb7883f00103dbb214
:1025f400002b5cd07b6893f87330012b57d02e4ba3
:102604001b8803f00403002b0bd12b4b1b8803f412
:102614008073002b05d1284b1b8803f08003002b0b
:1026240020d0254b1b8803f48073002b05d1224b4b
:102634001b8803f08003002b04d000217868fff787
:10264400d7fd03e001217868fff7d2fd7b68d3f85a
:102654001032002b03d0194b01221a7002e0174be1
:1026640000221a70154b1b7883f00103dbb2002b98
:102674001dd0134b1b781a467b6893f8f430013b4a
:102684009a4214da0e4b1b780133dab27b6883f872
:102694009c207b6893f89c307a6830339b00134409
:1026a4005a687b68c3f81022044b01221a7000bfd9
:1026b4000837bd4680bd00bf2ab1002031b10020db
:0426c40032b100200f
:020000040000fa
:020000040103f6
:1026c80080b582b000af03463960fb80fb883a686a
:1026d800194602201ff092fd00bf0837bd4680bd95
:1026e80080b582b000af0346fb71fb79072b18d881
:1026f8000e4b1b68fa79043253f82230002b10d0a5
:102708000a4b1b68fa79043253f82230184625f030
:102718003ffa064b1b68fa790432002143f822106d
:1027280000e000bf0837bd4680bd00bf18b20020da
:10273800b0b582b000af0023fb710023fb714ee0ff
:102748002b4b1b68fa79043253f82230002b43d103
:10275800274b1c68fd790c2025f00efa02462b1d2c
:1027680044f82320224b1b68fa79043253f82230ac
:10277800002b2ad01e4b1b68fa79043253f82230fa
:102788000c220021184625f0d7fc194b1b68fa7952
:10279800043253f8223040221a81154b1b68fa790b
:1027a800043253f822300122da71114b1b68fa798e
:1027b800043253f82230fa799a700d4b1b68fa7973
:1027c800043253f8223001229a72094b1b68fa79b5
:1027d800043253f8223006e0fb790133fb71fb79b0
:1027e800072badd9002318460837bd46b0bd00bf3a
:1027f80018b2002080b485b000af0346fb800023e8
:10280800fb730023fb7324e0174b1b68fa7b04322d
:1028180053f82230002b19d0134b1b68fa7b043273
:1028280053f822309b7a012b10d10f4b1b68fa7b8f
:10283800043253f822301b88fa889a4206d10a4b90
:102848001b68fa7b043253f8223006e0fb7b013325
:10285800fb73fb7b072bd7d9002318461437bd46db
:102868005df8047b704700bf18b2002080b485b0c3
:1028780000af78607b68db79fb737b68db790133b9
:10288800dab27b68da71fb7b18461437bd465df80f
:10289800047b704780b485b000af78607b681b8983
:1028a800fb817b681b8901339ab27b681a81fb899b
:1028b80018461437bd465df8047b704780b584b070
:1028c80000af03463a60fb800b46bb803b680c3385
:1028d800bb60ba8807f108031146184613f020ffb9
:1028e80007f108030521184613f01affbb880433c3
:1028f8009ab2f8883b68002107f0f2fa0346fb8198
:10290800fb8918461037bd4680bd80b58cb002af34
:102918007b600346fb810b46bb811346fb72012398
:10292800fb84fb891846fff765ff38623b6a002b7a
:1029380001d101234ee0fb7a9bb20633fb83fb8b6c
:10294800184600f0bbfab861bb69002b41d0bb69df
:1029580010337b6107f114030121184613f0cbfef5
:102968003b6a9a7907f114031146184613f0c3fe1f
:10297800fb7a9bb202339ab207f114031146184648
:1029880013f0cefeba8907f114031146184613f066
:10299800c7fefb7a002b05d07b69fa7a796818465e
:1029a80025f0bcfa3b6a1b88f98bba691846fff711
:1029b80085ff0346fb84fb8c002b0ad0b86900f026
:1029c8008cfa064b0093042300225121ee2009f0d3
:1029d8000bfefb8c18462837bd4680bd58400501c4
:1029e80090b589b000af0446084611461a462346fa
:1029f800fb800346bb800b467b8013463b80fb88ed
:102a08001846fff7f7feb861bb69002b01d1012317
:102a180057e0bb69db78002b01d1012351e00c237f
:102a2800fb82fb8a184600f049fa38613b69002ba3
:102a380044d03b691033fb6007f10c0312211846a0
:102a480013f059feb869fff711ff03461a4607f15c
:102a58000c031146184613f04efe07f10c0308212b
:102a6800184613f05dfeba8807f10c0311461846a4
:102a780013f056fe7a8807f10c031146184613f036
:102a88004ffe3a8807f10c031146184613f048fe2a
:102a98003a8e07f10c031146184613f041fef98ae5
:102aa800fb883a691846fff709ff0346fb83fb8b4f
:102ab800002b05d0386900f010fa01e00223fb83ef
:102ac800fb8b18462437bd4690bd80b588b000af53
:102ad80003460a46fb801346bb80fb881846fff76f
:102ae80089feb861bb69002b01d1012339e00623b7
:102af800fb82fb8a184600f0e1f938613b69002b3c
:102b08002cd03b691033fb6007f10c0313211846e6
:102b180013f0f1fdbb699a7907f10c0311461846c9
:102b280013f0e9fd07f10c030221184613f0f8fd34
:102b3800ba8807f10c031146184613f0f1fdf98a1b
:102b4800fb883a691846fff7b9fe0346fb83fb8bff
:102b5800002b05d0386900f0c0f901e00223fb839f
:102b6800fb8b18462037bd4680bd80b584b000afca
:102b780003463a60fb800b46bb80f888002300229e
:102b88000021fff7c2fe0346fb8100bf1037bd4698
:102b980080bd80b582b000af03463a60fb800b462b
:102ba800bb80f888002300220021fff7aefe034611
:102bb800dbb218460837bd4680bd80b582b000af8d
:102bc80003463960fb80064b1b689b68fa883968a6
:102bd80010469847002318460837bd4680bd00bff9
:102be80018b2002080b483b000af03463960fb8080
:102bf800002318460c37bd465df8047b704780b546
:102c080082b000af03463a60fb800b46bb80054ba1
:102c18001b685b68b988f8883a68984700bf083726
:102c2800bd4680bd18b2002080b483b000af034613
:102c3800fb80fb8803f00203002b0bd0084b1b68ba
:102c480000221a60064b1b68064a5a60044b1b6830
:102c5800054a9a6000bf0c37bd465df8047b704793
:102c680018b200209b2b0301ed2b030180b588b01f
:102c780000af03463a60fb800b46bb803b680433d9
:102c8800bb60fb881846fff7b5fdf861fb69002bb0
:102c980056d0bb880c2b08d0f888002300220021ce
:102ca800fff733fe03467b834be0fb69db78012ba0
:102cb80008d1f888002300220021fff726fe0346ea
:102cc8007b833ee007f1080207f11203114618461c
:102cd80013f042fc07f1080207f1100311461846e9
:102ce80013f03afc07f1080207f10e0311461846e3
:102cf80013f032fc07f1080207f10c0311461846dd
:102d080013f02afc0c2024f037ff78617b69002b34
:102d180017d07b6900221a707a8a7b699a803a8a6e
:102d28007b69da80fa897b691a81ba897b695a8159
:102d38007b69fa885a8079690c20fff7c1fc00e0aa
:102d480000bf2037bd4680bd80b586b000af0346c2
:102d58003a60fb800b46bb80bb88062b08d0f888fe
:102d6800002300220021fff7d0fd03467b821ee0ee
:102d78003b680433fb6007f10c0207f112031146ac
:102d8800184613f0e9fb062024f0f6fe78617b690b
:102d9800002b0cd07b6901221a707b69fa885a8053
:102da8007a8a7b699a8079690620fff789fc183747
:102db800bd4680bd80b58ab002af03463a60fb804d
:102dc8000b46bb800023fb773b681b780193384b8d
:102dd8000093042302225021ee2009f005fcfb8811
:102de8001846fff707fdb861bb69002b0bd1fb88bc
:102df8000193304b0093042300225221ee2009f066
:102e0800f3fb00234fe03b683b6107f1100207f139
:102e18000f031146184613f08afb07f1100207f159
:102e28000e031146184613f082fb07f1100207f152
:102e38000c031146184613f08ffbbb891a46bb8852
:102e4800043b9a4209d0f888002300220021fff7aa
:102e58005cfd0346fb82002325e0ba7bbb699a71bf
:102e6800fb7b1a2b02d8fb7b002b09d1f8880023a7
:102e780000220021fff749fd0346fb82012312e0ef
:102e8800fb7b013b0c4a52f82330002b0ad001236c
:102e9800fb77fb7b013b084a52f82330b988f88856
:102ea8003a689847fb7f18462037bd4680bd00bf6b
:102eb800744005018c400501f03f050180b582b0e2
:102ec80000af0346fb80fb881033184624f054fefd
:102ed800034618460837bd4680bd80b582b000afae
:102ee8007860786824f054fe00bf0837bd4680bd7e
:102ef80080b586b000afba601a460346fb810b4620
:102f0800bb811346fb71bb680c337b61ba8907f13f
:102f180014031146184613f003fc3a8c07f1140306
:102f28001146184613f0fcfbbb8904339ab2f979b1
:102f3800f889bb6806f0d4ff034618461837bd4623
:102f480080bd80b58ab004af78607b681b78012ba0
:102f580026d0032b43d0002b66d17b689b78002baf
:102f680064d1fff7e5fb78617b69002b0fd17b68a3
:102f78009b881a467b681b7802930192324b009318
:102f8800042300225321ee2009f02efb59e07b6830
:102f98009a887b691a807b689a797b69da7045e040
:102fa8007b685b881846fff725fc38613b69002b76
:102fb8000fd17b685b881a467b681b780293019265
:102fc800224b0093042300225421ee2009f00cfb2d
:102fd80037e03b699b781846fff782fb27e07b6860
:102fe8005b881846fff706fcf860fb68002b0fd1da
:102ff8007b685b881a467b681b7802930192134ba7
:103008000093042300225421ee2009f0edfa18e081
:103018007b681b79002b03d1fb680122da7206e07a
:10302800fb680022da7202e000bf00e000bf084b34
:103038001b681b68002b04d0054b1b681b6878684d
:1030480098471837bd4680bdb4400501e8400501e2
:1030580018b2002080b582b000af0023bb80214b9e
:103068001b68002b0bd1302024f086fd02461d4b37
:103078001a601c4b1b68002b0ed102232de0002385
:10308800fb7106e0fb791846fff72afbfb79013351
:10309800fb71fb79072bf5d9124b1b6830220021f5
:1030a800184625f049f810481ff0d6f80346bb80ab
:1030b8000e4b1b680e4a5a600c4b1b680d4a5a612e
:1030c800084b1b680c4a5a60064b1b680b4a9a60ef
:1030d800044b1b680a4ada60bb8818460837bd46a5
:1030e80080bd00bf18b200204b2f0301b8b20020ea
:1030f800bd2d0301c32b03019b2b0301ed2b030102
:10310800312c030190b585b002af0446084611463c
:103118001a462346fb800346bb800b467b8013463a
:103128003b803c887a88b988f8883b8b0093234693
:10313800fff756fc034618460c37bd4690bd80b5d0
:1031480082b000af03460a46fb801346bb80ba88ac
:10315800fb8811461846fff7b8fc0346184608379f
:10316800bd4680bd90b585b002af78607b681b898d
:103178001846f5f787f8034683f00103dbb2002b06
:1031880001d004230ee07b6818897b6859897b6825
:103198009a897b68dc897b681b8a00932346fff742
:1031a800b1ff034618460c37bd4690bd80b582b0c6
:1031b80000af78607b681b891846f5f763f803460b
:1031c80083f00103dbb2002b01d0042308e07b6805
:1031d8001a897b685b8919461046fff7b0ff0346da
:1031e80018460837bd4680bd80b483b000af03469b
:1031f8003960fb71fb7905493a6841f8232000bf23
:103208000c37bd465df8047b704700bf10b2002044
:1032180080b582b000af03463a60fb710b46bb71c4
:10322800fb79074a52f82320bb799b0013441b689b
:1032380038689847034618460837bd4680bd00bf22
:1032480010b2002080b500af064902201ef096ff9c
:1032580005490020fff7c8fffff7fcfe03461846a4
:1032680080bd00bf19320301e83f050190b585b064
:1032780000af0446084611461a462346fb8003461b
:10328800bb800b467b8013463b80164b1b68db6b71
:1032980014209847f860fb68002b1dd0fb68fa885b
:1032a8001a81fb68ba885a81fb687a889a81fb6818
:1032b8003a88da81fb683a8c1a82f9684ff4005030
:1032c8001ef078fffb681b887b81064b1b681b6c14
:1032d800f86898477b8900e0022318461437bd46f2
:1032e80090bd00bf4cb0002080b584b000af03464d
:1032f8000a46fb801346bb80114b1b68db6b0c2016
:103308009847f860fb68002b14d0fb68fa881a818c
:10331800fb68ba885a81f96842f201001ef04aff38
:10332800fb681b887b81064b1b681b6cf8689847f9
:103338007b8900e0022318461037bd4680bd00bfd8
:043348004cb0002065
:020000040000fa
:020000040103f6
:10334c0080b400af314b324a1a60304b4cf204520d
:10335c009a812e4b4ff440325a6000bf2b4bdb69e5
:10336c00002bfbd1294b1b68284a43f00203136046
:10337c0000bf264bdb69002bfbd1264b00221a62c7
:10338c00244b00229a62234b0022da62214b00224a
:10339c0083f834201f4b002283f83c201d4b002265
:1033ac009a631c4b0022da871a4b00221a60194bc5
:1033bc0000229a60174b0022da60164b00221a7515
:1033cc00144b00221a77134b00229a610f4b5b6847
:1033dc0003f00703012b08d00e4b4ff480721a63d5
:1033ec000c4b4ff480721a6105e00a4b80221a6371
:1033fc00084b80221a61054b80229a75034b0422dc
:10340c009a7500bfbd465df8047b7047000c004008
:10341c008401124000fc012080b400af024b18461e
:10342c00bd465df8047b70470090d003f0b587b0c3
:10343c0000af786039600023fb7500233b610023eb
:10344c00fb607b68002b00f0f0807b681b68002b16
:10345c0000f0eb803b68002b02d1fff7ddff3860fa
:10346c007b681b681b013a689a421ad37b681b68fd
:10347c004ff000044ff000004ff00001210541ea2d
:10348c00133118053b684ff000041a46234624f00c
:10349c0059fb03460c46c3f580333b610023fb60ac
:1034ac0051e07b681b68db003a689a421ad37b6850
:1034bc001b684ff000044ff000004ff00001e104d6
:1034cc0041ea5331d8043b684ff000041a462346b6
:1034dc0024f038fb03460c46c3f580333b610223d2
:1034ec00fb6030e07b681a6813465b0013443a6853
:1034fc009a4228d37b681b6819464ff000020b4692
:10350c001446dd1844eb04062b4634465b1842eb9c
:10351c0004044ff000014ff00002220442ea13426f
:10352c0019040b461446184621463b684ff000041c
:10353c001a46234624f006fb03460c46c3f580339b
:10354c003b610423fb603b4b1b683a4a23f00203ac
:10355c00136000bf374bdb69002bfbd1354b3a694d
:10356c0092b29a817b685b68022b18d1314b1b6835
:10357c0023f0706323f46043fa68520392b22d492e
:10358c0013430b602b4b5b6823f047027b689968f5
:10359c007b68db680b43274913434b601ee0254bcc
:1035ac001b6823f0706323f46043fa68520392b2f1
:1035bc001343204a43f0807313601e4b5b6823f463
:1035cc00015323f007037a6892681a437b68db681f
:1035dc001a437b685b68174913434b6000bf154b5c
:1035ec00db69002bfbd1134b1b68124a43f002031f
:1035fc00136000bf0f4bdb69002bfbd10d4b5b68dd
:10360c0003f00703012b08d00b4b4ff480721a63a5
:10361c00094b4ff480721a6105e0074b80221a6344
:10362c00054b80221a610123fb75fb7d18461c3764
:10363c00bd46f0bd000c004000fc012080b400af82
:10364c000a4b1b6803f00203002b0ad1074b1b68c3
:10365c00064a43f00203136000bf044bdb69002be6
:10366c00fbd100bfbd465df8047b7047000c0040e9
:10367c0080b400af0a4b1b6803f00203002b0ad086
:10368c00074b1b68064a23f00203136000bf044b70
:10369c00db69002bfbd100bfbd465df8047b704796
:1036ac00000c004080b483b000af0023fb800b4bb8
:1036bc0080221a76094b07225a8302e0074b9b6a39
:1036cc00fb80064b1b7edbb203f00403042bf5d00e
:1036dc0000bf0c37bd465df8047b7047000c004002
:1036ec0080b483b000af064bdb8ffb80044b002211
:1036fc00da87fb8818460c37bd465df8047b7047ab
:10370c0000fc012080b586b000af0346fb8000238f
:10371c00fb742d4b9b6a01337b612b4b1b6b7a69c2
:10372c009a4201d300237b61274bdb6a7a699a4268
:10373c0016d1254b1b6a002b12d0234b5b6afb6006
:10374c00214b1b6af968012098471f4b9b6a013378
:10375c007b611d4b1b6b7a699a4201d300237b6101
:10376c00194bdb6a7a699a4228d0184b5b6803f0d4
:10377c000703012b0ad0144b9b6abb60fb88d9b2a0
:10378c00134abb6813440a461a7012e00e4b9b6a2c
:10379c005b00bb60fb88d9b20d4abb6813440a4678
:1037ac001a70fb881b0a9ab2bb680133d1b2084a63
:1037bc00d154054a7b6993620123fb74fb7c184648
:1037cc001837bd4680bd00bf00fc0120000c004036
:1037dc0040fc012080b582b000af174b93f8343019
:1037ec00dbb2002b24d000f08df87860124b1b6af2
:1037fc00002b1dd0104b5b6a3b600f4b93f83c3099
:10380c00dbb2002b0ad00c4b9b6b7a689a420fd31d
:10381c00094b1b6a39680020984709e0064b9b6be3
:10382c007a689a4204d1044b1b6a39680020984785
:10383c0000bf0837bd4680bd00fc012080b489b0b4
:10384c0000af786039600023fb612b4bdb6abb61f6
:10385c00294b9b6a7b613fe0ba697b699a4240d0f5
:10386c00264b5b6803f00703012b0fd07a68fb69ca
:10387c0013442349ba690a441278d2b21a70fb690c
:10388c000133fb61bb690133bb611ee0bb695b00ab
:10389c003b61fb695b00fb607a68fb681344184969
:1038ac003a690a441278d2b21a703b695a1cfb6806
:1038bc00013379680b4412498a5cd2b21a70bb6925
:1038cc000133bb61fb690133fb610b4b1b6bba69a9
:1038dc009a4201d30023bb61fa693b689a42bbd37d
:1038ec0000e000bf044abb69d362fb691846243769
:1038fc00bd465df8047b704700fc0120000c0040c5
:10390c0040fc012080b485b000af0e4bdb6abb607d
:10391c000c4b9b6a7b607a68bb689a4204d37a68ca
:10392c00bb68d31afb6006e0064b1a6bbb68d31a54
:10393c007a681344fb60fb6818461437bd465df883
:10394c00047b704700fc012098b500af044b1c6b46
:10395c00fff7d8ff0346e31a013b184698bd00bf9a
:10396c0000fc012080b400af034b1b6b013b1846dd
:10397c00bd465df8047b704700fc012080b485b027
:10398c0000af03460a46fb711346bb71094b93f813
:10399c003430fb73074afb7982f83430054abb7923
:1039ac0082f83c30fb7b18461437bd465df8047b2f
:1039bc00704700bf00fc012080b483b000af78607a
:1039cc007b68002b02d0044a7b68936300bf0c37e2
:1039dc00bd465df8047b704700fc012080b483b0c9
:1039ec0000af78603960064a7b681362044a3b6812
:1039fc00536200bf0c37bd465df8047b704700bfb7
:103a0c0000fc012080b483b000af0023fb71084b95
:103a1c001b7edbb203f00203022b01d10123fb71ed
:103a2c00fb7918460c37bd465df8047b704700bf28
:103a3c00000c004080b489b000af78600023fb77a5
:103a4c00224b9b687b61214bdb68bb617b683b61d4
:103a5c00ba697b699a4231d01d4b5b6803f007034e
:103a6c00012b0ad01b4abb6913441b78dab23b69a1
:103a7c001a70bb690133bb6114e0bb695b00fb606e
:103a8c00144afb6813441b78dab23b691a70fb6862
:103a9c005a1c3b6901330f498a5cd2b21a70bb695c
:103aac000133bb61094b1b69ba699a4201d30023ec
:103abc00bb61064abb69d3600123fb77fb7f1846c9
:103acc002437bd465df8047b704700bf00fc012025
:103adc00000c004040fd012080b489b000af0346cb
:103aec00fb80234b9b687b61214bdb683b61002394
:103afc00fb767b690133fb611d4b1b69fa699a42aa
:103b0c0001d30023fb61fa693b699a4228d0194b17
:103b1c005b6803f00703012b07d0fb88d9b2164a68
:103b2c007b6913440a461a7015e07b695b00fb60e5
:103b3c00fb88d9b2104afb6813440a461a70fb681a
:103b4c000133fb60fb881b0a9bb2d9b20a4afb68a3
:103b5c0013440a461a70064afb6993600123fb76ec
:103b6c00fb7e18462437bd465df8047b704700bfca
:103b7c0000fc0120000c004040fd012080b582b00b
:103b8c0000af164b1b7ddbb2002b23d000f0a6f848
:103b9c007860124b1b68002b1cd0104b5b683b6091
:103bac000e4b1b7fdbb2002b0ad00c4b9b697a6847
:103bbc009a420fd3094b1b6839680320984709e0d8
:103bcc00064b9b697a689a4204d1044b1b6839688e
:103bdc000320984700bf0837bd4680bd00fc01207c
:103bec0080b485b000af0e4b9b68bb600c4bdb68a0
:103bfc007b60ba687b689a4204d3ba687b68d31a34
:103c0c00fb6006e0064b1a697b68d31aba6813444a
:103c1c00fb60fb6818461437bd465df8047b7047a3
:103c2c0000fc012080b582b000affff7d9ff7860af
:103c3c007b6818460837bd4680bd80b584b000afa0
:103c4c00786039600023fb6031e0234b5b6803f044
:103c5c000703012b0ed07a68fb6813441b789bb2c8
:103c6c001846fff739ff0346002b25d0fb680133bc
:103c7c00fb601ce0fb685b0001337a6813441b7823
:103c8c007b817b891b027b81fb685b007a68134418
:103c9c001b789ab27b8913437b817b891846fff78b
:103cac001bff0346002b09d0fb680133fb60fa684d
:103cbc003b689a42c9d302e000bf00e000bffff7a7
:103ccc008fff0346002b02d0034b01229a75fb6831
:103cdc0018461037bd4680bd000c004098b500afab
:103cec00044b1c69fff79eff0346e31a013b184681
:103cfc0098bd00bf00fc012080b400af034b1b69d2
:103d0c00013b1846bd465df8047b704700fc012062
:103d1c0080b485b000af03460a46fb711346bb71f5
:103d2c00074b1b7dfb73064afb791375044abb7961
:103d3c001377fb7b18461437bd465df8047b704740
:103d4c0000fc012080b483b000af78607b68002b4e
:103d5c0002d0044a7b68936100bf0c37bd465df806
:103d6c00047b704700fc012080b483b000af786006
:103d7c003960064a7b681360044a3b68536000bf95
:103d8c000c37bd465df8047b704700bf00fc01207a
:103d9c0080b582b000af0f4b5b8b9bb203f0070377
:103dac00fb80fb88002b10d00b4afb88d387fff7d6
:103dbc0079fc094b1b6a002b07d0074b5b6a3b60f5
:103dcc00054b1b6a39680220984700bf0837bd466f
:103ddc0080bd00bf000c004000fc012080b500af8e
:103dec000ae00a4b9b6a9bb21846fff78bfc034612
:103dfc00002b01d0fff7eefc044b1b7edbb203f073
:103e0c000403042bedd000bf80bd00bf000c0040ac
:103e1c0080b582b000af1be0bb1d1846fff70afe51
:103e2c000346002b10d0104b5b6803f00703012beb
:103e3c0004d0fb88dab20c4b9a6202e0fa880a4b87
:103e4c009a62fff79bfe03e0074b01221a7506e00e
:103e5c00054b1b7edbb203f00103012bdcd000bf52
:103e6c000837bd4680bd00bf000c004080b582b055
:103e7c0000af0023fb71364b9b7ddbb2002b62d075
:103e8c00334b1b7edbb203f08003802b0cbf012372
:103e9c000023fb712e4b9b7ddbb203f08003802b48
:103eac0004d1fb79002b01d0012300e00023fb712e
:103ebc00fb7903f00103fb71fb79002b01d0fff7b9
:103ecc0067ff234b1b7edbb203f00103012b0cbffe
:103edc0001230023fb711e4b9b7ddbb203f001031e
:103eec00012b04d1fb79002b01d0012300e000232e
:103efc00fb71fb7903f00103fb71fb79002b01d003
:103f0c00fff786ff124b1b7edbb203f00403002b82
:103f1c0014bf01230023fb710d4b9b7ddbb203f01f
:103f2c000403002b04d0fb79002b01d0012300e00b
:103f3c000023fb71fb7903f00103fb71fb79002b70
:103f4c0001d0fff74bff00bf0837bd4680bd00bf57
:043f5c00000c004015
:020000040000fa
:020000040103f6
:103f6000b0b582b000af0023fb7157e02f4b1b6848
:103f7000fa79043253f82230002b4cd12b4b1c68b9
:103f8000fd79882023f0fcfd02462b1d44f82320f8
:103f9000264b1b68fa79043253f82230002b33d0b9
:103fa000224b1b68fa79043253f822308822002110
:103fb000184624f0c5f81d4b1b68fa79043253f8f3
:103fc000223017229a80194b1b68fa79043253f871
:103fd0002230fa799a70154b1b68fa79043253f83b
:103fe0002230012283f88520104b1b68fa790432b5
:103ff00053f822300022da640c4b1b68fa79043241
:1040000053f8223000221a65084b1b68fa790432f3
:1040100053f8223006e0fb790133fb71fb79072b63
:10402000a4d9002318460837bd46b0bd8cb1002086
:1040300080b582b000af78607b6893f84630002b83
:1040400004d07b685433184603f00afd7b689b7ce0
:104050001d2b04d17b686c33184603f001fd00bfb3
:104060000837bd4680bd80b584b000af78600023be
:10407000fb7317e0fa7b7b68063253f82230002b83
:104080000dd0fa7b7b68063253f82230184623f0b5
:1040900083fdfa7b7b680632002143f82210fb7b0c
:1040a0000133fb73fb7b072be4d97b68002283f889
:1040b0003b2000bf1037bd4680bd80b584b000af47
:1040c0000346fb71fb79072b73d83c4b1b68fa79cd
:1040d000043253f82230002b6bd0384b1b68fa792e
:1040e000043253f822301846fff7a2ff334b1b6807
:1040f000fa79043253f82230db68002b09d02f4bb9
:104100001b68fa79043253f82230db68184623f032
:1041100043fd2a4b1b68fa79043253f822301b6c9a
:10412000002b09d0254b1b68fa79043253f8223052
:104130001b6c184623f030fd204b1b68fa790432c3
:1041400053f822304c3318461ff059fa0346002b1f
:1041500015d01a4b1b68fa79043253f822304c33cd
:1041600018461ff0e1f9f860fb68002b07d0fb68e8
:104170005b68184623f010fdf86823f00dfd0f4b27
:104180001b68fa79043253f822301846fff76bffa8
:104190000a4b1b68fa79043253f82230184623f090
:1041a000fbfc064b1b68fa790432002143f822100d
:1041b00000e000bf1037bd4680bd00bf8cb10020bd
:1041c00080b586b000af7860084611461a460346af
:1041d000fb700b463b801346bb70fb78122b07d15c
:1041e0007b689b8a002b03d07b6800229a8223e0a5
:1041f000fb78162b11d17b6893f83930013bdab28a
:104200007b6883f839207b6893f83930002b13d111
:104210007b68002283f838200ee0fb78182b0bd146
:104220007b6893f83830032b06d17868fff71bffc3
:104230007b68002283f838200523fb82fb8a18461e
:10424000fef740fe38613b69002b01d102232ce0d0
:104250003b691033bb6007f108030121184612f0d7
:104260004efafa7807f108031146184612f047fa99
:104270003a8807f108031146184612f055faba7841
:1042800007f108031146184612f039fafb8a3a6919
:104290001946786800f01efb0346fb81fb89002b62
:1042a00002d03869fef71dfefb8918461837bd4657
:1042b00080bd80b586b002af03463a60fb800b46f6
:1042c000bb803b681b7801937e4b00930423022242
:1042d0009021ee2008f08cf9fb88184600f0c0fa17
:1042e000f860fb68002b0bd1fb880193764b0093a1
:1042f000042300229121ee2008f07af90023dce06b
:10430000fb689b88ba889a4201d90023d5e03b68b4
:104310001b78013b512b00f2bc8001a252f823f024
:1043200079440301694403017944030169440301a9
:104330007944030169440301794403016944030199
:104340007944030169440301794403016944030189
:104350007944030193440301934403016944030135
:10436000794403016944030179440301934403013f
:10437000934403016944030179440301694403013f
:1043800079440301934403017944030193440301f5
:1043900079440301694403019344030193440301f5
:1043a00093440301934403019344030193440301a1
:1043b0009344030193440301934403019344030191
:1043c0009344030193440301934403019344030181
:1043d0009344030193440301934403019344030171
:1043e0009344030193440301934403019344030161
:1043f0009344030193440301934403019344030151
:104400009344030193440301934403019344030140
:104410009344030193440301934403019344030130
:104420009344030193440301934403019344030120
:104430009344030193440301934403019344030110
:104440009344030193440301934403019344030100
:1044500093440301934403019344030193440301f0
:104460009344030169440301184b1b685b68b988d6
:104470003a68f86898471fe0144b1b689b68002b4c
:1044800017d0124b1b689b68b9883a68f868984740
:104490000fe03b681b7803f04003002b0bd13b6817
:1044a000197806230022f868fff78afe03467b810d
:1044b00001e000bf00e000bf012318461037bd46f1
:1044c00080bd00bf38610501506105018cb100203d
:1044d00080b584b000af78600b46fb700023bb73df
:1044e0000023fb7310e0fb7b104a52f82330002bb3
:1044f00007d0fb7b0d4a52f8233078689847034673
:10450000bb73fb7b0133fb73fb7b002bebd0bb7bd3
:10451000012b07d0fb787a684ff4827118461df0a2
:1045200071fe00e000bf1037bd4680bd90b1002095
:1045300080b586b000af78600023bb742a4b1b683f
:104540001b687b610ae07b68da7a7b691b7c134419
:10455000dab27b68da727b691b687b617b69002b4e
:10456000f1d17b68db7a9b00fb60fb68002b36d0c7
:10457000f86823f005fb02467b68da607b68db683d
:10458000002b2dd0184b1b681b687b6123e0002398
:10459000fb7418e07b699a68fb7c9b001a447b687b
:1045a000d968bb7c9b000b4412881a807b68da6850
:1045b000bb7c9b00134400225a80bb7c0133bb743c
:1045c000fb7c0133fb747b691b7cfa7c9a42e1d350
:1045d0007b691b687b617b69002bd8d100e000bf41
:1045e0001837bd4680bd00bfb0b2002080b58cb08a
:1045f00004af78607b681b78012b61d0032b00f03f
:10460000ce80002b40f0ed807b689b78002b40f043
:10461000ea80fff7a5fcf861fb69002b08d1754b18
:104620000093042300229221ee2007f0e1ffdde059
:104630007b689a88fb691a807b689b79002b07d17d
:10464000fb69db7843f02103dab2fb69da7006e03c
:10465000fb69db7843f01103dab2fb69da70f869c1
:10466000fff766fffa6992f85c30012161f30203fb
:1046700082f85c30fb69042283f85d20fb699b783b
:104680001a46fb691a66fa6992f87430012161f3df
:10469000020382f87430fb69042283f87520fb69f9
:1046a0009b781a46fb699a67534b1b68db68002ba3
:1046b00000f09980504b1b68db687868984792e05f
:1046c0007b685b88184600f0cbf8b861bb69002bab
:1046d0000fd17b685b881a467b681b780293019236
:1046e000464b0093042300229321ee2007f080ff25
:1046f0007ce0bb691b881846ddf7f0fd0346002b04
:1047000047d04ff4827023f03bfa78617b69002b2d
:104710000ed07b6911221a70bb691a887b699a8056
:10472000bb699a7a7b699a7104217869fff7d0fe98
:104730004ff4827023f024fa38613b69002b28d0b3
:10474000bb69db7a9b00184623f01afaf860fb6815
:10475000002b1ed03b6912221a70bb691a883b6974
:104760001a81bb69da7a3b699a723b69fa685a60c6
:104770003b695868bb69d968bb69db7a9b001a46fc
:1047800023f0d0fb04213869fff7a2fef86823f07c
:1047900003fabb699b781846fff78ffc26e07b681d
:1047a0001b79002b21d17b685b88184600f058f8f4
:1047b000b860bb68002b0fd17b685b881a467b68aa
:1047c0001b78029301920d4b009304230022932146
:1047d000ee2007f00dff09e0bb68012283f884207a
:1047e00003e000bf02e000bf00e000bf2037bd468d
:1047f00080bd00bf786105018cb100209461050186
:1048000080b584b000af78607b681b7afb734ff48f
:10481000827023f0b5f9b860bb68002b06d0bb6886
:104820000d221a700421b868fff752fe0b4b1b686b
:10483000fa7b043253f82230002b0ad0074b1b6856
:10484000fa7b043253f822301b8813211846eff705
:1048500070fa00bf1037bd4680bd00bf8cb100208c
:1048600080b485b000af0346fb800023fb7325e0d6
:10487000174b1b68fa7b043253f82230002b1ad0f6
:10488000134b1b68fa7b043253f8223093f88530bf
:10489000012b10d10e4b1b68fa7b043253f82230e7
:1048a0001b88fa889a4206d1094b1b68fa7b0432ae
:1048b00053f8223006e0fb7b0133fb73fb7b072bb5
:1048c000d6d9002318461437bd465df8047b7047df
:1048d0008cb1002080b588b002aff8600b467a60da
:1048e0007b81fb68db7803f00103002b0bd0fb68b6
:1048f000188879890423009300237a68fef7fcfa6c
:104900000346fb8201e00123fb82fb8a184618372d
:10491000bd4680bd80b485b000aff8600b467a60bc
:104920007b8100bf1437bd465df8047b704780b4bf
:1049300085b000af78600023fb7308e0fb7b0f4a73
:1049400052f82330002b06d0fb7b0133fb73fb7b3b
:10495000002bf3d000e000bffb7b012b06d0fb7bdc
:1049600006497a6841f82320002300e00423184612
:104970001437bd465df8047b704700bf90b100203e
:1049800080b584b000af0346fb80fb881846fff774
:1049900067fff860fb68002b01d1032303e0fb688d
:1049a00001221a72002318461037bd4680bd80b51b
:1049b00082b000af294b1b68002b0bd1302023f0b5
:1049c000dff80246254b1a60244b1b68002b0ed1e2
:1049d00000233fe00023fb7106e0fb791846fff758
:1049e0006cfbfb790133fb71fb79072bf5d91c4b71
:1049f0001b68002b0bd1102023f0c2f80246184b85
:104a00001a60174b1b68002b01d1002322e0134bc7
:104a10001b6830220021184623f092fb104b1b68c4
:104a200010220021184623f08bfb0d4b1b6800223f
:104a30001a600b4b1b6800225a60084b1b68094a1e
:104a40005a60064b1b6800229a60044b1b680022c8
:104a5000da60012318460837bd4680bd8cb10020be
:104a6000b0b200201549030180b500af084a042107
:104a700001201df047ff07481df0f2fb0649042006
:104a80001df0a4fdfcf7a4fe0023184680bd00bf66
:104a900001480301ed450301b342030180b582b033
:104aa00000af03463a60fb710b46bb71fb79074ac6
:104ab00052f82320bb799b0013441b683868984741
:104ac000034618460837bd4680bd00bf94b100209c
:104ad00080b483b000af03463960fb71fb790549b0
:104ae0003a6841f8232000bf0c37bd465df8047bcf
:084af000704700bf94b10020e3
:020000040000fa
:020000040103f6
:104af80080b588b000af7860412023f03df8f861b8
:104b0800fb69002b3fd0fb6900221a70204b1b6801
:104b18009b684033102118461af052fd1c4b1b6845
:104b28009b6840227968184623f0f8f9fb69581cfd
:104b3800174b1b689b682022194623f0eff9fb6985
:104b480003f12100124b1b689b682022194623f0b1
:104b5800e5f90f4b1b689b6803f1400007f10c0354
:104b68004122f96911f098fff86923f011f8084b10
:104b78001b689b68012283f8502007f10c03184634
:104b8800d9f7edfc00e000bf2037bd4680bd00bf6f
:104b9800c8b2002080b588b000af03463960fb80fa
:104ba8000023bb83fb881846dcf7eefeb861bb69bf
:104bb800002b03d0bb699b6d002b01d10123e3e0df
:104bc8003a6807f10c031068186092889a800023ed
:104bd800fb7710e0fb7f07f12002134413f8142c35
:104be800fb7f303ad2b207f120010b4403f8142cb2
:104bf800fb7f0133fb77fb7f052bebd93b7b1a4609
:104c0800634b03fb02f27b7b194642f2107303fbf2
:104c180001f31a44fb7b1946642303fb01f1bb7bb8
:104c280018464ff47a7303fb00f30b441a443b7c99
:104c380019460b469b000b445b0013447a7c1344d3
:104c48007b61bb699b6d6f337969184611f00dfc68
:104c5800bb699b6d6f3304330c220021184623f087
:104c68006bfabb699b6d01229a70bb6993f855304a
:104c7800002b54d0bb699b6d93f86f301a46bb6903
:104c88009b6d93f870301b0242ea0301bb699b6d70
:104c980093f871301a04bb699b6d0a439a62bb6929
:104ca8009b6d002283f82620bb699b6d9b6aba69bd
:104cb800926d92f82620d340dbb203f00103dbb2f9
:104cc80063f07f03fb74fb7c1946b869ddf710f8c5
:104cd800bb69db78002b0ad1bb699b6d03f5d873e0
:104ce8001946b869dcf78efe0346bb834be0bb6907
:104cf8009b6ddb78002b46d0bb699b6d0022da7078
:104d0800bb699b6d00229a70bb699b6d03f5b873f4
:104d18001946b869dcf776fe0346bb8333e0bb6906
:104d2800db78002b11d1bb699b6d6f331946b869cd
:104d3800ddf77cf8bb699b6d03f5d8731946b86934
:104d4800dcf760fe0346bb831de0bb699b6ddb7827
:104d5800002b18d0bb699b6d0022da70bb699b6d74
:104d680000229a70bb699b6d6f331946b869ddf7ed
:104d78005df8bb699b6d03f5b8731946b869dcf734
:104d880041fe0346bb83bb8b18462037bd4680bd1a
:104d9800a086010080b584b000af0346fb80fb8885
:104da8001846dcf7f1fdf860fb68002b03d0fb68c0
:104db8009b6d002b01d1012304e00821f868dcf782
:104dc80097fe034618461037bd4680bd80b584b0af
:104dd80000af03460a46fb8013467b710023fb8124
:104de8007b79012b01d9032359e0fb881846dcf7ae
:104df800cbfdb860bb68002b03d0bb689b6d002b54
:104e080001d101234be0bb689b6d5b7803f0040381
:104e1800002b01d1012342e07b79002b05d00c2126
:104e2800b868dcf765fe034639e0bb68db78002b21
:104e38000ad1bb689b6d03f5e8731946b868dcf7bf
:104e480020fe0346fb8129e0bb689b6d1b79002b84
:104e580020d0bb689b6d00221a71bb689b6d03f55f
:104e6800c8731946b868dcf70cfe0346fb81fb895a
:104e7800002b08d1bb689b6da03300220021b868c5
:104e8800daf794fc0ae0002300220121b868daf777
:104e98008dfc03e0bb689b6d01229a70fb89184664
:104ea8001037bd4680bd80b584b000af7860002360
:104eb800fb6007f10803032118461af081fb3b7acf
:104ec8001a047b7a1b021343ba7a1343fb60fa680d
:104ed8003a4ba3fb02139b0c394901fb03f3d31a8a
:104ee8005b09384aa2fb0323db09dbb23033dab2b1
:104ef8007b681a70fa6853093249a1fb0313db096e
:104f0800314901fb03f3d31a304aa2fb03235b0b9d
:104f1800dab27b6801333032d2b21a70fa682b4b9e
:104f2800a3fb02135b0b42f2107101fb03f3d31acc
:104f3800274aa2fb03239b09dab27b68023330328b
:104f4800d2b21a70fa68224ba3fb02139b094ff4e2
:104f58007a7101fb03f3d31a1e4aa2fb03235b09f0
:104f6800dab27b6803333032d2b21a70fa68194b5e
:104f7800a3fb02135b09642101fb03f3d31a164a4e
:104f8800a2fb0323db08dab27b6804333032d2b2e7
:104f98001a70f968104ba3fb0123da0813469b002b
:104fa80013445b00ca1ad2b27b6805333032d2b2de
:104fb8001a70002318461037bd4680bd83de1b4398
:104fc80040420f00c55a7c0aa08601005917b7d184
:104fd800d34d62101f85eb51cdcccccc80b584b0bd
:104fe80000af03463960fb800023fb81fb8818462d
:104ff800dcf7cafcb860bb68002b08d0bb689b6da7
:10500800002b04d0bb6893f85530002b01d0012346
:1050180049e03b68002b05d10821b868dcf768fd3a
:10502800034640e0bb689b6d6f3310223968184611
:1050380022f074ffbb689b6d01229a70bb68db7815
:10504800002b11d1bb689b6d6f331946b868dcf72c
:10505800edfebb689b6d03f5d8731946b868dcf79d
:10506800d1fc0346fb811de0bb689b6ddb78002b00
:1050780018d0bb689b6d0022da70bb689b6d00225c
:105088009a70bb689b6d6f331946b868dcf7cefe23
:10509800bb689b6d03f5b8731946b868dcf7b2fcba
:1050a8000346fb81fb8918461037bd4680bd80b595
:1050b8008cb000af0346b9607a60fb810023fb85a2
:1050c800fb891846dcf760fcb862bb6a002b0bd082
:1050d800bb6a9b6d002b07d0bb6a93f8553083f0f1
:1050e8000103dbb2002b01d0012364e0bb68002b75
:1050f80002d07b68002b05d10821b86adcf7f8fce0
:10510800034658e0bb6a9b6d6f33102279681846d6
:1051180022f004ffbb6a9b6d01229a70412022f0a5
:105128002bfd78627b6a002b01d1022343e07b6a66
:1051380000221a707b6a581cbb6a9b6deb332022d5
:10514800194622f0ebfe7b6a03f12100bb6a9b6dd6
:10515800eb332022194622f0e1fe07f11403412225
:10516800796a786811f098fc07f11403102219463f
:10517800b86822f0c5fe0346002b12d1bb6adb7863
:10518800002b0ad1bb6a9b6d03f5e0731946b86a18
:10519800daf74af80346fb8509e0bb6a07229a70ea
:1051a80005e00421b86adcf7a3fc0346fb85786aae
:1051b80022f0eefcfb8d18463037bd4680bd98b511
:1051c80000af1e4b1b689b68002b0dd11b4b1c6846
:1051d800512022f0d1fc0346a360184b1b689b6842
:1051e800002b01d1022326e0144b1b68db78002b2f
:1051f80004d01348fff77cfc00231ce00f4b1b680e
:105208009b68002283f850200220ddf78bf80346c4
:10521800002b01d007230ee0084b1b6810331846fb
:1052280002f01afc054b1b68002283f82820054869
:10523800ddf766f80346184698bd00bfc8b20020df
:1052480018150501f94a030180b584b000af03467b
:105258000a46fb8013467b71fb881846dcf794fbf3
:10526800f860fb68002b03d0fb689b6d002b01d115
:10527800012305e07b791946f868daf73df903461a
:1052880018461037bd4680bd80b582b000af786043
:105298007b681a897b68db6819461046fff77afc39
:1052a800034618460837bd4680bd80b582b000afba
:1052b80078607b681b891846fff76cfd0346184623
:1052c8000837bd4680bd80b582b000af78607b6886
:1052d8001a897b689b7a19461046fff777fd0346c3
:1052e80018460837bd4680bd80b582b000af7860eb
:1052f8007b689b681846fff7d6fd034618460837b3
:10530800bd4680bd80b582b000af78607b681a89e1
:105318007b68db6819461046fff760fe03461846af
:105328000837bd4680bd80b582b000af78607b6825
:1053380018897b68d9687b681b691a46fff7b7fe2e
:10534800034618460837bd4680bd80b582b000af19
:105358007860fff734ff034618460837bd4680bd1e
:1053680080b582b000af78607b681a897b689b7ac9
:1053780019461046fff768ff034618460837bd462a
:1053880080bd80b584b000af03463960fb80114b07
:105398001b68db6b10209847f860fb68002b01d175
:1053a800022313e0fb68fa881a81fb683a68da601e
:1053b800f96843f201001cf0fdfefb681b887b8145
:1053c800044b1b681b6cf86898477b891846103794
:1053d800bd4680bd4cb0002080b584b000af034608
:1053e800fb80104b1b68db6b0c209847f860fb6850
:1053f800002b01d1022310e0fb68fa881a81f968b2
:1054080043f202001cf0d6fefb681b887b81054b2b
:105418001b681b6cf86898477b8918461037bd468f
:1054280080bd00bf4cb0002080b584b000af0346fb
:105438000a46fb8013467b71114b1b68db6b0c2003
:105448009847f860fb68002b01d1022313e0fb6842
:10545800fa881a81fb687a799a72f96843f203002c
:105468001cf0a8fefb681b887b81054b1b681b6c26
:10547800f86898477b8918461037bd4680bd00bf3d
:105488004cb0002080b584b000af78600d4b1b682d
:10549800db6b0c209847f860fb68002b0dd0fb688d
:1054a8007a689a60f96843f205001cf083fe054ba0
:1054b8001b681b6cf868984700e000bf1037bd46b2
:1054c80080bd00bf4cb0002080b584b000af03465b
:1054d8003960fb80114b1b68db6b10209847f86024
:1054e800fb68002b01d1022313e0fb68fa881a81bc
:1054f800fb683a68da60f96843f209001cf05afe62
:10550800fb681b887b81054b1b681b6cf8689847f8
:105518007b8918461037bd4680bd00bf4cb00020bf
:1055280080b586b000af0346b9607a60fb81134b43
:105538001b68db6b1420984778617b69002b01d1cd
:10554800022316e07b69fa891a817b69ba68da60f6
:105558007b697a681a61796943f20a001cf02afead
:105568007b691b887b82054b1b681b6c7869984795
:105578007b8a18461837bd4680bd00bf4cb0002056
:1055880080b582b000af0e4b1b68db6b08209847d4
:1055980078607b68002b01d102230de0796843f223
:1055a8000b001cf007fe7b681b887b80044b1b6884
:1055b8001b6c786898477b8818460837bd4680bdbd
:1055c8004cb0002080b584b000af03460a46fb808b
:1055d80013467b71114b1b68db6b0c209847f860f6
:1055e800fb68002b01d1022313e0fb68fa881a81bb
:1055f800fb687a799a72f96843f20c001cf0dafdbc
:10560800fb681b887b81054b1b681b6cf8689847f7
:105618007b8918461037bd4680bd00bf4cb00020be
:020000040000fa
:020000040103f6
:1056280080b483b000af786003e000bf7b68013bc3
:105638007b607b68002bf8d100bf0c37bd465df856
:10564800047b704780b500afb64b03f5b0530c33fd
:105658001a68052161f31f721a600520fff7e0ff41
:10566800b04b03f5d05304331a8840f23b1161f371
:105678000f021a80ab4b03f5d05318331a8842f047
:1056880001021a80a74b03f5d05304331a8840f25d
:10569800e24161f30f021a80a24b03f5d05318338d
:1056a8001a8842f002021a809e4a138f43f00403bc
:1056b80013879c4b03f5a25314331a684ff43471c3
:1056c80061f31a421a60974b03f5c05314331a88d2
:1056d8004ff4417161f30f021a80924b03f5835323
:1056e80008331a68142161f317421a608d4b03f5c9
:1056f800c0531c331a884ff44b7161f30f021a80a0
:105708004ff088431b6c03f44053b3f5005f09d195
:10571800844b03f5c15304331a88242161f307022b
:105728001a8008e07f4b03f5c15304331a880c2113
:1057380061f307021a807b4b03f5985304331a6808
:105748006ff31e521a60774b03f5b05304331a886f
:105758006ff307021a80734b03f5b0530c331a68c2
:105768006ff307021a606f4b03f5b15213686ff3ba
:10577800000313606b4b03f5b15213686ff34103d9
:105788001360684b03f5b15213686ff30413136089
:10579800644b03f5b15213686ff345131360614b03
:1057a80003f5b15213686ff3861313605d4b03f56d
:1057b800b15308331a886ff300021a80594b03f566
:1057c800b15308331a886ff341021a80554b03f519
:1057d800b15308331a886ff304121a80514b03f53a
:1057e800b15308331a886ff345121a804d4b03f5ed
:1057f800b15308331a886ff386121a80494b03f5a0
:10580800b152136843f004031360464b03f5b152d9
:10581800136843f008031360424b03f5b153083390
:105828001a8842f004021a803e4b03f5b15308333c
:105838001a8842f008021a803a4b03f5835308335a
:105848001a685c2161f30f221a60364ab2f85031a7
:10585800a12161f30f23a2f85031324ab2f8503136
:105868008c2161f30703a2f850312e4ad2f8143183
:1058780040f2fb1161f31843c2f81431294b03f5c8
:10588800d852136843f000531360264b03f599531d
:1058980018331a686ff3cf321a60224b03f5955309
:1058a80010331a686ff310421a601e4ab2f8083ca7
:1058b800122161f34913a2f8083c1a4b03f5a553ca
:1058c80008331a8842f400421a80164b03f5a55390
:1058d80008331a88102161f309021a80114b03f565
:1058e800a25314331a680f2161f305021a600d4b95
:1058f80003f5a152138843f003031380094b03f502
:10590800835308331a68182161f307021a60054b9c
:1059180003f5995310331a686ff342021a6000bff7
:1059280080bd00bf0024014180b483b000af78601f
:105938007b681b0c99b2054a136861f31f43136017
:1059480000bf0c37bd465df8047b70470024014159
:1059580080b483b000af03460a46fb711346bb8090
:10596800124af979d2f8003c61f31743c2f8003cb7
:105978000e4ab988d2f8003c61f30f03c2f8003c24
:105988000a4ad2f8043c43f48013c2f8043c00bf2e
:10599800064bd3f8043cc3f30053dbb2002bf7d11a
:1059a80000bf0c37bd465df8047b704700240141f9
:1059b80080b483b000af0346fb71114af979d2f87d
:1059c800003c61f31743c2f8003c0d4ad2f8043c8e
:1059d80043f48023c2f8043c00bf094bd3f8043ccd
:1059e800c3f38043dbb2002bf7d1054bd3f8283c37
:1059f8009bb218460c37bd465df8047b704700bf64
:105a08000024014190b484b000af04460846114612
:105a18001a462346fb710346bb710b467b7113463e
:105a28007b80fb7903f1824303f5b0331b88fb814c
:105a3800ba797b79d31a0133012202fa03f35a1e89
:105a48007b7902fa03f31bb2db431ab2b7f90e30c3
:105a580013401bb2fb817a887b7902fa03f31ab2ee
:105a6800b7f90e3013431bb2fb81fb7903f1824374
:105a780003f5b0331a46fb89138000bf1037bd46c3
:105a880090bc704780b485b000af0346fb710b46ed
:105a9800bb7113467b71fb7903f1824303f5b03385
:105aa8001b88fb81fa89b9797b79cb1a01330121eb
:105ab80001fa03f3591e7b7901fa03f31a407b7943
:105ac80042fa03f3bb81bb8918461437bd465df81b
:105ad800047b704780b584b000af0346fb71fb7947
:105ae80002335b001bb243f001031bb27b81002130
:105af8001220fff72dff7b8919460020fff728ffaa
:105b08000023fb6009e000bf00bf00bf00bf00bf6b
:105b180000bf00bffb680133fb60fb68632bf2dd4d
:105b280000bf1037bd4680bd80b483b000af0346c8
:105b3800fb802f4b03f5a752138843f4806313802f
:105b48002b4b03f59b5308331a686ff3c3021a6093
:105b5800274b03f5985308331a6842f002021a607b
:105b6800234b03f5985308331a6842f001021a6070
:105b78001f4b03f59b52136843f0007313601c4bd3
:105b880003f59b5308331b68c3f34523184b03f5f0
:105b98009b5308331a686ff34e221a60144b03f5af
:105ba8009b5308331a68342161f34e221a60104b54
:105bb80003f5985304331b68c3f30a530c4b03f5de
:105bc800985304331a686ff31e521a60fb88c3f3a4
:105bd8000a0399b2064b03f5985304331a6861f324
:105be8001e521a6000bf0c37bd465df8047b704733
:105bf80000240141b0b584b000af87ed010a242329
:105c0800fb73fb7b184622f001f904460d46d7eddd
:105c1800017ab3ee047ac7ee876a16ee900a21f08d
:105c2800fffe02460b4643ec112b9fed3f0b13f092
:105c38004ffb53ec102b204629461ef06bfa034607
:105c48000c4644ec173bb0ee470af0ee670a20f02a
:105c5800c7fb54ec103b1846214622f0c5f8034612
:105c6800fb73fb7b182b02d81923fb7304e0fb7b27
:105c7800342b01d93423fb73fb7b184622f0c6f87a
:105c88002ca3d3e900231ef045fa03460c4644ec46
:105c9800173bb0ee470af0ee670a20f0a1fb54ec80
:105ca800103b1846214622f09ff80346bb73204b51
:105cb80003f59b5308331b68c3f345231c4b03f5bb
:105cc8009b5308331a686ff34e221a60bb7b03f0ac
:105cd8003f03d9b2164b03f59b5308331a6861f397
:105ce8004e221a60124b03f59b5304331b68c3f30f
:105cf80005430f4b03f59b5304331a686ff31542a2
:105d08001a60fb7b03f03f03d9b2094b03f59b53a1
:105d180004331a6861f315421a6000bf1037bd4694
:105d2800b0bd00bfaff300800000000000002440b9
:105d380000240141d90a61e91a04f33f80b582b011
:105d480000af0346fb71fb791846fff7c3fe104b03
:105d580003f5a15318331a6842f400421a600c4b39
:105d680003f5a15318331a6842f480421a60084aae
:105d7800938f43f0080393870020fff7d5fe9fed2c
:105d8800050afff737ff00bf0837bd4680bd00bfd3
:105d9800002401410000000080b500af002112205e
:105da800fff7d6fd284b03f5a15318331a686ff394
:105db800cf321a60244b03f5a15318331a686ff3d6
:105dc8008e321a60204b03f5a75213886ff38a238b
:105dd80013801d4b03f59b5308331a686ff3c302f6
:105de8001a60194b03f5985308331a6842f00202f7
:105df8001a60154b03f5985308331a6842f00102ec
:105e08001a60114b03f59b52136843f0007313603b
:105e18000d4b03f5985304331a686ff31e521a603a
:105e2800094b03f59b5308331a682b2161f34e2263
:105e38001a60054b03f59b5304331a68242161f358
:105e480015421a6000bf80bd0024014180b483b0b0
:105e580000af03460a46fb711346bb71884b03f536
:105e6800835308331a686ff31f721a60844b03f563
:105e7800835308331a686ff31b621a60fb79113b6e
:105e8800122b00f2f58001a252f823f0e15e030123
:105e9800695f030179600301796003017960030197
:105ea8007960030179600301796003017960030176
:105eb8007960030179600301796003017960030166
:105ec800796003017960030179600301f15f0301df
:105ed800f15f0301f15f0301bb79113b122b3dd840
:105ee80001a252f823f000bf3d5f0301515f030197
:105ef800655f0301655f0301655f0301655f03017a
:105f0800655f0301655f0301655f0301655f030169
:105f1800655f0301655f0301655f0301655f030159
:105f2800655f0301655f03013d5f03013d5f030199
:105f38003d5f0301524b03f5835308331a6814215c
:105f480061f317421a600ae04d4b03f58353083397
:105f58001a68162161f317421a6000e000bf88e052
:105f6800bb79113b122b3dd801a252f823f000bf98
:105f7800c55f0301d95f0301ed5f0301ed5f030115
:105f8800ed5f0301ed5f0301ed5f0301ed5f0301c9
:105f9800ed5f0301ed5f0301ed5f0301ed5f0301b9
:105fa800ed5f0301ed5f0301ed5f0301ed5f0301a9
:105fb800c55f0301c55f0301c55f0301304b03f5ee
:105fc800835308331a68182161f317421a600ae0ec
:105fd8002b4b03f5835308331a681b2161f31742cf
:105fe8001a6000e000bf44e0bb79113b122b3dd89a
:105ff80001a252f823f000bf4d6003016160030164
:106008007560030175600301756003017560030124
:106018007560030175600301756003017560030114
:106028007560030175600301756003017560030104
:1060380075600301756003014d6003014d60030144
:106048004d6003010e4b03f5835308331a68102182
:1060580061f317421a600ae0094b03f583530833ca
:106068001a68122161f317421a6000e000bf00e0cd
:1060780000bf00bf0c37bd465df8047b704700bf0a
:106088000024014180b582b000af124b03f5a5533f
:1060980010331b68dbb2fb711df07aff0346dab2de
:1060a800fb791344dbb25b42dab20b4bb3f9003035
:1060b800dbb2d31adbb2bb7197f9063018460af087
:1060c80096f90346bb7197f9063018460837bd465e
:0c60d80080bd00bf0024014108b1002081
:020000040000fa
:020000040103f6
:1060e40080b584b000af0346fb71294b03f5d95347
:1060f40004331b689bb223f400739ab2244b03f558
:10610400d95304331a8000220921012007f08dfe9f
:1061140000220521022007f088fe0022042102202b
:1061240007f083fefb79002b1bd10cf091fa034698
:10613400fb8103e00cf08cfa0346fb81fb89b3f589
:10614400e17f03d9fb89b3f5167ff3d3fb8940f2d2
:106154001242934203d9fb89b3f5956fead309f050
:1061640011f81cf05bfd0b4b00221a600a4b1b68f4
:106174009b7a03f00103d9b2054b03f5a1531833fd
:106184001a6861f34d321a6000bf1037bd4680bdf6
:1061940000240141d0b10020ccb1002080b500af73
:1061a4004b4b1b7883f00103dbb2002b00f096808d
:1061b400484b03f5c25318331b68dab2464b1b68cd
:1061c4001b799a4294bf01230023dbb21846424b49
:1061d4001b68414a126852781344d97ac2b23e4bc2
:1061e4001b683d48006840780a44d2b20344da721e
:1061f400384b03f5c25318331b68c3f30723dab2d1
:10620400354b1b681b799a4294bf01230023dbb2f0
:106214001946314b1a68304b1b685b7801331344c1
:10622400d87ac9b22c4b1a682b4b1b685b780133a4
:106234000144c9b213440a46da72264b03f5c25329
:1062440018331b68c3f30743dab2234b1b681b796b
:106254009a4294bf01230023dbb219461e4b1a68ed
:106264001d4b1b685b7802331344d87ac9b21a4bae
:106274001a68194b1b685b7802330144c9b2134492
:106284000a46da72134b03f5c25318331b68c3f37f
:106294000763dab2104b1b681b799a4294bf01233f
:1062a4000023dbb219460c4b1a680b4b1b685b7856
:1062b40003331344d87ac9b2074b1a68064b1b68d8
:1062c4005b7803330144c9b213440a46da7294e09a
:1062d400d9b1002000240141ccb10020554b03f575
:1062e400c2531c331b68dab2534b1b681b799a42a6
:1062f40094bf01230023dbb218464f4b1b684e4a60
:10630400126852781344d97ac2b24b4b1b684a487c
:10631400006840780a44d2b20344da72454b03f56c
:10632400c2531c331b68c3f30723dab2424b1b6806
:106334001b799a4294bf01230023dbb219463e4bda
:106344001a683d4b1b685b7801331344d87ac9b291
:10635400394b1a68384b1b685b7801330144c9b266
:1063640013440a46da72334b03f5c2531c331b68d9
:10637400c3f30743dab2304b1b681b799a4294bfcc
:1063840001230023dbb219462b4b1a682a4b1b68e6
:106394005b7802331344d87ac9b2274b1a68264b68
:1063a4001b685b7802330144c9b213440a46da72ab
:1063b400204b03f5c2531c331b68c3f30763dab2e3
:1063c4001d4b1b681b799a4294bf01230023dbb247
:1063d4001946194b1a68184b1b685b78033313442e
:1063e400d87ac9b2144b1a68134b1b685b78033311
:1063f4000144c9b213440a46da720f4b1b685a7837
:106404000d4b1b680432d2b25a700c4b1b7883f0cc
:106414000103dbb2002b14bf01230023dab2074bc4
:106424001a7000230022064900200ff0d2f900bfa1
:1064340080bd00bf00240141ccb10020d9b10020af
:106444000108010080b582b000af324b1b681a7a94
:10645400013ad2b21a722f4b1b685b78272b2dd9c5
:106464002c4b1b6800225a702a4b1b68da790132c4
:10647400d2b2da71274b1b68da79264b1b689b79f9
:106484009a421bd30120fff72bfe224b1b680022ec
:10649400da71204b1b6800225a721e4b1b680022c3
:1064a4005a711d4b1b680021184607f02ffe00236c
:1064b40000221a4901200ff08cf927e0154b1b68c4
:1064c4005b79022b22d1134b1b685b7a002b1dd105
:1064d400104b1b68b3f8ca30002b04d000210020f5
:1064e40000f086f912e00b4b1b681b7a002b0dd1d0
:1064f4000120fff7f5fd00233b7101237b71064b5f
:106504001b683a1d1146184607f000fe0837bd46c1
:1065140080bd00bfccb10020d4b100200007010130
:1065240080b500af064b1b685b79022b06d10023b4
:1065340000224ff4843100200ff04bf900bf80bdde
:10654400ccb1002080b500af064b1b685b79022bf1
:1065540006d1002300224ff4843100200ff039f9d2
:1065640000bf80bdccb1002080b483b000af7860a0
:106574004a4b1b685b7a002b40f08980474b1b68b1
:106584001b785b00d9b2464b03f5c25310331a682b
:1065940061f307021a60414b1b681b780133dbb2bd
:1065a4005b00d9b23e4b03f5c25310331a6861f352
:1065b4000f221a60394b1b681b780233dbb25b0075
:1065c400d9b2374b03f5c25310331a6861f317423b
:1065d4001a60324b1b681b780333dbb25b00d9b201
:1065e4002f4b03f5c25310331a6861f31f621a600c
:1065f4002a4b1b681a78294b1b680432d2b21a70d2
:106604007b68023323f07043264a13607b68d9b257
:10661400234b03f5b052138861f307031380204b17
:1066240003f5a15318331a686ff34d321a601c4beb
:1066340003f5b15304331a8842f001021a80174b50
:106644001b681b78272b11d9144b1b6800221a7066
:10665400124b1b68db791a46104b1b689b79013b74
:106664009a4203d10d4b1b6801225a720b4b1b68d3
:10667400b3f8ca20013a92b2a3f8ca20074b1b68a8
:106684001a7a0132d2b21a72074b01221a7000bf71
:106694000c37bd465df8047b704700bfccb10020c9
:1066a40000240141d0b10020d8b1002080b483b0cf
:1066b40000af78604a4b1b685b7a002b40f08a80fd
:1066c400474b1b681b785b00d9b2464b03f5c2539a
:1066d40014331a6861f307021a60414b1b681b7874
:1066e4000133dbb25b00d9b23e4b03f5c253143322
:1066f4001a6861f30f221a60394b1b681b78023346
:10670400dbb25b00d9b2374b03f5c25314331a68ba
:1067140061f317421a60324b1b681b780333dbb2f8
:106724005b00d9b22f4b03f5c25314331a6861f3db
:106734001f621a602a4b1b681a78294b1b680432a3
:10674400d2b21a707b68023323f07043264a136076
:106754007b68d9b2234b03f5b05308331a8861f32d
:1067640007021a801f4b03f5a15318331a686ff3fd
:106774004d321a601b4b03f5b1530c331a8842f0a7
:1067840001021a80164b1b681b78272b11d9144b56
:106794001b6800221a70124b1b68db791a46104bd7
:1067a4001b689b79013b9a4203d10d4b1b68012264
:1067b4005a720b4b1b68b3f8ca20013a92b2a3f881
:1067c400ca20074b1b681a7a0132d2b21a72074bdd
:1067d40000221a7000bf0c37bd465df8047b704779
:1067e400ccb1002000240141d0b10020d8b1002058
:1067f40080b588b000af786039600023bb610120a8
:1068040007f0def80346fb823b68002b00f099801a
:10681400574b1b685b79002b13d1554b1b68002227
:106824001a70534b1b6800225a70514b1b6800228c
:10683400da714f4b1b6800221a724d4b1b68002201
:106844005a724c4b00221a704b4b00221a704b4a5e
:106854003b6813604a4a0921012007f0e6fa4ff623
:10686400ff71012007f002f9fb8a43f400739bb225
:106874001946012007f0cef8424b03f586521388df
:10688400022161f3830313803f4a0521022007f0ac
:10689400ccfa3e4a0421022007f0c7fa394b03f52b
:1068a400b1521368032161f313431360354b03f5ad
:1068b400b1521368032161f317531360314b03f58d
:1068c400815310331a686ff300021a601cf040f908
:1068d4003b68d3f8ac30bb6107f10e0207f110033b
:1068e400114618460bf0c4ff3b6923f070433b612b
:1068f400fb891bb2002b03da3b69013bfb6101e01e
:106904003b69fb61ba69fb691344bb61184b1b68a3
:1069140002225a713b68d3f8b020154b1b6892b21f
:10692400a3f8ca20b869fff71ffe114b1b68b3f820
:10693400ca30002b17d0bb6902331846fff7b6fee6
:1069440011e00c4b1b7883f00103dbb2002b05d064
:106954000f4b1b681846fff707fe04e00c4b1b683f
:106964001846fff7a3fe002318462037bd4680bd16
:10697400ccb10020d8b10020d9b10020d4b100207e
:10698400a161030100240141256503014965030157
:10699400d0b1002080b584b000af786039601b4b63
:1069a4001b685b79022b2bd10020fff799fb3b6816
:1069b4001b78002b1ad1154b1b6801225a71134bfb
:1069c4001a68124b1b6852781a70104b1b6800220d
:1069d4001a7200233b7301237b730d4b1b6807f171
:1069e4000c021146184607f091fb09e0074b1b689f
:1069f40000225a71064b1b680021184607f086fbdb
:106a0400002318461037bd4680bd00bfccb100201e
:106a1400d4b1002080b483b000af78603960002323
:106a240018460c37bd465df8047b704780b584b0ca
:106a340000af0346b9607a60fb81fb89002b02d06a
:106a4400012b05d007e000210020fff7a3ff02e09f
:106a5400fff7f8fc00bf002318461037bd4680bd81
:106a640090b583b000af0023bb71d82021f086f825
:106a740002463f4b1a603f4908201ef0bff91cf044
:106a84002bf93b4b1b680b3328220021184621f0bd
:106a940055fb0023fb7112e0354b1a68fb793c333c
:106aa4005b0013440022da80314b1a68fb791833f7
:106ab4005b00134400229a80fb790133fb71fb795c
:106ac400242be9d92a4b1a684ff0ff334ff01f04e7
:106ad400c2e93434264b1b6800221a70244b1b680d
:106ae40000225a70224b1b6825229a70204b1b6887
:106af40000225a711e4b1b6820229a711c4b1b6882
:106b04009b799ab21a4b1b68114689000a445200b9
:106b140092b2a3f8c820164b1b680022da71144bfa
:106b24001b680022da70144b00221a601df032fa3e
:106b34000346dab20e4b1b68c2f14702d2b21a7195
:106b44000b4b1b6800221a72094b1b6800225a72f5
:106b54000a4b03f5a15318331b68c3f34033dab26d
:106b6400034b1b689a72bb7918460c37bd4690bd1f
:106b7400ccb10020316a0301d0b1002000240141ce
:020000040000fa
:020000040103f6
:106b840080b588b000af0346b9607a60fb73fb7bc5
:106b9400ff2b0dd17b6800221a702c4b9b7803f0dd
:106ba4000103dbb2002b01d001234ae0002348e0bb
:106bb4000023fb773ee0254b1a68fb7f5b0022fa3b
:106bc40003f303f00303012b31d10023bb7700232c
:106bd4007b77fa7f1346db0013441d4a13440533c5
:106be400bb61fa7f1a491346db0013440b44043398
:106bf4001b78fb750622b968b86921f083f903464e
:106c0400002b0cbf01230023bb77fa7bfb7d9a4248
:106c14000cbf012300237b77bb7f002b07d07b7f36
:106c2400002b04d07b68fa7f1a70012309e0fb7ff4
:106c34000133fb77fb7f072bbdd97b6807221a70d2
:106c4400002318462037bd4680bd00bfe4ad0020b8
:106c5400e8ad002080b586b000af0346b9607a6025
:106c6400fb730023fb75fb7b072b01d91f2322e059
:106c7400134b1a68fb7b5b0022fa03f303f0030354
:106c8400012b15d1fa7b13465b0013445b003b6177
:106c94000c4a3b6913443b613b69062219467868f8
:106ca40021f03ef9fb7bb968184600f007fc01e0cf
:106cb4001f23fb75fb7d18461837bd4680bd00bffa
:106cc400e4ad00200033014180b586b000af7860a8
:106cd4000b46fb700023fb75fb78002b5adb012b62
:106ce40002ddff2b3dd055e0fb78184600f01afb7f
:106cf4000346bb75bb7d072b49d8fb78ff2b2dd0f2
:106d0400ba7d13465b0013445b003b61244a3b6934
:106d140013443b613b6906227968184621f000f967
:106d2400fa78bb7d1146184600f040fbba7d134645
:106d3400db0013441b4a13440533fb60ba7d13463e
:106d4400db001344174a13440433bb6006227968fa
:106d5400f86821f0e5f8bb68fa781a700123fb752e
:106d640015e0114b9b7803f00103dbb2002b02d03a
:106d74000123fb750de0fb78184600f0d3fa0346b7
:106d8400bb75bb7d072b04d80123fb7501e000bf55
:106d940000e000bffb7d18461837bd4680bd00bf2c
:106da40000330141e8ad0020e4ad002080b584b09b
:106db40000af78600b46fb700023bb73fb78002b9d
:106dc40070db012b02ddff2b3ad06be00023fb7359
:106dd40032e0374b1a68fb7b5b0022fa03f303f0c3
:106de4000303012b25d1fa7b13465b0013445b009c
:106df400bb60304abb681344bb60bb6806221946bb
:106e0400786821f07ff80346002b12d1284b1a68ca
:106e1400fb7b5b00032101fa03f3db431340244aa9
:106e24001360234b1b68224a13600123bb7300bf0a
:106e340038e0fb7b0133fb73fb7b072bc9d931e0c3
:106e44001b4b9b7803f00103dbb2002b29d00023fa
:106e5400fb731ce0164b1a68fb7b5b0022fa03f3fe
:106e640003f00303032b0fd1114b1a68fb7b5b0068
:106e7400032101fa03f3db4313400d4a13600c4b67
:106e84001b680b4a136005e0fb7b0133fb73fb7b40
:106e9400072bdfd9064a93786ff30003937001231d
:106ea400bb7300bfbb7b18461037bd4680bd00bf17
:106eb400e4ad00200033014180b483b000af034649
:106ec400fb80fb8803f00103002b07d05a4ad2f859
:106ed400603f43f00103c2f8603f06e0564ad2f82f
:106ee400603f6ff30003c2f8603ffb8803f00203c6
:106ef400002b07d0504ad2f8603f43f00203c2f897
:106f0400603f06e04c4ad2f8603f6ff34103c2f899
:106f1400603ffb8803f00403002b07d0464ad2f8f5
:106f2400603f43f00403c2f8603f06e0424ad2f8ef
:106f3400603f6ff38203c2f8603ffb8803f00803ed
:106f4400002b07d03c4ad2f8603f43f00803c2f854
:106f5400603f06e0384ad2f8603f6ff3c303c2f8db
:106f6400603ffb8803f01003002b07d0324ad2f8ad
:106f7400603f43f01003c2f8603f06e02e4ad2f8a7
:106f8400603f6ff30413c2f8603ffb8803f02003f3
:106f9400002b07d0284ad2f8603f43f02003c2f800
:106fa400603f06e0244ad2f8603f6ff34513c2f80d
:106fb400603ffb8803f04003002b07d01e4ad2f841
:106fc400603f43f04003c2f8603f06e01a4ad2f83b
:106fd400603f6ff38613c2f8603ffb8803f08003c1
:106fe400002b07d0144ad2f8603f43f08003c2f864
:106ff400603f06e0104ad2f8603f6ff3c713c2f84f
:10700400603ffb8803f48073002b07d00a4ad2f850
:10701400603f43f48073c2f8603f06e0064ad2f84a
:10702400603f6ff30823c2f8603f00bf0c37bd46d2
:107034005df8047b704700bf0024014180b483b035
:1070440000af0346fb71fb79002b38d03b4ad2f8e2
:10705400643f43f00103c2f8643f384ad2f8643f06
:1070640043f00203c2f8643f344ad2f8643f43f069
:107074000403c2f8643f314ad2f8643f43f0080382
:10708400c2f8643f2d4ad2f8643f43f01003c2f8bb
:10709400643f2a4ad2f8643f43f02003c2f8643fb5
:1070a400264ad2f8643f43f04003c2f8643f234abf
:1070b400d2f8643f43f08003c2f8643f37e01f4acc
:1070c400d2f8643f6ff30003c2f8643f1b4ad2f85e
:1070d400643f6ff34103c2f8643f184ad2f8643f37
:1070e4006ff38203c2f8643f144ad2f8643f6ff32b
:1070f400c303c2f8643f114ad2f8643f6ff3041328
:10710400c2f8643f0d4ad2f8643f6ff34513c2f8e6
:10711400643f0a4ad2f8643f6ff38613c2f8643faf
:10712400064ad2f8643f6ff3c713c2f8643f00bf46
:107134000c37bd465df8047b704700bf0024014155
:1071440080b584b000af78600b46fb703023fb60e1
:107154000c4afb681344fb60fb68062279681846f6
:1071640020f0defefb7803f00103d9b2064ad2f820
:10717400643f61f31863c2f8643f00bf1037bd4633
:1071840080bd00bf003301410024014180b584b0bb
:1071940000af78600b46fb703623fb600c4afb683b
:1071a4001344fb60fb6806227968184620f0b8fe99
:1071b400fb7803f00103d9b2064ad2f8643f61f3c5
:1071c4005963c2f8643f00bf1037bd4680bd00bf9d
:1071d400003301410024014180b584b000af002395
:1071e400fb6032e0214b1a68fb685b0022fa03f370
:1071f40003f00303012b25d1fa681346db00134483
:107204001b4a13440533bb60fa681346db0013447e
:10721400174a134404337b60fa6813465b00134433
:107224005b003b60134a3b6813443b603b680622a7
:107234001946b86820f074fefb68dbb2796818461a
:1072440000f03cf9fb680133fb60fb68072bc9d9ec
:10725400074a064b1b6813605022054906480ef086
:107264000efb00bf1037bd4680bd00bfe4ad00205b
:10727400e8ad0020003301419040014480b584b062
:1072840000af5022234924480ef0f9fa234a224b36
:107294001b6813600023fb6034e0204b1a68fb6812
:1072a4005b0022fa03f303f00303012b27d1fa68ee
:1072b4001346db001344184a13440533bb60fa68d1
:1072c4001346db001344144a134404337b60fa6806
:1072d40013465b0013445b003b60114a3b68134454
:1072e4003b603b680622b968184620f019fefb682b
:1072f400dab27b681b781946104600f057f8fb6831
:107304000133fb60fb68072bc7d900bf1037bd46ac
:1073140080bd00bf90400144e8ad0020e4ad0020f2
:107324000033014180b485b000af0346fb710023f4
:10733400fb732fe01c4b1a68fb7b5b0022fa03f300
:1073440003f00303002b22d1fb79ff2b07d1032386
:10735400bb73154a937843f00103937001e0012352
:10736400bb73114b1a68fb7b5b00032101fa03f327
:10737400db4313400c4a13600b4b1b68b97bfa7b4d
:10738400520001fa02f21343074a136005e0fb7b43
:107394000133fb73fb7b072bccd9fb7b18461437db
:1073a400bd465df8047b7047e4ad002080b483b033
:1073b40000af03460a46fb711346bb71fb79072bea
:1073c40072d801a252f823f0ed730301057403018e
:1073d4001d740301357403014d74030165740301c5
:1073e4007d74030195740301bb7903f00103d9b2e1
:1073f400314ad2f8643f61f31043c2f8643f54e069
:10740400bb7903f00103d9b22b4ad2f8643f61f38c
:107414005143c2f8643f48e0bb7903f00103d9b299
:10742400254ad2f8643f61f39243c2f8643f3ce0da
:10743400bb7903f00103d9b21f4ad2f8643f61f368
:10744400d343c2f8643f30e0bb7903f00103d9b2ff
:10745400194ad2f8643f61f31453c2f8643f24e03c
:10746400bb7903f00103d9b2134ad2f8643f61f344
:107474005553c2f8643f18e0bb7903f00103d9b255
:107484000d4ad2f8643f61f39653c2f8643f0ce0ae
:10749400bb7903f00103d9b2074ad2f8643f61f320
:1074a400d753c2f8643f00e000bf00bf0c37bd46ad
:1074b4005df8047b704700bf0024014180b483b0b1
:1074c40000af03463960fb71fb79072b62d801a238
:1074d40052f823f0f97403010d75030121750301ba
:1074e40035750301497503015d7503017175030168
:1074f400857503012b4bd3f8643fc3f30043dbb220
:107504001a463b681a7046e0264bd3f8643fc3f32f
:107514004043dbb21a463b681a703ce0214bd3f877
:10752400643fc3f38043dbb21a463b681a7032e00f
:107534001c4bd3f8643fc3f3c043dbb21a463b6829
:107544001a7028e0174bd3f8643fc3f30053dbb23f
:107554001a463b681a701ee0124bd3f8643fc3f31b
:107564004053dbb21a463b681a7014e00d4bd3f853
:10757400643fc3f38053dbb21a463b681a700ae0d7
:10758400084bd3f8643fc3f3c053dbb21a463b68dd
:107594001a7000e000bf00bf0c37bd465df8047be5
:0875a400704700bf0024014103
:020000040000fa
:020000040103f6
:1075ac0080b483b000af0f4b03f5d05314331a885b
:1075bc0042f001021a8000bf0a4b03f5d05314337a
:1075cc001b68c3f30003dbb2002bf5d1064b1b6821
:1075dc007b607b6823f0704318460c37bd465df822
:1075ec00047b704700240141083e014180b485b002
:1075fc0000af786039607a683b68d31a002b03dbe4
:10760c007a683b68d31a08e03a686ff070439b1aab
:10761c00fb60fa687b681344013318461437bd4687
:10762c005df8047b704780b485b000af786039603a
:10763c003b685b000b4aa2fb03235b0afb60fb6805
:10764c00012b01d80223fb607a68fb681344bb60f2
:10765c00bb6823f0704318461437bd465df8047bb5
:10766c00704700bf5917b7d180b582b000af174b28
:10767c0000221a7000237b6015e0154a7b680021fc
:10768c0042f82310134a7b68002142f833107b68c0
:10769c00db00104a1a440f497b68db000b445a602c
:1076ac007b6801337b607b68012be6dd0a4b03f5bd
:1076bc00d15213886ff3c3031380084a07210020ab
:1076cc0006f0affb00bf0837bd4680bd0cb10020f3
:1076dc0020b1002010b1002000240141257e0301bf
:1076ec0080b400af054b03f5d15213886ff38203be
:1076fc00138000bfbd465df8047b70470024014138
:10770c0080b483b000af7860074a7b681360074b86
:10771c0003f5d152138843f00403138000bf0c37d8
:10772c00bd465df8047b7047343e014100240141a5
:10773c0090b587b000af78600023bb7500237b75d4
:10774c000023fb7520e0fb7d184a52f82330002bf8
:10775c0006d1fb7d83f00103bb7501237b7516e01d
:10776c00fb7d124a52f823305b68fc7d7968184621
:10777c00fff73cff0246a30007f118010b4443f846
:10778c000c2cfb7d0133fb75fb7d012bdbd97b7d49
:10779c00002b06d1fa683b69d31a002b01dd0123bb
:1077ac00bb75bb7d18461c37bd4690bd20b1002073
:1077bc0080b586b000af78607868fff7b9ff0346f4
:1077cc00fb75fb7d184a52f823303b61174b1b6845
:1077dc0023f07043fb60164afb7d13703b69002b52
:1077ec001bd0144b03f5d1531b68c3f38003dbb2de
:1077fc00002b0cd03b695b68fa689a420fd0fff7fc
:10780c006fff3b695b681846fff77aff07e03b693f
:10781c005b681846fff774ff01e0fff761ff00bfdc
:10782c001837bd4680bd00bf20b10020343e014159
:10783c000cb100200024014180b586b000aff86087
:10784c00b96011461a460b46fb711346bb710123f6
:10785c00fb75fb791e4a52f82330fa689a4231d1f3
:10786c001c4b1b78fa799a4226d1fb685b68b96885
:10787c001846fff7bbfe38613b69012b12d8002379
:10788c00fb75bb79022b03d1fb6802221a7519e038
:10789c00bb79012b16d1fb79fa6812680c4941f8b7
:1078ac0023200fe0fb79fa681268094941f823207c
:1078bc00b868fff77dff05e0fb79fa6812680449a8
:1078cc0041f82320fb7d18461837bd4680bd00bf0c
:1078dc0020b100200cb1002080b58ab002af7860d6
:1078ec0039600023fb777b68002b08d1554b009344
:1078fc00052300220421ef2004f074fe9ee013f017
:10790c00fffb06f008fb7861fff74afe3861396827
:10791c003869fff788fef8607b681b7a03f0200358
:10792c00dbb2002b0dd17b68fa685a607a68137a47
:10793c0043f02003137201223969786800f07efa53
:10794c0079e07b681b7a03f00703dbb2002b01d0d4
:10795c000123fb77fa7f022339697868fff76cff04
:10796c000346fb72fb7a002b62d0fb7f364a52f83f
:10797c003330002b08d1354b009305230022002116
:10798c00ef2004f02ffe4ae0fb7f2f4a52f83330f1
:10799c007a689a4217d1fb7f2b4a52f83320fb7f2f
:1079ac001268294941f83320274a52f83330002b0a
:1079bc0035d1fa7ffb7fd20023490a442249db00f0
:1079cc000b445a602be0fb7f1f4a52f83330bb61eb
:1079dc000ee0bb691b68bb61bb69002b08d11c4b5b
:1079ec000093052300220121ef2004f0fbfd04e0ad
:1079fc00bb691b687a689a42ebd1bb69002b0ed02d
:107a0c00bb691b681a68bb691a60bb691b68002bd1
:107a1c0005d1fb7fba690c49db000b445a607b68cb
:107a2c00fa685a6001223969786800f007fa02e0b6
:107a3c007b68fa681a61786906f082fa2037bd46cd
:107a4c0080bd00bff46c050110b100200c6d050168
:107a5c00246d050180b588b002af78600023fb75fa
:107a6c007b68002b08d1464b00930523002205218f
:107a7c00ef2004f0b7fd7fe013f042fb06f04bfa69
:107a8c00f8607b681b7a03f02003dbb2002b70d00c
:107a9c00fff786fdb8607a68137a6ff3451313729b
:107aac007b681b7a03f00703dbb2002b01d00123a8
:107abc00fb75fa7d0123b9687868fff7bdfefb7d85
:107acc00304a52f83330002b08d12f4b009305234a
:107adc0000220021ef2004f085fd4ae0fb7d294abd
:107aec0052f833307a689a4217d1fb7d254a52f806
:107afc003320fb7d1268234941f83320214a52f888
:107b0c003330002b35d1fa7dfb7dd2001d490a4460
:107b1c001c49db000b445a602be0fb7d194a52f8e0
:107b2c0033303b610ee03b691b683b613b69002bca
:107b3c0008d1164b0093052300220121ef2004f0fd
:107b4c0051fd04e03b691b687a689a42ebd13b69b2
:107b5c00002b0ed03b691b681a683b691a603b69a5
:107b6c001b68002b05d1fb7d3a690649db000b44f1
:107b7c005a60f86806f0e4f91837bd4680bd00bfbe
:107b8c00406d050110b100200c6d0501246d05013f
:107b9c0080b59eb002af7860002387f8693028e189
:107bac0097f869207b68134423f07043fb6500232e
:107bbc0087f86830934b1b781a46934b53f8223056
:107bcc00fb66904b1b7887f86b3008e197f86830b0
:107bdc00013387f868300023a7f86630c6e000232d
:107bec0087f86530fb6e5b68fa6dd31a03f000639f
:107bfc00002b02d1012387f8653097f86530012bf3
:107c0c0040f0b980fb6e1b7d002b29d1042012f0b3
:107c1c0025fbb865bb6d002b38d0fa6e137a6ff369
:107c2c0045131372bb6d0433fa6e083212681a6076
:107c3c00bb6d1b79c3f30203dbb287f85730bb6d06
:107c4c000833fa6ed2681a6097f85730002b03d1bc
:107c5c00b86d12f0b2fb19e0b86d12f0fffb15e035
:107c6c00fb6e1b7d03f00203002b0fd0fb6e1a6919
:107c7c00fb6e5a60b7f866305a1ca7f866209b005a
:107c8c0007f170021344fa6e43f8642c06f043f9c2
:107c9c003865fb6e1b68fb6497f86b305b4a52f8d7
:107cac003330002b08d15a4b0093052300220021be
:107cbc00ef2004f097fc51e097f86b30534a52f8e0
:107ccc003330fa6e9a421bd197f86b304f4a52f808
:107cdc00332097f86b3012684c4941f833204b4aeb
:107cec0052f83330002b39d197f86b2097f86b3062
:107cfc00d20046490a444549db000b445a602de04a
:107d0c0097f86b30414a52f833303b660ee03b6ecd
:107d1c001b683b663b6e002b08d13e4b0093052342
:107d2c0000220121ef2004f05dfc04e03b6e1b6897
:107d3c00fa6e9a42ebd13b6e002b0fd03b6e1b6858
:107d4c001a683b6e1a603b6e1b68002b06d197f8c5
:107d5c006b303a6e2d49db000b445a60386d06f0df
:107d6c00eff8fb6e00221a75fb6cfb66fb6e002baa
:107d7c007ff435af00e000bf97f86b302249fa6e04
:107d8c0041f82320002387f86a3011e097f86a3015
:107d9c009b0007f17002134453f8643c0022f96d08
:107dac00184600f04bf897f86a30013387f86a30c0
:107dbc0097f86a309bb2b7f866209a42e6d8114b16
:107dcc001b7883f0010387f86b300e4b1b7883f024
:107ddc000103dbb21a460c4b53f82230fb6697f8c2
:107dec006830012b7ff6f2ae97f86930013387f8d3
:107dfc00693097f86930012b7ff6d2ae00bf70372f
:107e0c00bd4680bd0cb1002020b1002010b1002077
:107e1c000c6d0501246d050180b582b000affff734
:107e2c00bffb7860fff75cfc7868fff7b1fe786801
:107e3c00fff7befc00bf0837bd4680bd80b58ab0d9
:107e4c0000aff860b9601346fb710023fb77fb6849
:107e5c001b7a03f00703dbb2002b01d00123fb7765
:107e6c00fb7f544a52f83330002b21d1fb7f514a0f
:107e7c0052f83320fb681a60fb681b68002b05d195
:107e8c00fb7ffa684b49db000b445a60fb7f494986
:107e9c00fa6841f83320fb7f4749fa6841f8232000
:107eac00fb79002b00f08280b868fff781fc7de045
:107ebc000023bb7700237b77fb685b687b61002327
:107ecc007b83fb7f3b4a52f833303b627a69bb6859
:107edc00d31a002b01da0123bb77fb7f354a52f80a
:107eec0033307b6228e0bb7f002b06d17b6a5a685b
:107efc00bb68d31a002b11da23e07b7f002b0dd14a
:107f0c007b6a5a68bb68d31a002b05db7b6a3b6221
:107f1c007b8b01337b830ce001237b777b6a5a6874
:107f2c007b69d31a002b0bdc7b6a3b627b8b0133a6
:107f3c007b837b6a1b687b627b6a002bd3d100e05e
:107f4c0000bf7b8b002b20d1fb7f1a4a52f83320c9
:107f5c00fb681a60fb681b68002b05d1fb7ffa6875
:107f6c001449db000b445a60fb7f1249fa6841f854
:107f7c003320fb7f1049fa6841f82320fb79002b52
:107f8c0014d0b868fff714fc10e03b6a1a68fb6861
:107f9c001a60fb681b68002b05d1fb7ffa6805494a
:107fac00db000b445a603b6afa681a6000bf283742
:0c7fbc00bd4680bd10b1002020b10020a7
:020000040000fa
:020000040103f6
:107fc80080b400af024b1846bd465df8047b70478d
:107fd80048b5002080b485b000af78600b46fb70d0
:107fe8000023fb730023bb730be097f90e307a680c
:107ff80013441a78fb7b1343fb73bb7b0133dbb25f
:10800800bb7397f90e2097f903309a42eddbfb7b9f
:10801800002b0cbf01230023dbb218461437bd46e2
:108028005df8047b704780b487b000aff860b96032
:108038001346fb71fb79013bdbb2fb7520e097f936
:108048001730fa6813441a7897f91730b9680b444f
:108058001b789a4201d9012317e097f91730fa687b
:1080680013441a7897f91730b9680b441b789a4269
:1080780002d24ff0ff3308e0fb7d013bdbb2fb751a
:1080880097f91730002bdada002318461c37bd465b
:108098005df8047b704780b487b000afba607b603e
:1080a8000346fb730b46bb73fb7b9ab2bb7b9bb24d
:1080b80012fb03f3fb827b681b781b021ab2bb68b6
:1080c8001b781bb213431bb2bb82ba8afb8a1344c8
:1080d800bb823b6a1b78b98afa8a914234bf012273
:1080e8000022d2b21344dab23b6a1a70bb8a1b0a66
:1080f8009bb2dab27b681a70bb8adab2bb681a70b4
:1081080000bf1c37bd465df8047b704790b589b049
:1081180002aff860b9607a60fb7000237b750023ba
:108128003b750023fb740023bb7534e00023fb750b
:108138001be097f91730ba681344187897f9162096
:1081480097f91730d31a1a467b681344197807f140
:10815800140407f1150207f1130300932346fff7f0
:108168009afffb7d0133dbb2fb7597f9172097f96e
:1081780016309a42dddd97f91630fa6813447a7d95
:108188001a703b7d7b75fb7c3b750023fb74bb7dc4
:108198000133dbb2bb7597f9162097f903309a4281
:1081a800c4dbfb78bb7539e0ba7dfb78d31adbb248
:1081b8000133dbb2fb751be097f91730ba6813443b
:1081c800187897f9162097f91730d31a1a467b684a
:1081d8001344197807f1140407f1150207f1130382
:1081e80000932346fff757fffb7d0133dbb2fb7596
:1081f80097f9172097f903309a42dddb97f9163083
:10820800fa6813447a7d1a703b7d7b75fb7c3b755d
:108218000023fb74bb7d0133dbb2bb7597f91620d5
:1082280097f903305b00013b9a42bddb97f90330b5
:108238005b00013bfa6813447a7d1a7000bf1c3753
:10824800bd4690bd80b487b000aff860b9607a6071
:10825800fb700023fb750023bb752ce097f91630e3
:10826800ba6813441a7897f9163079680b441b7862
:108278001344dab2fb7d13447b7597f91630ba685c
:1082880013441b787a7d9a420bd097f91630ba6856
:1082980013441b787a7d9a4234bf01230023dbb252
:1082a800fb7597f91630fa6813447a7d1a70bb7d0e
:1082b8000133dbb2bb7597f9162097f903309a4260
:1082c800ccdbfb7d18461c37bd465df8047b704748
:1082d80080b487b000aff860b9607a60fb700023a3
:1082e800fb750023bb752ce097f91630ba68134468
:1082f8001a7897f9163079680b441b78d31adab2d2
:10830800fb7dd31a7b7597f91630ba6813441b782e
:108318007a7d9a420bd097f91630ba6813441b78c5
:108328007a7d9a428cbf01230023dbb2fb7597f953
:108338001630fa6813447a7d1a70bb7d0133dbb2bc
:10834800bb7597f9162097f903309a42ccdbfb7d71
:1083580018461c37bd465df8047b704780b487b06b
:1083680000aff860b9601346fb710023fb750de0a0
:1083780097f91730ba681a4497f91730f9680b4417
:1083880012781a70fb7d0133dbb2fb7597f9172061
:1083980097f907309a42ebdb00bf1c37bd465df802
:1083a800047b704780b58cb000af786039602022bc
:1083b80039687868fff7d2ff07f10c030c22002117
:1083c80018461ff0b9fe3b6803f12c0107f10c03b6
:1083d8000c33142218461ff0a1fd07f10c0207f117
:1083e8000c0107f10c002023fff72cff034687f848
:1083f8002f3007f10c02202379687868fff722fff5
:1084080003461a4697f82f301344dbb287f82f300b
:108418003b6803f1300107f10c030c3310221846b6
:108428001ff07cfd07f10c031c33042200211846c1
:108438001ff082fe07f10c0207f10c0107f10c0096
:108448002023fff7fffe03461a4697f82f30134400
:10845800dbb287f82f3007f10c022023796878689f
:10846800fff7f0fe03461a4697f82f301344dbb2a5
:1084780087f82f303b6803f1200107f10c030c2229
:1084880018461ff04bfd07f10c030c330c2200219a
:1084980018461ff051fe3b6803f1380107f10c0341
:1084a8001833082218461ff039fd07f10c02202363
:1084b80079687868fff7c6fe03461a4697f82f30a2
:1084c8001344dbb287f82f303b6803f1240107f12e
:1084d8000c030c2218461ff021fd3b6803f1340100
:1084e80007f10c030c330c2218461ff017fd3b68ec
:1084f80034331b687b623b6820331b68bb6207f11f
:108508000c02202379687868fff79cfe03461a4618
:1085180097f82f301344dbb287f82f303b6803f10c
:108528002c0107f10c030c2218461ff0f7fc07f189
:108538000c030c330c22002118461ff0fdfd3b688c
:1085480020331b687b623b6828331b68bb6207f1da
:108558000c02202379687868fff7bafe03461a46aa
:1085680097f82f309b1adbb287f82f303b6803f15e
:10857800300107f10c03102218461ff0cffc07f159
:108588000c0310330822002118461ff0d5fd3b6864
:1085980024331b687b623b682c331b68bb6207f182
:1085a8000c02202379687868fff792fe03461a4682
:1085b80097f82f309b1adbb287f82f303b6803f10e
:1085c800340107f10c030c2218461ff0a7fc3b6886
:1085d80003f1200107f10c030c330c2218461ff09d
:1085e8009dfc07f10c0318330422002118461ff0e4
:1085f800a3fd3b6830331b68bb6207f10c022023e4
:1086080079687868fff764fe03461a4697f82f30b2
:108618009b1adbb287f82f303b6803f1380107f16a
:108628000c03082218461ff079fc07f10c030833e5
:108638000422002118461ff07ffd3b6803f1240146
:1086480007f10c030c330c2218461ff067fc07f1e6
:108658000c0318330422002118461ff06dfd3b68f7
:1086680034331b68bb6207f10c02202379687868f1
:10867800fff72efe03461a4697f82f309b1adbb2f7
:1086880087f82f3097f92f30002b20da2023184a4b
:1086980079687868fff7d6fd03461a4697f82f30b1
:1086a8001344dbb287f82f3097f92f30002beddb1e
:1086b80019e020230e4a79687868fff709fe034617
:1086c8001a4697f82f309b1adbb287f82f3097f9a4
:1086d8002f30002bedd1202279680548fff7a3fc45
:1086e8000346012be5d100bf3037bd4680bd00bf32
:1086f8004cb5002080b594b000aff860b9607a60de
:108708003b603b6893f9003007f110007a68b9685c
:10871800fff7fcfc07f110031946f868fff742fe63
:1087280000bf5037bd4680bd80b584b000aff8604b
:10873800b9607a607b68ba68b968f868fff7daffe9
:1087480000bf1037bd4680bd80b487b000aff86069
:10875800b9601346fb710023fb75fb79013bdbb263
:10876800bb7512e097f91630fa6813441a7897f92e
:108778001630b9680b441b785340dab2fb7d1343bb
:10878800fb75bb7d013bdbb2bb7597f91630002b3f
:10879800e8dafb7d002b0cbf01230023dbb218466f
:1087a8001c37bd465df8047b704780b586b000afc6
:1087b800f860b9607a603b6097f920307a68b968e8
:1087c800f868fff785fd0346fb75fb7d002b06d097
:1087d80097f920303a68f968f868fff733fd00bf69
:1087e8001837bd4680bd80b586b000aff860b96067
:1087f8007a603b6097f920307a68b968f868fff7c3
:1088080021fd0346fb75fb7d002b09d197f920302c
:108818001a46f9683868fff706fc0346012b06d0ac
:1088280097f920303a68f968f868fff751fd00bffa
:108838001837bd4680bd80b590b002aff860b9600a
:108848007a6007f114032022002118461ff074fcf7
:1088580003233b757b681b7887f837307a68b968db
:10886800f868fff761ff7b68191d07f1140297f993
:10887800373000930b46f968f868fff796ff7b6876
:10888800ba68f968f868fff735ff7b6803f1840276
:108898007b68191d97f9373000930b46f968f8681b
:1088a800fff7a1ff00bf3837bd4680bd80b594b043
:1088b80000af786039603b681b7887f84f303b68b9
:1088c80093f90030dbb25b00dbb25bb21946786823
:1088d800fff780fb0346002b01d0002335e03b68ff
:1088e800043397f94f2079681846fff79cfb034635
:1088f800012b0dd13b68181d97f94f307a68134446
:1089080097f94f201946fff78efb0346012b01d03c
:1089180000231ae097f94f307a68d11807f12c0331
:108928003a681846fff700ff07f10c033a687968c0
:108938001846fff780ff97f94f2007f10c0107f160
:108948002c031846fff700ff034618465037bd466c
:1089580080bd80b594b000af7860396007f10c0332
:108968004022002118461ff0e7fb002387f84f300c
:1089780010e097f84f307a681a4497f84f30127819
:1089880007f150010b4403f8442c97f84f3001339a
:1089980087f84f3097f84f203b6893f901305b0018
:1089a8009a42e6db07f10c0339681846fff77effa9
:0c89b8000346dbb218465037bd4680bdb8
:020000040000fa
:020000040103f6
:1089c40080b582b000af0346fb71002009f09aff26
:1089d400002009f07dfffb79113b122b47d801a23f
:1089e40052f823f0358a0301498a0301738a03018b
:1089f400738a0301738a0301738a0301738a03016f
:108a0400738a0301738a0301738a0301738a03015e
:108a1400738a0301738a0301738a0301738a03014e
:108a2400738a03015d8a03015d8a03015d8a030180
:108a3400114b03f5835304331a68d82161f30f02f1
:108a44001a6015e00c4b03f5835304331a687c2138
:108a540061f30f021a600be0074b03f583530433f1
:108a64001a684ff4a57161f30f021a6000e000bfa9
:108a740000bf0837bd4680bd0024014180b584b0e5
:108a840000af78607b681b68fb60ddf795f806f043
:108a940079fbfb6801221a752d4b03f5a3530c33a4
:108aa4001a886ff3cf321a80fb6893f86620fb684c
:108ab400db6f9bb219461046d9f7a5fdfb68d3f8c6
:108ac4007831d3f8ac30d9b2214b03f5b0521388c6
:108ad40061f3070313801e4b03f5b152136806219b
:108ae40061f3134313601a4b03f5b1521368062163
:108af40061f317531360164b03f5b05310331a6820
:108b04007f2161f30f021a60114b03f5b053103348
:108b14001a687f2161f31f421a600d4b03f5b152ad
:108b2400136843f002031360094b03f5b153083390
:108b34001a8842f010021a80054b03f5b15308332a
:108b44001a8842f001021a8000bf1037bd4680bd6a
:108b54000024014180b58cb000af78600b46fb70f7
:108b64007b681b68fb60fb6893f86530132b00f08f
:108b74002381132b02dc122b05d0a6e3403b022bee
:108b840000f2a38392e3934b03f5855310331b68e0
:108b9400c3f30543dbb21a468f4b1a70fb78112bd3
:108ba40000f0f580112b02dc102b07d003e1122b0f
:108bb40000f0fc80812b00f0f380fce00023fb62da
:108bc4001ae0864b1b68002b02d0844b1b68984725
:108bd4000023bb6203e000bfbb6a0133bb62bb6a14
:108be400632bf8dd7d4b1b68002b02d07b4b1b688d
:108bf4009847fb6a0133fb62fb6a092be1dd784885
:108c04000af008fb774b1b78012b2ed1764b1b788f
:108c1400012b2ad1fb68012283f8a820fb6893f872
:108c240043301a06fb6893f842301b041a44fb686d
:108c340093f841301b021344fa6892f8402013441d
:108c44001a46fb68c3f8b820fb68002283f8bc20ee
:108c5400fb6803f1bd00fb685033052219461ff081
:108c64005ff9fb680022a3f8c220fb68002283f8a6
:108c74002c20f868dcf794fe7868dcf727fe594b63
:108c84001b78012b45d1584b1b78012b10d10021a7
:108c9400f868dbf7dcfffb68b3f8983001339ab26d
:108ca400fb68a3f898200021f868dbf7d0ff0ae0fe
:108cb4007868dcf70bfefb68b3f8983001339ab29e
:108cc400fb68a3f898206ff01c0007f057f8002306
:108cd4007b621ae0414b1b68002b02d03f4b1b68a0
:108ce400984700233b6203e000bf3b6a01333b62c9
:108cf4003b6a632bf8dd394b1b68002b02d0374be2
:108d04001b6898477b6a01337b627b6a032be1dd36
:108d140020e00023fb611ae0304b1b68002b02d0db
:108d24002e4b1b6898470023bb6103e000bfbb695f
:108d34000133bb61bb69632bf8dd284b1b68002b37
:108d440002d0264b1b689847fb690133fb61fb6922
:108d5400052be1ddfb68132283f86520fb6893f89b
:108d640066301846fff72cfef868dbf793fe786848
:108d7400fff784fe1b4b1b78012b1bd1154b03f50e
:108d8400a3530c331a8842f400421a8012e00121e2
:108d94007868dcf71bfefb68132283f865200ae081
:108da400002281217868dbf7a3ff04e07868dcf710
:108db40055ff00e000bf8de200237b6127e0074bf5
:108dc4001b68002b02d0054b1b68984700233b61ae
:108dd40010e000bf0024014164b600201cad002057
:108de4000c770501c9ac0020caac002000bf3b6968
:108df40001333b613b69632bf8ddce4b1b68002bd1
:108e040002d0cc4b1b6898477b6901337b617b693b
:108e1400132bd4ddfb78103b722b00f23b8201a2b2
:108e240052f823f00590030189900301f58f0301a3
:108e3400999203019992030199920301fd8f030111
:108e4400fd8f030199920301999203019992030101
:108e54009992030199920301999203019992030152
:108e640099920301eb9003012d92030151910301a7
:108e7400059203012d92030193900301999203013a
:108e84009992030199920301999203019992030122
:108e94009992030199920301999203019992030112
:108ea4009992030199920301999203019992030102
:108eb40099920301999203019992030199920301f2
:108ec40099920301999203019992030199920301e2
:108ed40099920301999203019992030199920301d2
:108ee40099920301999203019992030199920301c2
:108ef40099920301999203019992030199920301b2
:108f040099920301999203019992030199920301a1
:108f14009992030199920301999203019992030191
:108f24009992030199920301999203019992030181
:108f34009992030199920301999203019992030171
:108f44009992030199920301999203019992030161
:108f54009992030199920301999203019992030151
:108f64009992030199920301999203019992030141
:108f74009992030199920301999203019992030131
:108f84009992030199920301999203019992030121
:108f94009992030199920301999203019992030111
:108fa4009992030199920301999203019992030101
:108fb40099920301999203019992030199920301f1
:108fc40099920301999203019992030199920301e1
:108fd40099920301999203019992030199920301d1
:108fe4009992030199920301819203018d920301e5
:108ff4007868dcf733fe58e17868dcf72ffe54e13b
:10900400fb68002283f82c204b4b03f5815310336b
:109014001a686ff39a621a60f868dcf7c1fc786822
:10902400daf71ff9fb681b6e23f40002fb681a666b
:109034007868dcf74bfc404b03f5855310331b6811
:10904400c3f30543dbb21a463c4b1a703c4b1b6816
:10905400002b02d03a4b1b6898473a4b1b78012be4
:1090640003d16ff01c0006f089fefb6893f86630ac
:109074001846fff7a5fcf868dbf70cfd7868fff7e6
:10908400fdfc12e101217868dcf7a0fc0de12e4b18
:109094001b68002b02d02c4b1b6898477868dcf7c0
:1090a40055fd7868dcf729fcfb681b6e03f0400370
:1090b400002b00f0f180f868daf78afd0346002bf4
:1090c4000dd004f073fffb681b6e23f04002fb68b5
:1090d4001a6604f085ff7868dcf70ffcdce078683a
:1090e400dcf7f4fbd8e0fb681b6e03f08003002b75
:1090f4001cd004f05bfffb68d3f8883123f0807246
:10910400fb68c3f8882104f06bfff868dcf730fed5
:109114000346002b00f0c28004f048fffb681b6e7e
:1091240043f08072fb681a6604f05aff7868dcf733
:10913400a4fcbae01cad00200024014164b6002068
:1091440008ad0020c9ac00200cad0020fb681b6eec
:1091540003f01003002b08d0fb68d3f8fc321a4646
:1091640081217868dbf7c4fdb4e0fb68002283f852
:109174000823fb6800225a75fb681b6e03f0080382
:10918400002b0fd004f012fffb681b6e23f00802c3
:10919400fb681a66fb681b6e23f40052fb681a66b0
:1091a40004f01efffb68d3f80013fb68d3f8fc320d
:1091b4001a467868dbf726f8fb681b6e03f0400359
:1091c400002b10d00021f868daf754fc0346002b7a
:1091d40009d004f0ebfefb681b6e23f04002fb6831
:1091e4001a6604f0fdfe7868dcf792fcfb681b6edf
:1091f40003f08003002b53d07868dcf70ffe4fe0b8
:109204007868dcf7a8fb0346002b60d1fb681b7d64
:10921400002b47d0fb681b6e03f08003002b43d068
:109224007868dcf7fbfd3fe02c4b1b68002b02d079
:109234002a4b1b689847fb685b7d0133dab2fb68f5
:109244005a7504f0b3fefb681b6e43f48062fb683e
:109254001a66fb681b6e23f04002fb681a6604f072
:10926400bffe7868dcf777fb0346002b31d1f86842
:10927400dcf7defb7868dcf740fb16e00022812196
:109284007868dbf735fd10e0002282217868dbf78f
:109294002ffd0ae000bf1de000bf1be000bf19e086
:1092a40000bf17e000bf15e000bf13e0fb78102bf0
:1092b40001d0122b07d1fb68d3f87831002118466e
:1092c40004f024ff00e000bf04e000bf02e000bfa0
:1092d40000e000bf3037bd4680bd00bf0cad0020ac
:1092e40080b582b000af0023fb71d9f7b3fa03460f
:1092f400fb71fb79002b01d0fb7913e00b4b1b783e
:1093040003f00203002b0cd1084b1b7843f002033b
:10931400dab2064b1a700648d9f71afb0548f5f776
:109324001df8fb7918460837bd4680bd48b10020ba
:08933400598b0301cb4e01012e
:020000040000fa
:020000040103f6
:10933c0080b582b000af78607b681b0903f58803a9
:10934c00223318027b6803f00f03012202fa03f3a5
:10935c0019461af00dfc00bf0837bd4680bd80b51c
:10936c0082b000af78607b681b0903f58803223359
:10937c0018027b6803f00f03012202fa03f319466b
:10938c001af004fc00bf0837bd4680bd80b582b022
:10939c0000af0346fb7197f907301846fff7c8ff7b
:1093ac0000bf0837bd4680bd80b582b000af034614
:1093bc00fb7197f907301846fff7d1ff00bf08374c
:1093cc00bd4680bd80b483b000af0346fb800b4626
:1093dc007b7113463b71fb881a047b791b021a4381
:1093ec003b79134318460c37bd465df8047b704738
:1093fc0080b483b000af0346fb80fb880133fb8055
:10940c00fb884ff6ff72934201d10123fb80fb884e
:10941c0018460c37bd465df8047b704780b485b0a8
:10942c0000af78600023bb600023fb607b68b3f166
:10943c00ff3f3ad07b68002b37d07b681b0adbb22e
:10944c00bb60bb68002b01d000232fe07b68d9b236
:10945c001948ba681346db001344db000344083395
:10946c001b68994201d3002320e07b68dab21346d3
:10947c00db0013449b0018460f49ba681346db0007
:10948c001344db000b440c331b680344fb60fb6888
:10949c001b6a7a689a4206d1fb685b7983f00103f8
:1094ac00dbb2002b01d0002300e0fb681846143718
:1094bc00bd465df8047b704788ae002080b584b053
:1094cc0000af78607b68fb600023bb60fb689b6926
:1094dc00bb60bb6893f91830b3f1ff3f10d0bb6889
:1094ec005b7e002b06d1bb6893f918301846fff74a
:1094fc004dff05e0bb6893f918301846fff754ff91
:10950c00fb6800229a77fb684033184614f0c0f9c8
:10951c0000bf1037bd4680bd80b586b000af786007
:10952c000b46fb7000233b610023fb600023fb75a3
:10953c007868fff773ff38613b69002b54d03b69a7
:10954c001b68fb60fb78002b2dd0fb6893f8303048
:10955c00002b0cd0fb68db6a7a689a4244d1fb681a
:10956c005b6b5a1cfb685a630123fb753ce0fb6880
:10957c0044334ff0ff31184614f0f1f90346002b39
:10958c0002d10023fb752fe0fb68012283f8302009
:10959c00fb687a68da62fb685b6b5a1cfb685a637f
:1095ac000123fb7520e0fb68db6a7a689a421bd1c9
:1095bc00fb685b6b002b15d0fb685b6b5a1efb6862
:1095cc005a63fb685b6b002b0cd1fb684ff0ff32ce
:1095dc00da62fb68002283f83020fb6844331846bb
:1095ec0014f0def90123fb75fb7d18461837bd46d8
:1095fc0080bd80b584b000af03463960fb8000238a
:10960c00fb603b68bb60fb88002b0ed01bf08efc14
:10961c000346002b06d01bf05dfc03464949184657
:10962c000af0c0fa4ff0ff3388e0fa884649134637
:10963c00db001344db000b441b78002b0ed01bf01b
:10964c0075fc0346002b06d01bf044fc03463f4937
:10965c0018460af0a7fa4ff0ff336fe0fa8813466a
:10966c00db001344db00384a1344fb60bb681a6808
:10967c00fb685a61bb685a68fb68da60bb689a6819
:10968c00fb689a60fb6800225a60fb6800229a61b2
:10969c00fb6801229a83fb6800225a70bb68da6867
:1096ac00fb681a62bb681a69fb685a62bb685a6924
:1096bc00fb689a62fb68002283f83020fb6800226a
:1096cc005a63fb683833184614f01df90346002b17
:1096dc0002d14ff0ff3331e0fb683c33184614f0f5
:1096ec0012f90346002b02d14ff0ff3326e0fb6842
:1096fc0003f1400000230022002114f031f803464e
:10970c00002b02d14ff0ff3318e0fb6844331846ae
:10971c0014f0f9f80346012b02d04ff0ff330de0a3
:10972c00fb685b69db68fa68114609489847fb6877
:10973c0001221a70fb6802221a74fb881846103733
:10974c00bd4680bd7064050188ae002088640501ab
:10975c00c994030180b582b000af78607b68b3f127
:10976c00ff3f02d07b68002b0dd01bf0dffb0346c4
:10977c00002b06d01bf0aefb03460a4918460af034
:10978c0011fa002309e008497a681346db001344f8
:10979c00db000b44103393f9003018460837bd46f4
:1097ac0080bd00bfa064050188ae002080b586b0e6
:1097bc0000af03460a46fb8013467b7100237b6196
:1097cc000023fb60fb88002b0ed01bf0affb034685
:1097dc00002b06d01bf07efb0346594918460af0b5
:1097ec00e1f94ff0ff33a7e0fa881346db0013448e
:1097fc00db00544a1344fb60fb6893f91030022bd6
:10980c000ed01bf093fb0346002b06d01bf062fb23
:10981c0003464d4918460af0c5f94ff0ff338be06b
:10982c00fb683c334ff0ff31184614f098f80346b0
:10983c00002b02d14ff0ff337ee0fb685b78002bee
:10984c0007d0fb683c33184614f0aaf84ff0ff33ee
:10985c0072e0fb685b68002b0cd07b7903f008038b
:10986c00002b07d0fb683c33184614f099f84ff0e6
:10987c00ff3361e00023fb744ce0fa7c1346db0001
:10988c0013449b001a46fb68db6813445b7983f036
:10989c000103dbb2002b3ad0fa7c1346db001344f5
:1098ac009b001a46fb68db6813447b617b690122d1
:1098bc005a717b69fa681a607b697a791a717b69cb
:1098cc00ff221a767b6900221a777b7903f0080352
:1098dc00002b02d0fb6801225a70fb685b685a1c93
:1098ec00fb685a60fb689b8bfa88d1b2fa7c1846ed
:1098fc00fff768fd02467b691a62fb689b8b184672
:10990c00fff776fd03461a46fb689a8307e0fb7c5b
:10991c000133fb74fa7cfb689b689a42add1fb68ff
:10992c003c33184614f03cf87b69002b02d07b6961
:10993c001b6a01e04ff0ff3318461837bd4680bd57
:10994c00c064050188ae0020d864050180b584b0e0
:10995c0000af78607868fff761fdf860fb68002b5a
:10996c0031d0fb681b68bb60bb683c334ff0ff31e8
:10997c00184613f0f4ff0346012b24d1bb68db6ab5
:10998c007a689a420fd1bb68002283f83020bb68fa
:10999c0000225a63bb684ff0ff32da62bb68443373
:1099ac00184613f0fdffbb685b685a1ebb685a6013
:1099bc00bb6800225a70fb6800225a71bb683c33aa
:1099cc00184613f0edff00bf1037bd4680bdb0b593
:1099dc0084b000af786039600023bb600023fb7358
:1099ec007868fff71bfdb860bb68002b10d03b6894
:1099fc00002b0dd0bb683a6803f1080415460fcd57
:109a0c000fc42b682360bb6801221a770123fb73f8
:109a1c00fb7b18461037bd46b0bd80b586b002af93
:109a2c00f860b9607a600023009300237a68b96803
:109a3c00f86800f018f8034618461037bd4680bd8c
:109a4c0080b586b002aff860b9607a607b6800932d
:109a5c00bb6800220021f86800f005f803461846a0
:109a6c001037bd4680bdb0b58cb000aff860b960a2
:109a7c007a603b600023bb6200237b62002387f883
:109a8c002f30002387f82e30f868fff7c7fcb86238
:109a9c00bb6a002b00f0d7807b68002b02d0bb6820
:109aac00002b07d13b6c002b00f0cd803b68002bca
:109abc0000f0c980bb6a1b687b627b6a93f830300c
:109acc00002b14d07b6adb6afa689a420fd07b6a4f
:109adc0044334ff0ff31184613f041ff0346002b7f
:109aec0002d197f82e30b0e05a4b01221a707b6ae3
:109afc0038334ff0ff31184613f031ff0346012b7a
:109b0c0040f095807b6a9a69bb6a9a4203d1bb6a22
:109b1c001b7f002b2bd0bb6a07f1100403f1080547
:109b2c000fcd0fc42b6823607b6a5a6abb6a1b6912
:109b3c009b0013441b68bb617b6a9a6abb6adb6837
:109b4c009b0013441b687b617b6a1a6abb6a5b6966
:109b5c009b0013441b68fb617b6a5b691b6807f104
:109b6c001002002110469847bb6a00221a77bb6a84
:109b7c0093f91830b3f1ff3f10d0bb6a5b7e002b1a
:109b8c0006d1bb6a93f918301846fff70dfc05e0b7
:109b9c00bb6a93f918301846fff7f8fbba6a7b6a70
:109bac009a61bb6a5b69002b0ad0bb6a5b69082ba4
:109bbc0006d83b6c5b003b647b685b007b600de014
:109bcc00bb6a5b69082b09d9bb6a5b69092b05d891
:109bdc003b6c9b003b647b689b007b607b6a5b6996
:109bec005c683b6c3a687968b868a0470346002b00
:109bfc0002d0012387f82f3097f82f30002b11d08b
:109c0c007b6a40334ff0ff31184613f00bfe0346ce
:109c1c00012b07d17b6a9b7fdbb2002b02d1012386
:109c2c0087f82e307b6a3833184613f0b9fe094b8f
:109c3c001b78002b07d0074b00221a707b6a443329
:109c4c00184613f0adfe97f82e3018463037bd4647
:109c5c00b0bd00bfd0ae002080b582b000af786040
:109c6c000b46fb70fb7819467868fff755fc0346ea
:089c7c0018460837bd4680bd03
:020000040000fa
:020000040103f6
:109c840080b582b000af7860044b1b685b6878686d
:109c9400984700bf0837bd4680bd00bfb4b200205e
:109ca40080b483b000af7860044b1b687a685a6054
:109cb40000bf0c37bd465df8047b7047b4b200208a
:109cc40080b483b000af7860044b1b687a689a60f4
:109cd40000bf0c37bd465df8047b7047b4b200206a
:109ce40080b483b000af0023fb7116e0104b1a68f8
:109cf400fb791a339b001344db7983f00103dbb255
:109d0400002b07d00a4b1a68fb791a339b001344c3
:109d1400043306e0fb790133fb71fb79072be5d9aa
:109d2400002318460c37bd465df8047b704700bf1e
:109d3400b4b2002080b485b000af0346fb8000239a
:109d4400fb731de0134b1a68fb7b1a339b0013440f
:109d5400db79002b11d00f4b1a68fb7b1a339b0065
:109d640013449b88fa889a4207d10a4b1a68fb7bf2
:109d74001a339b001344043306e0fb7b0133fb736b
:109d8400fb7b072bded9002318461437bd465df84c
:109d9400047b7047b4b2002090b589b002af04468a
:109da400084611461a462346fb8003467b710b4640
:109db4007b8013463b807b88002b01d1022300e08b
:109dc4000123fb820023bb82bb6afa88da80fb8a08
:109dd40003f00303d9b2ba6a137961f3010313716f
:109de400bb8a03f00303d9b2ba6a137961f383031c
:109df4001371bb6a3a885a81b86a1bf0f3ff0346b1
:109e04007b827b8a002b19d1bb6a0c33fb60fb8af3
:109e14001b039ab2fb8813449ab2bb8a9b039bb27e
:109e240013447b813a88798900230193fb6800936a
:109e3400134600224ff481701cf054fd7b8a034ac0
:109e440032f8133018461c37bd4690bd50630501e7
:109e540080b584b000af0346fb80fb881846fff74b
:109e640069fff860fb68002b08d0fb689a78064b02
:109e74001b685b789a4201d3002300e00123184653
:109e84001037bd4680bd00bfb4b2002080b584b099
:109e940000af03463960fb80fb881846fff74aff92
:109ea400f860fb68002b15d0fb689a780c4b1b6894
:109eb4005b789a4203d33b6800221a7008e0084b8f
:109ec4001b685a78fb689b78d31adab23b681a701d
:109ed400002300e0032318461037bd4680bd00bfb1
:109ee400b4b2002080b588b002af7b600346fb812a
:109ef4000b467b7313467b81fb891846fff71affd9
:109f040078617b69002b02d14ff4817314e07a8964
:109f1400797bf8897b68009313460022fff73cffa6
:109f240003467b827b8a002b05d17b699b780133b6
:109f3400dab27b699a707b8a18461837bd4680bdb1
:109f440080b483b000af0023fb710ee00d4b1968a1
:109f5400fa7913465b0013449b000b440c331b78c3
:109f6400002b06d0fb790133fb71fb79072bedd96c
:109f740000e000bffb7918460c37bd465df8047b52
:109f8400704700bfb4b2002080b485b000af034670
:109f9400fb800023fb731be0134b1968fa7b134609
:109fa4005b0013449b000b440c331b78012b0cd136
:109fb4000d4b1968fa7b13465b0013449b000b445a
:109fc4000e331b88fa889a4206d0fb7b0133fb735d
:109fd400fb7b072be0d900e000bffb7b184614375e
:109fe400bd465df8047b7047b4b2002080b582b0f2
:109ff40000af0346fb71164b1968fa7913465b00f0
:10a0040013449b000b4414331b68002b0cd0104bdf
:10a014001968fa7913465b0013449b000b4414330c
:10a024001b6818461df0b6fd094b1968fa791346ea
:10a034005b0013449b0008330b4404330c220021bf
:10a0440018461ef07bf800bf0837bd4680bd00bf30
:10a05400b4b20020b0b588b002af78607b689b884a
:10a06400b3f5297f00f24d817b689b78022b40f089
:10a0740083807b689b88012b40f245817b681b8829
:10a084001846fff781ff0346fb75fb7d082b07d1bc
:10a09400fff756ff0346fb75fb7d082b04d139e11e
:10a0a400fb7d1846fff7a2ff7b689b681b889bb269
:10a0b400bb813b7b1ab27b7b1b021bb213431bb2db
:10a0c4009bb2964a1168fa7d043398b213465b003a
:10a0d40013449b000b44123302461a808f4b1968b9
:10a0e400fa7d13465b0013449b000b4412331b8818
:10a0f40040f20442934200f20881884b1968fa7dc9
:10a1040013465b0013449b000b4412331b881a460e
:10a11400824b1d68fc7d10461df030fd024623462f
:10a124005b0023449b002b4414331a607b4b196857
:10a13400fa7d13465b0013449b000b4414331b68e5
:10a14400002b00f0e480754b1968fa7d7b68188851
:10a1540013465b0013449b000b440e3302461a80e3
:10a164006e4b1968fa7d13465b0013449b000b4445
:10a17400103300221a800ae07b681b881846fff718
:10a1840003ff0346fb75fb7d082b00f0c280634b85
:10a194001968fa7d13465b0013449b000b4410338b
:10a1a4001b881a467b689b88d1185c4b1868fa7d1b
:10a1b40013465b0013449b00034412331b889942eb
:10a1c40004ddfb7d1846fff711ffa3e0534b19682c
:10a1d400fa7d13465b0013449b000b441433196847
:10a1e4004e4b1868fa7d13465b0013449b000344ee
:10a1f40010331b88c8187b6899687b689b881a464b
:10a204001df08efe454b1968fa7d13465b0013441e
:10a214009b000b44103318887b689b883f4a116865
:10a22400fa7d034498b213465b0013449b000b442d
:10a23400103302461a80394b1968fa7d13465b00c5
:10a2440013449b000b4410331988344b1868fa7d6f
:10a2540013465b0013449b00034412331b8899424a
:10a2640043d10223bb8200237b827b681a88bb8a8a
:10a274001b039bb213449ab27b8a9b039bb2134485
:10a284003b82264b1968fa7d13465b0013449b00fe
:10a294000b4412331888214b1968fa7d13465b006e
:10a2a40013449b000b4414331b68398a0022019227
:10a2b40000930346002240f203101cf013fb174bdb
:10a2c4001b689c687b681888144b1968fa7d1346d0
:10a2d4005b0013449b000b4414331b681946a047ce
:10a2e400fb7d1846fff782fe14e00c4b1968fa7ddb
:10a2f40013465b0013449b000b440c3301221a7079
:10a3040008e000bf06e000bf04e000bf02e000bfb9
:10a3140000e000bf1837bd46b0bd00bfb4b2002096
:10a3240080b586b000af7b600346fb810b467b7330
:10a3340013467b810c201df021fc78617b69002b86
:10a344002cd07b69fa891a807b697a7b9a707b6945
:10a354007a899a807b699b8818461df00ffc024617
:10a364007b699a607b699b68002b12d07b69986833
:10a374007b699b881a4679681df0d2fd7869fff7de
:10a3840069fe7b699b6818461df004fc1bf01dfdeb
:10a3940001e01bf014fd78691df0fcfb00bf1837c9
:10a3a400bd4680bd80b5c6b000af3b1d18603b1de7
:10a3b4001b681b88132b06d041f20a02934223d058
:10a3c400052b4dd08ce03b1d1b68db881846fff73e
:10a3d400b1fcc7f81001d7f81031002b7bd0d7f8a7
:10a3e40010319a783b1d1b681b89dbb2d31adab291
:10a3f400d7f810319a70d7f810319a78524b1b68fd
:10a404005b789a4267d39be03b1d1b681b79002b4a
:10a4140063d1fff765fcc7f81001d7f81031002ba2
:10a424005bd03b1d1b68da88d7f810311a80d7f847
:10a43400103100229a70d7f810310122da70424ba1
:10a444001b681a780132d2b21a703f4b1b681a7813
:10a454003d4b1b681821b1fbf2f2d2b25a703ce0ba
:10a464003b1d1b681b79002b39d13b1d1b68db8806
:10a474001846fff75ffcc7f81001d7f81031002b1e
:10a4840016d0d7f810310022da702f4b1b681a78d7
:10a49400013ad2b21a701b78002b09d02a4b1b68e0
:10a4a4001a78294b1b681821b1fbf2f2d2b25a7008
:10a4b4003b1d1b68db881846fff766fd034687f8db
:10a4c4000f3197f80f31082b09d097f80f31184640
:10a4d400fff78cfd03e000bf02e000bf00e000bf17
:10a4e400002387f8173127e097f81731174a32f815
:10a4f40023203b1d1b681b889a4218d197f81731fb
:10a50400124a9b0013449a7807f108031a703b1d02
:10a514001b68191d07f108030433442218461df073
:10a52400fffc07f108031846fff7aafb08e097f8b9
:10a534001731013387f8173197f817311d2bd3d909
:10a5440007f58c77bd4680bdb4b20020d862050102
:10a5540080b500af114b1b68002b0bd18c201df074
:10a564000dfb02460d4b1a600c4b1b68002b01d1ee
:10a57400002311e0094b1b688c22002118461df0b2
:10a58400ddfd064b1b6818225a7005481df096fd28
:10a5940004481bf009fc0123184680bdb4b2002016
:08a5a400a9a3030125a3030193
:020000040000fa
:020000040103f6
:04a5ac002a2b00bf97
:020000040000fa
:020000040103f6
:10a5b0002b4b2c4941f24852995002f5de724ff470
:10a5c0008041995018324ff01451995003f5b95207
:10a5d0002549116041f224722449995004322449da
:10a5e0009950043223499950043223499950043236
:10a5f000e021995004322149995004322049995060
:10a6000003f5ba524ff44031116041f244721d49d2
:10a61000995004321c49995004321c499950043213
:10a620000621995004321a49995004321949995017
:10a6300004324ff40041995003f5bb5216491160a2
:10a6400041f2647215499950043245f233619950d0
:10a6500004324ff4f0519950043240219950704720
:10a66000002001411e00ffffc0464654a040000ce0
:10a6700010928fbe18d410007aa64f4053a94821db
:10a680004b055046f1813d8cd3080c0c9002061806
:10a6900020875c006400ffff110d4006052924009f
:10a6a000024a536823f4006353607047004001413d
:10a6b000c82300bf00bf00bf00bf00bf00bf00bf76
:10a6c00000bf00bf00bf00bf00bf00bf00bf00bf92
:10a6d00000bf00bf00bf00bf00bf00bf00bf013b05
:10a6e00013f0ff03e5d1704708b540f65a21012069
:10a6f00019f03afb4ff49e71032019f035fb4ff42b
:10a700009871042019f030fb43f21521052019f04f
:10a710002bfb43f20601072019f026fb4ff40061e2
:10a72000132019f021fb40f2ad21142019f01cfb7d
:10a7300044f2e001172019f017fb4ff4894118206b
:10a7400019f012fb4cf68621192019f00dfb4ff47d
:10a750007e711f2019f008fb4ff46861332019f057
:10a7600003fb46f27a213a2019f0fefa41f6040181
:10a770003e2019f0f9fa4cf60521442019f0f4fabc
:10a780000121472019f0f0fa4cf60721482019f072
:10a79000ebfaff214f2019f0e7fa4af6ac315120cd
:10a7a00019f0e2fa4ff478615d2019f0ddfa4df608
:10a7b00060016b2019f0d8fa47f678016c2019f087
:10a7c000d3fa4ef619116d2019f0cefa4ff6e17159
:10a7d000712019f0c9fa4ff648617220bde80840af
:10a7e00019f0c2ba08b54ef24e31082019f0bcfa81
:10a7f0004ef254313d2019f0b7fa42f202014920dd
:10a8000019f0b2fa42f2ff61622019f0adfa42f299
:10a81000ff01642019f0a8fa42f202016a2019f03f
:10a82000a3fa42f20401752019f09efa42f20401e3
:10a830007d2019f099fa42f2ff71802019f094fa04
:10a840004ef24e31812019f08ffa42f2fa718220d5
:10a8500019f08afa4ef24e31832019f085fa42f24d
:10a86000f571842019f080fa4ef24e31852019f0ee
:10a870007bfa42f2f271862019f076fa4ef24e31ee
:10a88000872019f071fa42f2ea71882019f06cfa07
:10a890004ef24e31892019f067fa42f2e0718a20b7
:10a8a00019f062fa4ef24e318b2019f05dfa42f245
:10a8b000d6718c2019f058fa4ef24e318d2019f0d5
:10a8c00053fa42f2fb118e2019f04efa4ef2543137
:10a8d0008f2019f049fa42f2ed11902019f044fa54
:10a8e0004ef25431912019f03ffa42f2e0119220d9
:10a8f00019f03afa4ef25431932019f035fa42f237
:10a90000d611942019f030fa4ef25431952019f0f6
:10a910002bfa42f2ca11962019f026fa4ef254315f
:10a92000972019f021fa4ff40751982019f01cfada
:10a930004ef25431992019f017fa42f296119a20ea
:10a9400019f012fa4ef254319b2019f00dfa42f22e
:10a9500090119c2019f008fa4ef254319d2019f004
:10a9600003fa42f28a119e2019f0fef94ef2543198
:10a970009f20bde8084019f0f7b908b5082160200c
:10a9800019f0f2f9fff794fefff792fefff790fe41
:10a99000fff78efefff78cfe00216020bde8084027
:10a9a00019f0e2b92de9f74f002019f0f5f91f2051
:10a9b00019f0f2f983461d2019f0eef98246602065
:10a9c00019f0eaf98146542019f0e6f98046592039
:10a9d00019f0e2f907461a2019f0def9064655206b
:10a9e00019f0daf905464f2019f0d6f9044674201b
:10a9f00019f0d2f944f48071009089b24f2019f017
:10aa0000b3f9009bc3f30b0141f44051742019f0da
:10aa1000abf95221002019f0a7f940f6f8311f20b8
:10aa200019f0a2f94ff620011d2019f09df904211b
:10aa3000602019f099f942f6b051542019f094f9b8
:10aa400048f21c01592019f08ff948f21c011a2014
:10aa500019f08af94ef21001552019f085f9fff727
:10aa600027fefff725fe2549d1f83c3443f00803c3
:10aa7000c1f83c34fff71cfe214b1a6842f4007207
:10aa80001a601a46136813f40073fbd141f2505256
:10aa900001938a58d1f83c04009220f00800c1f8d4
:10aaa0003c044ff6ff6121404f2019f05df95946f3
:10aab0001f2019f059f951461d2019f055f9494642
:10aac000602019f051f94146542019f04df93946ea
:10aad000592019f049f931461a2019f045f929464b
:10aae000552019f041f9019b1220194619f03cf943
:10aaf000009ac2f3094003b0bde8f08f0020014185
:10ab00004035014173b506460df106000c461af0ba
:10ab100073fbbdf8060000284cd0314d2a78801b0d
:10ab2000002a49d01df076f927a3d3e9002319f0b4
:10ab3000f5fa1cf0ebfb07ee900ab3ee047ac7eed1
:10ab4000877a17ee900a1cf06fff9fed210b41ec06
:10ab5000110b0ef0c1fb0022224b51ec100b19f02f
:10ab6000ddfa41ec100b1bf03ffc51ec100b1df01b
:10ab70003ff92a78c3b2002a14bf19201e203c2bab
:10ab800020d8984238bf184641f26873164ad15807
:10ab900021f4fc41d150d15841ea4021d150a307c2
:10aba00008d5a2f5005292f8a03003f0c003184374
:10abb00082f8a00002b070bd1df02cf906a3d3e905
:10abc0000023b4e73c20dfe7ce1951da1b7ca13f1c
:10abd0000000000000002440e59b6d6e4c4f883f54
:10abe00044010020008045400020014173b5064625
:10abf0000df106000d461af0fffabdf80640dcb173
:10ac00000df105000bf077fba41ba5235c4343f675
:10ac1000cf439c42c9bf9df805309df90530023bea
:10ac20005bb2aa0708d5054991f8a42002f0e0021a
:10ac30001343dbb281f8a43002b070bd00000141c3
:10ac400037b505460df106001af0d6fabdf80640f4
:10ac5000ecb16d2019f0a0f8c0f38210052816d1d0
:10ac6000a523641b5c43a3f5e7539c42124c10da06
:10ac7000012019f091f84ff61f71014041f0600179
:10ac8000012019f071f8fff778fe0123237003b05b
:10ac900030bd2378002bfad0012019f07df84ff653
:10aca0001f71014041f04001012019f05df8fff7ec
:10acb00064fe0023eae700bf48010020094a41f68c
:10acc0002863d358084a12689b1a084a23f0704335
:10acd000934205d8064b1878003018bf0120704702
:10ace00000207047002001414c010020feffff07bb
:10acf00045010020f7b50023adf806300646fff702
:10ad000051fe05460df106001af076fabdf8063040
:10ad1000dbb1144f5b1ba5245c434ff48b7394fb96
:10ad2000f3f4b7f900301934a342b4bfe31a1b1b84
:10ad3000132b02ddfff721fe3c8031462846fff74a
:10ad4000e1fe31462846fff751ff074a41f62863e6
:10ad5000d358064a03f5403323f07043136003b021
:10ad6000f0bd00bf46010020002001414c01002041
:10ad700013b5244a05211170234a00238df80530ac
:10ad80001370044628b1fff7affcfff711fcfff783
:10ad900087fc22460df1050107200bf0fff95cb39b
:10ada0009df805300bb9fff71dfdfff7e6fd0df12e
:10adb00006001af021fabdf806201449144beab136
:10adc00019220a8001221a70124b4ff440321a6085
:10add000114b00221a704ff08843104a1a65104b2d
:10ade00040f27142012c9a600cbfff227f229a61cf
:10adf00013221a604022da6002b010bdff200880e2
:10ae0000e1e700bf4001002044010020460100208e
:10ae1000450100204c010020480100204c0040e08a
:10ae2000001001410021122018f09ebf08b5064b0a
:10ae30004ff088721a6046f2e2515e2018f094ffdb
:10ae4000bde80840fff7eebf004001410c4b0d4943
:10ae500001221a700c4b02225a615a630b4a536842
:10ae600043f44033536041f638028b5843f40053a7
:10ae70008b50074b02f5081202f2da721a60704723
:10ae80004401002000200141002300440040014112
:04ae90000840014134
:020000040000fa
:020000040103f6
:10ae940080b584b000af78607b685b7a03f001030f
:10aea400002b31d07b689b7a03f00103002b2bd05d
:10aeb4007b685b7a03f00c03002b1bd07b680022b9
:10aec4005a720023fb814ff482701cf057feb86065
:10aed400bb68002b1bd0bb6810221a707b681a88d1
:10aee400bb689a80bb6800229a710421b868f9f79c
:10aef400edfa0ce07b685b7a43f00403dab27b681a
:10af04005a721223fb8102e00023fb8100e000bfa0
:10af1400fb8918461037bd4680bd80b586b000afaa
:10af2400f860b9601346fb808023fb8200237b75a5
:10af340019e0fb68da687b7d9b0013441b88fa8860
:10af44009a420dd1bb685868fb68da687b7d9b0028
:10af540013445b8819460bf064fa0023fb8207e074
:10af64007b7d01337b75fb68db7a7a7d9a42e0d383
:10af7400fb8a18461837bd4680bd80b485b000af43
:10af84000346fb80164b1b681b68fb601de0002317
:10af9400fb7212e0fb689a68fb7a9b0013441b88df
:10afa400fa889a4206d1fb689a68fb7a9b0013449c
:10afb4005b880ee0fb7a0133fb72fb681b7cfa7a38
:10afc4009a42e7d3fb681b68fb60fb68002bded169
:10afd400002318461437bd465df8047b704700bf54
:10afe400b0b2002080b588b000aff860b9601346f5
:10aff400fb808023fb8300237b7775e0fb68da68a2
:10b004007b7f9b0013441b88fa889a4269d107f11d
:10b014001203b96818460bf0b5f9fb881846fff718
:10b02400acff03467b837b8a002b11d07b8a012be8
:10b034000ed07b8a022b0bd07b8a002b08d07a8a15
:10b044007b8b13409bb2002b02d18023fb8308e04f
:10b05400fb68da687b7f9b0013447a8a5a8000235a
:10b06400fb83fb8b002b45d1fb681b881846d7f765
:10b0740033f90346002b3dd04ff482701cf07efd63
:10b0840078617b69002b35d0fb68db7a9b0018461e
:10b094001cf074fd02467b695a607b695b68002b77
:10b0a40028d07b6912221a70fb681a887b691a817e
:10b0b400fb68da7a7b699a727b695868fb68d9689d
:10b0c400fb68db7a9b001a461cf02aff042178698e
:10b0d400f9f7fcf97b695b6818461cf05bfd00bf5f
:10b0e40008e07b7f01337b77fb68db7a7a7f9a42c7
:10b0f40084d300e000bffb8b18462037bd4680bddb
:10b1040080b586b000af0346fb710b46bb80134687
:10b114007b80fb799bb21846f9f7a0fb38613b6949
:10b12400002b01d1032337e0fa201cf027fdf8603f
:10b13400fb68002b2dd0fb6812221a80fb680422c6
:10b144005a80fb680433ba88114618460bf069f933
:10b15400fb6806337a88114618460bf062f9fb68df
:10b164001d2283f8f8203b691b88f96818460ff004
:10b17400b1fa0346fb82fb8a002b06d13b695b7a5a
:10b1840043f00203dab23b695a72f8681cf002fd1c
:10b1940001e00223fb82fb8a18461837bd4680bdb6
:10b1a40080b586b000af78600b46fb701346bb7069
:10b1b4000023fb820023fb601c4b1b681b683b6164
:10b1c400bb78002b1dd17b689b894f2b19d87b68da
:10b1d4009b89302b15d0012323e07b689a893b6936
:10b1e400db899a4208d87b68da893b699b899a4251
:10b1f4000bd30123fb8208e03b69fb603b691b68be
:10b204003b613b69002be8d100e000bffb8a002bc7
:10b2140006d1064b1b68fa687968184618f09ef93f
:10b22400fb8a18461837bd4680bd00bfb0b2002067
:10b2340080b586b000af0346fb800123fb82002368
:10b24400fb60104b1b681b683b6113e03b699b89e7
:10b25400fa889a4209d10b4b1b68fa683969184677
:10b2640018f0a6f90023fb8207e03b69fb603b6909
:10b274001b683b613b69002be8d1fb8a18461837f1
:10b28400bd4680bdb0b2002080b582b000af0023bf
:10b29400fb7138e02a4b1b68fa79043253f82230e8
:10b2a400002b2dd0264b1b68fa79043253f8223038
:10b2b400db78002b24d0224b1b68fa79043253f834
:10b2c400223001225a721e4b1b68fa79043253f859
:10b2d40022301b881846ecf7d7ff0346002b0fd00b
:10b2e400174b1b68fa79043253f822301b88dbb2ff
:10b2f4004ff6ff7201211846fff702ff0346bb8099
:10b30400fb790133fb71fb79072bc3d94ff48270ae
:10b314001cf034fc38603b68002b0cd03b681022d6
:10b324001a703b6800229a803b6801229a710421ba
:10b334003868f9f7cbf8002318460837bd4680bdb6
:10b344008cb1002080b588b000afb9607b60034643
:10b35400fb8113467b73fb891846f9f77ffaf86182
:10b36400fb69002b01d103234be0bb68002b26d0e3
:10b374007b68002b23d0bb681a78fb695a72bb68c0
:10b384005a78fb699a72fb697a7bda72fb69d8682e
:10b394007b7b9b001a4679681cf0c2fdfb695b7ad3
:10b3a40003f00103002b0ad0fb691b88dbb24ff6c4
:10b3b400ff7201211846fff7a3fe03467b83fb6956
:10b3c40001221a72fb694c33184618f016f9034629
:10b3d400002b15d0fb694c33184618f0a3f878619c
:10b3e4007b6919897b695b681a46f869f6f790f9f5
:10b3f4007b695b6818461cf0cdfb78691cf0cafbbe
:10b40400002318462037bd4680bd80b588b000af04
:10b414000346b9607a60fb810023fb8307f11402c1
:10b4240007f11801fb891846f5f77cfc0346002b4d
:10b434001dd0bb699b7b03f02003002b02d00123aa
:10b44400fb8316e07b681a88bb699b681b889a4259
:10b4540004d9bb699b681a887b681a80bb695968e0
:10b464007b681b881a46b8681cf05afd01e0032368
:10b47400fb83fb8b18462037bd4680bd80b584b066
:10b4840000af78607b689b68fb607b681b7bfb720a
:10b494007b685b7bbb72ba7afb7a1946f868fff764
:10b4a4007ffe034618461037bd4680bd80b584b084
:10b4b40000af78607b681b89fb81fb891846fff726
:10b4c400b7fe034618461037bd4680bd80b582b02e
:10b4d40000af7860fff7d8fe034618460837bd462c
:10b4e40080bd80b582b000af78607b681b8a184647
:10b4f400ecf7cafe034683f00103dbb2002b01d054
:10b5040004230ae07b68188a7b6899687b689a7cc4
:10b514007b68db68fff716ff034618460837bd460d
:10b5240080bd80b582b000af78607b6818897b6885
:10b53400d9687b681b691a46fff767ff03461846fc
:10b544000837bd4680bd80b584b000af78600b4637
:10b55400fb70134b1b68db6b10209847f860fb688b
:10b56400002b01d1022316e0fb687a689a60fb681d
:10b57400fa781a73fb6800225a73f9684ff4804012
:10b5840016f01afefb681b887b81054b1b681b6c3d
:10b59400f86898477b8918461037bd4680bd00bfc0
:10b5a4004cb0002080b584b000af0346fb80104b44
:10b5b4001b68db6b0c209847f860fb68002b01d1fb
:10b5c400022310e0fb68fa881a81f96844f2040047
:10b5d40016f0f2fdfb681b887b81054b1b681b6c16
:10b5e400f86898477b8918461037bd4680bd00bf70
:10b5f4004cb0002080b582b000af0e4b1b68db6bf3
:10b604000820984778607b68002b01d102230de065
:10b61400796844f2020016f0cffd7b681b887b80ba
:10b62400044b1b681b6c786898477b88184608375e
:10b63400bd4680bd4cb0002080b586b000afb96077
:10b644007b600346fb8113467b73144b1b68db6be7
:10b654001420984778617b69002b01d1022319e0fb
:10b664007b69fa891a827b69ba689a607b697a7bfa
:10b674009a747b697a68da60796944f2030016f097
:10b684009bfd7b691b887b82044b1b681b6c786960
:10b6940098477b8a18461837bd4680bd4cb00020b9
:10b6a40080b586b000af0346b9607a60fb81134b66
:10b6b4001b68db6b1420984778617b69002b01d1f0
:10b6c400022316e07b69fa891a817b69ba68da6019
:10b6d4007b697a681a61796944f2090016f06cfd95
:10b6e4007b691b887b82054b1b681b6c78699847b8
:10b6f4007b8a18461837bd4680bd00bf4cb0002079
:020000040000fa
:020000040103f6
:10b70400b8b000201c0000000000000098b4002025
:10b71400b0000000010000001f0000000000000055
:10b724000000000000001f000000000000000000f6
:10b7340000000000050000000500000000000500f6
:10b744000000ff036300ff0300000000ff0300008c
:10b7540055010000000055010000000055010000e3
:10b76400000000000000000000000000aa025501d3
:10b774000000000003001800c000000000000000ea
:10b78400000000000000000000000000303105014e
:10b7940001000000383105010200000050310501ac
:10b7a400030000006431050104000000803105013c
:10b7b400050000009031050106000000a8310501d4
:10b7c40007000000b831050148b20020080000005d
:10b7d4000000000000000020030000000000000042
:10b7e40090b600200400000001000000ffffffffee
:10b7f4002fb200200100000000000000040000201f
:10b80400c0000000000000004cb60020180000003a
:10b814000100000000000000054a040100000000cf
:10b8240000000000a14a0401000000001cb2002036
:10b834000a000000000000002cb6002020000000d8
:10b84400010000004c420501584205016442050113
:10b854007842050190420501a8420501bc42050158
:10b86400c8420501f4ff01200c00000000000000a4
:10b87400c400002008000000000000008cad00207f
:10b88400580000000000000098b2002004000000ee
:10b8940000000000e3b200200100000000000000ee
:10b8a400cc0000200c000000000000009cb200202e
:10b8b400040000000000000088ae002049000000e1
:10b8c4000000000048af002030000000000000002d
:10b8d40050b20020080000000000000078af0020f3
:10b8e4002d0000000000000000fc012040020000c8
:10b8f4000000000058b20020080000000000000012
:10b904006ca10020d5040000000000003cab002026
:10b91400dc00000000000000ecb100200c0000007e
:10b9240000000000a0b2002004000000000000009d
:10b93400d8000020040000000000000028b000200f
:10b944002400000000000000ecb5002040000000ce
:10b954000100000080b483b000af0d4b1b6823f4da
:10b964009f7323f001030a4a43f011031360012378
:10b974007b6003e000bf7b6801337b607b68092b3d
:10b98400f8dd00bf0c37bd465df8047b704700bf8f
:10b9940000240144dc0000205c00000000000000e2
:10b9a40094b600200400000001000000aaaaaaaa7c
:10b9b400f8b100200c00000000000000500100203d
:10b9c4001ca0000000000000d4ae00203c000000d9
:10b9d4000000000098b600200400000001000000f0
:10b9e4000400000040fe01200401000000000000eb
:10b9f4002cad002060000000000000003801002091
:10ba0400080000000000000090b2002005000000c3
:10ba140000000000400100200100000000000000c0
:10ba2400440100200c00000000000000d4b00020fd
:10ba34001c00000000000000a4b200200800000068
:10ba44000000000044a600201504000000000000cf
:10ba540064b600201800000001000000ff00000090
:10ba6400ff000000000000000000000000000000d3
:10ba740000000000c8ac00206400000000000000ca
:10ba8400f0b000201c0000000000000046af0020c1
:10ba940002000000010000007000000004b2002059
:10baa4000c0000000000000060b20020080000004c
:10bab40000000000e8b20020f000000001000000d7
:10bac40000000000ab77020101000000ab77020127
:10bad40002000000ab770201050000004d76020170
:10bae400060000004d76020107000000ab7702015a
:10baf40008000000ab77020113000000ab770201dd
:10bb040009000000ab7702010a000000f17702018e
:10bb14000b000000cd7702010c000000ab7702019e
:10bb24000d000000ab7702010e0000004d7602010b
:10bb34000f0000004d760201100000003978020168
:10bb440011000000ab7702011f000000ab77020177
:10bb540012000000ab77020114000000ab77020171
:10bb6400150000005d78020116000000397802011a
:10bb7400170000008178020118000000817802019a
:10bb840019000000817802011a00000039780201ce
:10bb94001b0000005d7802011c000000ab7702016d
:10bba4001e000000157802011d000000ab770201a1
:10bbb40068b20020080000000000000010b200205d
:10bbc4000c00000000000000acb2002004000000e3
:10bbd400000000007cb60020090000000100000005
:10bbe400020700a62a000000010000005caa002051
:10bbf400dd00000000000000b0b2002004000000de
:10bc0400000000008cb100201000000000000000c3
:10bc140044ff0120b000000000000000b4b2002086
:10bc2400080000000000000070b2002008000000be
:10bc3400000000004cb000202400000000000000c0
:10bc440060b1002018000000000000009cb100203a
:10bc54001000000000000000d8b30020c000000065
:10bc64000100000021de030121de030121de0301c6
:10bc740021de030121de030121de030121de0301b4
:10bc840021de030121de030121de030121de0301a4
:10bc940021de030121de030121de030121de030194
:10bca40021de030121de030121de030121de030184
:10bcb40021de030121de030121de030121de030174
:10bcc40021de030121de030121de030121de030164
:10bcd40021de030121de030121de030121de030154
:10bce40021de030121de030121de030121de030144
:10bcf40021de030121de030121de030121de030134
:10bd040021de030121de030121de030121de030123
:10bd140021de030121de030121de030121de030113
:10bd240021de030126b2002009000000000000000b
:10bd3400bcb20020040000000000000070b000202d
:10bd44002400000000000000acb10020100000003e
:10bd540000000000d4af00202a0000000000000012
:10bd64000cb100201c0000000000000030b20020d4
:10bd7400090000000000000078b200200800000064
:10bd8400000000003cb20020090000000000000098
:10bd940018ac0020b00000000000000078b10020c2
:10bda400140000000000000094b0002024000000f3
:10bdb4000000000048b50020a400000001000000bd
:10bdc40020200001ffffffffffffffffffffffff3a
:10bdd400000000000000000000000000010000005e
:10bde400ffffffff512563fcc2cab9f3849e17a766
:10bdf400adfae6bcffffffffffffffff00000000fe
:10be0400ffffffff96c298d84539a1f4a033eb2d6c
:10be1400817d0377f240a463e5e6bcf847422ce158
:10be2400f2d1176bf551bf376840b6cbce5e316b9c
:10be34005733ce2b169e0f7c4aebe78e9b7f1afe60
:10be4400e242e34f4b60d2273e3cce3bf6b053ccac
:10be5400b0061d65bc86987655bdebb3e7933aaa48
:10be6400d835c65ac0b2002004000000000000000b
:10be740080b200200800000000000000c4b20020ce
:10be84000800000000000000e0b2002003000000f1
:10be940000000000e4ad0020540000000000000099
:10bea40088b200200800000000000000ccb200208e
:10beb400040000000000000028b100201c00000065
:10bec40000000000dcb100200d00000000000000b4
:10bed400ccb100200e0000000000000010af0020d4
:10bee400360000000000000088b6002008000000b2
:10bef40001000000412801014128010144b1002052
:10bf04001c0000000000000000b000202800000019
:10bf140000000000a8af00202c000000000000007a
:10bf2400e4b200200300000000000000bcb10020c7
:10bf34001000000000000000d0b200200800000043
:10bf440000000000d8b2002004000000000000003f
:10bf540038ae00205000000000000000dcb20020d9
:10bf640004000000000000000000000000000000c9
:020000040000fa
:020000040103f6
:10bf740080b58ab000aff860b9607a60fb70fb6886
:10bf8400bb617b683b627b6b7b617b68002b05d16b
:10bf9400324b7b627b6b013b7b6346e097f830302e
:10bfa400002b10d0fb780a2b0dd17b68002b0ada0a
:10bfb400fb685a1cfa602d221a707b685b423b6254
:10bfc4007b6b013b7b63bb68013bfa6813447b6278
:10bfd4007b6a00221a701ee0fa783b6ab3fbf2f126
:10bfe40002fb01f29b1afb61fb69092b02ddfb6971
:10bff4000733fb61fb69dbb27a6a013a7a62303358
:10c00400dab27b6a1a70fb783a6ab2fbf3f33b62ea
:10c014007b6b013b7b633b6a002b05d07b69002b68
:10c02400dad07b6b002bd7dc00bf07e0fb685a1c1f
:10c03400fa6030221a707b6b013b7b637b6b002bb5
:10c04400f4dc796af8681cf0dbf8b8691cf012f8c3
:10c05400034618462837bd4680bd00bf74800501dd
:10c0640080b487b000aff860b9607a6000237b6168
:10c074007b68002b3ad1fb681b78302b33d1fb68eb
:10c0840001331b78782b04d0fb6801331b78582bc1
:10c0940026d1fb6802331b782f2b04d9fb680233ab
:10c0a4001b78392b13d9fb6802331b78602b04d916
:10c0b400fb6802331b78662b09d9fb6802331b78b3
:10c0c400402b0dd9fb6802331b78462b08d87b69bb
:10c0d40002337b61fb680233fb6010237b603ae030
:10c0e40008237b6037e00a237b6034e07b68102bf5
:10c0f40031d1fb681b78302b2dd1fb6801331b78c1
:10c10400782b04d0fb6801331b78582b23d1fb68b0
:10c1140002331b782f2b04d9fb6802331b78392b8d
:10c1240013d9fb6802331b78602b04d9fb680233f4
:10c134001b78662b09d9fb6802331b78402b0ad97c
:10c14400fb6802331b78462b05d87b6902337b617d
:10c15400fb680233fb60bb6800221a60fb685a1c50
:10c16400fa601b78fb74fb7c2f2b02d9fb7c392be8
:10c174000bd9fb7c602b02d9fb7c662b05d9fb7c9d
:10c18400402b3cd9fb7c462b39d8fb7c2f2b06d982
:10c19400fb7c392b03d8fb7c303bdbb214e0fb7c0b
:10c1a400602b06d9fb7c662b03d8fb7c573bdbb2a8
:10c1b4000ae0fb7c402b06d9fb7c462b03d8fb7c96
:10c1c400373bdbb200e00023bb74bb7c7a689a4245
:10c1d40014d9bb681b687a6802fb03f2bb681a6057
:10c1e400bb681a68bb7c1a44bb681a607b6901335c
:10c1f4007b61fb681b78002bb0d100e000bf7b693a
:10c2040018461c37bd465df8047b704780b590b076
:10c2140002aff860b9607a603b6000237b63fb681f
:10c2240000221a70bb68013bbb60c0e100233b6283
:10c234007b681b78252b10d0b44b1b78002b08d1be
:10c24400fb685a1cfa607a6812781a707b6b0133a7
:10c254007b637b6801337b60a9e17b6801337b608e
:10c264007b681b78252b12d1a84b1b78002b0bd194
:10c27400fb685a1cfa6025221a707b6b01337b63be
:10c284007b6801337b6092e17b6801337b607b6870
:10c294001b78302b0bd107f120030a22194678684a
:10c2a400fff7defe03461a467b6813447b607b6817
:10c2b4001b786c2b02d17b6801337b607b681b7815
:10c2c400583b202b00f26d8101a252f823f000bfed
:10c2d400d3c40301a7c50301a7c50301a7c503016f
:10c2e400a7c50301a7c50301a7c50301a7c503018a
:10c2f400a7c50301a7c50301a7c5030159c30301ca
:10c30400edc30301a7c50301a7c50301a7c5030125
:10c31400a7c50301a7c50301a7c50301a7c5030159
:10c32400a7c50301a7c50301a7c50301a7c5030149
:10c334005fc40301a7c50301a7c503016dc50301bc
:10c34400a7c5030179c30301a7c50301a7c5030159
:10c35400d3c403013b681a1d3a601b6887f8273071
:10c36400fb685a1cfa6097f827201a707b6b01331c
:10c374007b6319e13b681a1d3a601b68fb6100236b
:10c3840087f83330614b1b78002b11d1ba687b6b73
:10c39400d31a1946fb691a463b6a0193002300939a
:10c3a4000a23f868fff7e4fd034687f8333010e00a
:10c3b4003b6a002b02d03b6adbb200e0042387f81f
:10c3c400333097f8332007f11c031946f8681bf043
:10c3d400a7fd97f83330fa681344fb6097f83330bd
:10c3e4007a6b13447b63dfe03b681a1d3a601b6879
:10c3f400bb61002387f83230444b1b78002b10d1eb
:10c40400ba687b6bd31a1946ba693b6a0193012354
:10c4140000930a23f868fff7abfd034687f8323030
:10c4240010e03b6a002b02d03b6adbb200e004233d
:10c4340087f8323097f8322007f118031946f86864
:10c444001bf06efd97f83230fa681344fb6097f8de
:10c4540032307a6b13447b63a6e03b681a1d3a6062
:10c464001b687b61002387f83130284b1b78002b35
:10c4740011d1ba687b6bd31a19467b691a46042317
:10c484000193012300931023f868fff771fd03461d
:10c4940087f8313010e03b6a002b02d03b6adbb2f4
:10c4a40000e0042387f8313097f8312007f11403b2
:10c4b4001946f8681bf034fd97f83130fa681344d4
:10c4c400fb6097f831307a6b13447b636ce03b6814
:10c4d4001a1d3a601b683b61002387f830300b4b10
:10c4e4001b78002b14d1ba687b6bd31a19463b69ad
:10c4f4001a463b6a0193002300931023f868fff760
:10c5040037fd034687f8303023e000bf38b20020ff
:10c514003b6a002b12d03b6a5b0887f82f303b6ada
:10c5240003f00103002b04d097f82f30013387f870
:10c534002f3097f82f3087f8303002e0012387f846
:10c54400303097f8302007f110031946f8681bf0d3
:10c55400e7fc97f83030fa681344fb6097f8303002
:10c564007a6b13447b631fe03b681a1d3a601b68b7
:10c57400bb620ae0ba6a531cbb62fb68591cf960cf
:10c5840012781a707b6b01337b63bb6a002b0ad071
:10c59400bb6a1b78002b06d07a6bbb689a42e9d33e
:10c5a40001e000bf00e000bf7b6801337b607b6873
:10c5b4001b78002b04d07a6bbb689a42fff436ae2a
:10c5c400094b1b78002b02d1fb6800221a707a6b8e
:10c5d400bb689a4202d9bb68023300e07b6b184601
:10c5e4003837bd4680bd00bf38b2002090b5a9b031
:10c5f40000af0446084611461a462346fb7103461b
:10c60400bb710b467b7113463b71002387f89f3047
:10c6140007f11003c7f89830554b1b68002b00f046
:10c62400a38001f0b8fc0346002b40f09d8016f077
:10c63400a3f90346002b40f097803b7903f00103f4
:10c64400002b05d04b4b1b6803f00103002b15d1c5
:10c654003b7903f00203002b05d0464b1b6803f023
:10c664000203002b0ad13b7903f00403002b7cd096
:10c67400404b1b6803f00403002b76d07b793b739b
:10c68400fb797b73bb79bb733b4b1b78002b30d19d
:10c69400fb79c3f1ef0213469b001344374a13445a
:10c6a40018461bf0e7fc034687f89f30fb79c3f17b
:10c6b400ef0213469b001344304a134497f89f201b
:10c6c4001946d7f898001bf02bfc97f89f30d7f841
:10c6d400982013443a221a7097f89f30013387f850
:10c6e4009f3097f89f301a46d7f898301344c7f80c
:10c6f400983007f1b403c7f8903097f89f30c3f12e
:10c704007e031946d7f89030d7f8b020d7f89800b0
:10c71400fff77cfd034687f8973097f8972097f842
:10c724009f30134487f8973097f897305a1c87f84e
:10c73400972007f1a00213440d2203f8902c97f8d8
:10c7440097305a1c87f8972007f1a00213440a2255
:10c7540003f8902c064b1b6807f1100297f897100a
:10c7640007f10c00984700e000bfa437bd4690bd18
:10c7740030b2002034b2002038b2002060800501bd
:10c7840080b485b000af0346b9607a60fb73074a92
:10c79400fb7b1370064abb681360064a7b68136010
:10c7a40000bf1437bd465df8047b704738b20020e3
:08c7b40034b2002030b2002075
:020000040000fa
:020000040103f6
:10c7bc0080b500af02490348e3f7d8f800bf80bd4d
:10c7cc00d5c70301a9c8030180b584b000af786058
:10c7dc000b46fb70fb78182b58d801a252f823f0ab
:10c7ec0051c803015dc8030199c8030169c803015d
:10c7fc0099c8030199c8030199c8030199c8030199
:10c80c0075c8030199c8030181c8030199c80301c4
:10c81c0099c8030199c8030199c8030199c8030178
:10c82c0099c8030199c8030199c8030199c8030168
:10c83c0099c8030199c8030199c8030199c8030158
:10c84c008dc80301786800f0b8f80346fb7320e04c
:10c85c00786800f0a9f90346fb731ae0786800f0d9
:10c86c00f0f90346fb7314e0786800f032fa0346e3
:10c87c00fb730ee0786800f047fa0346fb7308e0a0
:10c88c00786800f0b5fa0346fb7302e00023fb73f3
:10c89c0000bffb7b18461037bd4680bd80b586b007
:10c8ac0000aff860b9607a607b683b610023fb7570
:10c8bc003b691b78182b6dd801a252f823f000bfee
:10c8cc0031c9030145c90301a1c9030159c90301b8
:10c8dc00a1c90301a1c90301a1c90301a1c9030194
:10c8ec006dc90301a1c9030181c90301a1c90301d8
:10c8fc00a1c90301a1c90301a1c90301a1c9030174
:10c90c00a1c90301a1c90301a1c90301a1c9030163
:10c91c00a1c90301a1c90301a1c90301a1c9030153
:10c92c008dc90301bb680c2b37d10123fb757968ca
:10c93c00f86815f0f2fe30e0bb68082b2fd101230c
:10c94c00fb757968f86815f09dfe28e0bb68172b1d
:10c95c0027d10123fb757968f86815f0b0fe20e04b
:10c96c00bb68092b1fd10123fb757968f868eaf7be
:10c97c00c3fc18e0bb68012b17d10123fb7514e035
:10c98c00bb68052b13d10123fb757968f86815f08a
:10c99c00f7fe0ce00223fb750ae000bf08e000bfc5
:10c9ac0006e000bf04e000bf02e000bf00e000bff3
:10c9bc00fb7d18461837bd4680bd80b584b000afee
:10c9cc0078607b681b68fb60fb6893f86430012b14
:10c9dc006dd1fb6893f8ae31002b09d0fb6893f84e
:10c9ec00ac31112b04d0fb6893f8ae31112b6cd108
:10c9fc00fb68b3f84422fb68b3f89830d31a9bb2a7
:10ca0c0047f6fe72934249d8def78afab860bb68e3
:10ca1c00002b41d0fb6893f8c63103f00103dbb265
:10ca2c00002b1ed1fb68b3f84a20fb68b3f83e32ea
:10ca3c009a420fd1fb68b3f84c20fb68b3f8403234
:10ca4c009a4207d1fb68b3f84e20fb68b3f8423228
:10ca5c009a4206d0fa6892f8c63143f0010382f884
:10ca6c00c631bb680022da71fb68b3f84422bb689c
:10ca7c001a81fb6803f23a22bb68da60b9687868fd
:10ca8c00def794fafb6893f8ac31112b1dd0fb68e0
:10ca9c00112283f8ae2118e0002317e011217868e9
:10caac00eff734fd28217868dcf79cff0de00021be
:10cabc007868e9f799ff0346002b04d011217868b8
:10cacc00eff724fd01e0002300e0012318461037a6
:10cadc00bd4680bd80b483b000af78607b6893f8ae
:10caec0016227b6883f850207b6893f817227b68aa
:10cafc0083f851207b6893f818227b6883f85220c6
:10cb0c007b6893f819227b6883f853207b6893f831
:10cb1c001a227b6883f854207b6893f8a830002b8a
:10cb2c001ed17b6893f850207b6883f8ac207b681f
:10cb3c0093f851207b6883f8ad207b6893f85220e2
:10cb4c007b6883f8ae207b6893f853207b6883f86e
:10cb5c00af207b6893f854207b6883f8b0201de0ed
:10cb6c007b6893f850207b6883f8bd207b6893f832
:10cb7c0051207b6883f8be207b6893f852207b6839
:10cb8c0083f8bf207b6893f853207b6883f8c02020
:10cb9c007b6893f854207b6883f8c12000bf0c3766
:10cbac00bd465df8047b704780b584b000af7860fb
:10cbbc007b681b68fb60fb6893f86430012b2dd1fc
:10cbcc00fb68b3f81c22fb68b3f89830d31a9bb2fd
:10cbdc0047f6fe7293421dd8def7a2f9b860bb6827
:10cbec00002b15d0bb680122da71fb68b3f81c224c
:10cbfc00bb681a81fb6803f21622bb68da60b9685d
:10cc0c007868def7d3f9fb68122283f8ae2113e0c3
:10cc1c00002312e0f868fff75dff0de00121786852
:10cc2c00e9f7e2fe0346002b04d001217868eff708
:10cc3c0015fc01e0002300e0012318461037bd4627
:10cc4c0080bd80b584b000af78607b681b68fb60ea
:10cc5c00fb6893f8ae31002b04d0fb6893f8ae312f
:10cc6c00222b31d1fb6893f86430012b26d1fb6861
:10cc7c0093f8ae31002b03d1fb68212283f8ae214f
:10cc8c00786815f0bbfc0346002b15d0fb6803221b
:10cc9c0083f8af21fb68012283f8a821fb680122ed
:10ccac0083f8a9217868ecf710fffb6803f5f7739c
:10ccbc00184618f0a5fa07e0002306e0032178686f
:10cccc00e9f792fe034600e0012318461037bd46f3
:10ccdc0080bd80b584b000af78607b681b68fb605a
:10ccec00fb6893f86430012b05d109217868e9f7ca
:10ccfc00b1fd034604e008217868e9f775fe0346a8
:10cd0c0018461037bd4680bd80b584b000af786042
:10cd1c007b681b68fb60fb6893f8ae31002b28d155
:10cd2c00fb6893f8c83103f00203dbb2002b20d070
:10cd3c000b217868e9f702fd0346002b17d0fb683e
:10cd4c00222283f8ae21fb68042283f8af21fa6813
:10cd5c0092f8c8316ff3410382f8c831fb680122a5
:10cd6c0083f8a821fb68012283f8a92101e00023a4
:10cd7c0000e0012318461037bd4680bd80b483b057
:10cd8c0000af78607b6893f86832042b0cd801a252
:10cd9c0052f823f0bfcd0301bfcd0301bfcd03017a
:10cdac00b5cd0301bfcd03017b68002283f8682257
:10cdbc0000e000bf7b6893f86932042b0cd801a209
:10cdcc0052f823f0efcd0301efcd0301efcd0301ba
:10cddc00e5cd0301efcd03017b68002283f86922c6
:10cdec0000e000bf00bf0c37bd465df8047b704708
:10cdfc0080b586b000af78607b681b687b617b690f
:10ce0c0093f8ac31132b05d07b6993f8ae31132b0f
:10ce1c0040f0a6807b6993f86430012b40f0918040
:10ce2c007b69b3f8f6227b69a3f89e217869fff73a
:10ce3c00a5ff7b6993f86832002b2bd17b6993f8a3
:10ce4c006932002b26d113217868eff75ffb7b69e1
:10ce5c0093f8c63103f00203dbb2002b7fd0012123
:10ce6c007868eff741fd03461846eff785fd03465a
:10ce7c00fb7400217868eff737fd03461846eff78f
:10ce8c007bfd0346bb74ba7cf97c00237868ecf715
:10ce9c00a9fe64e07b69b3f86a227b69b3f8983029
:10ceac00d31a9bb247f6fe72934241d87b6993f832
:10cebc006832002b08d100217868eff715fd034686
:10cecc001a467b6983f868227b6993f86932002bd8
:10cedc0008d101217868eff707fd03461a467b69f4
:10ceec0083f86922def71cf8f860fb68002b1dd074
:10cefc00fb681822da717b69b3f86a22fb681a8125
:10cf0c007b6903f51a72fb68da60f9687868def7fa
:10cf1c004df87b6993f8683219467868eff74bfd4a
:10cf2c0003469ab27b69a3f89e211fe000231ee002
:10cf3c0013217868eff7eafa28217868dcf752fdbc
:10cf4c0014e018217868e9f74ffd0346002b04d054
:10cf5c0013217868eff7dafa08e0002307e005e020
:10cf6c0018217868e9f740fd034600e001231846d4
:10cf7c001837bd4680bd80b584b000af78607b6843
:10cf8c001b68fb607868eff7e2fa05217868e9f72f
:10cf9c00d5fb0346002b08d0fa6892f8c83143f051
:10cfac00020382f8c831012300e000231846103731
:10cfbc00bd4680bd80b584b000af78607b681b68cf
:10cfcc00fb60062203217868e9f7d7fb0346002ba8
:10cfdc000dd0fb68002283f8a821fb68002283f89f
:10cfec00a92101217868eff739fa012300e0002329
:08cffc0018461037bd4680bd48
:020000040000fa
:020000040103f6
:10d0040080b586b002af78607868ebf7edfc034634
:10d01400fb7307f10f0301937b6800930e23012236
:10d0240042f2130140f2011019f05cfcfb7b1a463a
:10d03400034b33f8123018461037bd4680bd00bf8d
:10d044006063050180b588b002af03463960fb8098
:10d0540007f11003fb60fb8839681846dbf7d6ff3d
:10d064000346fb75fa7d07f10c031146184609f0d7
:10d0740044fbfa8807f10c031146184609f052fbe9
:10d084003b6893f90030dab207f10c0311461846f5
:10d0940009f033fb07f110030193bb1d0093022336
:10d0a400042241f2054140f2011019f01bfcfb7d02
:10d0b400034a32f8133018461837bd4680bd00bf06
:10d0c4006063050180b586b002af786007f10c0398
:10d0d400bb607868ebf7d4fd0346fb73fa7b07f17a
:10d0e40008031146184609f008fb7b681a8807f103
:10d0f40008031146184609f015fb07f10c030193c8
:10d104007b6800930e23032242f2200140f20110b7
:10d1140019f0e8fbfb7b034a32f81330184610374a
:10d12400bd4680bd6063050180b588b002af03468b
:10d134000a46fb8013467b7107f114033b617a793d
:10d14400fb8811461846ebf703fe0346fb75fb8884
:10d15400bb817b79bb73fa7d07f110031146184636
:10d1640009f0cbfafa8807f110031146184609f0c2
:10d17400d9fa07f11403019307f10c030093042374
:10d18400032242f2210140f2011019f0abfbfb7db6
:10d19400034a32f8133018461837bd4680bd00bf25
:10d1a4006063050180b588b002af0346fb800b467f
:10d1b400bb8013467b8007f114033b617a88b988ee
:10d1c400fb881846ebf714fe0346fb75fb883b818e
:10d1d400bb887b817b88bb81fa7d07f110031146f4
:10d1e400184609f08afafa8807f11003114618461e
:10d1f40009f098fa07f11403019307f10803009367
:10d204000623032242f2220140f2011019f06afbc4
:10d21400fb7d034a32f8133018461837bd4680bdeb
:10d224006063050180b586b002af03460a46fb8001
:10d2340013467b717a79fb8811461846ecf74cfa51
:10d244000346fb73fb883b817b79bb7207f10f03b9
:10d25400019307f1080300930423012240f20641dd
:10d2640040f2011019f03efbfb7b1a46034b33f8e6
:10d27400123018461037bd4680bd00bf60630501fb
:10d2840080b58ab002af0346b9607a60fb8107f1ca
:10d2940018037b61fb897a68b9681846dbf7c2fd1d
:10d2a4000346fb77fa7f07f114031146184609f089
:10d2b40024fafa8907f114031146184609f032fae0
:10d2c400bb681a7807f114031146184609f015fad9
:10d2d4007b681a7807f114031146184609f00dfa11
:10d2e40007f11803019307f10e03009302230522ab
:10d2f40042f2300140f2011019f0f4fafb7f034ac4
:10d3040032f8133018462037bd4680bd60630501ee
:10d3140080b586b002af0346fb710b46bb71134662
:10d324007b717a79b979fb791846dbf7e3fd03461b
:10d33400fb73fb793b73bb797b737b79bb7307f11d
:10d344000f03019307f10c0300930323012242f21c
:10d35400310140f2011019f0c5fafb7b1a46034b68
:10d3640033f8123018461037bd4680bd606305019e
:10d3740080b586b002af78607868ebf7b3fd0346fa
:10d38400fb7307f10f0301937b68009308230122c9
:10d3940042f2320140f2011019f0a4fafb7b1a4662
:10d3a400034b33f8123018461037bd4680bd00bf1a
:10d3b4006063050180b588b002af03463960fb8025
:10d3c40007f11003fb60fb8839681846ecf738fa5c
:10d3d4000346fb75fa7d07f10c031146184609f064
:10d3e4008cf9fa8807f10c031146184609f09af9ea
:10d3f4003b681a8807f10c031146184609f092f9a4
:10d4040007f110030193bb1d00930223052240f68c
:10d414007b4140f2011019f065fafb7d034a32f8b2
:10d42400133018461837bd4680bd00bf6063050140
:10d4340080b588b002af03460a46fb801346bb8022
:10d4440007f114033b61ba88fb8811461846ecf7d0
:10d4540035fa0346fb75fa7d07f1100311461846a9
:10d4640009f04bf9fa8807f110031146184609f040
:10d4740059f9fb88bb81bb88fb8107f11403019335
:10d4840007f10c0300930423032240f67c4140f28d
:10d49400011019f027fafb7d034a32f813301846bd
:10d4a4001837bd4680bd00bf6063050180b588b0f4
:10d4b40002af03463960fb8007f10c03bb60fb88b5
:10d4c40039681846dbf73cfc0346fb75fa7d07f127
:10d4d40008031146184609f010f9fa8807f1080301
:10d4e4001146184609f01ef907f1080305223968a8
:10d4f400184609f0b1f907f10c030193bb1d009321
:10d504000223082242f2150140f2011019f0eaf94f
:10d51400fb7d034a32f8133018461837bd4680bde8
:10d524006063050190b58fb002afb9607a603b606b
:10d534000346fb81fb893b82ba6807f11203116839
:10d54400526819605a607b681b889bb27b833b6876
:10d5540007f11c04186859689a68db680fc47b6873
:10d564001a88f8893b68b96814f0d0f9034687f83b
:10d574002f3007f12f03019307f1100300931c23ad
:10d58400002242f2190140f2011019f0abf997f8a8
:10d594002f301a46034b33f8123018463437bd4641
:10d5a40090bd00bf6063050180b58cb002afba6066
:10d5b4007b600346fb810b467b7307f118037b6199
:10d5c400797bf8897b68ba68ebf7d6fd034687f860
:10d5d4002730fb893b847b7b87f8223097f8272010
:10d5e40007f114031146184609f087f8fa8907f180
:10d5f40014031146184609f095f87a7b07f11403d1
:10d604001146184609f079f8bb6893f90030dab28c
:10d6140007f114031146184609f06ff87b6893f973
:10d624000030dab207f114031146184609f065f820
:10d6340007f11803019307f1200300930423062242
:10d6440042f2760140f2011019f04cf997f82730b4
:10d65400034a32f8133018462837bd4680bd00bf50
:10d664006063050180b586b002af03460a46fb80bd
:10d6740013467b717a79fb8811461846ebf7c2fd95
:10d684000346fb73fb883b817b79bb7207f10f0375
:10d69400019307f1080300930423012242f2770166
:10d6a40040f2011019f01ef9fb7b1a46034b33f8c4
:10d6b400123018461037bd4680bd00bf60630501b7
:10d6c40080b588b002af0346fb800b467b711346de
:10d6d4003b7107f10c03bb603a797979fb881846f2
:10d6e400ebf742fe0346fb75fb883b827b79bb74f8
:10d6f4003b79fb74fa7d07f108031146184608f0dc
:10d70400fcfffa8807f108031146184609f00af8e5
:10d7140007f10c03019307f1100300930423032280
:10d7240042f27a0140f2011019f0dcf8fb7d034a61
:10d7340032f8133018461837bd4680bd60630501c2
:10d7440080b588b002af786007f11003fb607b6896
:10d754001b88fb827868ebf7c7fe03467b757a7dee
:10d7640007f10c031146184608f0c7fffa8a07f1bf
:10d774000c031146184608f0d5ff07f11003019376
:10d784007b6800930823032242f2780140f20110df
:10d7940019f0a8f87b7d034a32f81330184618377d
:10d7a400bd4680bd6063050180b588b002af034605
:10d7b4000a46fb8013467b7107f10c03bb60fb88b0
:10d7c4003b827b79bb747a79fb8811461846ebf768
:10d7d4001dff0346fb75fa7d07f108031146184641
:10d7e40008f08bfffa8807f108031146184608f081
:10d7f40099ff07f10c03019307f11003009304232d
:10d80400032242f2790140f2011019f06bf8fb7d1a
:10d81400034a32f8133018461837bd4680bd00bf9e
:04d824006063050137
:020000040000fa
:020000040103f6
:10d8280080b483b000af0346fb7197f90730002b33
:10d838000bdbfb7903f01f02074997f907305b09f7
:10d84800012000fa02f241f8232000bf0c37bd4640
:10d858005df8047b704700bf00e100e080b483b04e
:10d8680000af0346fb7197f90730002b10dbfb79fb
:10d8780003f01f02094997f907305b09012000faf4
:10d8880002f2203341f82320bff34f8fbff36f8f8d
:10d8980000bf0c37bd465df8047b704700e100e02f
:10d8a80080b483b000af0346fb7197f90730002bb3
:10d8b8000cdbfb7903f01f02074997f907305b0976
:10d8c800012000fa02f2403341f8232000bf0c3750
:10d8d800bd465df8047b704700e100e080b483b08a
:10d8e80000af0346fb7197f90730002b0cdbfb797f
:10d8f80003f01f02074997f907305b09012000fa76
:10d9080002f2603341f8232000bf0c37bd465df8b2
:10d91800047b704700e100e080b483b000af0346a9
:10d928003960fb7197f90730002b0adb3b68dab2e4
:10d938000c4997f907305201d2b20b4483f80023ff
:10d948000ae03b68dab20849fb7903f00f03043bad
:10d958005201d2b20b441a7600bf0c37bd465df8af
:10d96800047b704700e100e000ed00e080b483b084
:10d9780000af03460a46fb711346bb80fb79012bb7
:10d9880007d0022b09d0002b0bd1094abb88138082
:10d9980008e0084abb88138004e0074abb88138064
:10d9a80000e000bf00bf0c37bd465df8047b704740
:10d9b80026b2002028b200202ab2002080b485b008
:10d9c80000af0346fb71fb79012b07d0022b09d06e
:10d9d800002b0bd10b4b1b88fb810be00a4b1b88e0
:10d9e800fb8107e0094b1b88fb8103e0054b1b8883
:10d9f800fb8100bffb8918461437bd465df8047be0
:10da0800704700bf26b2002028b200202ab20020aa
:10da180080b483b000af03460a46fb711346bb804f
:10da2800fb79002b05d10f4bba8803f5d9531a801f
:10da380012e0fb79012b06d10a4bba8803f5d953ba
:10da480004331a8008e0fb79022b05d1054bba880c
:10da580003f5d95308331a8000bf0c37bd465df86b
:10da6800047b70470024014180b487b000af0346af
:10da78000a46fb711346bb8000237b61fb79002bb0
:10da880017d1294b03f5d95310331b687b82264bda
:10da9800ba8803f5d95310331a80244bfb60fb680e
:10daa8001b687b61204b7a8a03f5d95310331a809f
:10dab80034e0fb79012b17d11b4b03f5d9531433f1
:10dac8001b687b82184bba8803f5d95314331a8024
:10dad800174bfb60fb681b687b61134b7a8a03f565
:10dae800d95314331a8019e0fb79022b16d10e4b47
:10daf80003f5d95318331b687b820b4bba8803f59f
:10db0800d95318331a800b4bfb60fb681b687b6189
:10db1800054b7a8a03f5d95318331a8000bf1c378e
:10db2800bd465df8047b704700240141403f014138
:10db3800443f0141483f014180b500af384b0022c6
:10db48001a70384b80221a80374b00221a80374bc4
:10db580030221a804ff6ff710020fff785ff4ff63d
:10db6800ff710120fff780ff4ff6ff710220fff7da
:10db78007bff2c4b1b8819460020fff749ff2a4bd7
:10db88001b8819460120fff743ff284b1b881946bd
:10db98000220fff73dff264b03f5d95310331a88af
:10dba8004ff6ff7161f30f021a80214b03f5d95329
:10dbb80014331a884ff6ff7161f30f021a801c4b59
:10dbc80003f5d95318331a884ff6ff7161f30f0222
:10dbd8001a80174b03f5d8530c331a884ff6ff7188
:10dbe80061f30f021a801f20fff738fe04211f205f
:10dbf800fff792fe1f20fff771fe1f20fff710feb0
:10dc08002020fff72bfe04212020fff785fe20208f
:10dc1800fff764fe2020fff703fe00bf80bd00bfb2
:10dc28002cb2002026b2002028b200202ab2002000
:10dc38000024014180b400af064b4ff080521a60b7
:10dc4800bff34f8fbff36f8f00bfbd465df8047bf6
:10dc5800704700bf04ed00e080b582b000af234bf1
:10dc680001221a70224b1b687b607b6803f08003db
:10dc7800002b09d00df092f90346002b01d00df0ce
:10dc880051f91c4bdb6998477b6803f04003002b74
:10dc980002d0184b9b6998477b6803f40063002bfc
:10dca80002d0144bdb6a98477b6803f48053002b3f
:10dcb80002d0104b1b6b98477b6803f40053002b72
:10dcc80002d00c4b5b6b98477b6803f48043002bb6
:10dcd80002d0084b9b6b9847fff7acff034b002221
:10dce8001a7000bf0837bd4680bd00bf2eb20020a5
:10dcf800103f0141d8b3002080b582b000af414b3e
:10dd080001221a70404b1b687b60404b1b683b60cc
:10dd18003b6803f01003002b02d03d4b1b6998476a
:10dd28003b6803f02003002b02d0394b5b6998470e
:10dd38007b6803f01003002b02d0364b1b69984711
:10dd48007b6803f40053002b02d0324b5b6b98477f
:10dd58007b6803f08003002b02d02e4bdb699847c9
:10dd68007b6803f48073002b02d02a4b1b6a984708
:10dd78007b6803f40073002b02d0264b5b6a98473c
:10dd88003b6803f48073002b02d0214b1b6a984731
:10dd98003b6803f40073002b02d01d4b5b6a984765
:10dda8003b6803f48063002b02d0194b9b6a9847a9
:10ddb8003b6803f48053002b02d0154b1b6b98472c
:10ddc8003b6803f40053002b02d0114b5b6b984760
:10ddd8003b6803f48043002b02d00d4b9b6b9847a4
:10dde8003b6803f40043002b02d0094bdb6b9847d8
:10ddf800fff720ff034b00221a7000bf0837bd460b
:10de080080bd00bf2eb20020143f0141183f0141e0
:10de180058b4002018b4002080b400af00bfbd463d
:10de28005df8047b704780b483b000af03463a6066
:10de3800fb710b46bb80fb79002b11d1bb880f2be4
:10de480037d83b68002b05d1bb881d4a1d4942f8cd
:10de580023102ee0bb881a493a6841f8232028e0ad
:10de6800fb79012b11d1bb880f2b22d83b68002be3
:10de780005d1bb88144a134942f8231019e0bb881e
:10de880011493a6841f8232013e0fb79022b10d19d
:10de9800bb880f2b0dd83b68002b05d1bb880b4adc
:10dea800084942f8231004e0bb8808493a6841f859
:10deb800232000bf0c37bd465df8047b704700bfc8
:10dec800d8b3002021de030118b4002058b4002084
:10ded80080b485b000af7860eff31083fb60fa6818
:10dee8007b681a6072b6bff35f8f00bf1437bd46f8
:10def8005df8047b704780b485b000af7860bff3ed
:10df08005f8f7b681b68fb60fb6883f3108800bf2a
:10df18001437bd465df8047b704780b582b000af0a
:10df28003b1d1846fff7d4ff054b1b780133dab2c7
:10df3800034b1a707b6818460837bd4680bd00bf82
:10df48002cb2002080b582b000af78600a4b1b78f5
:10df5800002b0dd0084b1b78013bdab2064b1a7028
:10df6800054b1b78002b03d13b1d1846fff7c3ff59
:10df780000bf0837bd4680bd2cb2002080b500af79
:10df88002620fff78dfcbff34f8fbff36f8f00bfc5
:10df980080bd80b400af034b1b781846bd465df8c2
:10dfa800047b70472eb2002080b500af0a4b1b7867
:10dfb800002b08d11f20fff751fc2020fff74efc53
:10dfc8002620fff74bfc044b1b780133dab2024bd7
:10dfd8001a7000bf80bd00bf2db2002080b500af11
:10dfe8000c4b1b78002b12d00a4b1b78013bdab282
:10dff800084b1a70074b1b78002b08d11f20fff71e
:10e008000ffc2020fff70cfc2620fff709fc00bfbf
:08e0180080bd00bf2db2002005
:020000040000fa
:020000040103f6
:10e0200080b584b000af78607b68fb6007f10c03bb
:10e030001846c6f7e9fd00bf1037bd4680bd80b564
:10e0400084b000af78607b68fb6007f10c03184672
:10e05000caf734fa00bf1037bd4680bd80b584b022
:10e0600000af78600b46fb707b68fb60fb7807f1c4
:10e070000c0000220121caf777fb00bf1037bd4614
:10e0800080bd80b588b000af78600b467b807b6830
:10e09000fb610023bb617b887b6107f10803fa69a0
:10e0a0001a6007f108030433ba691a6007f108031c
:10e0b00008337a691a6007f108030c22034901202a
:10e0c00007f089fb00bf2037bd4680bd010100017c
:10e0d00080b584b000af78607b68fb6014f04efcc4
:10e0e0000346002b05d007f10c031846caf7f6fbd0
:10e0f0000ae007f10803fa681a6007f1080304222e
:10e100000221022007f067fb00bf1037bd4680bd2b
:10e1100080b582b000af7860396039687868c9f737
:10e120005dfc00bf0837bd4680bd80b586b000af3e
:10e130007860396014f022fc0346002b04d0396863
:10e140007868cbf723f913e07b687b613b683b6120
:10e1500007f108037a691a6007f1080304333a6982
:10e160001a6007f1080308221021022007f033fb90
:10e1700000bf1837bd4680bd80b584b000af786061
:10e1800014f0fcfb0346002b0bd07b685b6a002b72
:10e1900014d07b685b6a7a68126a7968104698477f
:10e1a0000ce07b68fb6007f10803fa681a6007f16e
:10e1b000080304220621022007f00dfb00bf1037e0
:10e1c000bd4680bd80b584b000af786014f0d6fb4a
:10e1d0000346002b10d07b681a697b68c3f8ac201b
:10e1e0007b689b6a002b12d07b689b6a7a68126af4
:10e1f0007968104698470ae007f10c037a681a60bc
:10e2000007f10c0304220721022007f0e4fa00bf03
:10e210001037bd4680bd80b584b000af78600b4636
:10e22000fb707b68db6a002b1cd014f0a7fb034655
:10e23000002b07d07b68db6a7a68126af91c1046eb
:10e2400098470fe007f108037a681a60fa7807f137
:10e25000080304331a6007f108030822082102208a
:10e2600007f0b9fa00bf1037bd4680bd80b584b055
:10e2700000af78607b681b6b002b0ad007f10c03a2
:10e280007a681a6007f10c0304220449032007f09e
:10e29000a2fa00bf1037bd4680bd00bf0a010001d1
:10e2a00080b584b000af786014f068fb0346002ba3
:10e2b0000bd007f10c037a681a6007f10c030422f3
:10e2c0000949012007f087fa0ae007f108037a6894
:10e2d0001a6007f1080304220349032007f07bfac0
:10e2e00000bf1037bd4680bd0c01000180b582b073
:10e2f00000afb42019f044fc78607b68002b04d098
:10e30000b4220021786819f01bff7b681846083793
:10e31000bd4680bd80b582b000af7860786819f0e6
:10e320003bfc00237b6000bf0837bd4680bd80b545
:10e3300082b000affff73cfe604b1b6893f8c03122
:10e3400003f00103002b10d15c4b1b6893f8c02134
:10e350005a4b1b6842f00102d2b283f8c021574bde
:10e360001b6803f5c4737b6097e0544b1b6893f8fc
:10e37000c03103f00203002b10d1504b1b6893f8ff
:10e38000c0214e4b1b6842f00202d2b283f8c0217a
:10e390004a4b1b6803f5c8737b607ee0474b1b68e4
:10e3a00093f8c03103f00403002b10d1434b1b68da
:10e3b00093f8c021414b1b6842f00402d2b283f8ab
:10e3c000c0213e4b1b6803f5cc737b6065e03b4b83
:10e3d0001b6893f8c03103f00803002b10d1374bb2
:10e3e0001b6893f8c021354b1b6842f00802d2b27b
:10e3f00083f8c021314b1b6803f5d0737b604ce080
:10e400002e4b1b6893f8c03103f01003002b10d182
:10e410002a4b1b6893f8c021284b1b6842f010025e
:10e42000d2b283f8c021254b1b6803f5d4737b60ff
:10e4300033e0224b1b6893f8c03103f02003002b1c
:10e4400010d11e4b1b6893f8c0211c4b1b6842f077
:10e450002002d2b283f8c021184b1b6803f5d87391
:10e460007b601ae0154b1b6893f8c03103f0400342
:10e47000002b10d1114b1b6893f8c0210f4b1b6868
:10e4800042f04002d2b283f8c0210c4b1b6803f566
:10e49000dc737b6001e000237b607b68002b05d090
:10e4a0007b6800221a607a687b685a60fff79afde1
:10e4b0007b6818460837bd4680bd00bf80b200208b
:10e4c00080b582b000af7860fff772fd444b1b68e7
:10e4d00003f5c4737a689a420bd1414b1b6893f8d9
:10e4e000c0213f4b1b6822f00102d2b283f8c02149
:10e4f00070e03b4b1b6803f5c8737a689a420bd1f6
:10e50000374b1b6893f8c021354b1b6822f0020281
:10e51000d2b283f8c0215de0314b1b6803f5cc73a8
:10e520007a689a420bd12e4b1b6893f8c0212c4b72
:10e530001b6822f00402d2b283f8c0214ae0284bc3
:10e540001b6803f5d0737a689a420bd1244b1b6881
:10e5500093f8c021224b1b6822f00802d2b283f844
:10e56000c02137e01e4b1b6803f5d4737a689a42ca
:10e570000bd11b4b1b6893f8c021194b1b6822f071
:10e580001002d2b283f8c02124e0154b1b6803f5ba
:10e59000d8737a689a420bd1114b1b6893f8c0214b
:10e5a0000f4b1b6822f02002d2b283f8c02111e089
:10e5b0000b4b1b6803f5dc737a689a420ad1084b4f
:10e5c0001b6893f8c021064b1b6822f04002d2b2b0
:10e5d00083f8c021fff706fd00bf0837bd4680bda8
:10e5e00080b2002080b586b000aff8600b467a603c
:10e5f0007b81fb681b697b617a89fb689a64fb6895
:10e6000000229a73fb6800225a64c6f701f8154b82
:10e610001b68012283f82923134b1b681a89fb68a6
:10e62000a3f87020104b1b685a89fb68a3f876206a
:10e63000f868c7f710ff034683f00103dbb2002b35
:10e6400005d0fb6801229a73fb687a691a61fb683e
:10e6500000229a64fb687a685a64002318461837c7
:10e66000bd4680bd80b2002084b2002080b584b059
:10e6700000af78607b68002b01d101232ce07b6820
:10e680001b7a002b01d0032326e07b689b7b002ba9
:10e6900021d17b689b6c002b1dd07b689b7bfb731f
:10e6a0007868c7f7d8fe0346002b12d0fb7b002bff
:10e6b00011d17b6893f84d30012b02d07868c6f7f2
:10e6c000d9fb7b681b7a002279681846c6f7e2fd01
:10e6d00001e0042300e0002318461037bd4680bd4a
:10e6e00090b583b000af0346fb71fb79002b14d0cb
:10e6f000caf72eff0346002b0dd0104b1b680122da
:10e7000083f828230d4b1c68caf722ff034684f8c0
:10e71000343301230ee000230ce0084b1b68002279
:10e7200083f82823054b1c68caf712ff034684f8b8
:10e730003433012318460c37bd4690bd80b200200b
:10e7400080b400af044b1b6893f828331846bd46cd
:10e750005df8047b704700bf80b2002080b582b0b6
:10e7600000af0323fb710f4b1b68d3f8a432002bbf
:10e7700013d00c4b1b68d3f8a432db6a002b0cd0ef
:10e78000084b1b68d3f8a432db6a064a1268d2f839
:10e79000a422126af91d1046984700bf0837bd46eb
:10e7a00080bd00bf80b2002080b584b000af78602b
:10e7b000396039687868caf72efa0346fb73fb7b29
:10e7c0009b08bb73bb7b18461037bd4680bd80b429
:10e7d00083b000af78607b6801221a7700bf0c37e6
:08e7e000bd465df8047b7047a3
:020000040000fa
:020000040103f6
:10e7e80080b584b002af00237b6000f037fb0a4b92
:10e7f8001b68002b0bd0094b0193032300930023c4
:10e808004ff4807206490748dcf726fc78607b687d
:10e8180018460837bd4680bd04af002008af002069
:10e8280028820501edea030180b588b002aff860df
:10e83800b9607a603b6028200af090ff78617b69b4
:10e84800002b0dd07b69002283f824207b6901937b
:10e858003b6a00933b687a68b968f86800f005f885
:10e868007b6918461837bd4680bd80b584b000afb7
:10e87800f860b9607a603b6000f0f0fafb69fa680a
:10e888001a60fb69ba689a61fb693a68da61fb69e0
:10e89800ba691a62fb690433184614f0b9ff7b6839
:10e8a800002b08d0fb6993f8243043f00403dab254
:10e8b800fb6983f8242000bf1037bd4680bd80b5b2
:10e8c80088b000aff860b9607a603b600023fb61f4
:10e8d800194b1b68002b2ad0bb683b617b687b61a6
:10e8e800fb68bb61bb68052b18dcdef72ff8034615
:10e8f800022b09d1104b186807f110010023ba6ade
:10e90800eef700fef86112e00b4b186807f11001f2
:10e9180000230022eef7f6fdf86108e0064b1868c0
:10e9280007f1100100233a68eef7b2fef861fb69bf
:10e9380018462037bd4680bd04af002080b400af24
:10e94800034b1b681846bd465df8047b704700bf43
:10e9580008af002080b485b000af78607b68fb60aa
:10e96800fb689b6918461437bd465df8047b704701
:10e9780080b584b000af786039607b68fb600bf0cd
:10e98800dcf93b68002b09d0fb6893f8243043f08e
:10e998000403dab2fb6883f8242008e0fb6893f8e4
:10e9a800243023f00403dab2fb6883f824200bf048
:10e9b800ddf900bf1037bd4680bd80b584b000af1b
:10e9c80078607b68bb600bf0b8f9bb6893f82430bb
:10e9d80003f00403002b02d10023fb6001e00123b4
:10e9e800fb600bf0c3f9fb6818461037bd4680bdc5
:10e9f80080b582b000af78607868fff7deff034625
:10ea080018460837bd4680bd80b485b000af786031
:10ea18007b68fb60fb685b68bb60bb6818461437a3
:10ea2800bd465df8047b704780b485b000af786060
:10ea38007b68fb60fb681b6818461437bd465df8a9
:10ea4800047b704780b584b000aff860b9607a6025
:10ea580008e0fb689b69ba681344bb60fb681b6ae3
:10ea6800f8689847fb689a69bb68d118bb687a68e8
:10ea7800f86800f0ddf80346002bead100bf103734
:10ea8800bd4680bd80b584b000af78603960144b56
:10ea98001b68db68db68fb60fb680433184614f00e
:10eaa80021fffb6893f8243003f00403002b05d002
:10eab8003a687968f868fff7c5ff08e0fb6893f8db
:10eac800243023f00103dab2fb6883f82420fb68c2
:10ead8001b6af868984700bf1037bd4680bd00bf65
:10eae800fcae002080b584b000af78600af09cf9d5
:10eaf80007f10803184600f057f8f860bb68194694
:10eb0800f86800f003f800f0d5f8f1e780b584b0b4
:10eb180000af78603960dcf7d3ff07f108031846c7
:10eb280000f066f8f860bb68002b30d13b68002b1a
:10eb38000ad17a68fb689a4206d8ddf709f8f968bd
:10eb48007868fff79fff24e03b68002b08d0134b41
:10eb58001b681b68002b01d1012300e000233b60e8
:10eb68000f4b18687a68fb68d31a3a681946eff7aa
:10eb7800bcfadcf7edff0346002b0ad1094b4ff036
:10eb880080521a60bff34f8fbff36f8f01e0dcf73d
:10eb9800dfff00bf1037bd4680bd00bf00af0020bb
:10eba80004af002004ed00e080b485b000af7860c9
:10ebb8000e4b1b681b68002b01d1012200e00022cc
:10ebc8007b681a607b681b68002b05d1074b1b68a4
:10ebd800db681b68fb6001e00023fb60fb681846ec
:10ebe8001437bd465df8047b704700bffcae0020bb
:10ebf80080b584b000af7860ddf796f8f8600b4b0d
:10ec08001b68fa689a4205d200f002f97b68012273
:10ec18001a6002e07b6800221a60044afb681360ed
:10ec2800fb6818461037bd4680bd00bf0caf0020fa
:10ec380080b586b000aff860b9607a603b600023a9
:10ec48007b61fb68ba685a60fb68fa681a61ba683f
:10ec58007b689a4212d87a683b68d21afb689b692b
:10ec68009a4202d301237b611be0104b1a68fb68b0
:10ec780004331946104614f0fcfd12e07a683b682c
:10ec88009a4206d2ba683b689a4202d301237b6152
:10ec980007e0074b1a68fb6804331946104614f05e
:10eca800e8fd7b6918461837bd4680bd00af0020d7
:10ecb800fcae002080b586b000af97e07b68002be3
:10ecc800c0f29380fb687b617b695b69002b04d091
:10ecd8007b690433184614f005fe3b461846fff7d7
:10ece80087ff38617b68013b082b7fd801a252f867
:10ecf80023f000bf21ed030121ed030189ed03019c
:10ed08009ded0301c9ed030121ed030121ed03018f
:10ed180089ed03019ded03017b6993f8243043f0ed
:10ed28000103dab27b6983f82420ba687b699b699e
:10ed3800d118bb683a697869fff77aff0346002b58
:10ed480054d07b6993f8243003f00403002b09d0d6
:10ed5800ba687b699b6913443a6919467869fff771
:10ed680071fe08e07b6993f8243023f00103dab2de
:10ed78007b6983f824207b691b6a7869984735e0aa
:10ed88007b6993f8243023f00103dab27b6983f8b6
:10ed980024202be07b6993f8243043f00103dab296
:10eda8007b6983f82420ba687b699a617b699a69d0
:10edb8003b69d1183b693a697869fff739ff15e073
:10edc8007b6993f8243003f00203002b03d17869a0
:10edd8000af062fd0ae07b6993f8243023f001030e
:10ede800dab27b6983f8242000e000bf074b1b6878
:10edf800391d00221846eef732fd0346002b7ff43a
:10ee08005daf00bf1837bd4680bd00bf04af00200e
:10ee180080b582b000af09e00e4b1b68db681b6849
:10ee28007b604ff0ff317868fff72cfe094b1b68b9
:10ee38001b68002bf0d1074b1b683b60064b1b6817
:10ee4800044a1360044a3b68136000bf0837bd4694
:10ee580080bd00bffcae002000af002080b500af31
:10ee68000af06bff0d4b1b68002b13d10c4814f0f4
:10ee7800affc0c4814f0acfc0b4b094a1a600b4b66
:10ee8800084a1a6000220c210a20eef789fa024685
:10ee9800024b1a600af06aff00bf80bd04af002071
:10eea800d4ae0020e8ae0020fcae002000af002069
:10eeb80080b584b000af78607b68bb600af03dff26
:10eec800bb6893f8243003f00103002b02d1002320
:10eed800fb6001e00123fb600af048fffb6818466d
:10eee8001037bd4680bd80b584b000af78607b68c0
:10eef800fb600af022fffb68db69bb600af036ffa3
:10ef0800bb6818461037bd4680bd80b584b000afd9
:10ef1800786039607b68fb600af00ffffb683a682d
:10ef2800da610af023ff00bf1037bd4680bd00bf7d
:020000040000fa
:020000040103f6
:10ef380080b483b000af03463a60fb710b46bb71e7
:10ef4800fb79002b3ed14a4b03f5b1531b68c3f341
:10ef58000023dbb2012b7dd13b68d9b2444b03f5ca
:10ef6800b052138861f307031380bb79032b73d85e
:10ef780001a252f823f000bf9fef0301bdef030188
:10ef880091ef0301afef0301394b03f5b152136859
:10ef980043f010031360364b03f5b152136843f086
:10efa800010313605de0324b03f5b152136843f07f
:10efb800100313602e4b03f5b152136843f002039c
:10efc80013604ee0fb79012b48d1294b03f5b1536f
:10efd80008331b68c3f30023dbb2012b3ed13b6827
:10efe800d9b2234b03f5b05308331a8861f30702eb
:10eff8001a80bb79032b33d801a252f823f000bf43
:10f0080029f003014bf0030119f003013bf0030160
:10f01800174b03f5b15308331a8842f010021a80cf
:10f02800134b03f5b15308331a8842f001021a80d2
:10f0380017e00f4b03f5b15308331a8842f010025a
:10f048001a800b4b03f5b15308331a8842f00202b9
:10f058001a8006e000bf04e000bf02e000bf00e045
:10f0680000bf00bf0c37bd465df8047b704700bf8a
:10f078000024014180b483b000af0346fb71fb79e3
:10f08800002b1ed1224b03f5b1531b68c3f30003b9
:10f09800dbb2002b13d11e4b03f5b1531b68c3f32e
:10f0a8004003dbb2002b0ad1194b03f5b1531b689f
:10f0b800c3f30023dbb2002b01d1012322e000239c
:10f0c80020e0134b03f5b15308331b68c3f3000367
:10f0d800dbb2002b15d10e4b03f5b15308331b6877
:10f0e800c3f34003dbb2002b0bd1094b03f5b1533b
:10f0f80008331b68c3f30023dbb2002b01d10123c3
:10f1080000e0002318460c37bd465df8047b7047c5
:10f118000024014180b483b000af0346fb71fb7942
:10f12800002b11d1154b03f5b152136843f00403ba
:10f13800136000bf114b03f5b1531b68c3f30023e1
:10f14800dbb2002bf6d012e00c4b03f5b1530833b9
:10f158001a8842f004021a8000bf084b03f5b15325
:10f1680008331b68c3f30023dbb2002bf5d001235f
:10f1780018460c37bd465df8047b704700240141f2
:10f1880080b582b000af8f4b03f5b15310331a88a6
:10f1980042f008021a808b4b03f5b15310331a88da
:10f1a80042f004021a80874b03f5b15310331a88d2
:10f1b80042f002021a80834b03f5b15310331a88c8
:10f1c80042f001021a807f4b03f5b15308331b68e4
:10f1d800c3f30013dbb2002b40d0fef7e5fe794bfa
:10f1e80003f5a2531c331b68c3f30303dbb2fb8094
:10f1f800fb88072b03d1082003f00ffc05e0fb88f0
:10f20800082b02d1042003f008fc6f4b1b68bb805d
:10f21800bb8823f48e6323f00303bb80bb8843f0d1
:10f228000803bb80684abb881360032003f0f5fb22
:10f23800664b1b68fb80fb8823f48e6323f0030373
:10f24800fb80fb8843f00803fb80604afb8813605f
:10f25800032003f0e2fbfef7c1fe55e0fef7a4fe33
:10f26800584b03f5b15304331b68c3f30003dbb2f7
:10f27800002b09d1534b03f5b1530c331b68c3f36f
:10f288000003dbb2002b15d04e4b03f5a2531c3301
:10f298001b68c3f30303dbb2fb80fb88072b03d196
:10f2a800082003f0bafb05e0fb88082b02d10420f4
:10f2b80003f0b3fb454b1b68fb80fb8823f48e638c
:10f2c80023f00303fb80fb8843f00803fb803f4add
:10f2d800fb881360032003f0a0fb3b4b1b68bb803b
:10f2e800bb8823f48e6323f00303bb80bb8843f001
:10f2f8000803bb80344abb881360032003f08dfbee
:10f30800fef76cfe00e000bf2e4b03f5b153083347
:10f318001b68c3f3c003dab22a4b03f5b1530833b1
:10f328001b68c3f38003dbb21343dab2254b03f542
:10f33800b1531b68c3f38003dbb21343dab2214b2a
:10f3480003f5b1531b68c3f3c003dbb21343dbb24d
:10f358001a461c4b03f5b1531b68c3f34263dbb277
:10f36800002b14bf01230023dbb21343002bcad1a7
:10f3780000bf144b03f5a2531c331b68c3f30303ec
:10f38800dbb2002bf5d10f4b03f5a25318331b68e2
:10f39800c3f30403dbb2002bebd10a4ad36a43f070
:10f3a8000103d362032003f038fb064ad36a6ff3e4
:10f3b8000003d362032003f030fb00bf0837bd46cb
:10f3c80080bd00bf00240141283a0141203a014193
:10f3d80080b582b000af4a4b03f5b15310331a8899
:10f3e80042f008021a80464b03f5b15310331a88cd
:10f3f80042f002021a80424b03f5a2531c331b68e9
:10f40800c3f30303dbb2fb80fb88072b03d108207f
:10f4180003f003fb05e0fb88082b02d1042003f06e
:10f42800fcfa384b1b68bb80bb8823f48e6323f03f
:10f438000303bb80bb8843f00803bb80314abb8809
:10f44800136000e000bf2e4b03f5b15308331b686f
:10f45800c3f3c003dab22a4b03f5b15308331b6870
:10f46800c3f38003dbb21343dab2254b03f5b15380
:10f478001b68c3f38003dbb21343dab2204b03f5f6
:10f48800b1531b68c3f3c003dbb21343dbb21a46a4
:10f498001b4b03f5b1531b68c3f34263dbb2002b6c
:10f4a80014bf01230023dbb21343002bcad100bfd2
:10f4b800134b03f5a2531c331b68c3f30303dbb2de
:10f4c800002bf5d10e4b03f5a25318331b68c3f379
:10f4d8000403dbb2002bebd1094ad36a43f00103e2
:10f4e800d362032003f099fa054ad36a6ff3000345
:10f4f800d362032003f091fa00bf0837bd4680bdf0
:10f5080000240141283a014180b483b000af03468a
:10f518000a46fb711346bb714e4b03f5b052138874
:10f528006ff3070313804b4b03f5b05304331a886a
:10f5380042f0ff021a80474b03f5b05308331a888c
:10f548006ff307021a80434b03f5b0530c331a6864
:10f5580042f0ff021a60fb79002b36d13d4b03f5d0
:10f56800b1531b68c3f30023dbb2012b69d1bb790c
:10f57800002b02d0012b10d066e0364b03f58053e8
:10f5880004331a8842f001021a80324b03f5b15253
:10f59800136843f00103136056e02e4b03f58053c4
:10f5a80008331a8842f001021a802a4b03f5d05317
:10f5b80018331a8842f480721a80264b03f5b15228
:10f5c800136843f0020313603ee0fb79012b3ad144
:10f5d800204b03f5b15308331b68c3f30023dbb298
:10f5e800012b30d1bb79002b02d0012b11d02be09d
:10f5f800184b03f5805304331a8842f001021a802d
:10f60800144b03f5b15308331a8842f001021a80eb
:10f618001ae0104b03f5805308331a8842f00102b0
:10f628001a800c4b03f5d05318331a8842f48072b1
:10f638001a80084b03f5b152136843f002031360b4
:10f6480002e000bf00e000bf00bf0c37bd465df818
:08f65800047b7047002401410e
:020000040000fa
:020000040103f6
:10f66000b0b582b000af0023fb7129e0184b1b68d6
:10f67000fa7953f82230002b1fd1154b1c68fd7905
:10f6800020200ef0a8f9034644f82530104b1b68e3
:10f69000fa7953f82230002b09d00d4b1b68fa7908
:10f6a00053f8223020220021184618f049fd084b5b
:10f6b0001b68fa7953f8223006e0fb790133fb71bd
:10f6c000fb79072bd2d9002318460837bd46b0bdb9
:10f6d00098b2002080b485b000af0346fb800023c1
:10f6e000fb7320e0154b1b68fa7b53f82230002b8c
:10f6f00016d0124b1b68fa7b53f82230db78012bb3
:10f700000ed10e4b1b68fa7b53f822301b88fa8807
:10f710009a4205d1094b1b68fa7b53f8223006e068
:10f72000fb7b0133fb73fb7b072bdbd900231846e4
:10f730001437bd465df8047b704700bf98b20020c7
:10f7400080b584b000af78607b68002b1bd00023ad
:10f75000fb7314e00e4b1b68fa7b53f822307a6877
:10f760009a4209d178680ef042f9094b1b68fa7b7e
:10f77000002143f8221007e0fb7b0133fb73fb7b86
:10f78000072be7d900e000bf1037bd4680bd00bfa2
:10f7900098b2002080b582b000af164b1b68002bda
:10f7a0000bd12c200ef017f90246124b1a60114ba8
:10f7b0001b68002b12d1002318e00023fb710ae024
:10f7c0000c4b1b68fa7953f822301846fff7b8ff44
:10f7d000fb790133fb71fb79072bf1d9054b1b68d2
:10f7e0002c220021184618f0abfc012318460837dc
:10f7f000bd4680bd98b2002080b59eb000af786055
:10f800007b681b78012b40f0b6807b685b683b67a8
:10f810003b6f1b78002b6fd13b6f9b78002b40f028
:10f82000ac80fff71dfff866fb6e002b00f0a58093
:10f830003b6f9a88fb6e1a803b6f9a79fb6e9a70c9
:10f84000fb6e3a6f04330732116819609188927920
:10f8500099809a71fb6e0122da70fb6e04331846b0
:10f8600007f0e1fb03461a46fb6e9a77fb6e9b7f1f
:10f87000082b34d007f10c034c220021184618f055
:10f880005ffcfb6e9b7f07f10c021146184607f0e8
:10f89000f9fa0346002b22d197f85430c3f3000342
:10f8a000dab297f8603062f3410387f8603097f876
:10f8b0005430c3f34003dab297f8603062f30003c8
:10f8c00087f86030fb6e188897f85430c3f38503cf
:10f8d000dbb2194607f160031a4602f0f7f93b6ff5
:10f8e0009b88a7f86630012387f8643007f164032a
:10f8f00018460ff0cdff40e03b6f1b78012b3cd149
:10f90000002387f858303b6f5b88a7f85a303b6f6d
:10f910005b881846fff7defef866fb6e002b07d00b
:10f92000fb6e9b7f87f85c30f86efff709ff02e003
:10f93000082387f85c30002387f8773014e097f8c5
:10f940007730104a52f82330002b08d097f87730e0
:10f950000c4a52f8233007f158021046984797f89e
:10f960007730013387f87730074b1b7897f877208b
:10f970009a42e4d301e000bf00e000bf00bf783747
:10f98000bd4680bdd0000020cc00002080b5a4b0d2
:10f9900000af03463960fb713b68002b02d0fb7956
:10f9a000002b12d100210020e8f7a4fe0346a7f89f
:10f9b0008c30b7f88c30002b04d1344b1b680022fc
:10f9c00083f82020b7f88c305ce0fb79082b01d954
:10f9d000032357e0002387f88f3033e097f88f3008
:10f9e0003a6813441b7807f108021146184607f0dd
:10f9f00049fa0346a7f88c30b7f88c30002b02d0b8
:10fa0000b7f88c303ee03b7a002b04d03b7a012bd8
:10fa100001d0032336e097f88f201346db009b1ab2
:10fa200007f1900213443c3b1a4607f1080318689b
:10fa3000106099889b799180937197f88f3001338a
:10fa400087f88f3097f88f20fb799a42c6d307f159
:10fa50005402fb7911461846e8f74cfe0346a7f816
:10fa60008c300a4b1b68213397f88f203968184671
:10fa700018f058fa054b1b6897f88f2083f8202060
:10fa8000b7f88c3018469037bd4680bd98b200203c
:10fa900080b596b000af78603960002387f85730a2
:10faa00026e01d4b1a6897f85730134493f821301d
:10fab00007f108021146184607f0e4f90346002b47
:10fac00001d0012323e097f857201346db009b1a4f
:10fad0003a6813441a4607f10803186810609988b9
:10fae0009b799180937197f85730013387f857309d
:10faf000094b1b6893f8203097f857209a42d0d3cf
:10fb0000054b1b6893f820207b681a700023184669
:10fb10005837bd4680bd00bf98b20020b0b5a0b038
:10fb200000af0346b9607a60fb730023a7f87e300c
:10fb3000bb68002b05d0fb7b002b02d07b68002b21
:10fb400009d100210020e8f701fe0346a7f87e3026
:10fb5000b7f87e30dae0fb7b082b01d90323d5e030
:10fb6000fa7b13469b001344db0018460df033ff6d
:10fb7000b867bb6f002b01d10223c7e007f1600219
:10fb800007f1770311461846e8f70cfe002387f8c3
:10fb90007d30a2e007f114034c220021184618f032
:10fba000cffa97f87d30ba6813441b7807f1140236
:10fbb0001146184607f066f90346a7f87e30b7f8f5
:10fbc0007e30002b40f090803b7d002b02d03b7daf
:10fbd000012b06d197f87d307a6813441b78012bee
:10fbe00004d90323a7f87e3000bf7ee097f83230b7
:10fbf000002b21d107f114031e33013307f1140246
:10fc000002f11e000f22194618f07ef90346002b60
:10fc100012d197f87d2013469b001344db001a464f
:10fc2000bb6f134417331d4607f164040fcc2860e3
:10fc30006960aa60eb6014e097f87d2013469b0092
:10fc40001344db001a46bb6f134417331a4607f1ff
:10fc500032031c6858689968db68146050609160d2
:10fc6000d36097f87d2013469b001344db001a46af
:10fc7000bb6f134407331a4607f11b031c6858680f
:10fc80009968db68146050609160d36097f87d20bc
:10fc900013469b001344db001a46bb6f13441a46fd
:10fca00007f114031868106099889b79918093710b
:10fcb00097f87d307a68d11897f87d2013469b001d
:10fcc0001344db001a46bb6f13440a7883f82720dd
:10fcd00097f87d30013387f87d3097f87d20fb7be6
:10fce0009a42fff457af00e000bfb7f87e30002b18
:10fcf00007d1fb7bb96f1846e8f728fd0346a7f844
:10fd00007e30b86f0df073feb7f87e30184680373e
:10fd1000bd46b0bd80b485b000af03463960fb710d
:10fd20000123bb810023fb731de0144b1b68fa7b8e
:10fd300053f82230002b13d0104b1b68fa7b53f87a
:10fd400022309b7ffa799a420ad10c4b1b68fa7bce
:10fd500053f822301a883b681a800023bb8105e0e3
:10fd6000fb7b0133fb73fb7b072bded9bb8918467a
:10fd70001437bd465df8047b704700bf98b2002081
:020000040000fa
:020000040103f6
:10fd800080b584b000af0346fb71714b93f904302a
:10fd900097f907209a4200f0d7800023fb816c4b33
:10fda00093f9023097f907209a4203dd684b9b785c
:10fdb000fb7109e0664b93f9033097f907209a42eb
:10fdc00002da634bdb78fb71614b93f9043097f9ee
:10fdd00007209a4200f0b880fa795e4bb3f9003000
:10fde000dbb2d31adbb2fb71594b1b7c03f001036e
:10fdf000dbb2002b03d1564b9b79002b2ed0544bfa
:10fe00009b79012b12d197f9073013f1030f03da15
:10fe1000514b01221a7002e04f4b00221a7097f9e1
:10fe200007301a334d4ad35cfb8105e097f9073060
:10fe300019334a4ad35cfb81454b9b891ab2444b28
:10fe40005b7cc3f30203dbb29b021bb213431ab207
:10fe5000b7f90e3013431bb2fb8166e097f9073008
:10fe60001d333f4ad35cfb8197f90730042b2edd0d
:10fe7000374b1b891ab2364b1b7cc3f34203dbb2f0
:10fe80009b021bb213431ab2b7f90e3013431bb2d5
:10fe9000fb812f4b5b7c23f07f03dbb2002b44d133
:10fea0002b4b5b891ab22a4b1b7cc3f30313dbb2c7
:10feb0005b001bb213431bb29bb219460820f5f737
:10fec0004bfd234a537c43f0800353742de0204bb9
:10fed0009b891ab21e4b5b7cc3f30203dbb29b020d
:10fee0001bb213431ab2b7f90e3013431bb2fb8196
:10fef000174b5b7c23f07f03dbb2002b15d0144b38
:10ff0000db891ab2124b5b7cc3f3c303dbb25b0029
:10ff10001bb213431bb29bb219460820f5f71cfd18
:10ff20000b4a537c6ff3c71353740a4bb3f9003079
:10ff3000dab2fb791344dbb25ab2054b1a71fb8972
:10ff400019466220f5f708fd00bf1037bd4680bd99
:10ff5000f0b0002006b100200ab10020486705017a
:10ff6000fc66050180b584b000af03460a46fb80fd
:10ff700013467b71974b00221a70974b00221a7020
:10ff80007a79964b9a71964afb881380954afb883a
:10ff90001380924b9b79002b22d16420f5f70cfd46
:10ffa0000346fb81fa894ef280331340b3f5025fba
:10ffb00004d042f2ff016420f5f7cefc3d20f5f7b6
:10ffc000fbfc0346fb81fa894ff6e17313404ef2c6
:10ffd0004032934204d04ef254313d20f5f7bcfc40
:10ffe0006220f5f7e9fc0346fb814ff082439b69f1
:10fff000dbb20b2b0cbf01230023d9b2774a137c51
:020000040104f5
:1000000061f300031374754b1b7c03f00103dbb237
:10001000002b04d1714b9b79002b00f0a7806f4b14
:100020009b79012b0cd16b4b00221a706c4bb3f9ee
:100030000030dbb21a3bdbb25ab2684bda7008e030
:10004000674bb3f90030dbb2193bdbb25ab2634bfa
:10005000da70fb8923f4e35323f01f039ab25f4b5a
:100060009a81fb89dbb203f07f03dab25b4b5a71f2
:100070005a4b9b79012b2ad1584b2e229a7020e0a3
:10008000564b93f902301a46574b9a5c534b5b79a7
:100090009a420dd3514b93f90230dab24f4b93f998
:1000a0000330dbb21344dbb25ab24c4b9a7038e0e7
:1000b0004a4b93f90230dbb2013bdbb25ab2474bf9
:1000c0009a70464b93f90230002bd9da29e0434b62
:1000d0001f229a7020e0414b93f902301a46434b9d
:1000e0009a5c3e4b5b799a420dd33c4b93f90230bc
:1000f000dab23a4b93f90330dbb21344dbb25ab2b3
:10010000364b9a700de0354b93f90230dbb2013b70
:10011000dbb25ab2314b9a70304b93f90230002b5c
:10012000d9dafb899b1203f00703d9b22b4a537c1f
:1001300061f3020353740820f5f73efc0346fb818c
:10014000fb8923f01e039ab2244bda81fb895b10f2
:1001500003f00f03d9b2214a537c61f3c6035374f1
:100160001e4a537c6ff3c7135374a1e01c4bb3f9c1
:100170000030dbb21d3bdbb25ab2184bda70fb89a0
:1001800023f4e35323f01f039ab2144b1a81fb8923
:10019000dbb203f07f03dab2104b5a710f4b292206
:1001a0009a7030e00d4b93f902301a46104b9a5c6e
:1001b0000a4b5b799a421dd3084b93f90230dab2ad
:1001c000064b93f90330dbb21344dbb25ab2034b54
:1001d0009a701de00ab100200bb10020f0b00020a1
:1001e00006b1002008b10020486705012867050115
:1001f000fc6605013e4b93f90230dbb2013bdbb2fa
:100200005ab23b4b9a703a4b93f90230002bc9da41
:10021000fb899b1203f00703d9b2354a137c61f3c3
:10022000430313740820f5f7c7fb0346fb81fb89e2
:1002300023f01e039ab22e4b5a81fb895b1003f008
:100240000f03d9b22a4a137c61f307131374642095
:10025000f5f7b2fb0346fb81fb8923f4e35323f05c
:100260001f039ab2224b9a81fb899b1203f007036a
:10027000d9b21f4a537c61f3020353743d20f5f752
:100280009bfb0346fb81fb8923f01e039ab2184bac
:10029000da81fb895b1003f00f03d9b2144a537c57
:1002a00061f3c6035374124a537c43f080035374c2
:1002b0000f4b93f902200e4b1a700d4b93f902204d
:1002c0000b4b5a700a4b93f90220094b1a71084bd9
:1002d000ce229a74064bc422da74054bba221a75e0
:1002e000034bf6225a7500bf1037bd4680bd00bfd4
:1002f000f0b0002080b483b000af78607b6893f9e1
:100300000030dab22b4bb3f90030dbb2d31adbb2d8
:100310005ab27b681a707b6893f900301c330e2b3d
:1003200034d801a252f823f08503040185030401a7
:100330008503040185030401850304018d03040181
:100340007d0304017d0304017d0304018d03040189
:10035000750304018d0304016d0304018d03040181
:10036000650304017b68f3221a7010e07b68f122b8
:100370001a700ce07b68ef221a7008e07b68ed22af
:100380001a7004e07b68e9221a7000e000bf7b6805
:1003900093f90030dab2074bb3f90030dbb2134403
:1003a000dbb25ab27b681a7000bf0c37bd465df8ed
:1003b000047b704706b1002080b483b000af0346d1
:1003c000fb710b46bb7113467b7197f9073013f134
:1003d000310f07da97f9063013f1500f02db7b7902
:1003e000002b01d1112300e0002318460c37bd4635
:1003f0005df8047b704780b485b000af0346fb71a5
:10040000fb79fb73094b9b79012b07d1084b1b78b8
:10041000002b03d0fb790c33dbb2fb7397f90f3061
:1004200018461437bd465df8047b7047f0b00020d5
:100430000bb1002080b483b000af0346fb71094bc1
:100440009b79012b07d197f9073013f1390f02dba4
:10045000054b01221a7000bf0c37bd465df8047bc6
:10046000704700bff0b000200bb1002080b400af97
:10047000034b00221a7000bfbd465df8047b704735
:040480000bb100209c
:020000040000fa
:020000040104f5
:1004840080b500af194b1a6892f8bc31012161f3b1
:10049400020382f8bc31154b1b68062283f8bd2188
:1004a400124b1b680022a3f8be21114b4ff40062cb
:1004b4001a800f4b4ff400625a800d4b00221a71c0
:1004c4000b4b07225a710a4b00229a71074b1b6887
:1004d400084ac3f87821054b1b68074ac3f8fc2176
:1004e40012f030ff0346184680bd00bf6cb20020f6
:1004f40060b20020cb0a0401850a040180b582b0f1
:1005040000af78607b681b781f2b01d9032303e0bd
:10051400786812f063fe034618460837bd4680bd6e
:1005240080b582b000af78607b681b781f2b01d93f
:10053400032303e0786812f077fe03461846083771
:10054400bd4680bd80b483b000af78607b681b88f3
:100554001f2b23d97b681b88b3f5804f1ed87b687b
:100564005b881f2b1ad97b685b88b3f5804f15d83d
:100574007b681a887b685b889a420fd87b681b79f2
:10058400042b0bd87b681b7b072b07d87b681b7b52
:10059400002b03d07b685b7b032b01d903231fe073
:1005a4007b681a88114b1a807b685a880f4b5a80d3
:1005b4007b681a790d4b1a717b681a7b0b4b5a7145
:1005c4007b685a7b094b9a71094b1b687a682833fc
:1005d4000532106818609188927999809a71002385
:1005e40018460c37bd465df8047b704760b20020a6
:1005f4006cb2002080b584b000af174b1b883b80e1
:10060400154b5b887b80144b1b793b71134b1b6828
:1006140093f828301846e7f773f90346bb710f4b7c
:100624001b6803f12902fb1d1168196092889a80e6
:10063400094b5b797b73084b9b79bb733b46053352
:100644001846e7f739f93b46184612f013fe0346fd
:1006540018461037bd4680bd60b200206cb2002041
:1006640080b584b000af03460a46fb711346bb80d5
:10067400fb79002b0cd0fff7bdff0346fb81fb8900
:10068400002b01d0fb8942e000210120e7f70cfa9e
:10069400fb79184612f010fe0346fb81fb89002b00
:1006a40001d0fb8933e0fb7983f00103dbb2002b3b
:1006b40014d0194b1b681a78174b1b6822f00102df
:1006c400d2b21a70144b1b6803f5da731846f7f7a5
:1006d400c5f900210020e7f7e7f917e00e4b1b6886
:1006e4001a780d4b1b6842f00102d2b21a70bb8813
:1006f400002b0bd0084b1b6803f5da70bb8842f261
:10070400107202fb03f31946f7f7eaf800231846c0
:100714001037bd4680bd00bf6cb2002080b584b0e8
:1007240000af0346fb71fb79012b01d903232de0b4
:10073400fb79002b16d1fff75dff0346fb81fb8994
:10074400002b01d0fb8921e000210120e7f7acf95f
:10075400022012f0b1fd0346fb81fb89002b0bd074
:10076400fb8913e0032012f0a7fd0346fb81fb89fc
:10077400002b01d0fb8909e0064b1b681a78054b56
:100784001b6842f00102d2b21a70002318461037d7
:10079400bd4680bd6cb2002080b582b000af034678
:1007a4003960fb7139683b685a1cfb79184612f0b2
:1007b400a7fd034618460837bd4680bd80b582b004
:1007c40000af78607b689b681846fff797fe034686
:1007d40018460837bd4680bd80b582b000af78604a
:1007e4007b689b681846fff79bfe0346184608374c
:1007f400bd4680bd80b582b000af78607b689b68e1
:100804001846fff79ffe034618460837bd4680bdcd
:1008140080b582b000af78607b681b7a002b14bf70
:1008240001230023dab27b685b8919461046fff77f
:1008340017ff034618460837bd4680bd80b582b011
:1008440000af78607b681b7a1846fff767ff0346a2
:1008540018460837bd4680bd80b582b000af7860c9
:100864007b681a7a7b68db6819461046fff794ffa9
:10087400034618460837bd4680bd80b584b000af36
:100884007860104b1b68db6b0c209847f860fb68a2
:10089400002b01d1022310e0fb687a689a60f968a2
:1008a4004ff4885011f088fcfb681b887b81054b52
:1008b4001b681b6cf86898477b8918461037bd463f
:1008c40080bd00bf4cb0002080b584b000af78601c
:1008d4000f4b1b68db6b0c209847f860fb68002b00
:1008e40001d1022310e0fb687a689a60f96841f24a
:1008f400011011f061fcfb681b887b81044b1b68b1
:100904001b6cf86898477b8918461037bd4680bd34
:100914004cb0002080b584b000af78600f4b1b68ea
:10092400db6b0c209847f860fb68002b01d1022395
:1009340010e0fb687a689a60f96841f2021011f0dd
:100944003bfcfb681b887b81044b1b681b6cf868b1
:1009540098477b8918461037bd4680bd4cb00020af
:1009640080b584b000af03460a46fb711346bb80d2
:10097400114b1b68db6b0c209847f860fb68002b5d
:1009840001d1022313e0fa79fb681a72fb68ba8872
:100994005a81f96841f2031011f00efcfb681b88c0
:1009a4007b81054b1b681b6cf86898477b8918464c
:1009b4001037bd4680bd00bf4cb0002080b584b068
:1009c40000af0346fb71104b1b68db6b0c20984790
:1009d400f860fb68002b01d1022310e0fb68fa7970
:1009e4001a72f96841f2041011f0e6fbfb681b88e7
:1009f4007b81054b1b681b6cf86898477b891846fc
:100a04001037bd4680bd00bf4cb0002080b584b017
:100a140000af03463960fb71114b1b68db6b102080
:100a24009847f860fb68002b01d1022313e0fb68b0
:100a3400fa791a72fb683a68da60f96841f20510cb
:100a440011f0bafbfb681b887b81054b1b681b6c90
:100a5400f86898477b8918461037bd4680bd00bfab
:100a64004cb0002080b500af04490120e7f71afc20
:100a7400fff706fd0346184680bd00bf3080050120
:100a840080b5c4b000af3b1d18603b1d1b68db88fc
:100a940087f80f3197f80f31002b0fd10021002078
:100aa400fff7defd0346a7f80c3107f10c0308221b
:100ab4001a7007f10c031846e7f724f800bf07f58e
:100ac4008877bd4680bd80b5c2b000af3b1d1860bd
:100ad4003b1d1b681b781e2b0ed107f10803152242
:100ae4001a703b1d1b681a7907f108039a7007f105
:100af40008031846e7f706f80123184607f5847734
:040b0400bd4680bdad
:020000040000fa
:020000040104f5
:100b080080b584b000af03460a46fb8013467b716c
:100b180002233b72fb887b817b797b7307f1080397
:100b280018460ef0b1fe00bf1037bd4680bd80b537
:100b380084b000af0346fb800b467b7113463b71c4
:100b480003233b72fb887b817b797b733b79bb7387
:100b580007f1080318460ef097fe00bf1037bd4690
:100b680080bd90b585b000af0446084611461a46c8
:100b78002346fb8003467b710b463b711346fb7093
:100b880004233b72fb887b817b797b733b79bb7346
:100b9800fb78fb7307f1080318460ef075fe00bfdb
:100ba8001437bd4690bd90b5a1b000af78607b68a2
:100bb8001b78062b00f2a78101a252f823f000bf90
:100bc800db0c0401e50b04010f0f04010f0f0401f6
:100bd8000f0f04014b0d04018b0c04019d4b1b7876
:100be800002b00f092817b689b881846fef76efd0b
:100bf800b867bb6f002b00f08a81bb6f9b78002b16
:100c080040f08381bb6f9b7f07f1080211461846ad
:100c180006f034f90346002b1fd1bb6f188807f183
:100c2800080303f1380407f1080303f1360207f15a
:100c3800080303f12e012346e3f774fa0346a7f8e5
:100c48007630b7f87630002b40f05f81bb6f1b8899
:100c580001211846fff754ff57e1bb6f1b88184660
:100c680001f008f80346a7f87630b7f87630002b7d
:100c780040f04b81bb6f1b8800211846fff740ffef
:100c880043e1744b1b78002b00f043817b689b8801
:100c98001846fef71bfd38673b6f002b00f03b81c1
:100ca8003b6f9b78012b40f034817b689b8818460a
:100cb80001f01bf80346a7f86e30b7f86e30002b2a
:100cc80040f027817b689b8800211846fff718ffb2
:100cd8001fe17b689b79002b29d17b689b8818468c
:100ce800fef7f4fcb866bb6e002b00f016817b683b
:100cf80098887b681b7a1a460021fff718ffbb6e9d
:100d08000122da72bb6e03f10c007b6809331022f2
:100d1800194617f003f9bb6e9b78002b40f0ff8053
:100d2800bb6e1b8801211846fff7eafef7e07b68d7
:100d380098887b689a797b68db790021fff711ff37
:100d4800ede07b689b881846fef7c0fc78667b6ef2
:100d5800002b00f0e6804c200cf039fe38663b6e24
:100d6800002b00f0e0807b680833fb653b6efa6d72
:100d7800703292e8030018600433198002330a0cb9
:100d88001a703b6e184606f04af9034687f87f301a
:100d980097f87f30082b24d106f020f9034687f80e
:100da8007f3097f87f30082b1bd1052387f8543004
:100db8007b6e1b88a7f85630082387f8593007f14f
:100dc800540318460ef060fd06f008f9034687f84c
:100dd8007f3097f87f30082b03d1386e0cf003fe74
:100de800a2e07b6e97f87f209a777b6e9b78002b2a
:100df80032d1fb6d9b7e03f00103dbb2002b07d0e1
:100e08003b6e3833f96d1022184617f087f818e052
:100e18003b6e03f13800fb6d44331022194617f07e
:100e28007df83b6e03f12e00fb6d56330822194600
:100e380017f074f83b6e3633fa6d5432128892b25a
:100e48001a803b6ed81dfb6d60331022194617f0cf
:100e580065f817e0e3b200203b6e3833f96d1022d5
:100e6800184617f05bf87b6e0c33f96d10221846a4
:100e780017f054f83b6ed81dfb6d603310221946ed
:100e880017f04cf8fb6d9b7ec3f38503d9b23a6e1d
:100e980092f8483061f3870382f84830fb6d9b7ef7
:100ea800c3f34003d9b23a6e92f8483061f3410374
:100eb80082f84830fb6d9b7ec3f30003d9b23a6ecb
:100ec80092f8483061f3000382f848303b6e03f132
:100ed8001e00fb6d1c331022194617f01ff83b6edd
:100ee800fa6d17332c3210681860918892799980be
:100ef8009a7197f87f30396e184606f029f8386edf
:100f08000cf071fd10e000bf0ee000bf0ce000bf68
:100f18000ae000bf08e000bf06e000bf04e000bf31
:100f280002e000bf00e000bf8437bd4690bd80b539
:100f380098b000af78607b681b78032b05d17b687d
:100f48005b681846fff72ffe78e07b681b78012b5b
:100f580074d17b685b68fb65fb6d1b78052b54d1ee
:100f6800fb6d5b881846fef7b1fbb865bb6d002bbf
:100f780063d0bb6d1b8801211846fff7c1fdbb6d0f
:100f8800db7a83f00103dbb2002b2bd0bb6d9b7f98
:100f980007f10c021146184605f070ff0346002bb6
:100fa80013d1bb6d1a8807f10c0338331946104664
:100fb8000ff014ff0346002b40d0fb6d5888002328
:100fc80000220121fff7cdfd38e0bb6d1b881846d4
:100fd8000ff0ddfefb6d5888002300220121fff78a
:100fe800c0fd2be0bb6d1a88bb6d0c33194610464b
:100ff8000ff0f4fe0346002b20d0fb6d5888002329
:1010080000220121fff7adfd18e0fb6d1b78032bd3
:1010180014d1fb6d1b79002b07d1fb6d5b88002277
:1010280001211846fff783fd08e0fb6d588800236f
:1010380000220121fff795fd00e000bf6037bd46a3
:1010480080bd80b483b000af0346fb71044afb79ce
:101058001370002318460c37bd465df8047b7047b3
:10106800e3b2002090b599b000af03460a46fb8072
:1010780013467b71fb881846fef728fbb865bb6de5
:10108800002b01d1032349e0bb6d9b78002b40d195
:101098007b7983f00103dbb2002b27d0bb6d9b7fec
:1010a80007f10c021146184605f0e8fe0346002b2e
:1010b8001cd107f10c0303f1380407f10c0303f109
:1010c800360207f10c0303f12e01f8882346e3f7f3
:1010d80029f80346a7f85e30b7f85e30002b15d123
:1010e800fb8801211846fff70bfd0fe0fb88184627
:1010f80000f0c0fd0346a7f85e30b7f85e30002b5d
:1011080004d1fb8800211846fff7fafcb7f85e30d7
:1011180004e0fb88184600f0adfd03461846643726
:10112800bd4690bd80b400af034b01221a7000bfca
:10113800bd465df8047b7047e3b2002080b586b0f9
:1011480000af0346fb7107f10e02fb791146184602
:10115800fef7dcfd0346002b08d106233b74fb8910
:101168007b8207f1100318460ef08efb00bf18377c
:04117800bd4680bd33
:020000040000fa
:020000040104f5
:10117c0080b588b000afb96011461a460346fb81b2
:10118c000b46bb811346fb80fb893b82bb687b61b2
:10119c00bb893b83fb887b830e4b1b68fb6110e098
:1011ac00fb691b6807f1100210469847034683f051
:1011bc000103dbb2002b01d0002306e0fb695b6866
:1011cc00fb61fb69002bebd1012318462037bd4690
:1011dc0080bd00bfd4b000201fb50446694600880e
:1011ec0000f0acf968b3bdf80230abb1019b9bb118
:1011fc00029bd3b9a2882088cab1a368bbb161880d
:10120c00eef760fcd0b14ff0200383f31188bff3ed
:10121c006f8fbff34f8ffee74ff0200383f31188de
:10122c00bff36f8fbff34f8ffee79847e2e7019b49
:10123c00bdf802200021eef745fce3e7208800f022
:10124c00c4f904b010bd7fb56946054600f076f9c7
:10125c0010b9002004b070bdbdf80230a3b1019be1
:10126c0093b1029bcbb92846eef7b6fc019abdf8b8
:10127c00021006462846eef7cdfc022804460ed195
:10128c00b4fa84f04009e5e74ff0200383f31188aa
:10129c00bff36f8fbff34f8ffee79847e3e740b183
:1012ac004ff0200383f31188bff36f8fbff34f8f81
:1012bc00fee73346bdf8022001992846fff758ff98
:1012cc000028ddd1c5e71fb504466946008800f04b
:1012dc0035f910b9002004b010bdbdf8023093b13f
:1012ec00019b83b1029b83b96188a288bdf802304f
:1012fc0088189842eedca3682088eef743fcb0fa1d
:10130c0080f04009e7e700f029f89847ece773b55f
:10131c00104adff844c005460e4600236c46bcf864
:10132c000210994201d800200de092e8030084e8f5
:10133c000300d1888d4208d1adf8065094e8030023
:10134c0086e80300012002b070bd013308329bb265
:10135c00e5e700bf10410001d8b000204ff020039a
:10136c0083f31188bff36f8fbff34f8ffee72de927
:10137c007f431b4d80462868ecf710fd0024814606
:10138c002646a14509d836bb32464146144811f0d1
:10139c005bfb01281fd0fff7e1ff002201a92846c3
:1013ac0011f09cfb01280dd1019ad8f8003001a94d
:1013bc009a4208bf012628460022013411f044fb52
:1013cc00e4b2dee74ff0200383f31188bff36f8f95
:1013dc00bff34f8ffee7012004b0bde8708300bf60
:1013ec00a4b2002010b5044688b1082008f0b4f966
:1013fc0040b94ff0200383f31188bff36f8fbff315
:10140c004f8ffee7024b04601a694260186110bdf1
:10141c00d8b0002010b5044688b1082008f09cf91b
:10142c0040b94ff0200383f31188bff36f8fbff3e4
:10143c004f8ffee7024b04601a684260186010bdc3
:10144c00d4b0002010b50446082008f085f928b166
:10145c00034b04805a6942605861012010bd00bfe3
:10146c00d8b0002000f44063b3f5406f13b514d12d
:10147c006946fff74cff70b9002002b010bd009b0d
:10148c0033f81400eef700fd0134e4b2bdf804307b
:10149c00a342f4d8f0e70024f8e7eef7f5fcebe70d
:1014ac00034b00229880181dda801a81da605ee7ff
:1014bc00d8b00020054b5b690bb9184670471a88e9
:1014cc00824201d05b68f7e701207047d8b000205a
:1014dc007fb5184b184d5e6904464eb90120eef7e6
:1014ec002bfd31462868ebf7e5fe002004b070bdfb
:1014fc00eef722fd24b100212868ebf7dbfef4e7c0
:10150c002868ecf74bfc0646a642eed9002201a94e
:10151c00284611f0e3fa012809d1bdf80400fff7c1
:10152c00c9ff20b1002201a9284611f08dfa01341f
:10153c00e4b2e9e7d8b00020a4b200202de9704154
:10154c00dff848c0dff8488085b086460e46002597
:10155c006c46bcf80030ab4201d8002010e008eb20
:10156c0005130fcb84e80f00bdf8003073450ad18a
:10157c00234603cb3060716003cbb060f160012077
:10158c0005b0bde870810135e3e700bfd8b000209d
:10159c00004000011fb50446008800f44063b3f519
:1015ac00406f02d1002004b010bd6946fff7c6ffa2
:1015bc000028f7d0a28863881344bdf80220934218
:1015cc00f0dc2046fff7d3feede738b5044b1c6981
:1015dc00054604b938bd2368284698476468f8e77f
:1015ec00d8b0002030b585b0044669460088fff7b6
:1015fc00a5ff002845d0bdf80230d3b1019bc3b183
:10160c00029bfbb92088eef7d7fc2588e0b9019a3c
:10161c00bdf802102846eef7fdfa10f0fd0f2dd0a4
:10162c004ff0200383f31188bff36f8fbff34f8ffd
:10163c00fee74ff0200383f31188bff36f8fbff3e6
:10164c004f8ffee79847dde7a2887ab1a3686bb1ac
:10165c0061882846eef736fa80b14ff0200383f309
:10166c001188bff36f8fbff34f8ffee7019bbdf85f
:10167c00022000212846eef725faede72088fff737
:10168c00a4ff05b030bd08b5024b1868ecf786fb1b
:10169c00c0b208bda4b2002030b5184d89b00022ec
:1016ac0002a9284611f01afa012801d009b030bd60
:1016bc00bdf8080000f44063b3f5406f19d16946da
:1016cc00fff725fe0028ead00024adf81640adf84f
:1016dc0018400794bdf80430a342e0d9009b05a83c
:1016ec0033f81430adf814300134fff77bffe4b25b
:1016fc00f0e702a8fff776ffd1e700bfa4b2002005
:10170c0030b50446008800f44063b3f5406f85b0f3
:10171c0003d10025284605b030bd6946fff70eff02
:10172c0005460028f5d0a28863881344bdf8022032
:10173c009342eedc2046fff755ffebe700f44063e5
:10174c00b3f5406f37b518d16946fff7e0fd054694
:10175c0088b900250ce0009b33f81400eef72cfc44
:10176c000028f6d00134e4b2bdf80430a342f2d81c
:10177c00284603b030bd0024f6e7eef71dfc054605
:10178c00f6e700f44063b3f5406f13b516d1694624
:10179c00fff7bdfd80b9012002b010bd009b33f8ee
:1017ac001400fff750fd0028f6d00134e4b2bdf868
:1017bc000430a342f2d8eee70024f8e7fff743fd2c
:1017cc00eae7038803f44063b3f5406f00d07ae591
:0417dc000020704732
:020000040000fa
:020000040104f5
:1017e00080b582b000af0023bb803c4b1b68002b50
:1017f0000bd14c2016f0c4f90246384b1a60374b17
:101800001b68002b1dd1022363e00023fb7115e050
:10181000324b1a68fb790a339b0013445b68002b38
:1018200009d02e4b1a68fb790a339b0013445b687e
:101830001846cff705fdfb790133fb71fb79072bc8
:10184000e6d9264b1b684c220021184616f078fc7e
:10185000224b1b6803221a70204b1b6809225a7006
:101860001e4b1b6800225a711c4b1b6810229a7079
:101870001a4b1b680022da71194810f0f1fc03467c
:10188000bb80bb88002b01d0bb8822e0154810f03c
:1018900015fd0346bb80bb88002b01d0bb8818e038
:1018a000114a0521012011f02df81049062010f0f1
:1018b0008dfe0a4b1a68137e012161f30203137631
:1018c000064b1b6805225a76044b1b6801225a837b
:1018d000bb8818460837bd4680bd00bfc8b200208f
:1018e00079150101911701018d1101014d180101b7
:1018f00080b483b000af78607b681b78042b01d97b
:10190000032326e0164b1b687a6812781a70144b72
:101910001b687a6892785a71114b1b687a68527802
:101920005a700f4b1b687a68d2789a710c4b1b68ff
:101930007a681279da717b68db78002b08d0084b63
:101940001b685a78064b1b6842f00802d2b25a70e4
:10195000002318460c37bd465df8047b704700bf76
:10196000c8b2002080b584b000af0346fb80fb887e
:101970001846d0f70df8b860bb68002b01d10123e1
:1019800040e0bb68db78002b27d1bb689b78012b3c
:1019900005d0bb689b78032b01d0012332e0b868e7
:1019a000ccf70cfe0346002b01d001232ae0bb68d4
:1019b0009b6dba68927a83f85821bb689b6d03f2dd
:1019c0005910bb6804330622194616f0abfab86802
:1019d000d0f726f90346fb810ae0bb689b78012b10
:1019e00001d001230ee0b868d0f7e2f80346fb818e
:1019f000fb89002b05d1bb685c3304491846f5f719
:101a000071fffb8918461037bd4680bda064d10127
:101a100080b584b000af03463a60fb800b467b7113
:101a2000fb881846cff7b4fff860fb68002b01d1a4
:101a3000032322e0fb687a7983f852203b681b7805
:101a4000c3f30003dbb2002b14bf01230023dab27f
:101a5000fb6883f854203b681b78c3f34003dbb278
:101a6000002b14bf01230023dab2fb6883f8552052
:101a7000fb68012283f85620002318461037bd4624
:101a800080bd80b584b000af0346fb80fb8818465c
:101a9000cff77efff860fb68002b03d0fb689b78d4
:101aa000022b01d0032342e0f868cdf74dfb03463b
:101ab0007b817b89002b01d07b8938e0f868cdf7ea
:101ac0007ffdfb689b6d5b78022b1fd11a4b1b6857
:101ad0001b78022b03d1f868ccf79afc26e0164b52
:101ae0001b681b78042b0dd1fb689b6d93f8e430c9
:101af000022b03d1f868ccf7c5fc17e0f868ccf7e7
:101b000087fc13e0f868ccf7bdfc0fe0fb689b6d29
:101b10005b78032b0ad1fb6893f8553083f00103ff
:101b2000dbb2002b02d0f868ccf7e7fc7b891846c3
:101b30001037bd4680bd00bfc8b2002080b584b05c
:101b400000af0346fb80fb881846cff721fff86003
:101b5000fb68002b03d0fb689b78022b01d003238a
:101b600004e00521f868cff7c7ff03461846103791
:101b7000bd4680bd80b584b000af0346fb80fb88c6
:101b80001846cff705fff860fb68002b03d0fb6811
:101b90009b78032b01d0032304e00521f868cff7dd
:101ba000abff034618461037bd4680bd80b582b0f6
:101bb00000af78607b681b891846fff7d3fe0346a9
:101bc00018460837bd4680bd80b582b000af78604a
:101bd0007b681b891846fff754ff034618460837f1
:101be000bd4680bd80b582b000af78607b681b8940
:101bf0001846fff7a3ff034618460837bd4680bdc9
:101c000080b582b000af78607b681b891846fff70b
:101c1000b1ff034618460837bd4680bd80b582b087
:101c200000af03463a60fb710b46bb71bb79054ab6
:101c300052f8233038689847034618460837bd469f
:101c400080bd00bff479050180b500af04490320d1
:101c500010f098fafff7c4fd0346184680bd00bf98
:101c60001d1c040180b582b000af78607868fff772
:101c70003ffe034618460837bd4680bd80b584b098
:101c800000af0346fb80104b1b68db6b0c209847b2
:101c9000f860fb68002b01d1022310e0fb68fa8892
:101ca0001a81f96843f2040010f088fafb681b8877
:101cb0007b81054b1b681b6cf86898477b8918462d
:101cc0001037bd4680bd00bf4cb0002080b582b04b
:101cd00000af03463a60fb800b467b717979fb8845
:101ce0003a681846fff794fe034618460837bd4683
:101cf00080bd80b584b000af0346fb800f4b1b68ee
:101d0000db6b0c209847f860fb68002b01d10223a5
:101d100010e0fb68fa881a81f96843f2060010f0b7
:101d20004dfafb681b887b81044b1b681b6cf868b1
:101d300098477b8918461037bd4680bd4cb00020bf
:101d400080b584b000af0346fb80104b1b68db6b93
:101d50000c209847f860fb68002b01d1022310e0ab
:101d6000fb68fa881a81f96843f2070010f026fa36
:101d7000fb681b887b81054b1b681b6cf8689847c8
:101d80007b8918461037bd4680bd00bf4cb000208f
:101d900080b584b000af0346fb80104b1b68db6b43
:101da0000c209847f860fb68002b01d1022310e05b
:101db000fb68fa881a81f96843f2080010f0fef90e
:101dc000fb681b887b81054b1b681b6cf868984778
:101dd0007b8918461037bd4680bd00bf4cb000203f
:101de00080b400af084b1b681b79002b01d0012386
:101df00004e0054b1b680122da7000231846bd463b
:101e00005df8047b704700bfc8b2002080b400af0b
:101e1000084b1b68db78002b01d0012304e0054b45
:101e20001b6801221a7100231846bd465df8047b29
:081e3000704700bfc8b200209a
:020000040000fa
:020000040104f5
:101e380080b582b000af0023fb71fcf774fa3860fc
:101e48003b68002b15d00d4b1b6800221a600b4b0a
:101e58001b683a6852685a603b685b68074a1268b0
:101e68001a60064b1b681a463b685a603868fcf7cc
:101e7800e2f8fb7918460837bd4680bdacaf0020b4
:101e880080b582b000af0023fb71174b1b78002b85
:101e98001ed1164b1b78002b03d0144b01221a704d
:101ea80016e0124b01221a70114b1b68b3f8c830a8
:101eb8001a460021002000f085f80346fb71fb79e3
:101ec800002b05d00b4b1b6819460b48f5f706fd90
:101ed800054b1b780133dab2034b1a70fb791846ad
:101ee8000837bd4680bd00bfb0af0020b8af0020a6
:101ef800ccb10020b4af0020bcaf002080b582b0c8
:101f080000af0023fb710d4b1b78013bdab20b4b82
:101f18001a700a4b1b78002b0bd10948f5f79cfd6a
:101f2800084b1b78002b04d0064b00221a70fff7d1
:101f38007ffffb7918460837bd4680bdb0af00204b
:101f4800bcaf0020b8af002080b483b000af786089
:101f5800044a7b68136000bf0c37bd465df8047bfc
:101f6800704700bfa8af002080b584b000af78608c
:101f780039600023fb730f4b1b681846fcf7c6f942
:101f88000c4b00221a600c4b1b78002b0cd00a4b10
:101f98001b78012b05d1094b1b6819460848f5f732
:101fa8009dfc054b00221a70fb7b18461037bd4676
:101fb80080bd00bfacaf0020b8af0020b4af002098
:101fc800bcaf002080b588b002af0346b9607a6024
:101fd800fb730023fb7500233b61d5f781fc0346a7
:101fe800fb75fb7d002b74d1fcf77cf902463b4b5b
:101ff8001a60fcf798f938613b69002b69d0374bb8
:102008001b68374a5a62354b1b68364a9a62334b0b
:102018001b68354ada62314b1b68344a1a632f4b06
:102028001b6801225a722d4b1b680022da722b4b57
:102038001b6801221a73294b1b6800229a73274bcd
:102048001b6801225a73254b1b68fa7b002a14bfb0
:1020580001220022d2b25a77204b1b6801221a7241
:102068001e4b1b6800229a641c4b1b687a689a6195
:102078001a4b1b6801225a61184b1b68ba685a64cc
:10208800164b1b6800229a72144b1b68134a12687d
:102098001a64124b1b6800221a60104b1b683a69bd
:1020a80052685a603b695b680c4a12681a600b4bad
:1020b8001b681a463b695a603869fbf7adfffb7b22
:1020c80001930b4b009301230222d421ec20faf751
:1020d8008bfafb7d18461837bd4680bdacaf002093
:1020e800f5670301196a030199690301711f040166
:1020f800cc7d050180b588b002af78600023fb7500
:102108001f4b1b683b6133e03b699b681b79042bc1
:102118002bd13b699b681846eaf7f7fc0346002b6e
:1021280023d03b699b681b68fb60fb6803f216239e
:1021380005227968184615f0f1fe3b699b68184638
:1021480003f035fe034683f00103dbb2002b02d017
:102158000723fb750fe0fb7d01930a4b00930123d6
:102168000222d421ec20faf73ffa3b691b683b6155
:102178003b69002bc8d1fb7d18461837bd4680bd8a
:1021880004b20020e07d05012de9f04f8db000afcd
:1021980003463961fa60fb82fb8a002b03d0022bcd
:1021a80000f006811ce10023bb85904b1b78002bb7
:1021b80001d0fff73dfe8e4b1b68d3e93423c7e9f6
:1021c80006238b4b19684ff000024ff00003c1e95a
:1021d8003423874b1b6800229a70002387f82f301e
:1021e8000ee0834b1a6897f82f301344db7a9ab2c3
:1021f800bb8d1344bb8597f82f30013387f82f30f8
:1022080097f82f30272becd9bb8ddb089bb2dbb2bc
:10221800c3f1250387f82e30754b1b68db7897f8d8
:102228002e209a4204d2724b1b68db7887f82e3036
:10223800002387f82b308de0002387f82a3001230c
:1022480087f82f3079e097f82f300c2b6fd097f85c
:102258002f300b2b17d897f82f30591e4ff001024b
:102268004ff00003a1f12006c1f1200003fa01f5a7
:1022780002fa06f6354322fa00f0054302fa01f4a1
:10228800c7e9084518e097f82f30991e4ff001026a
:102298004ff00003a1f12006c1f1200003fa01f973
:1022a80002fa06f649ea060922fa00f049ea0009a4
:1022b80002fa01f8c7e908894e4b1b68d3e9020105
:1022c800d7e9082300ea020a01ea030b5aea0b03da
:1022d8002ed0474b1a6897f82f301344db7a97f8bb
:1022e8002b209a4224d1424b1b68d3e93401404b3e
:1022f8001b68bb60d7e9082340ea02063e600b432f
:102308007b60d7e90023b968c1e93423384b1b68df
:102318009a780132d2b29a70354b1b689b7897f83d
:102328002e209a4204d8012387f82a3000e000bf03
:1023380097f82f30013387f82f3097f82f30262b56
:1023480081d997f82a30002b0dd197f82b3001331b
:1023580087f82b30264b1b689b7997f82b209a42dd
:10236800fff46aaf00e000bf214b1b680b33282243
:102378000021184615f0e0fe1d4b1b68d3e93434e4
:10238800d7e90612a24208bf994228d01a4b1b6807
:10239800002b06d0184b1b68154a1268d03210461d
:1023a8009847134b1b68d0331846fff7a3fe16e077
:1023b8000f4b1b68b3f8c8301a4600210020fff7fe
:1023c80001fe0346002b03d1084b01221a7007e0d7
:1023d8000a4b1b6819460a48f5f780fa00e000bf67
:1023e800002318463437bd46bde8f08fb8af00204b
:1023f800ccb100203cb20020a8af0020b4af002030
:10240800bcaf002080b582b000af0023fb71164b33
:10241800164a1a60164b00221a60164b00221a60e0
:10242800154b00221a70154b00221a701449072008
:1024380011f018fc18220021124815f07dfe114bee
:102448000022da600f4a137a012161f30203137242
:102458000c4b01225a720b4b40f202725a81fb79e3
:1024680018460837bd4680bdb4af002080841e00e2
:10247800a8af0020acaf0020b0af0020b8af00205c
:0824880091210401bcaf00200a
:020000040000fa
:020000040104f5
:1024900080b483b000af78607b681b6818460c3747
:1024a000bd465df8047b704780b584b000af7860ae
:1024b00039601a4b1846fff7ebfff860fb6843f0f2
:1024c0000503fb60154afb68136000bf144b03f55e
:1024d000d05314331b68c3f38003dbb2012bf5d058
:1024e00000bf0f4b03f5d05314331b68c3f3000335
:1024f000dbb2012bf5d00a4b03f5d0530c331b682c
:102500009ab23b681a80074b1846fff7c1ff024694
:102510007b681a6000bf1037bd4680bd143e014184
:1025200000240141083e014180b582b000af0e4b4e
:1025300003f5d05314331a8842f001021a8000bf09
:10254000094b03f5d05314331b68c3f30003dbb20c
:10255000012bf5d0054b1846fff79aff78607b6892
:1025600018460837bd4680bd00240141083e0141a0
:1025700080b582b000affff7d7ff78607b68fb7053
:10258000fb7818460837bd4680bd80b582b000afe5
:102590000e4b03f5d05314331a8842f002021a800e
:1025a00000bf0a4b03f5d05314331b68c3f3400339
:1025b000dbb2012bf5d0064b1846fff769ff7860b8
:1025c0007b6818460837bd4680bd00bf0024014126
:1025d000003e014180b584b000af786039601a4b8d
:1025e0001846fff755fff860fb6843f00a03fb60ed
:1025f000154afb68136000bf144b03f5d053143326
:102600001b68c3f3c003dbb2012bf5d000bf0f4b37
:1026100003f5d05314331b68c3f34003dbb2012b23
:10262000f5d00a4b03f5d05304331b689ab23b68cc
:102630001a80074b1846fff72bff02467b681a608b
:1026400000bf1037bd4680bd143e0141002401414a
:10265000003e014180b483b000af104b03f5d0536e
:1026600014331a8842f008021a8000bf0b4b03f59e
:10267000d05314331b68c3f3c003dbb2012bf5d076
:10268000064b03f5d05304331b68fb80fb881846c8
:102690000c37bd465df8047b704700bf0024014144
:1026a00080b483b000af104b03f5d05314331a88b5
:1026b00042f004021a8000bf0b4b03f5d0531433d1
:1026c0001b68c3f38003dbb2012bf5d0064b03f587
:1026d000d0530c331b68fb80fb8818460c37bd4673
:1026e0005df8047b704700bf0024014180b584b0d1
:1026f00000af1c4b1846fff7cbfef860fb6843f0b9
:102700000503fb60174afb68136000bf164b03f517
:10271000d05314331b68c3f38003dbb2012bf5d015
:1027200000bf114b03f5d05314331b68c3f30003f0
:10273000dbb2012bf5d00c4b03f5d0530c331b68e7
:102740007b810a4b1846fff7a3fe78607b89194608
:1027500078680cf046fd38603b6818461037bd4677
:1027600080bd00bf143e014100240141083e0141eb
:1027700080b483b000af78600d4a7b6813600d4b66
:1027800003f5d05310331a8842f001021a8000bfbb
:10279000084b03f5d05310331b68c3f30003dbb2bf
:1027a000002bf5d100bf0c37bd465df8047b7047a8
:1027b000083e01410024014180b483b000af78603d
:1027c0000d4a7b6813600d4b03f5d05310331a8804
:1027d00042f002021a8000bf084b03f5d0531033b9
:1027e0001b68c3f34003dbb2002bf5d100bf0c37ed
:1027f000bd465df8047b7047003e01410024014165
:1028000080b584b000af78600b467b80164a7b6849
:102810001360164b7a8803f5d05304331a80144b97
:102820001846fff735fef860fb6843f4e043fb60b1
:102830000f4afb68136000bf0c4b03f5d0531033f5
:102840001b68c3f34033dbb2002bf5d1074b03f514
:10285000d05310331b68c3f30033dbb2002bebd132
:1028600000bf1037bd4680bd003e0141002401413c
:10287000103e014180b582b000af78603960134be3
:1028800003f5d05314331a8842f040021a8000bf77
:102890000e4b03f5d05314331b68c3f38013dbb224
:1028a000002bf5d10a4b1846fff7f2fd02467b6874
:1028b0001a60064b03f5d05304331b689ab23b6889
:1028c0001a8000bf0837bd4680bd00bf002401410b
:1028d000003e014180b483b000af0346fb71fb7939
:1028e00003f00103d9b2074b03f5d05318331a880c
:1028f00061f308221a8000bf0c37bd465df8047be7
:10290000704700bf0024014180b483b000af03468c
:10291000fb71fb7903f00103d9b2074b03f5d053e8
:1029200018331a8861f349221a8000bf0c37bd465c
:102930005df8047b704700bf0024014180b582b080
:1029400000af78600b467b807b8819467868fff77c
:1029500057ff084b03f5d9531b689bb203f00603de
:10296000002b03d040210020fbf782f800bf08377e
:10297000bd4680bd0024014180b582b000af124b3e
:102980001846fff785fd78607b6843f440737b60f1
:102990000d4a7b68136000bf0c4b03f5d053103316
:1029a0001b68c3f30023dbb2002bf5d1074b03f503
:1029b000d05310331b68c3f34023dbb2002bebd1a1
:1029c00000bf0837bd4680bd103e014100240141d3
:1029d00080b584b000af786007f10a0207f10c03fc
:1029e00011461846fff746fffb6823f07043fb6073
:1029f0007b891bb2002b0ada7b8903f2e2439ab28d
:102a00007b681a87fb685a1e7b68da6305e07a895f
:102a10007b681a87fa687b68da6300bf1037bd46a7
:102a200080bd80b584b000af0346fb80fb889b006f
:102a30007b81fff735fe0346fb81fb893b81082341
:102a4000bb8100bf00bf00bf1be0fff729fe0346ac
:102a50003b813a89fb899a420ad23a89fb89d31a87
:102a60009ab2bb8913449bb203f2e243bb8106e0f6
:102a70003a89fb89d31a9ab2bb891344bb813b893b
:102a8000fb81ba897b899a42dfd300bf1037bd46ec
:042a900080bd00bf46
:020000040000fa
:020000040104f5
:102a940080b582b000af786004220021786815f018
:102aa4004dfb00bf0837bd4680bd80b483b000af86
:102ab4000023fb7117e0114b1a68fb799b00134448
:102ac4009b78002b0cd10d4b1a68fb799b001344a7
:102ad40001229a70094b1a68fb799b00134406e0a3
:102ae400fb790133fb71fb79072be4d900231846ea
:102af4000c37bd465df8047b704700bf9cb20020d4
:102b040080b485b000af0346fb800023fb7318e05c
:102b1400114b1a68fb7b9b0013449b78012b0dd14e
:102b24000d4b1b68fa7b33f82230fa889a4205d1a0
:102b3400094b1a68fb7b9b00134406e0fb7b0133c3
:102b4400fb73fb7b072be3d9002318461437bd46e0
:102b54005df8047b704700bf9cb2002080b582b052
:102b640000af164b1b68002b0bd12c200af031ff51
:102b74000246124b1a60114b1b68002b01d1002333
:102b840018e00e4b1b682c220021184615f0d6facb
:102b94000023fb710ae0094b1a68fb799b0013447c
:102ba4001846fff775fffb790133fb71fb79072b9f
:102bb400f1d9012318460837bd4680bd9cb20020d8
:102bc40080b584b000af78607b689b78002b09d116
:102bd400fff76bfff860fb68002b03d07b689a88d3
:102be400fb681a8000bf1037bd4680bd80b584b035
:102bf40000af78607b685b881846fff781fff86058
:102c0400fb68002b02d0f868fff742ff00bf1037c3
:102c1400bd4680bd80b586b000af78607b685b88b8
:102c24001846fff76dff78617b69002b17d07b692d
:102c3400db78002b13d07b681b79002b02d1072390
:102c44003b7301e008233b737b685b88fb8107f1de
:102c54000c0318460cf01afe7b690022da7000bfe0
:102c64001837bd4680bd90b484b000af0446084612
:102c740011461a462346fb800346bb800b467b80e5
:102c840013463b80fb88052b19d9fb88b3f5486fa5
:102c940015d8bb88052b12d9bb88b3f5486f0ed85d
:102ca4007b88b3f5fa7f0ad23b88092b07d93b8886
:102cb400b3f5486f03d8fa88bb889a4201d9002338
:102cc4002ae07b8801339bb2ba8812fb03f39bb2e0
:102cd4005b00fb813b88da00fb899a4201d2002326
:102ce4001ae0104b1b685b8cfa889a4211d80d4b82
:102cf4001b681b8cba889a420bd30a4b1b68db8c6b
:102d04007a889a4205d8074b1b689b8c7a889a422a
:102d140001d2002300e0012318461037bd4690bcc1
:102d2400704700bf9cb2002080b586b000af7860c9
:102d3400194b1b6893f82a30002b29d07b6898889c
:102d44007b68d9887b681a897b685b89fff78bff6e
:102d54000346fb75fb7d002b14d07b689b88bb81ed
:102d64007b68db88fb817b681b893b827b685b8992
:102d74007b827b685b8807f10c0211461846e1f7f9
:102d84005bf805e07b685b883b211846e1f780f837
:102d940000bf1837bd4680bd9cb2002080b582b00c
:102da40000af78607b681b78062b21d801a252f80b
:102db40023f000bfd52d0401dd2d0401e52d040110
:102dc400f52d0401f52d0401f52d0401ed2d04016b
:102dd4007868fff7f5fe0ce07868fff707ff08e076
:102de4007868fff717ff04e07868fff79dff00e0bd
:102df40000bf00bf0837bd4680bd80b586b000afb8
:102e040078607b685b881846fff77afe78617b6997
:102e1400002b35d01c4b1b6893f82a30002b2fd085
:102e24007b6898887b68d9887b681a897b685b890a
:102e3400fff719ff0346fb74fb7c002b1ad07b6859
:102e44005b8800211846f0f751fa7b689b883b8128
:102e54007b68db887b817b681b89bb817b685b89a2
:102e6400fb817b685b8807f1080211461846e0f78e
:102e74008bff05e07b685b8801211846f0f736fa82
:102e840000bf1837bd4680bd9cb2002080b586b017
:102e940000af78607b685b881846fff731fe786185
:102ea4007b69002b14d07b689b88002b10d07b6936
:102eb400db78002b0cd008233b737b685b88fb8199
:102ec40007f10c0318460cf0e1fc7b690022da7070
:102ed40000bf1837bd4680bd80b582b000af7860b2
:102ee4007b681b78002b02d0012b04d007e07868a4
:102ef400fff783ff03e07868fff7c8ff00bf00bf58
:102f04000837bd4680bd80b582b000af78607b686d
:102f14001b78012b02d0022b06d00be07b685b6888
:102f24001846fff73bff05e07b685b681846fff730
:102f3400d3ff00bf00bf0837bd4680bd80b483b057
:102f440000af78607b681b7a002b41d07b685a887d
:102f54007b681b889a4213d37b68da887b689b88da
:102f64009a420dd37b681b88052b09d97b685b8843
:102f7400b3f5486f04d87b68db88b3f5fa7f06d3d2
:102f8400194b1b68002283f82a20032326e0164be2
:102f94001b68012283f82a20134b1b687a68128865
:102fa4001a84114b1b687a6852885a840e4b1b682a
:102fb4007a6892889a840c4b1b687a68d288da847f
:102fc400094b1b687a68127a83f82820002305e0ed
:102fd400054b1b68002283f82a20002318460c376f
:102fe400bd465df8047b70479cb2002090b58bb061
:102ff40002af03463960fb80fb881846fff780fd6b
:10300400b861fb881846fcf763fb7861bb69002b49
:1030140035d07b69002b32d03b681b88bb813b6871
:103024005b88fb813b689b883b823b68db887b82b7
:1030340007f10c02fb8811461846e0f7a5fe03468b
:10304400fb83fb8bb3f58d7f12d17b699b78012bbe
:103054000ed13b6819883b685a883b689c883b685a
:10306400db88f88800932346f0f702f90346fb83d4
:10307400fb8b002b06d1bb690122da7002e003232b
:10308400fb8300e000bffb8b18462437bd4690bd90
:020000040000fa
:020000040104f5
:1030940080b500af134b00221a703622002112486b
:1030a40015f04cf8114b00221a60114b80221a7053
:1030b400104bff221a70104b00221a600f4b002293
:1030c4001a600f4b00221a600e4b00221a600e4b3e
:1030d40000221a600d4b00221a600d4b00221a6068
:1030e40000bf80bdc9ac0020ccac002004ad0020e2
:1030f40024ad002025ad002008ad00200cad00203b
:1031040010ad002014ad002018ad00201cad00202f
:1031140020ad002080b483b000af7860044a7b689f
:10312400136000bf0c37bd465df8047b704700bfd9
:1031340004ad002080b483b000af7860044a7b689b
:10314400136000bf0c37bd465df8047b704700bfb9
:1031540008ad002080b483b000af7860044a7b6877
:10316400136000bf0c37bd465df8047b704700bf99
:103174000cad002080b483b000af7860044a7b6853
:10318400136000bf0c37bd465df8047b704700bf79
:1031940010ad002080b483b000af7860044a7b682f
:1031a400136000bf0c37bd465df8047b704700bf59
:1031b40014ad002080b483b000af7860044a7b680b
:1031c400136000bf0c37bd465df8047b704700bf39
:1031d40018ad002080b483b000af7860044a7b68e7
:1031e400136000bf0c37bd465df8047b704700bf19
:1031f4001cad002080b483b000af7860044a7b68c3
:10320400136000bf0c37bd465df8047b704700bff8
:1032140020ad00200fb480b5adf5027d00af114b99
:103224001b68002b15d007f50573c7f80032384624
:10323400d7f80032d7f810224ff4007113f0b8fd1c
:10324400c7f80402074b1b68d7f804123a46104625
:10325400984700bf07f50277bd46bde8804004b03b
:10326400704700bf20ad002080b582b000af034698
:10327400fb710d4afb7913700b4b1b78012b07d1a3
:103284000a4b1b68002b0ad0084b1b68984706e0c2
:10329400064b1b68002b02d0054b1b68984700bfe8
:1032a4000837bd4680bd00bfc9ac002018ad002062
:1032b40014ad002080b400af034b1b781846bd4604
:1032c4005df8047b704700bfc9ac0020f0b585b041
:1032d40000af78601f48fff79dff7b6801221a70da
:1032e4007b68002262f01d025a709a7822f0030271
:1032f4009a707a68937843f0fc0393707b68362263
:10330400da707b68043336220021184614f016ff65
:103314007b680433104a14469c4604f1300e65461b
:1033240026460fce28606960aa60eb6010340cf169
:10333400100c7445f3d163462246106818609288d5
:103344009a807b68db780433fb60fb68184614378b
:10335400bd46f0bdd0750501ccac0020f0b587b0fa
:1033640000af78602048fff755ff7b6803337b612b
:103374001e4a7b691c46164604f1300c354623462a
:10338400186859689a68db680fc5103410366445ac
:10339400f4d1334622461068186092889a80134b01
:1033a40093f83520124b1a70124b1b683b613b6932
:1033b4001b68fb60fb68012283f86221fb68d3f879
:1033c4004031bb607b69133322221946b86814f07c
:1033d400a7fd0120fff748ff0df0b6fa0df0e4fa5f
:1033e40000bf1c37bd46f0bdec750501ccac002018
:1033f400caac00200cb2002080b485b000af786065
:103404000023fb60fb6818461437bd465df8047b57
:10341400704780b483b000af786000bf0c37bd46fe
:103424005df8047b704780b485b000af78600023fa
:10343400fb60fb6818461437bd465df8047b704793
:1034440080b483b000af786000bf0c37bd465df830
:10345400047b704780b400af034b93f904301846e3
:10346400bd465df8047b7047f0b0002080b400af27
:10347400034b1b781846bd465df8047b704700bfbc
:1034840064b6002080b483b000af7860174b01228b
:103494001a70164b00225a707b685a88134b5a8054
:1034a4007b681a79114b1a717b685a790f4b5a71e0
:1034b4007b689a1d0d4b06331168196092889a80b7
:1034c4007b681a8b094b9a817b685a8b074bda818c
:1034d4007b689a8b054b1a827b689a7f034b9a749c
:1034e40000bf0c37bd465df8047b7047ccac0020b0
:1034f400f0b484b000af78607b681b68fb60fb6845
:103504003433114a02f1130003f120040246194630
:10351400d1f800c04e688d68c968c2f800c0566012
:103524009560d16010331030a342efd102461b885e
:103534001380fb6893f8a820034b83f8352000bf61
:103544001037bd46f0bc7047ccac002080b485b0c9
:1035540000af786039607b681b68fb603b681b6860
:10356400bb60fa68bb689a4202da4ff0ff3306e0a8
:10357400fa68bb689a4201dd012300e00023184683
:103584001437bd465df8047b7047b0b588b000af12
:103594007860144b1b6814497a6841f82320124b55
:1035a40007f10c041d460fcd0fc42b6823600d4b8f
:1035b4001b68591c0d4b83fb01235a10cb17d21add
:1035c40013469b001344ca1a064b1a6007f10c00f9
:1035d400074b0422052110f041f8bb691846203737
:1035e400bd46b0bd28ad002068b60020676666669b
:1035f4005135040180b586b000af78607b68db8804
:103604001b0afb827b68db88dbb2bb82fb8a062b4e
:103614002dd1bb8a222b2ad1174b1b681b683b6117
:103624003b6993f91b30fb60fff720ff0346fb72f5
:10363400fb7a002b1bd0114b1b78fa7a9a4216d0d6
:103644000f4b93f900301a46fb6893420fd03b6945
:103654001b883b810b4b1b683a89f96810469847d5
:10366400064afb7a1370fb685ab2054b1a7000bf06
:103674001837bd4680bd00bf0cb2002025ad002028
:0836840024ad002004ad00207c
:020000040000fa
:020000040104f5
:10368c0080b584b000af03463960fb803b68fb60bb
:10369c00224b1b7883f00103dbb2002b0bd02048ac
:1036ac000af031f90346012b02d04ff0ff3330e022
:1036bc001a4b01221a70fb88002b02d13b68002b9d
:1036cc0002d14ff0ff3324e0fa8813465b00134419
:1036dc009b00144a1344bb60bb6893f90030002b69
:1036ec0015d1fb689a68bb689a60fb685a68bb681e
:1036fc005a60bb6802221a70bb685b685b68ba6868
:10370c009068fa68126811469847fb8801e04ff000
:10371c00ff3318461037bd4680bd00bf10ac0020eb
:10372c0014ac00203cab002080b586b000af7860b4
:10373c00ff23fb757b68bb82bb8a002b02d04ff04a
:10374c00ff3334e0ba8a13465b0013449b001a4ad9
:10375c0013443b613b695b68002b01d1002326e0dd
:10376c003b695b685b6a3a69926810469847034606
:10377c00fb73fb7b032b17d801a252f823f000bf7d
:10378c009d370401a3370401a9370401af370401a5
:10379c000023fb7509e00223fb7506e00123fb7592
:1037ac0003e0ff23fb7500e000bf97f917301846c4
:1037bc001837bd4680bd00bf3cab002080b485b03f
:1037cc0000af0346fb80fb88002b07d1fa88134619
:1037dc005b0013449b00094a134400e00023fb6088
:1037ec00fb68002b01d0fb8801e04ff0ff3318463b
:1037fc001437bd465df8047b704700bf3cab00201e
:10380c0080b485b000af78607b68002b07d17a68f4
:10381c0013465b0013449b000b4a134400e0002347
:10382c00fb60fb68002b07d0fb685b68002b03d0a8
:10383c00fb685b681b7800e0022318461437bd4612
:10384c005df8047b704700bf3cab002080b584b0b2
:10385c0000af78607a6813465b0013449b000a4af9
:10386c001344fb60fb685b68002b08d0fb685b684b
:10387c001b6afa68926879681046984700e000bfa6
:10388c001037bd4680bd00bf3cab002080b586b074
:10389c0000aff860b9607a60fb68002b07d1fa685a
:1038ac0013465b0013449b00114a134400e00023b1
:1038bc007b617b69002b15d07b6993f90030002b61
:1038cc0003d07b695b68002b02d14ff0ff330be018
:1038dc007b695b689b687a6990687a68b968984775
:1038ec00034601e04ff0ff3318461837bd4680bd44
:1038fc003cab002080b584b000af78607b68002bb7
:10390c0007d17a6813465b0013449b00114a134499
:10391c0000e00023fb60fb68002b14d0fb6893f9dc
:10392c000030002b03d0fb685b68002b02d14ff0fa
:10393c00ff330ae0fb685b681b69fa689268104603
:10394c009847034601e04ff0ff3318461037bd4649
:10395c0080bd00bf3cab002080b584b000af786068
:10396c007b68002b07d17a6813465b0013449b00dd
:10397c00114a134400e00023fb60fb68002b14d0b9
:10398c00fb6893f90030002b03d0fb685b68002bbd
:10399c0002d14ff0ff330ae0fb685b68db68fa6822
:1039ac00926810469847034601e04ff0ff331846e3
:1039bc001037bd4680bd00bf3cab002080b586b043
:1039cc0000aff860b9607a60fb68002b07d1fa6829
:1039dc0013465b0013449b00114a134400e0002380
:1039ec007b617b69002b15d07b6993f90030002b30
:1039fc0003d07b695b68002b02d14ff0ff330be0e7
:103a0c007b695b685b697a6990687a68b968984782
:103a1c00034601e04ff0ff3318461837bd4680bd12
:103a2c003cab002080b584b000af78607b68002b85
:103a3c0007d17a6813465b0013449b00114a134468
:103a4c0000e00023fb60fb68002b14d0fb6893f9ab
:103a5c000030002b03d0fb685b68002b02d14ff0c9
:103a6c00ff330ae0fb685b68db69fa689268104612
:103a7c009847034601e04ff0ff3318461037bd4618
:103a8c0080bd00bf3cab002080b584b000af786037
:103a9c007b68002b07d17a6813465b0013449b00ac
:103aac00114a134400e00023fb60fb68002b14d088
:103abc00fb6893f90030002b03d0fb685b68002b8c
:103acc0002d14ff0ff330ae0fb685b689b69fa6830
:103adc00926810469847034601e04ff0ff331846b2
:103aec001037bd4680bd00bf3cab00200eb480b586
:103afc0087b000af786000237b617b68002b07d117
:103b0c007a6813465b0013449b00234a134400e07d
:103b1c0000233b613b69002b32d03b6993f90030a9
:103b2c00002b2fd03b695b68002b2bd04ff0ff3163
:103b3c001a4809f014ff0346002b25d007f128037f
:103b4c00fb60fb687a6ac821154813f02df903460f
:103b5c007b617b69002b0fd07b69c72b0cd8104a7b
:103b6c007b69134400221a703b695b685b693a6994
:103b7c0090687a690a499847084809f011ff04e0ef
:103b8c0000bf02e000bf00e000bf1c37bd46bde82f
:103b9c00804003b0704700bf3cab002014ac002049
:103bac0048ab0020b0b584b000af786039607b685a
:103bbc00002b07d17a6813465b0013449b00124a12
:103bcc00134400e00023fb60fb68002b16d0fb685d
:103bdc0093f90030002b13d0fb685b68002b0fd0df
:103bec00fb685b685c69fb689d68386814f03efa9a
:103bfc0003461a4639682846a04702e000bf00e099
:103c0c0000bf1037bd46b0bd3cab002080b584b0c2
:103c1c0000af78607b68002b07d17a6813465b0095
:103c2c0013449b00104a134400e00023fb60fb6824
:103c3c00002b13d0fb6893f90030002b03d0fb68ea
:103c4c005b68002b01d1002309e0fb685b689b6a71
:103c5c00fa68926810469847034600e0002318461d
:0c3c6c001037bd4680bd00bf3cab0020ff
:020000040000fa
:020000040104f5
:103c780080b400af124b00221a62114b00221a774f
:103c88000f4b00229a600e4b0022da600d4b4ff466
:103c980000325a6000bf0b4bdb69002bfbd1094b8c
:103ca8001f221a73074b084a1a6000bf054bdb69cd
:103cb800002bfbd100bfbd465df8047b704700bff9
:103cc80078af0020000c00428e00300080b485b030
:103cd80000af786039600023fb600023fb723b680b
:103ce800002b01d12e4b3b602e4b1b682d4a23f035
:103cf8000203136000bf2b4bdb69002bfbd17b68f1
:103d0800002b3ad07b681a683b685b089a4234d823
:103d18007b681b685b003a68b2fbf3f3013bfb600e
:103d2800fb68fe2b01d9ff23fb601e4b1b681d4a55
:103d380023f0405313601b4b1a687b6899687b68b3
:103d48005b680b43174913430b60164bfa68d2b2f2
:103d58001a73144b5b68134a23f007035360114b23
:103d68005a687b68db680f4913434b6000bf0d4bf3
:103d7800db69002bfbd10123fb720a4b1b68094a44
:103d880043f00203136000bf064bdb69002bfbd135
:103d9800fb7a18461437bd465df8047b704700bfb0
:103da8000090d003000c004280b483b000af78606c
:103db8003960064a7b681362044a3b68536200bf55
:103dc8000c37bd465df8047b704700bf78af002014
:103dd80080b485b000af0023fb73144b9b68bb60b5
:103de800124b1b7ffb71114bdb68002b05d1bb68a5
:103df800002b02d10023fb7311e00d4b1b7edbb2bd
:103e080003f00203002b02d0fb79002b01d0012321
:103e180000e00023fb73fb7b03f00103fb73fb7bd8
:103e280018461437bd465df8047b704778af00200c
:103e3800000c004280b400af074b1b7edbb203f0de
:103e48000203002b0cbf01230023dbb21846bd463a
:103e58005df8047b704700bf000c004280b489b055
:103e680000aff860b9607a603b600023fb770023fd
:103e7800bb61714b1b7fdbb283f00103dbb2002b0c
:103e880000f0d380bb68002b02d0fb68002b07d161
:103e98003b68002b00f0c9807b68002b00f0c580d0
:103ea800664b5b6803f00703012b11d1bb68002b3d
:103eb80004d0bb6803f00103002b07d13b68002b3b
:103ec80006d03b6803f00103002b01d0fb7fade077
:103ed8000123fb77584afb681360574a7b68536095
:103ee800554b00225a61544b00229a61524b0022d2
:103ef8001a61fb68002b03d04f4abb68936002e04d
:103f08004d4b00229a607b68002b03d04a4a3b68dd
:103f1800d36002e0484b0022da60474b01221a774f
:103f280002e0464b9b6abb61444b1b7edbb203f04d
:103f38000403042bf5d0414b5b8b9bb23f4a43f003
:103f480004039bb253833d4b1b7edbb23b4a63f0b9
:103f58007f03dbb21376384b9b687b61364bdb689b
:103f68007a699a4205d2344bda687b69d31a324aa5
:103f78001361324b5b6803f00703002b1cd12e4bf7
:103f88009b697a699a420ad92b4b1b681a782b4b82
:103f98009a62294b9b690133274a93613be0264b80
:103fa8001b69002b37d0254bff229a62224b1b69d5
:103fb800013b214a13612ee01f4b9b685b081e4a98
:103fc80093601d4b1b695b081b4a13611a4bdb6826
:103fd8005b08194ad360184b9b687b61164b9b6939
:103fe8007a699a420ad9144b1b681a88134b9a6249
:103ff800114b9b690133104a93610ce00e4b1b690e
:10400800002b08d00d4b4ff6ff729a620a4b1b69c2
:10401800013b094a13613b68002b03d0074b04227c
:104028009a7502e0054b01229a75fb7f18462437e2
:10403800bd465df8047b704778af0020000c004255
:1040480080b582b000af78603960002300223968fb
:104058007868fff703ff034618460837bd4680bd5a
:1040680080b582b000af786039603b687a6800211b
:104078000020fff7f3fe034618460837bd4680bd0b
:1040880080b586b000af0023fb600023bb60684b9f
:104098005b6a7b60674b9b7ddbb2002b00f0c380c3
:1040a800644b5b6803f00703fb60614b5b697b61f2
:1040b8005f4b9b693b615e4b9b683b605d4b1b7e26
:1040c800dbb203f00403042b20d15a4b9b6abb607c
:1040d800574bdb687a699a4218d2fb68002b0ad1e1
:1040e800534b5a687b691344ba68d2b21a707b6919
:1040f80001337b610ae04e4b5a687b695b001344cd
:10410800ba6892b21a807b6901337b61494b1b7e86
:10411800dbb203f00103012b57d1464b01221a757c
:10412800fb68002b1cd1424b9b683a699a420ad221
:104138003f4b1a683b6913441a783e4b9a623b69b5
:1041480001333b612ae03a4b1b69002b26d0394bdf
:10415800ff229a62364b1b69013b354a13611de009
:10416800334b9b683a699a420bd2314b1a683b69c8
:104178005b0013441a882f4b9a623b6901333b61f9
:104188000ce02b4b1b69002b08d02a4b4ff6ff7213
:104198009a62274b1b69013b254a1361244b1b6913
:1041a800002b07d13a693b689a4203d1224b01227e
:1041b8001a700ae01e4bdb687a699a4205d11d4bda
:1041c80001229a751b4b04221a75194a7b6953619f
:1041d800174a3b699361174b1b7edbb203f002035e
:1041e800022b19d1144b1b78002b15d0104bdb6810
:1041f8007a699a4210d10e4b00221a770d4b07228a
:104208001a750d4b00221a70094b1b6a002b03d03c
:10421800074b1b6a78689847074b1b78002b02d01e
:10422800044b02229a7500bf1837bd4680bd00bff7
:0c42380078af0020000c0042a4af002072
:020000040000fa
:020000040104f5
:1042440080b485b000af786039600423fb607b687c
:1042540093f88931c3f30103dbb2012b02d0022ba3
:1042640003d005e00623fb6002e00823fb6000bfe7
:104274000023bb600023bb600de0bb689b003a6871
:1042840013440a491a68bb6802339b000b445a6002
:10429400bb680133bb60bb68fa689a42edd800bfc3
:1042a4001437bd465df8047b704700bf000400422c
:1042b40080b485b000af78600e4a7b681b68d36316
:1042c4000c4a7b685b6813640a4a7b689b68536486
:1042d400084a7b68db689364074bfb60fa681378d1
:1042e40043f00203137000bf1437bd465df8047b2e
:1042f400704700bf000400420404004280b487b049
:1043040000af786039602f4bfb6000237b617b68d2
:10431400002b0cd12c4b00229a632b4b00229a6366
:10432400294b00229a63284b00229a6311e07b6890
:104334007b61254a7b691b689363234a7b695b68bd
:104344009363214a7b699b6893631f4a7b69db689b
:104354009363fa68137843f00103137000bf1a4b98
:10436400db79dbb203f00103002bf8d03b68002bb0
:104374000cd1154b9b6b3b61134b9b6b3b61124bfd
:104384009b6b3b61104b9b6b3b6114e03b687b6117
:104394000d4b9a6b7b691a600b4a7b690433926bf1
:1043a4001a60094a7b690833926b1a60064a7b6972
:1043b4000c33926b1a6000bf1c37bd465df8047b5a
:1043c400704700bf040400420004004280b588b076
:1043d40000aff860b9607a60344bfb61344bbb6169
:1043e400ba69137843f001031370ba6913786ff351
:1043f40041031370bb6900221a60fb6900221a7022
:10440400ba6913786ff384031370ba69537801217e
:1044140061f383035370fb68d3f8f430182b10d086
:10442400202b1dd0102b2ad1ba6953786ff30103c6
:104434005370fa6892f889316ff3010382f8893175
:104444001de0ba695378012161f301035370fa68de
:1044540092f88931012161f3010382f889310ee078
:10446400ba695378022161f301035370fa6892f830
:104474008931022161f3010382f8893100bffb68ad
:104484001946f868fff7dcfeba69137843f00203b3
:1044940013707b687b61bb683b6179693869fff79e
:1044a4002dff002318462037bd4680bd040400427a
:1044b4000004004280b588b000aff860b9607a604b
:1044c400344bfb61344bbb61ba69137843f001038d
:1044d4001370ba6913786ff341031370bb69002238
:1044e4001a60fb6900221a70ba6913786ff38403a7
:1044f4001370ba6953786ff383035370fb68d3f86e
:10450400f430182b10d0202b1dd0102b2ad1ba69cf
:1045140053786ff301035370fa6892f889316ff39b
:10452400010382f889311de0ba695378012161f3ee
:1045340001035370fa6892f88931012161f3010390
:1045440082f889310ee0ba695378022161f30103dc
:104554005370fa6892f88931022161f3010382f8f9
:10456400893100bffb681946f868fff769feba692c
:10457400137843f0020313707b687b61bb683b6173
:1045840079693869fff7bafe002318462037bd461b
:1045940080bd00bf040400420004004280b58ab01c
:1045a40000aff860b9607a603b60474bbb61474b32
:1045b4007b617a69137843f0010313707a69137885
:1045c4006ff3410313707b6900221a60bb690022f8
:1045d4001a707a691378012161f3840313707a697c
:1045e4005378012161f383035370fb68d3f8f430eb
:1045f400182b10d0202b1dd0102b2ad17a69537878
:104604006ff301035370fa6892f889316ff3010371
:1046140082f889311de07a695378012161f301033d
:104624005370fa6892f88931012161f3010382f829
:1046340089310ee07a695378022161f301035370e2
:10464400fa6892f88931022161f3010382f8893111
:1046540000bffb681946f868fff7f2fd7a69137822
:1046640043f002031370fb68f8331846fff720fe8b
:10467400bb687b627b683b623b681b093b61002330
:10468400fb610ce0796a386afff738fe3b6a103345
:104694003b627b6a10337b62fb690133fb61fb691c
:1046a4003a699a42eed8fb6803f1f8003b68103b84
:1046b400ba6813441022194613f032fc002318463a
:1046c4002837bd4680bd00bf0404004200040042f8
:1046d40080b58ab000aff860b9607a603b60464b41
:1046e400bb61464b7b617a69137843f00103137015
:1046f4007a6913786ff3410313707b6900221a609f
:10470400bb6900221a707a691378012161f384036a
:1047140013707a6953786ff383035370fb68d3f88b
:10472400f430182b10d0202b1dd0102b2ad17a69ed
:1047340053786ff301035370fa6892f889316ff379
:10474400010382f889311de07a695378012161f30c
:1047540001035370fa6892f88931012161f301036e
:1047640082f889310ee07a695378022161f30103fa
:104774005370fa6892f88931022161f3010382f8d7
:10478400893100bffb681946f868fff759fd7a695b
:10479400137843f002031370fb68f8331846fff7ed
:1047a40087fdbb687b627b683b623b681b093b619e
:1047b4000023fb610ce0796a386afff79ffd3b6ace
:1047c40010333b627b6a10337b62fb690133fb610c
:1047d400fb693a699a42eed8fb6803f1f8003b683a
:1047e400103b7a6813441022194613f099fb0023f6
:1047f40018462837bd4680bd040400420004004228
:020000040000fa
:020000040104f5
:1048040080b400af00bfbd465df8047b704780b440
:1048140087b000af0346b9607a60fb8100237b61f7
:1048240010e07b69db00ba6813441b88fa899a425a
:1048340005d17b69db00ba6813445b6807e07b69d8
:1048440001337b617b697a689a42ead8002318466f
:104854001c37bd465df8047b704780b582b000af5d
:1048640078600bf043fa00bf0837bd4680bd80b5c1
:1048740084b000af786008f0effb0346fb8107f1da
:10488400080300221a601a71002363f032037b725a
:10489400002363f05403bb725523fb7207f1080233
:1048a400fb891146184600f043f900bf1037bd4696
:1048b40080bd80b5c4b000af3b1d186008f0ccfbd0
:1048c4000346a7f80e3107f10c0318464ff4817321
:1048d4001a46002113f032fc07f10c03002242f0c7
:1048e4000a025a709a7822f003029a7007f10c02b5
:1048f4009378082161f38703937007f10c01b7f8eb
:104904000e310122184600f0c1f900bf07f588777f
:10491400bd4680bd80b586b000af786000237b6162
:1049240014e01d4b4ff40062da6300233b6103e0a3
:1049340000bf3b6901333b613b69632bf8dd164bd8
:104944004ff40062da637b6901337b617b69042b7a
:10495400e7dd7868fef702fd0023fb6014e00e4bf0
:104964004ff40062da630023bb6003e000bfbb685e
:104974000133bb60bb68632bf8dd074b4ff4006267
:10498400da63fb680133fb60fb68042be7dd00bfdf
:104994001837bd4680bd00bf0023004480b582b0f7
:1049a40000af78607868fef734fd00bf0837bd4675
:1049b40080bd80b584b000af78607b680333fb6052
:1049c40008f04afb03467b81fb681b889bb27a890b
:1049d4009a4206d1094b00225a700020fef744fc8b
:1049e40005e0064b01225a700120fef73dfc786871
:1049f400fef726fd00bf1037bd4680bd0000002035
:104a040080b584b000af78607b680133fb60fb68dd
:104a14001b889bb2062208491846fff7f8fe034696
:104a2400bb60bb68002b02d0bb68f868984700bf26
:104a34001037bd4680bd00bf6048050180b483b017
:104a440000af786000bf0c37bd465df8047b70474b
:104a540080b584b000af78607b689b78fb73fb7b88
:104a64009bb201220b491846fff7d1fe0346bb60f7
:104a7400bb68002b03d0bb687868984705e0fb7bd4
:104a84001a4605490020fff735f800bf1037bd4628
:104a940080bd00bf904805019848050180b586b0e7
:104aa40000af78607b6801337b617b691b78fb74a2
:104ab400fb7c9bb201220b491846fff7a8fe034674
:104ac400fb60fb68002b03d0fb687869984705e01e
:104ad400fb7c1a4604490020fff70cf800bf183786
:104ae400bd4680bdc4480501cc48050180b586b0eb
:104af40000af78607b681b78fb75fb7d072b11d1b9
:104b04007b6801333b613b691b781a46074b53f8ba
:104b14002230fb60fb68002b02d0fb6838699847a1
:104b240011f0b8f800bf1837bd4680bd4cb6002060
:104b340080b5c4b000af02463b461960bb1d1a8065
:104b440007f10c0318464ff481731a46002113f041
:104b5400f5fa07f10c03002242f005025a709a7824
:104b640022f003029a7007f10c029378052161f395
:104b74008703937007f10c033a46126803331168f4
:104b8400196012791a7107f10c01bb1d1b880522eb
:104b9400184600f07bf800bf07f58877bd4680bd56
:104ba40080b5c6b000af02463b461960bb1d1a80f3
:104bb40007f10c03184640f205131a46002113f0be
:104bc400bdfa07f10c0304221a7007f10c03032247
:104bd4005a7007f10c030b229a7007f10c033a4642
:104be4001268033310685168186059601189927a09
:104bf40019819a7207f10c039b780333c7f81431b7
:104c040007f10c01bb1d1b88d7f814211846c9f7fe
:104c14005dfa00bf07f58c77bd4680bd80b5c6b090
:104c240000af02463b461960bb1d1a8007f10c0316
:104c3400184640f205131a46002113f07ffa07f1d3
:104c44000c0304221a7007f10c0305225a7007f1b1
:104c54000c0304229a7007f10c033a4612680333da
:104c640012681a6007f10c039b780333c7f81431f8
:104c740007f10c01bb1d1b88d7f814211846c9f78e
:104c840025fa00bf07f58c77bd4680bd80b5c6b058
:104c940000af3b4619601146bb1d02461a807b1dbe
:104ca4000a461a7007f10c0304221a7007f10c0368
:104cb4000e225a707b1d1b780333dab207f10c0302
:104cc4009a7007f10c033a461268033311464ff405
:104cd4008172184613f024f907f10c039b7803330f
:104ce400c7f8143107f10c01bb1d1b88d7f8142138
:104cf4001846c9f7ebf900bf07f58c77bd4680bdb0
:104d040080b5c4b000af0f4b00225a700020fef7ec
:104d1400abfa3b1d1846fef7d9fa0346c7f80c3127
:104d2400d7f80c31002b07d03b1dd7f80c211946be
:104d340040f25a40c9f7caf900bf07f58877bd4663
:104d440080bd00bf0000002080b5c4b000af3b1d93
:104d54001846fef751fb0346c7f80c31d7f80c315f
:104d6400002b07d03b1dd7f80c21194640f25a40be
:104d7400c9f7acf900bf07f58877bd4680bd80b59b
:104d8400c4b000af3b1d1846fef74dfb0346c7f801
:104d94000c31d7f80c31002b07d03b1dd7f80c2170
:104da400194640f25a40c9f791f900bf07f58877d0
:044db400bd4680bdbb
:020000040000fa
:020000040104f5
:104db80080b582b000af0021a44801f030fba44bbd
:104dc80000221a70a24b1b78a24a1b011344a24a64
:104dd8001a609f4b1b789f4a1b01134404339f4a58
:104de8001a609b4b1b789b4a1b01134408339c4a4f
:104df8001a60974b1b78974a1b0113440c33022205
:104e08001a80934b1b78934a1b0113440e330022dc
:104e18001a708f4b1b788f4a1b0113440f330122e2
:104e28001a708b4b1b780133dab2894b1a70884b96
:104e38001b78884a1b0113448a4a1a60844b1b78e2
:104e4800844a1b0113440433874a1a60804b1b7839
:104e5800804a1b0113440833844a1a607c4b1b7830
:104e68007c4a1b0113440c3305221a80784b1b78ab
:104e7800784a1b0113440e3300221a70744b1b78b6
:104e8800744a1b0113440f3301221a70704b1b78ac
:104e98000133dab26e4b1a706d4b1b786d4a1b01e9
:104ea8001344734a1a606a4b1b786a4a1b011344fd
:104eb8000433704a1a60664b1b78664a1b01134418
:104ec80008336d4a1a60624b1b78624a1b0113440f
:104ed8000c3320221a805e4b1b785e4a1b01134458
:104ee8000e331b221a705a4b1b785a4a1b01134463
:104ef8000f3311221a70564b1b780133dab2544b18
:104f08001a70534b1b78534a1b011344554a1a60b5
:104f18004f4b1b784f4a1b0113440433574a1a60fe
:104f28004b4b1b784b4a1b0113440833544a1a60f5
:104f3800474b1b78474a1b0113440c3305221a8040
:104f4800434b1b78434a1b0113440e3300221a704b
:104f58003f4b1b783f4a1b0113440f3301221a7041
:104f68003b4b1b780133dab2394b1a70384b1b783c
:104f7800384a1b011344434a1a60354b1b78354a9b
:104f88001b0113440433314a1a60314b1b78314af0
:104f98001b01134408333c4a1a602d4b1b782d4ad9
:104fa8001b0113440c3302221a80294b1b78294a0f
:104fb8001b0113440e3300221a70254b1b78254a17
:104fc8001b0113440f3301221a70214b1b78013344
:104fd800dab21f4b1a701e4b1b781e4a1b01134472
:104fe800204a1a601a4b1b781a4a1b0113440433cf
:104ff800264a1a60164b1b78164a1b0113440833bd
:10500800234a1a60124b1b78124a1b0113440c33b3
:1050180005221a800e4b1b780e4a1b0113440e33cf
:1050280000221a700a4b1b780a4a1b0113440f33db
:1050380001221a70064b1b780133dab2044b1a703e
:10504800034b1b78034a1b01134423e080aa00206a
:1050580038ab002094aa0020707205017078050111
:10506800827805017c7205018c780501927805012a
:10507800747805015caa00207caa002094780501b8
:105088009a780501787805019c7805017cb600209e
:10509800a2780501284a1a60284b1b78284a1b0168
:1050a80013440433274a1a60244b1b78244a1b01f3
:1050b80013440833244a1a60204b1b78204a1b01ea
:1050c80013440c3301221a801c4b1b781c4a1b0109
:1050d80013440e3300221a70184b1b78184a1b0110
:1050e80013440f3301221a70144b1b780133dab2c0
:1050f800124b1a70154b00221a60144b104a5a6052
:10510800124b00229a60114b01229a810b4b1b789b
:105118009ab20e4bda810d4b00221a74074b1b789a
:10512800012219460948f6f739f80346fb80fb883f
:1051380018460837bd4680bd8078050138ab002089
:1051480094aa002084b60020a478050124ab00208e
:1051580080b483b000af0346fb71fb79002b03d109
:10516800064b074a5a6102e0044b064a5a6100bfdf
:105178000c37bd465df8047b704700bf94aa002039
:105188008c7805018478050180b582b000af0346ac
:10519800fb80fb881946034801f041f900bf083736
:1051a800bd4680bd80aa002090b585b000af0446fa
:1051b800084611461a462346fb800346bb800b4629
:1051c8007b8013463b80584b1b78023bfb73fb7b71
:1051d80002331b01554a9818fb7b1b01534a1344a1
:1051e8001022194612f09afefb7b03331b014f4a2b
:1051f8009818fb7b01331b014c4a134410221946b3
:1052080012f08cfe484b1b789bb202339bb21946b6
:10521800474801f004f9444b1b780233dab2424b99
:105228001a70444b02221a70fb7b9bb202339bb26a
:105238001946414801f0f3f842f604213f4801f0cd
:10524800eef8fb7b394a1b0113443d4a1a60fb7b8d
:10525800364a1b0113440433364a1a60fb7b334a2f
:105268001b0113440833374a1a60fb7b2f4a1b0182
:1052780013440c3305221a80fb7b2c4a1b01134470
:105288000e3300221a70fb7b284a1b0113440f338c
:1052980001221a70fb7b0133fb73fb8819462a48ed
:1052a80001f0bdf8bb881946284801f0b8f87b889a
:1052b8001946274801f0b3f83b881946254801f0fc
:1052c800aef8fb7b194a1b011344234a1a60fb7b87
:1052d800164a1b01134404331b4a1a60fb7b134a0a
:1052e8001b01134408331d4a1a60fb7b0f4a1b013c
:1052f80013440c3308221a80fb7b0c4a1b0113440d
:105308000e3300221a70fb7b084a1b0113440f332b
:1053180001221a70044b1b789ab2114bda8100bf34
:105328001437bd4690bd00bf38ab002094aa0020ba
:105338007db6002084aa002085aa002087aa002024
:105348007c7205019e7805018caa00208eaa002097
:1053580090aa002092aa00207c780501a078050177
:0453680024ab002052
:020000040000fa
:020000040104f5
:10536c0080b487b000af78600b46fb700023fb75f0
:10537c0000233b610023fb607b680133fb607b688f
:10538c001b7803f03f03dbb2002b01d13b6928e112
:10539c00fb78072b00f2068101a252f823f000bf24
:1053ac00b1550401cd530401d5530401f353040149
:1053bc00255404016b540401c554040131550401f6
:1053cc00fb7d0133fb75fae0fb7d0133fb75fb685c
:1053dc001b7803f00103dbb2002b00f0e580fb7db2
:1053ec000633fb75e0e0fb7d0133fb75fb681b7836
:1053fc0003f00103dbb2002b02d0fb7d0633fb75ff
:10540c00fb681b7803f00203dbb2002b00f0ce80ac
:10541c00fb7d0633fb75c9e0fb7d0133fb75fb6837
:10542c001b7803f00103dbb2002b02d0fb7d0633ab
:10543c00fb75fb681b7803f00203dbb2002b02d078
:10544c00fb7d0633fb75fb681b7803f00803dbb2ae
:10545c00002b00f0ad80fb7d0233fb75a8e0fb7ddb
:10546c000133fb75fb681b7803f00103dbb2002be7
:10547c0002d0fb7d0633fb75fb681b7803f002033f
:10548c00dbb2002b02d0fb7d0633fb75fb681b786f
:10549c0003f00803dbb2002b02d0fb7d0233fb755b
:1054ac00fb681b7803f01003dbb2002b00f082804a
:1054bc00fb7d0333fb757de0fb7d0133fb75fb68e6
:1054cc001b7803f00103dbb2002b02d0fb7d06330b
:1054dc00fb75fb681b7803f00203dbb2002b02d0d8
:1054ec00fb7d0633fb75fb681b7803f00803dbb20e
:1054fc00002b02d0fb7d0233fb75fb681b7803f09d
:10550c001003dbb2002b02d0fb7d0333fb75fb6871
:10551c001b7803f02003dbb2002b4dd0fb7d123344
:10552c00fb7549e0fb7d0133fb75fb681b7803f0d1
:10553c000103dbb2002b02d0fb7d0633fb75fb684d
:10554c001b7803f00203dbb2002b02d0fb7d063389
:10555c00fb75fb681b7803f00803dbb2002b02d051
:10556c00fb7d0233fb75fb681b7803f01003dbb289
:10557c00002b02d0fb7d0333fb75fb681b7803f01b
:10558c002003dbb2002b02d0fb7d1233fb75fb68d2
:10559c001b7803f04003dbb2002b0fd0fb7d0133f3
:1055ac00fb750be000bf0ae000bf08e000bf06e09f
:1055bc0000bf04e000bf02e000bf00e000bf7b685a
:1055cc001b78c3f30503dbb21a46fb7d934202d36f
:1055dc0000233b6104e0fb7d7a68134401333b619b
:1055ec003b6918461c37bd465df8047b704780b498
:1055fc0085b000af78600023fb730023bb730023de
:10560c00bb607b680133bb60bb681b7803f0010394
:10561c00dbb2002b02d0fb7b0633fb73bb681b7821
:10562c0003f00203dbb2002b02d0fb7b0633fb73cf
:10563c00bb681b7803f00403dbb2002b02d0fb7bae
:10564c000133fb73bb681b7803f00803dbb2002b40
:10565c0002d0fb7b0233fb73bb681b7803f0100397
:10566c00dbb2002b02d0fb7b0333fb73bb681b78d4
:10567c0003f02003dbb2002b02d0fb7b1233fb7355
:10568c00bb681b7803f04003dbb2002b02d0fb7b22
:10569c000133fb737b681b78c3f305037b681b78b2
:1056ac00c3f30503dbb21a46fb7bd31adbb2013b17
:1056bc00bb73bb7b18461437bd465df8047b704743
:1056cc0080b487b000af78600b46fb701346bb709c
:1056dc000023fb750023fb607b683b611be03b698f
:1056ec005a1c3a611b78fb723b695a1c3a611b7855
:1056fc00bb72ba7abb789a4202d13b69fb600ee06e
:10570c00fa7afb7d1344dbb20133fb75fb7a013b68
:10571c003a6913443b61fa7dfb789a42dfd3fb680c
:10572c0018461c37bd465df8047b704780b584b0c5
:10573c0000afb9607a603b600346fb73bb69002b1a
:10574c003ed0bb681b0e03f00703d9b2ba691379bc
:10575c0061f302031371bb681b0cdab2bb695a719b
:10576c00bb689ab2bb69da807b68002b06d0bb6938
:10577c0008337a683968184612f0cefbfb7b032b92
:10578c001ad801a252f823f0a5570401ad57040111
:10579c00b5570401bd570401b86904f00efe0de0c5
:1057ac00b86904f05bfe09e0b86904f02ffe05e06f
:1057bc00b86904f06ffe01e01f2302e0002300e053
:1057cc001f2318461037bd4680bd80b586b000af8c
:1057dc00b9607a603b600346fb737b689bb21846ea
:1057ec0004f03cfd78617b69002b3fd0bb681b0e3d
:1057fc0003f00703d9b27a69137961f302031371c9
:10580c00bb681b0cdab27b695a71bb689ab27b69b4
:10581c00da807b68002b06d07b6908337a6839689c
:10582c00184612f079fbfb7b032b1bd801a252f814
:10583c0023f000bf51580401595804016158040168
:10584c0069580401786904f0b8fd0de0786904f03a
:10585c0005fe09e0786904f0d9fd05e0786904f0eb
:10586c0019fe01e01f2302e0002300e01f2318466d
:10587c001837bd4680bd80b489b000aff860b96000
:10588c007a60fb68fb61bb68bb61fb68002b23d0b3
:10589c00bb68002b20d07b6803f00303002b1dd1c9
:1058ac00fb68fb61bb68bb617b689b083b610023a9
:1058bc007b610ce0bb691a68fb691a60fb690433f5
:1058cc00fb61bb690433bb617b6901337b617a6922
:1058dc003b699a42eed302e000bf00e000bf2437e0
:0858ec00bd465df8047b704726
:020000040000fa
:020000040104f5
:1058f40080b584b000af78600b46fb70fb78043b46
:10590400152b53d801a252f823f000bf69590401a2
:1059140075590401b1590401b1590401b159040183
:10592400b1590401b1590401b1590401b159040137
:10593400b159040181590401b15904018d5904017b
:10594400b1590401b1590401b1590401b159040117
:10595400b1590401b159040199590401b15904011f
:10596400a5590401786800f0b2f80346fb7320e0ff
:10597400786800f0eef80346fb731ae0786800f0ec
:1059840031f90346fb7314e0786800f060f90346cc
:10599400fb730ee0786800f067f90346fb7308e0d8
:1059a400786800f086f90346fb7302e00023fb737a
:1059b40000bffb7b18461037bd4680bd80b586b05e
:1059c40000aff860b9607a607b683b610023fb75c7
:1059d4003b691b78043b152b66d801a252f823f0cf
:1059e4003d5a0401515a0401ad5a0401ad5a04014f
:1059f400ad5a0401ad5a0401ad5a0401ad5a040173
:105a0400ad5a0401ad5a0401715a0401ad5a04019e
:105a1400855a0401ad5a0401ad5a0401ad5a04017a
:105a2400ad5a0401ad5a0401ad5a0401995a040156
:105a3400ad5a04015d5a0401bb680d2b37d1012313
:105a4400fb757968f8680ff008f930e0bb68012b42
:105a54002fd10123fb752ce0bb68032b2bd1012331
:105a6400fb757968f8680ff016f924e0bb68092b18
:105a740023d10123fb757968f868e1f741fc1ce048
:105a8400bb68182b1bd10123fb757968f868e1f713
:105a940046fd14e0bb68032b13d10123fb75796821
:105aa400f868e1f722fd0ce00223fb750ae000bf71
:105ab40008e000bf06e000bf04e000bf02e000bf52
:105ac40000e000bffb7d18461837bd4680bd80b599
:105ad40084b000af78607b681b68fb60fb6893f858
:105ae400ac31212b04d0fb6893f8ac31222b1cd1b0
:105af400fb6893f8ad31012b08d1fb68022283f8cf
:105b0400ad21fb68012283f8a9211de006220321af
:105b14007868e0f736fe0346002b04d0002178684d
:105b2400e6f7a0fc10e000230fe0062203217868ca
:105b3400e0f727fe0346002b04d000217868e6f73f
:105b440091fc01e0002300e0012318461037bd4614
:105b540080bd80b584b000af78607b681b68fb6053
:105b6400fb6893f8ac31212b04d0fb6893f8ac317b
:105b7400222b32d1fb6893f8ad31022b1ed1786809
:105b8400e6f7e9fc06217868e0f7dcfd0346002b24
:105b940012d0fb68032283f8ad21fa6892f8c83169
:105ba40043f0010382f8c831fa6892f8c83143f02f
:105bb400020382f8c83110e000230fe0062203211b
:105bc4007868e0f7defd0346002b04d000217868f6
:105bd400e6f748fc01e0002300e0012318461037f3
:105be400bd4680bd80b584b000af78607b681b681b
:105bf400fb600e217868e6f7fffc0346002b21d0fa
:105c0400fb6893f8ae31002b1cd1fb6893f8643029
:105c1400002b0bd109217868e0f720fe034683f0be
:105c24000103dbb2002b0dd000230ce00e217868b9
:105c3400e0f7defe034683f00103dbb2002b01d064
:105c4400002300e0012318461037bd4680bd80b50f
:105c540082b000af786002217868e0f70efc03465a
:105c640018460837bd4680bd80b584b000af786063
:105c74007b681b68fb60fb6893f8ac31132b0fd176
:105c8400fb6893f86430002b04d17868e0f7b7fa26
:105c940003460ae017217868e0f7aafe034604e009
:105ca40017217868e0f7a4fe034618461037bd466e
:105cb40080bd80b584b000af78607b681b68fb60f2
:105cc40019217868e6f798fc0346002b24d0fb687a
:105cd40093f86430002b19d1124b1b68fa6892f8c0
:105ce4006f22da700f4b1b68db78252b04d90d4b20
:105cf4001b682522da700fe00a4b1b68db78012b46
:105d04000ad8084b1b680222da7005e0192178686a
:105d1400e0f76efe034600e0012318461037bd4647
:105d240080bd00bfccb1002080b584b000af7860e6
:105d34007b681b68fb60fb6893f8c83103f00103c0
:105d4400dbb2002b1bd1fb6893f8c83103f00203cc
:105d5400dbb2002b13d17868e0f7a0fc0346002bdc
:105d640022d0fb68212283f8ac21fb68012283f84e
:105d7400ad21fb68012283f8a821012315e00a2143
:105d84007868e0f7dffc0346002b0dd0fb68222285
:105d940083f8ac21fb68042283f8ad21fb6801225f
:105da40083f8a821012300e0002318461037bd46dc
:105db40080bd80b584b000af786078680ef00affcb
:105dc4000346002b08d07b681b68fb60fb6812222b
:105dd40083f8ac21012300e0002318461037bd46a8
:105de40080bd80b584b000af78600123fb737b680d
:105df4001b79052b02d0092b10d015e07b689b681a
:105e040018887b689b68991c7b689b680a331a888e
:105e14007b689b680c330bf079fd08e07b689b681a
:105e240018460bf007fe02e00023fb7300bffb7b68
:105e340018461037bd4680bd80b500af034b044af9
:105e440004490548d9f778fd00bf80bde75d04012a
:0c5e5400391a0501f5580401c159040178
:020000040000fa
:020000040104f5
:105e6000704770b5e9b101444ff6ff7348f2084539
:105e700089b210f8014b082284ea030616f0010fdc
:105e80004fea530302f1ff3214bf6b409bb212f092
:105e9000ff024fea5404efd182b28a42e9d1db43d8
:105ea00099b2084670bd10b51378ed2b144611d188
:105eb0005378032b0ed1937853b1012b0ad1fff7fe
:105ec000d0ff2279e37803eb02231b1a18bf0123ca
:105ed000184610bd0123fbe7f0b5034640780622c3
:105ee000b0fbf2f102fb110212f0ff001fd1114ec4
:105ef000114fdff848c0cdb20146a94200d1f0bd34
:105f0000dc789a7893f804e002eb042202f18244f0
:105f100004f59034013184f800e05c7994559c7963
:105f2000d455dc7902f80c40c9b20633e5e701200c
:105f3000e5e700bf012001410220014103200141aa
:105f40002de9f04343780622b3fbf2f602fb16324a
:105f500012f0ff0237d102391c4fdff874c0dff8ae
:105f600074e0f6b203461546c9b2b54202d11046f6
:105f7000bde8f083dc789878012900eb042080b23a
:105f800012d800f1824404f5803893f8049088f820
:105f9000009004f1011493f8058084f800809c7946
:105fa000c455dc7900f80c40a42808d1187900f019
:105fb0001f00c40648bf60f01f008ef800000135c6
:105fc000edb20633d1e70122d1e700bf0200014163
:105fd00003000141400100204078023818bf012031
:105fe00070474378042b05d1034bd0f802201a6088
:105ff00001221a710020704790b20020f8b50f46b8
:1060000004460026a1f10805a54202d84ff0ff344e
:1060100006e02378ff2b13d1230703d144f07f44fc
:106020002046f8bd24f003031c1da742eed95a6890
:10603000013205d15b69013302d114f00c0fedd0b0
:106040002378012b0ad16378012b07d1a178621d37
:106050000a44e01cfff727ff0028e1d00eb1d3e788
:106060000434a542d0d923680133cdd0234613f898
:10607000012bef2a0bd16378002bf1d1a378ed2b04
:10608000eed1e378032bebd107340126bce71c46a5
:10609000e7e72de9f04785789df8206004460f4634
:1060a0009046994603354ff0010a2378434508bfcf
:1060b00089f800a02378082b2bd00fd8022b1bd0f7
:1060c000072b20d00020a7421bd96378023ded1a90
:1060d0002db20233002d1c44e7dc12e00a2b22d043
:1060e0001bd3552beed1a4f5c043b3f5776fe9d29e
:1060f0002046fff776ff02e02046fff76dff0128fc
:10610000e1d1bde8f087002edcd020460ff054f836
:10611000f5e720460ff00ef8f1e7002ed2d020462a
:10612000fff7dafeebe731462046fff709ffe6e727
:106130002de9f7430f469046994628b3164b1a7936
:106140003ab3186800f5776600250be04346cdf8b2
:1061500000903a463146fff79cff0546a07804f1cf
:106160000a031844b0420bd23146fff747ff10f044
:106170007f4f0446ead084b2b4f5c04f08bf012572
:10618000284603b0bde8f08346f670764ff4c04071
:10619000dae78525f4e700bf90b2002013b5134677
:1061a00014460a4601460020fff7c2ff054b1b7943
:1061b00033b123460df1070200210120fff7b8ff9c
:1061c00002b010bd90b200202de9f0478678089dfe
:1061d0009df824a0894604461746984603360021b8
:1061e00023786278ff2fdbb208d1013bdbb2fd2bb5
:1061f0002ed828880232214640440ae0bb4227d1eb
:10620000baf1000ff5d0062f0cd1072a1cd1a11c22
:10621000404611f087fe2b889a1c637813442b802c
:10622000012115e00b2f01d1042aefe70c2f01d13a
:10623000012aebe7102f01d1022ae7e7152f01d140
:10624000082ae3e7182fefd02b8802331a442a805c
:106250006378023ef61a36b20233002e1c4401dd8a
:106260004c45bdd3012914bf80200020bde8f08734
:106270002de9ff47002407468846adf80e404ff44d
:10628000c04046f670754ff0010946f66f76294614
:10629000fff7b4fe10f07f4f824613d10df10e03cd
:1062a0000093cdf8049043463a462946fff78cff09
:1062b00000289af802000af10a03184408bf0124d2
:1062c000b042e4d9012c14bf8020002004b0bde806
:1062d000f087014608b50620fff7caffb0fa80f044
:1062e000400908bd014608b51520fff7c1ffb0fa07
:1062f00080f0400908bd034b93f900300370012082
:10630000704700bf4001002013b5044601a90b20cf
:10631000fff7aeff28b9bdf804302380012002b09a
:1063200010bd0020fbe713b5044601a90b20fff7c1
:106330009fff28b9bdf806302380012002b010bdb0
:106340000020fbe713b504460df107010c20fff711
:106350008fff28b99df807302370012002b010bdcf
:106360000020fbe7014b1879704700bf90b2002076
:10637000014b1871704700bf90b20020014b1868a4
:08638000704700bf90b200203d
:020000040000fa
:020000040104f5
:1063880080b483b000af786039603b681b789ab2fc
:106398003b6801331b789bb21b029bb213449ab231
:1063a8007b681a8000bf0c37bd465df8047b7047d8
:1063b80080b483b000af786039603b681b789bb2cb
:1063c8001b029ab23b6801331b789bb213449ab202
:1063d8007b681a8000bf0c37bd465df8047b7047a8
:1063e80080b483b000af786039603b681b781a4688
:1063f8003b6801331b781b021a443b6802331b7845
:106408001b041a443b6803331b781b061a447b6839
:106418001a6000bf0c37bd465df8047b704780b436
:1064280083b000af78600b467b807a887b681a80df
:1064380000bf0c37bd465df8047b704780b483b05d
:1064480000af78600b467b807b881b0a9bb2dab270
:106458007b681a707b6801337a88d2b21a7000bfe1
:106468000c37bd465df8047b704780b483b000af3d
:10647800786039603a687b681a6000bf0c37bd469f
:106488005df8047b704780b483b000af78603960f2
:106498003b681b0edab27b681a703b681a0c7b6883
:1064a8000133d2b21a703b681a0a7b680233d2b23f
:1064b8001a707b6803333a68d2b21a7000bf0c377f
:1064c800bd465df8047b704780b487b000aff860c4
:1064d800b9601346fb800023fb820de0fb8aba6893
:1064e8001a44f988fb8acb1a013bf9680b441278e5
:1064f8001a70fb8a0133fb82fa8afb889a42edd331
:1065080000bf1c37bd465df8047b704780b584b07a
:1065180000aff860b9601346fb80fb881a46b9687b
:10652800f86811f0fbfc00bf1037bd4680bd80b491
:1065380083b000af786039603b681b681a787b6865
:106548001a703b681b685a1c3b681a6000bf0c37fe
:10655800bd465df8047b704780b483b000af7860b7
:1065680039603b681b681b789ab23b681b6801332b
:106578001b789bb21b029bb213449ab27b681a80a9
:106588003b681b689a1c3b681a6000bf0c37bd4605
:106598005df8047b704780b483b000af78603960e1
:1065a8003b681b681b789bb21b029ab23b681b684e
:1065b80001331b789bb213449ab27b681a803b68fc
:1065c8001b689a1c3b681a6000bf0c37bd465df813
:1065d800047b704780b483b000af786039603b6853
:1065e8001b681b781a463b681b6801331b781b0223
:1065f8001a443b681b6802331b781b041a443b6827
:106608001b6803331b781b061a447b681a603b68b7
:106618001b681a1d3b681a6000bf0c37bd465df841
:10662800047b704780b483b000af786039603b6802
:106638001b6803331b781a463b681b6802331b78b8
:106648001b021a443b681b6801331b781b041a445d
:106658003b681b681b781b061a447b681a603b68fa
:106668001b681a1d3b681a6000bf0c37bd465df8f1
:10667800047b704780b487b000aff860b9601346f8
:10668800fb710023fb750ee0bb681a68fb7d1a449a
:10669800f979fb7dcb1a013bf9680b4412781a7023
:1066a800fb7d0133fb75fa7dfb799a42ecd3bb681d
:1066b8001a68fb791a44bb681a6000bf1c37bd46cc
:1066c8005df8047b704780b584b000aff860b960ae
:1066d8001346fb80bb681b68fa881946f86811f0f6
:1066e8001dfcbb681a68fb881a44bb681a6000bfa7
:1066f8001037bd4680bd80b483b000af78600b46cc
:10670800fb707b681b68fa781a707b681b685a1cd8
:106718007b681a6000bf0c37bd465df8047b704784
:1067280080b483b000af78600b467b807b681b68c1
:106738007a881a807b681b689a1c7b681a6000bf7d
:106748000c37bd465df8047b704780b483b000af5a
:1067580078600b467b807b881b0a9ab27b681b6833
:10676800d2b21a707b681b6801337a88d2b21a7069
:106778007b681b689a1c7b681a6000bf0c37bd4693
:106788005df8047b704780b483b000af78603960ef
:106798007b681b683a681a607b681b681a1d7b68ef
:1067a8001a6000bf0c37bd465df8047b704780b4a3
:1067b80083b000af786039603b681a0e7b681b684d
:1067c800d2b21a703b681a0c7b681b680133d2b2cc
:1067d8001a703b681a0a7b681b680233d2b21a70b7
:1067e8007b681b6803333a68d2b21a707b681b68ef
:1067f8001a1d7b681a6000bf0c37bd465df8047b24
:10680800704780b487b000aff860b9601346fb7179
:106818000023fb750ee0fb7dba681a44fb68196813
:10682800f879fb7dc31a013b0b4412781a70fb7d83
:106838000133fb75fa7dfb799a42ecd3fb681a6841
:10684800fb791a44fb681a6000bf1c37bd465df827
:10685800047b704780b584b000aff860b960134618
:10686800fb80fb681b68fa88b968184611f056fb6c
:10687800fb681a68fb881a44fb681a6000bf103767
:04688800bd4680bdcc
:020000040000fa
:020000040104f5
:10688c0080b487b000aff860b9607a600023fb82f7
:10689c0010e0fb8afa6813441978fb8aba6813442f
:1068ac001a78fb8a786803444a40d2b21a70fb8a81
:1068bc000133fb82fb8a0f2bebd900bf1c37bd4683
:1068cc005df8047b704780b485b000af78603960a8
:1068dc0000237b730f23fb8125e0b7f90e307a6818
:1068ec0013441a78b7f90e3039680b445200d2b2ff
:1068fc001a70b7f90e303a6813441978b7f90e309c
:10690c003a6813447a7b0a43d2b21a70b7f90e3044
:10691c007a6813441b78db097b73b7f90e309bb292
:10692c00013b9bb2fb81b7f90e30002bd5da00bfcf
:10693c001437bd465df8047b704780b59ab000af44
:10694c00f860b9607a6007f1240310220021184620
:10695c0011f0f0fb07f1140310220021184611f07e
:10696c00e9fb872387f8233007f134031022002139
:10697c00184611f0dffb07f1440207f13403194606
:10698c00f8680df0f1fc0023a7f8663014e0b7f8b6
:10699c006630c3f10f02b7f8663007f168010a449c
:1069ac0012f8242c07f168010b4403f8142cb7f8e7
:1069bc0066300133a7f86630b7f866300f2be6d98e
:1069cc0097f854305bb2002b06db07f15403b9681f
:1069dc001846fff778ff0fe007f1240207f1540384
:1069ec0011461846fff76fff07f1140107f1240356
:1069fc00ba681846fff744ffbb681b785bb2002be4
:106a0c0004db7968b868fff75eff0ee007f124033a
:106a1c001946b868fff757ff07f1140107f1240373
:106a2c007a681846fff72cff00bf6837bd4680bd5b
:106a3c0080b487b000aff860b9601346fb800023c8
:106a4c00fb821ee0fa8afb889a4208d2fb8afa681b
:106a5c001a44fb8ab9680b4412781a700ee0fa8a51
:106a6c00fb889a4205d1fb8aba68134480221a70bb
:106a7c0004e0fb8aba68134400221a70fb8a0133c3
:106a8c00fb82fb8a0f2bddd900bf1c37bd465df89e
:106a9c00047b704780b5a8b000aff860b9603b606c
:106aac001346fb8007f1240310220021184611f035
:106abc0041fbfb88184611f05df8c7f89400d7f835
:106acc009430002b00f042810023a7f89c3012e098
:106adc00fa88b7f89c30d31a013bba681a44b7f855
:106aec009c30d7f894100b4412781a70b7f89c307d
:106afc000133a7f89c30b7f89c20fb889a42e7d367
:106b0c0007f1140207f124031946f868fff715ff83
:106b1c00fb880f331b09a7f89e30b7f89e30002b6b
:106b2c0006d10123a7f89e300023a7f89a300ce079
:106b3c00fb8803f00f039bb2002b03d10123a7f8b2
:106b4c009a3002e00023a7f89a30b7f89a30002b5d
:106b5c0010d0b7f89e3003f18053013b1b01d7f8de
:106b6c009420134407f1640207f124011846fff73f
:106b7c0087fe1ae0b7f89e3003f18053013b1b01ee
:106b8c00d7f89420d018fb8803f00f039ab207f1c2
:106b9c0054031946fff74cff07f1640207f1140187
:106bac0007f154031846fff76bfe07f1840310221c
:106bbc000021184611f0befa0023a7f89c3053e0d0
:106bcc00b7f89c301b01d7f89420d11807f1740248
:106bdc0007f184031846fff753fe0023a7f89830fb
:106bec0014e0b7f89830c3f10f02b7f8983007f1fa
:106bfc00a0010a4412f82c2c07f1a0010b4403f855
:106c0c005c2cb7f898300133a7f89830b7f8983067
:106c1c000f2be6d907f1340207f144031946f86843
:106c2c000df0a2fb0023a7f8983014e0b7f89830c9
:106c3c00c3f10f02b7f8983007f1a0010a4412f81b
:106c4c006c2c07f1a0010b4403f81c2cb7f89830fe
:106c5c000133a7f89830b7f898300f2be6d9b7f86e
:106c6c009c300133a7f89c30b7f89c20b7f89e30c5
:106c7c00013b9a42a4d307f1740207f1640107f1b6
:106c8c0084031846fff7fcfd0023a7f89c3014e0a2
:106c9c00b7f89c30c3f10f02b7f89c3007f1a00194
:106cac000a4412f82c2c07f1a0010b4403f85c2cbd
:106cbc00b7f89c300133a7f89c30b7f89c300f2bf9
:106ccc00e6d907f1340207f144031946f8680df0d0
:106cdc004bfb0023a7f89c3014e0b7f89c30c3f1b1
:106cec000f02b7f89c3007f1a0010a4412f86c2c83
:106cfc0007f1a0010b4403f81c2cb7f89c300133ae
:106d0c00a7f89c30b7f89c300f2be6d90023a7f8d6
:106d1c009c3012e0b7f89c30c3f10f02b7f89c30ee
:106d2c0039680b4407f1a0010a4412f81c2c1a70a4
:106d3c00b7f89c300133a7f89c30b7f89c300f2b78
:106d4c00e8d9d7f8940010f021ff00e000bfa0377d
:046d5c00bd4680bdf3
:020000040000fa
:020000040104f5
:106d600080b5fab000af3b1d18603b4619600023a8
:106d700087f8e73113e097f8e731c3f10f033a1dc5
:106d800012681a4497f8e731127807f5f4710b444a
:106d900003f8242c97f8e731013387f8e73197f8a7
:106da000e7310f2be7d907f5e27207f10c03114623
:106db00018460ef07ffd0346002b01d000235ce057
:106dc00007f5ea730d220021184611f0b9f90023e6
:106dd00087f8e73114e097f8e731c3f105033a4645
:106de00012681a4497f8e7310d33127807f5f471f9
:106df0000b4403f8142c97f8e731013387f8e73197
:106e000097f8e731022be6d907f5ea7307f5e27246
:106e100007f10c0010210ef064fd0346002b01d099
:106e200000232ae0002387f8e73113e097f8e731e1
:106e3000c3f102033a4612681a4497f8e731127810
:106e400007f5f4710b4403f8142c97f8e73101337c
:106e500087f8e73197f8e731022be7d907f5e273b6
:106e60000d3307f5ea710322184611f04df8034679
:106e7000002b0cbf01230023dbb2184607f5f47783
:106e8000bd4680bd80b582b000af03463960fb715e
:106e9000fb79072b0dd8fb799bb203f500539bb20e
:106ea0001846faf751fc034683f00103dbb2002bce
:106eb00001d0032346e0fb799bb203f500539bb25c
:106ec0001846faf764fc0346002b3ad0fb799bb2d4
:106ed00003f5005308339bb21846faf735fc034616
:106ee000002b18d0fb799bb203f5005308339bb2fb
:106ef0001846faf74cfc034683f00103dbb2002b83
:106f000001d001231ee03b68173317220f491846b2
:106f100011f008f806e03b681733172200211846e5
:106f200011f00ef93b6817220949184610f0faffd4
:106f30003b682e331b220749184610f0f3ff00234d
:106f400000e0012318460837bd4680bdc0ad0020d3
:106f50008cad0020a3ad002080b582b000af034609
:106f60003960fb71fb79072b01d903232fe03b68c4
:106f7000173317221946184810f0d4fffb799bb23b
:106f800003f5005308339bb21846faf78ffa03460d
:106f9000002b1bd03b6817221946104810f0c2ff87
:106fa0003b682e331b2219460d4810f0bbfffb79be
:106fb0009bb203f500539bb21846faf777fa0346e3
:106fc000002b01d0002302e0012300e0012318463a
:106fd0000837bd4680bd00bfc0ad00208cad00208d
:106fe000a3ad002080b582b000af0023fb7110e09c
:106ff000fb799bb203f500539bb21846faf7a4fb4a
:10700000034683f00103dbb2002b06d1fb79013389
:10701000fb71fb79072bebd900e000bffb79184629
:107020000837bd4680bd80b586b000af78607b680c
:107030001b78032b01d108236be007f10c031846e2
:10704000e1f7b6fa0346bb82bb8a002b01d00823c6
:107050005fe00023fb7556e0fb7d9bb203f5005318
:107060009bb21846faf770fb0346002b48d0fb7d15
:107070009bb203f500539bb21846faf788fb034610
:10708000002b3dd0fb7d9bb203f5005308339bb230
:107090001846faf759fb0346002b15d0fb7d9bb22f
:1070a00003f5005308339bb21846faf770fb03460a
:1070b000002b22d007f10c0307221946174810f0c5
:1070c00023ff0346002b1ad17b681b78022b09d1c2
:1070d0007b68013319461248fff742fe0346002b36
:1070e0000ed015e07b68013306220e49184610f0d9
:1070f0000bff0346002b0ad002e000bf00e000bff8
:10710000fb7d0133fb75fb7d072ba5d900e000bf9c
:10711000fb7d18461837bd4680bd00bfc0ad0020be
:1071200093ad00208dad002080b582b000af034646
:10713000fb71fb79072b01d903230de0fb799bb28f
:1071400003f500539bb21846faf792f90346002b59
:1071500001d1002300e0012318460837bd4680bd59
:1071600080b582b000af0023fb710fe0fb799bb2ca
:1071700003f500539bb21846faf77af90346002b41
:1071800001d0012306e0fb790133fb71fb79072b6a
:10719000ecd9002318460837bd4680bd80b582b0c3
:1071a00000af0346fb71fb799bb203f500539bb222
:1071b0001846faf7c9fa034618460837bd4680bd97
:1071c00080b582b000af0346fb80fb88b3f5005f5b
:1071d0000ed3fb8842f20702934209d8064b1b6884
:1071e000002b05d0044b1b68fa88d2b21046984792
:1071f00000bf0837bd4680bde0ad002080b582b03d
:1072000000af7860044a7b6813600448faf7f0f82e
:1072100000bf0837bd4680bde0ad0020c17104014c
:020000040000fa
:020000040104f5
:107220002de9f04f2ded028bd2e9008997b0cde921
:107230000c138b6808930b690f90d1e900b6149377
:10724000cd68002200234046494610f065fb40b956
:107250001bf0040f32d11bf00803059330d020231c
:1072600003e089f0004399462d232b70089b03f11e
:10727000ff3a012305934c4929f0004300208b423b
:1072800008bf80451fd10d9b413b192b059b94bf27
:10729000464947492b44184610f0b4ff284610f0e1
:1072a000ebfecdf800b00246089b0f9829460ff080
:1072b00063f917b0bdec028bbde8f08f2b23d4e748
:1072c000ddf820a0d7e7994208bf404509d20d9bc1
:1072d000413b192b059b94bf364937492b4418462f
:1072e000dae7002200234046494610f0b7fb9fed45
:1072f0002c7b8ded027b48b300240d9810f06effbf
:10730000002ec3b20993c0f2d781672b5ad1002e49
:1073100008bf0126231d02dbb442c0f2c6816527e7
:1073200061e09ded067b8ded027b01340022234b55
:10733000dde902010cf0f2fe42464b46cde90601c2
:1073400010f022fb0028ecd000271fe00446ede7f8
:1073500014f5967f11da87b90022194b4046494649
:107360000cf0dcfe002280468946154bdde9020167
:107370000cf0d4fecde902010127dde90201002273
:107380000e4b09f0affdcde90201013cdde902231e
:107390004046494610f0c0fa0028d9d1ade700bff9
:1073a000000000000000f03f0000f07fae8105010a
:1073b000b2810501b6810501ba81050100002440b2
:1073c00000005043099f662f06f101060bd1002ce7
:1073d00004da9fedbd7b8ded027b0024099b672bba
:1073e00018bf361966279ded027bcde906898ded24
:1073f0000a7b00230e93dde90a23dde9060109f08b
:1074000071fd41ec100b0df0d7ff51ec100bb0eefd
:10741000408af0ee608a0ff09fffb0ee480af0ee6f
:10742000680a069b1093079b159083f00043119305
:107430009ded0a1b9ded102b10f0fcfb53ec102b67
:1074400083f000430793dde90a01a34b8ded060aa3
:10745000002209f047fd0e9b01339e42cde90a014f
:107460000e93c8d100229d4b0cf058fecde90a01c5
:1074700002460b46dde9060110f04efa002840f006
:107480008180dde90a23dde9060110f0e7fa10b199
:10749000159bda0776d5dde90a234046494608f010
:1074a000b1ff0022cde906018b4bdde902010cf0b2
:1074b00035fedde90623cde90a0110f09ff9002829
:1074c00065d0662f04f1010465d10136a146a9eb10
:1074d00006034ff00008059e1093cdf80880109b1e
:1074e000994540f08180029b002b00f0c880a819cc
:1074f0000022652f027029d1149b1499013b9442fc
:10750000ea54c1f1030ebcbf644201220a21002cdf
:1075100040f0bc800eeb030cbcf1000f00f3b68012
:10752000002a03f1ff3114bf2d222b226a540d9a39
:10753000023b413a192a05eb030198bf45279e42b9
:107540000f70aaf1020a01da10f05cfe0bf00303df
:10755000022b7ff4a3aebaf1000f7ff79fae28464f
:1075600010f08afd05eb0a03059a824240f39980e8
:10757000059b2b4418465246302110f0e1fd0023b4
:1075800008938be69fed527b8ded0a7b83e79deda3
:10759000027b8ded0a7b652f14bfa1464ff00009d9
:1075a00095e7029a52b9b9f1000f07da0e992e2227
:1075b0006a54012201360af1ff3a029205eb0801f2
:1075c000aa193144302001e002f8010b9142fbd1ad
:1075d00008eb06023033aaeb080808f1ff3a561c04
:1075e000ab544ff0000828e00c9b0e961b69053b3e
:1075f000b3427ff678afdde90a23dde9060109f041
:1076000071fc41ec100b0df0d7fe51ec100bb0eefd
:10761000408af0ee608a0ff09ffe0bf010020928fe
:107620000346a8bf09230243bbd1099a672ab8d1f0
:10763000b9f1000fc2da08f10108069b1293079b0b
:10764000b0ee480af0ee680a83f0004313939ded14
:107650000a1b9ded122b10f0edfa53ec102b83f06a
:1076600000430793dde90a0100221b4b8ded060a5a
:1076700009f038fc09f1ff39cde90a012fe71bf0c9
:10768000100f1ebf2e23ab55013630e7b4fbf1fcc3
:10769000013b01fb1c443034ec540af1ff3a6446d0
:1076a00035e72a5c1a5401385ee7002cbff69aae23
:1076b000662788e606262de6099b672bfad01f462b
:1076c000062680e6aff30080000000000000f03fd7
:1076d00000000000000000000000244000001440f2
:020000040000fa
:020000040104f5
:1076e00080b5c4b000af0246fb1d1a7007f10c0351
:1076f000fa1d12781a7007f10c030022194604488b
:107700000bf0a8f900bf07f58877bd4680bd00bf24
:107710003c01002080b500af0420fff7e1ff00bf6f
:1077200080bd80b582b000af03460a46fb711346a8
:10773000bb71074afb791371054b01225a71bb7962
:10774000002b01d0fff7e6ff00bf0837bd4680bd24
:10775000f4ff012080b582b000af78603960104b33
:107760001b889bb2002b0bd108f0b0ff0d4b4ff4e0
:1077700000625a630c4b01221a70fff7cbff0ae03c
:10778000074b1b889bb2013b9ab2054b1a80054bf5
:107790004ff40062da6300bf0837bd4680bd00bf0a
:1077a000feff012000230044fcff012080b582b0d1
:1077b00000af0346fb8000210f4809f01ff80f4a75
:1077c000fb8813800e4b00221a700e4b4ff40062a0
:1077d0009a630df0b1fb0346032b06d90df080fb35
:1077e000034609491846fcf787f908f059ff00bf1e
:1077f0000837bd4680bd00bf55770401feff01205c
:10780000fcff012000230044f442050180b400afd6
:10781000034b1b78dbb21846bd465df8047b70470e
:10782000fcff012080b5c4b000af3b1d186005f01f
:1078300015fc0346a7f80e3107f10c0318464ff468
:1078400081731a46002110f07bfc07f10c03012222
:107850001a7007f10c03002242f003025a709a7862
:1078600022f003029a7007f10c029378032161f36e
:107870008703937007f10c01b7f80e310122184607
:10788000fdf706fa01210120fff74bff00bf07f5c6
:107890008877bd4680bdf0b5b7b004af786007f11a
:1078a000bc03184605f0e6fb07f1bc031846e0f7f9
:1078b00059fe07f1bc031846e0f77afe07f13c03d6
:1078c00080220021184610f03bfc97f8bd301d4681
:1078d00097f8be301e4697f8bf3097f8c02097f84b
:1078e000c11097f8c200044607f13c0003940291ce
:1078f0000192009333462a46204910f073fb0df0a5
:107900001bfb0346032b09d90df0eafa03461a467e
:1079100007f13c0319461046fcf7eef8184b07f147
:107920002c040fcb07c4238007f12c031846f8f76b
:10793000f3ff144b07f10c041d460fcd0fc495e85f
:107940000f0084e80f0007f10c031846f8f797ffc3
:1079500000210120f9f706f80346a7f8c630b7f86a
:10796000c630002b02d0032001f016fa01210220bc
:10797000fff7d7fe00bfcc37bd46f0bd0843050179
:107980003c4305014c43050180b582b000af7860ef
:107990000d4b1b7803f00103dbb2002b0fd0fbf77c
:1079a0008bfc0346002b06d1fdf7acf90121032027
:1079b000fff7b7fe03e001210420fff7b2fe00bf8e
:1079c0000837bd4680bd00bf0000002080b582b0f2
:1079d00000af78600d4b1b78c3f30003dbb283f07c
:1079e0000103dbb2002b04d001210520fff799fe33
:1079f00008e0fbf761fc0346012b03d101210420c1
:107a0000fff78ffe00bf0837bd4680bd0000002095
:107a100080b582b000af78600d4b1b78c3f30003d4
:107a2000dbb283f00103dbb2002b04d0012105207f
:107a3000fff777fe08e0fbf73ffc0346002b03d17e
:107a400001210320fff76dfe00bf0837bd4680bd52
:107a50000000002080b582b000af786001210120d5
:107a6000fff75ffe00bf0837bd4680bd80b483b01e
:107a700000af786000bf0c37bd465df8047b7047ef
:107a800080b483b000af786000bf0c37bd465df8ae
:107a9000047b704780b5a0b000af1b4b5b79002b17
:107aa0002dd0194b00225a713b46802200211846e6
:107ab00010f046fb144b1b791a46144b53f8222046
:107ac0003b461349184610f08dfa0df035fa03467f
:107ad000032b08d90df004fa03461a463b46194613
:107ae0001046fcf709f80df027fa0346032b06d9d8
:107af0000df0f6f9034607491846fbf7fdff00bff6
:107b00008037bd4680bd00bff4ff01202cb60020a9
:107b10006c4305017043050180b500af044b054a75
:107b20001a6001210020fff7fcfd00bf80bd00bfef
:107b3000f4ff0120d442050180b584b000af786025
:107b40000a4b1b68002b0cd0fff7a4ff074b1a68e9
:107b5000064b1b799b0013441b68fb60fb6878682d
:107b6000984700bf1037bd4680bd00bff4ff01201d
:107b700080b400af034b1b791846bd465df8047b0b
:107b8000704700bff4ff012080b500af012106203f
:087b9000fff7c7fd00bf80bd37
:020000040000fa
:020000040104f5
:107b98002de9f04f95b0cde912030b68089392edeb
:107ba800007b4b680a938b6809930b690d93cc682b
:107bb8000022002351ec170b8ded047b0ff0a8fe7b
:107bc80040b9089b580734d4089b13f0080732d0f3
:107bd800202306e0dde9042181f00043cde90423f8
:107be8002d232370099b01275a1edde90403dff8c2
:107bf800f8b223f000414ff0000a594508bf50453c
:107c08001bd1139b413b192b04eb070094bfb049d0
:107c1800b04910f0f3faaf4810f02afa089b009325
:107c28000246099b129821460ef0a2fc15b0bde849
:107c3800f08f2b23d5e7099ad7e7139b8b45a3f140
:107c4800410308bf82450b9309d2192b04eb0700a7
:107c580094bfa149a14910f0d1faa048dce730212e
:107c6800e1550b997b1c1a2934bf58217821e1541e
:107c7800931e079300220023dde9040102370ff069
:107c8800e9fe002800f07b819fed8f7b8ded027b64
:107c980000250a9bdde90289002bdde904abb8bfaa
:107ca80018230e93002642464b465046594609f083
:107cb80015f941ec100b0df07bfb42464b4651ec9d
:107cc800100b8ded100b0cf025fa02460b465046b2
:107cd800594610f0b1fa824b82468b4640464946d7
:107ce80000220cf017fa731c0c930a9b002b804699
:107cf800894606da00220023504659460ff0aafeac
:107d080028b90e9bb34200f3408101330c93002243
:107d1800744b404649460cf0fdf9804689460246b8
:107d28000b46504659460ff0f3fd002840f02f81ce
:107d380042464b46504659460ff08cfe30b1dde9bd
:107d480010010ff005fbc10740f1218142464b4667
:107d5800dde9040108f052fbcde90401dde9042165
:107d680021f00043604900208b4208bf82423ff463
:107d780048af4ff000083e46c246c1460d9b053b42
:107d8800b342b34633d9dde90223dde9040109f042
:107d9800a5f841ec100b0df00bfb51ec100b8ded21
:107da8000e0b0ff0d5fa002840f0f680b9f1000f5d
:107db80000f0f28008f10108dde90223dde90e0197
:107dc8000cf0a8f902460b46dde9040110f034fa7c
:107dd800434bcde904010022dde902010cf09af9d8
:107de8000c9b09f101094b45cde90201c6d1baf155
:107df800000f1ed1b8f1000f00f015810a9b002b6f
:107e080040f31181089bda0700f10d81a3192e2296
:107e18001a7008eb06022244302100bf03f8011f44
:107e28009a42fbd1079b46446fea0808434401364f
:107e380007930d9b0d990022a019013b95420270f2
:107e4800b8bf6d42e254c1f1020eb8bf01224ff033
:107e58000a08002d40f0d7800eeb030cbcf1010f8f
:107e680000f0d180002a03f1ff3114bf2d222b220c
:107e780062540b9a023b1a2a04eb030134bf5022c6
:107e880070229e420a7001da10f0b8f9089b03f0dc
:107e98000303022b14d1079ba3f10208b8f1000fca
:107ea8000edd204610f0e4f804eb0803b84280f237
:107eb800b68042463021e01910f03ef900230993bc
:107ec8002046a9e6aff30080000000000000f03f64
:107ed8009e810501a2810501a6810501aa810501ee
:107ee8000000b03f000020400000f07fcde902898b
:107ef8000135dde902231046194608f07ffa80466d
:107f0800894602460b46dde904010ff001fd002811
:107f1800ecd0dff82cb1dff82c914ff0000a4ff0cd
:107f28000008dde90223dde904010ff0f1fc002877
:107f38003ff4afae52465b46dde902010cf0eaf8c9
:107f4800002200230ff086fd78b142464b46dde95a
:107f580002010cf0dff84246cde902014b46dde9ab
:107f680004010cf0d7f8cde90401dde9020152461d
:107f78005b460cf0cff8013dcde90201d1e79fed5a
:107f88002e7b05468ded027bb3e70c9e8be64ff00a
:107f980000084ff00009d9e6baf1000f0bd1b9f18a
:107fa800000f08d02e2304f80b30079b013b013645
:107fb80007934ff0010a04eb0803a2193344302158
:107fc80002e000bf02f8011b9a42fbd1079b06ebb7
:107fd800080ba3eb08080b9b0928d4bf3030573097
:107fe800192b06d840f02003613b192b01d810f05b
:107ff800f8f808f1ff330bf1010604f80b000793ba
:108008004ff00008d8e60799b5fbf8fc013b08fbe0
:108018001c5530350139e5540791654619e7225c4e
:108028001a54013842e7089bdb067ff502af2e237e
:10803800a3550136fde600bf000000000000f03f38
:088048000000e03f000050437e
:020000040000fa
:020000040104f5
:10805000ffffffffffffffffffffffff000000002c
:10806000000000000000000001000000ffffffff13
:10807000fcffffffffffffffffffffff000000000f
:10808000000000000000000001000000fffffffff3
:108090004b60d2273e3cce3bf6b053ccb0061d65bc
:1080a000bc86987655bdebb3e7933aaad835c65a45
:1080b00096c298d84539a1f4a033eb2d817d037782
:1080c000f240a463e5e6bcf847422ce1f2d1176b1d
:1080d000f551bf376840b6cbce5e316b5733ce2bf0
:1080e000169e0f7c4aebe78e9b7f1afee242e34f1f
:1080f000bd1a3ccda6b8995899b740eb7b60ff4ab2
:10810000503f10d2e3b3c974385fc5a3d4f6493fda
:10811000e69d350e480103ccdbfdf4ac1191f4ef84
:10812000b9a5f9e9a7832c5e2cbe97f2d203b02043
:108130008bd28915d08e1c742430ed8fc2456376a6
:108140005c15525abf9a32636deb2a65499c80dcfc
:10815000434d443a52644c6f63616c537570704682
:108160006561747572650000434d443a53657452fd
:10817000616e64416464722c616464723d30782580
:1081800030327825303278253032782530327825f3
:108190003032782530327800434d443a5264574c9f
:1081a00053697a65000000bf434d443a436c7257ef
:1081b0004c0000bf4552523a7374617475733d258b
:1081c000640000bf434d443a416464574c2c6164e1
:1081d00064723d307825303278253032782530325f
:1081e000782530327825303278253032780000bf5b
:1081f000434d443a526d574c2c616464723d307863
:108200002530327825303278253032782530327872
:108210002530327825303278000000bf434d443a93
:10822000536574486f73744368616e6e656c436c1c
:10823000617373004552523a5374617475733d30e3
:1082400078257800434d443a416464524c2c616473
:1082500064723d30782530327825303278253032de
:10826000782530327825303278253032780000bfda
:10827000434d443a526d524c2c616464723d3078e7
:1082800025303278253032782530327825303278f2
:108290002530327825303278000000bf434d443a13
:1082a00047656e52616e6400434d443a4c65456ebd
:1082b00063727970740000bf434d443a436c72524c
:1082c0004c0000bf434d443a5264524c53697a65a6
:1082d000000000bf434d443a5264506565725250ed
:1082e000412c616464723d3078253032782530321b
:1082f0007825303278253032782530327825303282
:10830000780000bf434d443a52644c6f63616c5235
:1083100050412c616464723d3078253032782530cc
:108320003278253032782530327825303278253051
:1083300032780000434d443a53657441646472528c
:108340006573456e61626c652c656e61626c653d3e
:1083500025640000434d443a536574525041544fd4
:108360002c544f3d25640000434d443a52656164ee
:1083700054785077720000bf434d443a52656164af
:10838000524650617468436f6d70656e73617469b5
:108390006f6e0000434d443a5772697465524650ff
:1083a000617468436f6d70656e736174696f6e2c74
:1083b00054783d25642c52783d256400434d443a61
:1083c000536574507269766163794d6f64652c6191
:1083d0006464723d3078253032782530327825302b
:1083e00032782530327825303278253032782c6d4d
:1083f0006f64653d25640000434d443a53657448fd
:108400006f7374466561747572650000434d443a3c
:10841000536574436f6e6e5478506f776572507207
:10842000657365742c73656c5077723d256400002c
:10843000434d443a5365744164765478506f776580
:10844000725072657365742c73656c5077723d253c
:10845000640000bf434d443a53657450434c50721e
:10846000657365742c55703d25642c4c6f773d25e4
:10847000642c737465703d25640000bf434d443a1d
:10848000536574416476436f64696e6753636865ce
:108490006d652c63733d2564000000bf434d443a75
:1084a0005264416476412c68646c3d25640000bfd1
:1084b00001000000020000000400000008000000ad
:1084c0001000000055555555333333330f0f0f0f40
:1084d000ff00ff00ffff0000456363446f6e65000f
:1084e000434d443a47656e5075624b6579436d6400
:1084f000000000bf434d443a47656e44684b6579c0
:04850000436d640063
:020000040000fa
:020000040104f5
:1085040080b586b000af0346b9607a60fb81002372
:10851400fb75fb89dbb2012b08d0022b0bd0002b9f
:108524000ed17968b86800f011f80ae07968b86883
:1085340000f02ef805e000f0c1f90346fb7500e0f9
:1085440000bffb7d18461837bd4680bd80b584b09a
:1085540000af786039600023fb730ee0fa7b1346aa
:108564005b0013445b00094a1a44fb7b114618461e
:10857400e1f7c0fdfb7b0133fb73fb7b072bedd9dc
:10858400002318461037bd4680bd00bf10af002041
:1085940080b582b000af786039600448cef76afdd8
:1085a400002318460837bd4680bd00bf40af0020f9
:1085b40080b500af3022002109480ff0bffd094902
:1085c40007200cf01bfc0bf0f1fc03461bb200214e
:1085d4001846f7f7c5fc0df011fc00bf80bd00bfc5
:1085e40010af00200585040180b483b000af0346ba
:1085f400fb71fa7913465b0013445b00034a13448e
:1086040018460c37bd465df8047b704710af002058
:1086140080b582b000af78600622044978680ff014
:108624007ffc00bf0837bd4680bd00bf40af0020bf
:1086340080b582b000af0120f5f7c2f90346fb8094
:108644004ff6ff710120f5f711fafb881946012056
:10865400f5f7e0f900220d210120f5f7e6fb0023f0
:10866400002204490020fdf7b4f800bf0837bd46d6
:1086740080bd00bf02070100b0b586b000af7860ce
:1086840039600020f5f79cf90346fb820120f5f7d9
:1086940097f90346bb820220f5f792f903467b82e1
:1086a400774b1b6893f82430002b64d1754ab2f8d9
:1086b400ac3043f04003a2f8ac30724bfb60fb6873
:1086c40003f5a063fb606e4b1b682533202219461b
:1086d400f8680ff025fcfb682033fb60fa686a4bee
:1086e40060331d685c689868d96815605460906050
:1086f400d1601d695c699869d9691561546190619b
:10870400d161fb682033fb60fa685f4b80331d68de
:108714005c689868d968156054609060d1601d6980
:108724005c699869d969156154619061d161554a50
:10873400b2f8a4306ff34103a2f8a430514ab2f85e
:10874400a4306ff30413a2f8a4304e4ab2f8a43054
:1087540043f08003a2f8a4304a4ab2f8a4306ff37d
:108764000003a2f8a430474ab2f8a43043f002034d
:10877400a2f8a43054e0424b1b6893f82430012b38
:108784004ed1404ab2f8ac3043f04003a2f8ac30ca
:108794003c4bfb60fb6803f5a063fb60384b1b6834
:1087a4001b6a20221946f8680ff0bafbfb682033d5
:1087b400fb60334b1b68db6920221946f8680ff015
:1087c400affbfb682033fb602d4b1b68db69203358
:1087d40020221946f8680ff0a3fb2a4ab2f8a43005
:1087e4006ff34103a2f8a430264ab2f8a4306ff321
:1087f4000413a2f8a430234ab2f8a43043f080034f
:10880400a2f8a4301f4ab2f8a4306ff30003a2f810
:10881400a4301c4ab2f8a43043f00203a2f8a430f6
:108824004ff6ff710020f5f721f94ff6ff71012093
:10883400f5f71cf94ff6ff710220f5f717f9fb8adb
:1088440019460020f5f7e6f8bb8a19460120f5f72a
:10885400e1f87b8a19460220f5f7dcf80b4a0d2172
:108864000120f5f7e2fabb8a43f400539bb21946a0
:108874000120f5f7cff8002318461837bd46b0bde0
:108884003cb20020002401415080040135860401db
:1088940080b584b000af786039603a233b7307f148
:1088a4000803052204490120fcf793ff002318461e
:1088b4001037bd4680bd00bf0205010180b582b0fe
:1088c40000af0023fb71324b1b6893f82430002b5c
:1088d40034d12f4b1b689b6920222e4918460ff078
:1088e4001ffb2d4ab2f8a43043f01003a2f8a430c1
:1088f400294ab2f8a4306ff3c713a2f8a430264a69
:10890400b2f8a43043f00203a2f8a430204b1b6851
:108914009b69203320221f4918460ff001fb1e4a91
:10892400b2f8a4306ff34103a2f8a4301a4ab2f8a3
:10893400ac306ff38613a2f8ac3015e0144b1b680f
:108944009b692022134918460ff0eafa124ab2f83a
:10895400a4306ff34103a2f8a4300f4ab2f8ac304c
:108964006ff38613a2f8ac30094b1b689b6c002193
:108974001846f5f7cbfbfb793b713b4605220749cb
:108984000120fcf726fffb7918460837bd4680bd59
:108994003cb200206029014100240141020501018b
:020000040000fa
:020000040104f5
:1089a40080b5c4b000affff7e1f8034687f80f3194
:1089b400544b1968544ba3fb0123da0813469b005c
:1089c40013445b00ca1a1346a7f80c31b7f80c31ec
:1089d400012202fa03f3a7f80a3197f80f214b4951
:1089e4001346db009b1a5b000b441a88b7f80a3164
:1089f40013409bb2002b02d00df040f901e00df0c2
:108a040049f997f80f2141491346db009b1a5b0093
:108a14000b4402331a88b7f80a3113409bb2002b77
:108a240002d00df04ff901e00df058f997f80f213d
:108a340036491346db009b1a5b000b4408331a8843
:108a4400b7f80a3113409bb2002b03d0304b0222fb
:108a54009a6302e02e4b02225a6397f80f212b49a6
:108a64001346db009b1a5b000b440a331a88b7f8e1
:108a74000a3113409bb2002b03d0254b01229a6389
:108a840002e0234b01225a6397f80f211f49134632
:108a9400db009b1a5b000b440c331a88b7f80a31cd
:108aa40013409bb2002b04d01a4b4ff480529a63ac
:108ab40003e0184b4ff480525a63124b1968124b5f
:108ac400a3fb01231a0913469b0013449b00ca1af3
:108ad4001346a7f80831b7f80831002b07d13b1d1e
:108ae40004221a703b1d19460b4809f0d4ff054bac
:108af4001b680133034a136000bf07f58877bd463e
:108b040080bd00bf4cb20020cdcccccc98b40020aa
:108b140000220044002300443c01002080b5c6b07c
:108b240000af02463b461960bb1d1a8007f11003d3
:108b340009221a7007f110030133c7f81431d7f86a
:108b44001431ba1d12881a803b461b685ab2d7f8f2
:108b540014319a7007f10c0300221a60064b58680e
:108b640007f10c0207f110010023e4f793fd00bfa5
:108b740007f58c77bd4680bd3801002080b400af76
:108b8400034b04229a6300bfbd465df8047b704723
:108b94000023004480b400af034b04225a6300bf97
:108ba400bd465df8047b70470023004480b400afe9
:108bb400034b0422da6300bfbd465df8047b7047b3
:108bc4000023004480b400af044b4ff400629a6366
:108bd40000bfbd465df8047b704700bf002300441e
:108be40080b400af044b4ff400625a6300bfbd462b
:108bf4005df8047b704700bf0023004480b400afdd
:108c0400044b4ff40062da6300bfbd465df8047b99
:108c1400704700bf0023004480b582b000af786085
:108c240039600cf087f90346022b08d90cf056f989
:108c3400034618467b683a680349faf75bff00bfae
:108c44000837bd4680bd00bfdc30050190b585b056
:108c540004af354b00221a70334b00225a70334b49
:108c64004ff400625a63324b00221a809a70304be0
:108c740080229a700cf05ef90346022b13d90cf093
:108c84002df9034618460023194608231c460023e1
:108c94001a46284b0293284b0193009223460a4616
:108ca4002649faf727ffc5f74df907f041f8fef713
:108cb40031ff23480df094fa0cf03afc0df0aaf9b8
:108cc4000cf0d4fffbf79cfd04f092f904f0e6f9f4
:108cd400034683f00103dbb2002b06d0194b4ff49b
:108ce40080729a63072000f055f8faf7d1f9164814
:108cf400faf710fa1548faf71dfa1548faf72afa9e
:108d04001448faf737fa1448faf744fa1348faf70a
:108d140051fa1348faf75efa1248faf76bfa00bff1
:108d24000437bd4690bd00bf48b200200023004474
:108d3400000000201831050124310501e43005014b
:108d4400a589040100220044218b0401818b0401c4
:108d5400998b0401b18b0401c98b0401e58b0401d7
:108d6400018c04011d8c040180b582b000af7860d1
:108d74000cf0ccf97868c5f713f9786806f0dfffd2
:108d84007868fbf7b3fe7868fef7d4fe00bf0837b7
:108d9400bd4680bd80b5a4b000af0346fb7100237f
:108da400c7f88c302ee01e4ad7f88c3012f83330d6
:108db400fa799a4221d107f10c0380220021184646
:108dc4000ff0bcf9164ad7f88c30db0013445a680c
:108dd40007f10c03134918460ff002f90cf0aaf836
:108de4000346032b09d90cf079f803461a4607f118
:108df4000c0319461046faf77dfed7f88c30013380
:108e0400c7f88c30d7f88c30072bccd9064afb79bd
:108e14005370fef7b7fe00bf9037bd4680bd00bf5c
:108e240008b50020d031050148b2002080b400af5d
:0c8e340000bfbd465df8047b704700bf26
:020000040000fa
:020000040104f5
:108e400080b483b000af7860002318460c37bd466d
:108e50005df8047b704780b586b002af78607868b3
:108e6000cdf746fa0346fb7307f10f0301937b68c6
:108e700000930523012242f2140140f201100df08b
:108e800033fdfb7b1a46034b33f81230184610377c
:108e9000bd4680bd6063050180b586b002af7860d5
:108ea0007868cdf7f5f80346fb7307f10f030193dc
:108eb0007b6800930623012242f2050140f2011073
:108ec0000df012fdfb7b1a46034b33f812301846a7
:108ed0001037bd4680bd00bf6063050180b586b018
:108ee00002af0346fb71fb791846cdf79dfc0346a4
:108ef000fb7307f10f030193fb1d00930123012274
:108f000042f22d0140f201100df0eefcfb7b1a46ff
:108f1000034b33f8123018461037bd4680bd00bff2
:108f20006063050180b584b002afcdf71ff9034639
:108f3000fb71fb1d0193002300930023012242f2e9
:108f4000100140f201100df0cffcfb791a46034be3
:108f500033f8123018460837bd4680bd60630501fe
:108f600080b586b002af78607b681a787b68013381
:108f700019461046cdf728f90346fb7307f10f0396
:108f800001937b6800930723012242f2110140f212
:108f900001100df0a9fcfb7b1a46034b33f812308d
:108fa00018461037bd4680bd6063050180b586b0a8
:108fb00002af78607b6818787b68591c7b68da1d83
:108fc0007b681733cdf706fa0346fb7307f10f03ef
:108fd00001937b6800932723012242f2270140f28c
:108fe00001100df081fcfb7b1a46034b33f8123065
:108ff00018461037bd4680bd6063050180b584b05a
:1090000002afcdf7fdfa0346fb71fb1d0193002370
:1090100000930023012242f2290140f201100df0d9
:1090200063fcfb791a46034b33f8123018460837b5
:10903000bd4680bd6063050180b586b002af0346c2
:10904000fb80fb881846cdf725fc0346fb7307f130
:109050000f030193bb1d00930223012242f22e0154
:1090600040f201100df040fcfb7b1a46034b33f835
:10907000123018461037bd4680bd00bf6063050141
:1090800080b586b002af78607b6818787b68591c21
:109090007b68db791a46cdf76dfd0346fb7307f15c
:1090a0000f0301937b6800930823012242f24e01d3
:1090b00040f201100df018fcfb7b9bb218461037f4
:1090c000bd4680bd80b584b000af03463960fb71fa
:1090d00097f9073039681846cdf75cfe0346fb81e7
:1090e000fb89034a32f8133018461037bd4680bd5d
:1090f0006063050180b584b000af03463960fb7141
:1091000097f9073039681846cdf71afe0346fb81f8
:10911000fb89034a32f8133018461037bd4680bd2c
:109120006063050180b586b002af7860396007f1f1
:109130000c03bb6039687868cdf7d0fb0346fb733e
:10914000fa7b07f1080311461846fdf7d8fa7b6849
:1091500093f90030dab207f1080311461846fdf71b
:10916000cefa3b6893f90030dab207f108031146f2
:109170001846fdf7c4fa07f10c030193002300938e
:109180000023032242f24b0140f201100df0acfb30
:10919000fb7b034a32f8133018461037bd4680bdba
:1091a0006063050180b584b002afcff72dfa0346a6
:1091b000fb71fb1d0193002300930023012242f267
:1091c000250140f201100df08ffbfb791a46034b8d
:1091d00033f8123018460837bd4680bd606305017c
:1091e000b0b596b002af78600b46fb707b68203359
:1091f000fa7819467868cff775fa034687f84f3042
:109200007b6807f10c041d4628686968aa68eb684a
:109210000fc428696969aa69eb690fc47b682033a8
:1092200007f12c041d4628686968aa68eb680fc41a
:1092300028696969aa69eb690fc4fb7887f84c3023
:1092400007f14f03019307f10c030093412301221f
:1092500042f2260140f201100df046fb97f84f3024
:109260001a46034b33f8123018465037bd46b0bd8e
:109270006063050180b582b000af0cf0d3fd0346fa
:10928000fb71fb79034a32f8133018460837bd46a4
:1092900080bd00bf6063050180b584b000af0346a8
:1092a000fb710b46bb7113467b717a7997f90610f7
:1092b00097f907301846cdf797fd0346fb73fb7b04
:1092c000034a32f8133018461037bd4680bd00bf40
:0492d00060630501d1
:020000040000fa
:020000040104f5
:0492d40000207047bf
:020000040000fa
:020000040104f5
:1092d8002de9f04fca4b2ded048b59ec108b002271
:1092e80099458fb008bf90458ded021b00f0d480e2
:1092f800dde90267b319009347eb07030193dde942
:109308000001c04b4ff0ff328b4208bf824280f011
:10931800008118eb080a49eb090b5b4508bf524569
:1093280010ee104a4d4633d26ff400134ff0ff325f
:109338005b4508bf524532d2c5f30a53013b40f2a0
:10934800fd72934200f2ab80c7f30a53013b93428c
:1093580000f2a580dde902010df0faff82460ef069
:1093680055fd8f4208bf864268d0404649460022d4
:1093780000230ef0cdfa00284ad09fed9b8bb0ee6b
:10938800480af0ee680a0fb0bdec048bbde8f08f18
:10939800002e77f1000302da9b4b22221a60002c80
:1093a80075f10003c8dadde900016ff400134ff02e
:1093b800ff328b4208bf8242bed3c7f30a5eaef2c9
:1093c800ff33332b049340f2a780b3f5806f40f24c
:1093d800508100988d4b8a4a0021091a019963eb44
:1093e800010302eae37207f0004342ea03010020a6
:1093f800cde9060102460b46dde902010ef02afb23
:10940800002899d1804b21221a609fed778bb6e70f
:10941800224625f0004343ec102b08f07df9dde9e6
:10942800020153ec102b0af075fe41ec100b07f00b
:109438002ffbb0ee408af0ee608aa0e7baf1004f49
:1094480093d0baf1000fc0f20d8118bf002460d08c
:109458009fed678b1af0010f07d051ec180b4246ad
:109468004b460af057fe41ec180b5fea5a0a42468f
:109478004b46404649460ad1002c80d053ec182b65
:1094880000205f4907f02afd41ec180b77e70af046
:1094980041fe80468946dde749ec188b6fe75c4b57
:1094a80000225b4508bf5245f6d3dde900018b4237
:1094b80008bf8242c0f0da80bbf5001f08bfbaf1ce
:1094c800000fc0f0af80534b00229d4208bf94426a
:1094d80000f0ff80504b00229d4208bf944200f0ec
:1094e800fe809f4208bf964200f0df804b4925f07e
:1094f80000434ff0ff30994208bfa04280f0e68059
:10950800474b00229d4208bf944202d09fed3a8b00
:1095180035e79fed378b32e7c3f1340c4ff0ff325c
:10952800acf1200002fa00f002fa0cf3ccf12001b1
:1095380022fa01f1034302fa0cf243ea01009118fe
:10954800049b0b920c9047f48012404122ea0002df
:1095580002fa03f0c3f120030993ccf1200326eab1
:1095680001010a93aef21f4e099b01fa0efe40ea72
:109578000e0021fa03fe049bcdf824e001fa03f360
:109588000d930a9b02fa03fe099bcdf810e01843dd
:109598000d9bdb180d93049b21fa0cf1acf1200e06
:1095a80041ea030122fa0ef322fa0cf20992099a0f
:1095b80041ea030140410d9b10430b43c0f31401e2
:1095c80005910c980b99049306ea010207ea000337
:1095d800dde90401b1f5801f08bf012850d2cde9ab
:1095e800062309e7aff30080000000000000f87fc1
:1095f800000000000000f03f000000000000f07fc5
:109608000000f03fffff1f00d8b200200000c07f1d
:109618000000e0ff0000f07f0000f0ffffffef3fd9
:109628000000f0bfdde902010df092fe82460ef067
:10963800edfb8f4208bf86427ff497ae002e77f18c
:10964800000368db9fed3a8b002108461af0010ff2
:109658003ff495ae05f000440a4684ea000343ec63
:10966800182b8ce6caf1000a0124f1e69ded028b65
:1096780085e69ded027b8ded067b53ec172bbbe653
:10968800012101fa0ef00a994ff0010e2efa01fe9f
:10969800012101fa0cf1891840ea0e0040eb03039e
:1096a80006910793dde90623a6e6294b00229d4291
:1096b80008bf94423ff42daf264925f000434ff0f0
:1096c800ff30994208bfa042bff420af9fed188b2e
:1096d80055e6002e77f10003bff618aff6e7002e27
:1096e80077f100031cdb9fed149b9fed158bdde9e3
:1096f80002010df02dfe04460ef088fb8f4208bfd4
:1097080086427ff43caee3077ff539aeb0ee498a76
:10971800f0ee698a33e69fed0a8b0f48002195e742
:109728009fed099b9fed028be1e700bfaff300803f
:109738000000000000000000000000000000f0ff32
:10974800000000000000f07f000000000000008022
:0c9758000000f0bfffffef3f0000f07fbb
:020000040000fa
:020000040104f5
:1097640080b588b000af786000237b61d2f7aaf996
:10977400454b1b68002b01d100f01df97b68002bc1
:1097840012d008227b6803f00703d31a08333b6125
:109794003b69db437a689a4204d87a683b6913448c
:1097a4007b6001e000237b607b68002b60db7b68cf
:1097b400002b5dd0354b1b687a689a4258d8344bdd
:1097c400bb61334b1b68fb6104e0fb69bb61fb6954
:1097d4001b68fb61fb695b687a689a4203d9fb6981
:1097e4001b68002bf1d1284b1b68fa699a423fd0c1
:1097f400bb691b68082213447b61fb691a68bb6957
:109804001a60fb695a687b68d21a08235b009a4283
:109814000fd9fa697b681344fb60fb695a687b685b
:10982400d21afb685a60fb697a685a60f86800f0db
:109834001ff9164b1a68fb695b68d31a134a136045
:10984400124b1a68134b1b689a4203d20f4b1b68c6
:10985400104a1360fb695b6843f00042fb695a607d
:10986400fb6900221a600c4b1b6801330a4a13601f
:10987400d2f770f97b69002b01d10df006f87b69f2
:1098840018462037bd4680bd58a100205ca10020a9
:1098940050a1002060a1002064a1002080b584b004
:1098a40000af78607b68fb607b68002b2bd00823bb
:1098b4005b42fa681344fb60fb68bb60bb685b688f
:1098c400db0f03f00103dbb2002b1cd0bb681b6869
:1098d400002b18d1bb685b6823f00042bb685a6058
:1098e400d2f7f0f8bb685a68094b1b681344084a5e
:1098f4001360b86800f0bcf8064b1b680133054ad6
:109904001360d2f727f900bf1037bd4680bd00bff2
:109914005ca1002068a1002080b400af034b1b6849
:109924001846bd465df8047b704700bf5ca100206b
:1099340080b400af034b1b681846bd465df8047b3a
:10994400704700bf60a1002080b400af00bfbd46d7
:109954005df8047b704780b584b000af78603960ef
:109964000023fb607b68002b09d04ff0ff327b683b
:10997400b2fbf3f33a689a4201d9012300e00023d1
:10998400002b13d17b683a6802fb03f31846fff7f8
:10999400e7fef860fb68002b08d07b683a6802fb9e
:1099a40003f31a460021f8680ef0c8fbfb6818465a
:1099b4001037bd4680bd80b485b000af4ff420435e
:1099c400bb60264bfb60fb6803f00703002b0cd045
:1099d400fb680733fb60fb6823f00703fb60ba688e
:1099e400fb68d31a1d4a1344bb60fb687b601c4aa6
:1099f4007b6813601a4b00225a607b68ba68134470
:109a0400fb600822fb689b1afb60fb6823f00703da
:109a1400fb60fb68134a1360124b1b6800225a60f8
:109a2400104b1b6800221a607b683b603b68fa6835
:109a3400d21a3b685a600b4b1a683b681a603b6841
:109a44005b68094a13603b685b68084a136000bf9f
:109a54001437bd465df8047b704700bf50010020f9
:109a640050a1002058a1002060a100205ca100208a
:109a740080b485b000af7860284bfb6002e0fb68df
:109a84001b68fb60fb681b687a689a42f7d8fb681e
:109a9400bb60fb685b68ba6813447a689a4208d171
:109aa400fb685a687b685b681a44fb685a60fb6809
:109ab4007b607b68bb607b685b68ba681a44fb6840
:109ac4001b689a4218d1fb681a68154b1b689a42a6
:109ad4000dd07b685a68fb681b685b681a447b6816
:109ae4005a60fb681b681a687b681a6008e00c4bb4
:109af4001a687b681a6003e0fb681a687b681a605e
:109b0400fa687b689a4202d0fb687a681a6000bfe0
:109b14001437bd465df8047b704700bf50a1002098
:109b240058a1002080b586b000af786000233b6167
:109b34000023fb604ff0ff33bb60d1f7c3ff224b20
:109b44001b687b617b69002b1bd015e03b690133eb
:109b54003b617b695b68fa689a4202d27b695b6805
:109b6400fb607b695b68ba689a4202d97b695b686f
:109b7400bb607b691b687b61144b1b687a699a42e2
:109b8400e4d1d1f7e7ff7b68fa685a607b68ba686a
:109b94009a607b683a69da6000f0d1f80c4b1a6875
:109ba4007b681a600b4b1a687b685a610a4b1a6807
:109bb4007b689a61094b1a687b681a6100f0d8f8cf
:109bc40000bf1837bd4680bd50a1002058a1002019
:109bd4005ca1002064a1002068a1002060a10020f5
:020000040000fa
:020000040104f5
:0c9be4004150505f54494d45520000bff5
:020000040000fa
:020000040104f5
:109bf00080b485b000aff860b9607a60fb68043b60
:109c0000fb60fb684ff080721a60fb68043bfb60ee
:109c1000bb6823f00102fb681a60fb68043bfb6031
:109c20000c4afb681a60fb68143bfb607a68fb68af
:109c30001a60fb68043bfb60fb686ff002021a606d
:109c4000fb68203bfb60fb6818461437bd465df897
:109c5000047b7047599c040180b483b000af00239b
:109c60003b604ff0200383f31188bff36f8fbff386
:109c70004f8f7b6000bf3b68002bfcd000bf0c37d0
:109c8000bd465df8047b7047094b19680868b0e869
:109c9000f04f80f30988bff36f8f4ff0000080f31f
:109ca00011887047aff30080aff30080aff30080fe
:109cb00040fe012000bf08480068006880f3088863
:109cc0004ff0000080f3148862b661b6bff34f8f87
:109cd000bff36f8f00df00bf08ed00e000bf80b56d
:109ce00000af114b1b68104a43f4600313600e4b26
:109cf0001b680d4a43f06043136000f077f90b4b8b
:109d000000221a6000f0a2f9094b1b68084a43f0d0
:109d100040431360fff7cfffd2f720fafff79cff15
:109d20000023184680bd00bf20ed00e094b600205f
:109d300034ef00e080b400af00bfbd465df8047ba7
:109d4000704780b483b000af4ff0200383f31188d5
:109d5000bff36f8fbff34f8f7b60054b1b680133e1
:109d6000034a136000bf0c37bd465df8047b7047a3
:109d700094b6002080b483b000af0a4b1b68013b4f
:109d8000084a1360074b1b68002b04d100237b603b
:109d90007b6883f3118800bf0c37bd465df8047bf8
:109da000704700bf94b60020eff30980bff36f8fb8
:109db000174b1a681ef0100f08bf20ed108a20e91b
:109dc000f04f10602de909004ff0200080f311885a
:109dd000bff34f8fbff36f8fd2f7c0f94ff0000082
:109de00080f3118809bc19680868b0e8f04f1ef0cc
:109df000100f08bfb0ec108a80f30988bff36f8f93
:109e0000704700bfaff30080aff30080aff3008076
:109e100040fe012000bf80b582b000af4ff02003ac
:109e200083f31188bff36f8fbff34f8f7b60d2f73f
:109e300087f80346002b03d0064b4ff080521a6080
:109e400000233b603b6883f3118800bf0837bd46a1
:109e500080bd00bf04ed00e080b588b000af786041
:109e60005b4b1b687a689a4202d9594b1b687b602e
:109e700072b6bff34f8fbff36f8fd2f78bfc0346e1
:109e8000002b01d162b69ee0524b06221a60524b63
:109e90001b687b617b69002b02d1504b1b687b6187
:109ea0007b68013b4d4a126802fb03f37a69134455
:109eb000fb614b4b1b6803f08063002b08d0484bc1
:109ec0004ff000721a60454b1b68fa69d31afb61a8
:109ed000444b1b68fa699a4204d9424b1b68fa69e1
:109ee000d31afb61404afb6913603b4b00221a60a6
:109ef000384b1b68374a43f0010313607b68fb60f3
:109f0000fb68002b04d0bff34f8f30bfbff36f8fc0
:109f100062b6bff34f8fbff36f8f72b6bff34f8f31
:109f2000bff36f8f2b4b06221a602a4b1b6803f47a
:109f30008033002b1dd0294b1a68274b1968fb6909
:109f4000cb1a1344013b3b61264b1b683a699a428a
:109f500004d9224b1b683a699a4203d91f4b1b68ec
:109f6000013b3b61204a3b6913607b68013bbb615d
:109f70001ae0194b1b687b61184b1b687a6802fb5f
:109f800003f27b69d31abb60144b1b68ba68b2fb3f
:109f9000f3f3bb61bb690133104a126802fb03f2a1
:109fa0001149bb68d31a0b600b4b00221a60094b96
:109fb00007221a60094b1b680b4a013b1360b86902
:109fc000d1f7fafe62b600bf2037bd4680bd00bfa4
:109fd000fcb1002010e000e018e000e0f8b1002043
:109fe00004ed00e000b2002014e000e080b400af17
:109ff000104b4ff47a421a600e4b1b686ff07f4291
:10a00000b2fbf3f30c4a13600c4b5e221a600c4b4c
:10a0100000221a600b4b00221a600b4b4ff6ff1206
:10a020001a60074b07221a6000bfbd465df8047b2b
:10a03000704700bff8b10020fcb1002000b2002042
:10a0400010e000e018e000e014e000e0dff80c00b1
:10a05000016841f4700101607047000088ed00e084
:04a0600000bf00bf7e
:020000040000fa
:020000040104f5
:10a0640080b58ab000af78605d4b1b68bb615d4b07
:10a074001b683b615c4b1b687b615c4b1b68fb6032
:10a08400584b1b68002b0bd190200df077fd024636
:10a09400544b1a60534b1b68002b01d100239ae0e8
:10a0a400514b1b68002b0cd14ff448700df066fd2a
:10a0b40002464d4b1a604c4b1b68002b01d1002308
:10a0c40089e04b4b1b68002b0bd110200df056fd83
:10a0d4000246474b1a60464b1b68002b01d10023f4
:10a0e40079e0404b1b683b613f4b1b687b617b689d
:10a0f4001b68404a536000237b6251e03c4b1a6862
:10a104007b6adb00134400221a60394b1a687b6aad
:10a11400db00d118364b1a687b6adb0013440a460d
:10a124005a6000233b622de07b6a9b0007f1280202
:10a13400134453f8182c7b6a5b0007f128010b4485
:10a1440033f8103c19463b6a03fb01f31344fb61eb
:10a1540008220021f8690df0f1fffb6900221a6062
:10a16400234b1a687b6adb0013445b68fa691a6044
:10a174001f4b1a687b6adb001344fa695a603b6a16
:10a1840001333b627b6a5b0007f12802134433f816
:10a194001c3c1a463b6a9342c6db7b6a01337b62f2
:10a1a4007b6a012baadd00237b6210e0124a7b6ae2
:10a1b400002142f833107b6adb000f4a1a440e492f
:10a1c4007b6adb000b445a607b6a01337b627b6ae7
:10a1d400012bebdd012318462837bd4680bd00bfa7
:10a1e400d07e050188b000208cb00020d47e05010b
:10a1f40090b0002080b0002070b0002080b584b002
:10a2040000af78607b68002b26d00023fb737b684b
:10a214001b7903f04003dbb2002b01d00123fb7355
:10a22400f3f77dfeb8607b6800221a600c4b1a6855
:10a23400fb7bdb0013445b687a681a60084b1a687e
:10a24400fb7bdb0013447a685a607b68043300228a
:10a254001a70b868f3f778fe00bf1037bd4680bdaa
:10a2640090b0002080b588b002af0346fb80002385
:10a27400fb75fb88202b01d9002353e0fb88042bba
:10a2840001d90123fb75f3f74afe3861fb7d002bee
:10a2940009d1264b1a68fb7ddb0013441b68002b95
:10a2a40001d10123fb75214b1a68fb7ddb001344ac
:10a2b4001b68fb60fb68002b23d01c4b1a68fb7dda
:10a2c400db0013441a68194b1968fb7ddb000b444f
:10a2d40012681a601b68002b0bd1144b1a68fb7da3
:10a2e400db00d118114b1a68fb7ddb0013440a46ce
:10a2f4005a60fb7d002b04d0fa68137943f04003c5
:10a3040013713869f3f720fefb68002b09d1fb8831
:10a314000193074b0093052300220321ef20f2f75a
:10a3240065f9fb6818461837bd4680bd90b000201b
:10a33400d87e050180b584b000af78603960f3f74a
:10a34400eefdf8607b6800221a603b685b687a68ff
:10a354001a607a683b685a607a68137943f080031c
:10a364001371f868f3f7f0fd00bf1037bd4680bde8
:10a3740080b584b000af78600023fb60f3f7cffdb5
:10a38400b8607b681b68002b13d07b681b68fb607c
:10a394007b681b681a687b681a607b681b68002be3
:10a3a40002d17a687b685a60fa6813796ff3c7132d
:10a3b4001371b868f3f7c8fdfb6818461037bd463b
:10a3c40080bd80b584b000af78607b681b79c3f32f
:10a3d4000203dbb2fb73f3f7a2fdb8607b680022d3
:10a3e4001a60fb7b0a4adb0013445b687a681a60d4
:10a3f400fb7b7a680649db000b445a60b868f3f7c4
:10a40400a3fdf3f7bdfd00bf1037bd4680bd00bfff
:10a4140070b0002080b584b000af78607b681b7991
:10a42400c3f30203dbb2fb73f3f779fdb8607b6817
:10a4340000221a60fb7b0a4adb0013445b687a68db
:10a444001a60fb7b7a680649db000b445a60b868e3
:10a45400f3f77afdf3f794fd00bf1037bd4680bdd6
:10a4640070b0002080b584b000af78607b681b7941
:10a47400c3f30203dbb2fb73064b1b685b6afa7b14
:10a48400920005490a44391d1046984700bf103709
:10a49400bd4680bd4cb0002080b0002080b584b0a3
:10a4a40000af78607b681b79c3f30203dbb2fb73f4
:10a4b400064b1b681b6afa7b920005495018391d2c
:10a4c4000022984700bf1037bd4680bd4cb0002025
:04a4d40080b0002034
:020000040000fa
:020000040104f5
:10a4d80080b588b000aff8607b600b467b8113467f
:10a4e8003b817b890333fb83fb8b1846e8f7e6fc4b
:10a4f800b861bb69002b01d1022324e0bb6910338a
:10a508003b6107f110031b211846fcf7f4f83a8960
:10a5180007f1100311461846fcf702f93b697a89de
:10a52800796818460df0fafcfb8bba691946f86889
:10a53800eaf7ccf90346fb82fb8a002b02d0b86904
:10a54800e8f7cbfcfb8a18462037bd4680bd80b5ae
:10a5580088b000aff8607b600b467b8113463b8177
:10a56800fb689b7c002b01d007233fe07b890333ea
:10a57800fb83fb8b1846e8f7a1fcb861bb69002b8d
:10a5880001d1022332e0bb6910333b6107f11003ac
:10a598001d211846fcf7aff83a8907f11003114658
:10a5a8001846fcf7bdf83b697a89796818460df0ba
:10a5b800b5fcfb8bba691946f868eaf787f90346d0
:10a5c800fb82fb8a002b0dd1fb681d229a74fb6865
:10a5d8000122a3f87620fb686c3306491846edf78c
:10a5e8007df902e0b869e8f778fcfb8a184620375d
:10a5f800bd4680bda064d10180b584b000af78604d
:10a608000b46fb707b689b7cfa789a421ad17b6870
:10a6180000229a744ff482700df0aefaf860fb686d
:10a62800002b0dd0fb6814221a707b681a88fb680f
:10a638009a80f868e6f7c3fd0421f868e9f744ff53
:10a64800002300e0012318461037bd4680bd80b5c1
:10a6580086b000aff8600b467a607b811d21f868f0
:10a66800fff7caff0346002b2ed1fb686c33184650
:10a67800edf7f2f94ff482700df07efa78617b699c
:10a68800002b03d1fb6800221a821ee07b690c2292
:10a698001a70fb681a887b699a80fb681a8a7b693a
:10a6a800da80fb681b8a122b09d1fb6800221a8208
:10a6b8007869e6f784fd78690df06afa05e0042107
:10a6c8007869e9f701ff00e000bf1837bd4680bd93
:10a6d80080b588b000af03463960fb80fb88184618
:10a6e800eaf7baf8f861fb69002b01d10323a6e069
:10a6f8003b681b88002b05d03b681b884ff6ff7210
:10a70800934201d103239ae03b685b881a46fb69b0
:10a718009b88033b9a4201d9032390e03b681b883e
:10a72800013b9bb207f1100207f114011846e6f746
:10a73800f7fa034683f00103dbb2002b01d00323b1
:10a748007de07b691b6802223f4918460df0d8fb63
:10a758000346002b01d0032371e07b695b681b78fb
:10a76800fb763b6893f8f8301b2b04d1fb7e03f093
:10a778001003002b09d03b6893f8f8301d2b06d145
:10a78800fb7e03f02003002b01d1032357e03b6835
:10a798001b8801339bb207f1100207f11401184618
:10a7a800e6f7befa034683f00103dbb2002b01d0c3
:10a7b800032344e079693b681b8801339bb21a463e
:10a7c800f869f0f7a8fb0346002b01d0032336e015
:10a7d8007b695a6807f10e0311461846fbf7d0fd4e
:10a7e8003b6893f8f8301b2b0fd1fb8903f001036a
:10a7f800002b0ad03b6859883b681a883b680433a9
:10a80800f869fff765fe034619e03b6893f8f830ee
:10a818001d2b13d1fb8903f00203002b0ed03b68dc
:10a828001a88fb691a823b6859883b681a883b6812
:10a838000433f869fff78bfe034600e0032318464c
:10a848002037bd4680bd00bf7c72050180b584b04d
:10a8580000af78607b68db68fb607b681b89184603
:10a86800ddf710fd034683f00103dbb2002b01d0b6
:10a87800042311e07b681b891846e9f7edffb860ef
:10a88800bb68002b01d1032306e07b681b89f968ac
:10a898001846fff71dff034618461037bd4680bd12
:10a8a80080b584b000af03463960fb80114b1b684c
:10a8b800db6b10209847f860fb68002b01d102235e
:10a8c80013e0fb68fa881a81fb683a68da60f9686d
:10a8d80044f2010007f06efcfb681b887b81054b86
:10a8e8001b681b6cf86898477b8918461037bd466b
:08a8f80080bd00bf4cb0002040
:020000040000fa
:020000040104f5
:10a9000080b500af0021a548fbf78dfda44b0022c8
:10a910001a70a44b00221a70a24b1b78a24a1b018a
:10a920001344a24a1a609f4b1b789f4a1b01134491
:10a9300004339f4a1a609b4b1b789b4a1b011344ac
:10a9400008339c4a1a60974b1b78974a1b011344a3
:10a950000c3302221a80934b1b78934a1b01134439
:10a960000e3300221a708f4b1b788f4a1b01134441
:10a970000f3301221a708b4b1b780133dab2894beb
:10a980001a70884b1b78884a1b0113448a4a1a6044
:10a99000844b1b78844a1b0113440433874a1a6092
:10a9a000804b1b78804a1b0113440833844a1a6089
:10a9b0007c4b1b787c4a1b0113440c3305221a8004
:10a9c000784b1b78784a1b0113440e3300221a700f
:10a9d000744b1b78744a1b0113440f3301221a7005
:10a9e000704b1b780133dab26e4b1a706d4b1b78cb
:10a9f0006d4a1b011344734a1a606a4b1b786a4afa
:10aa00001b0113440433704a1a60664b1b78664a74
:10aa10001b01134408336d4a1a60624b1b78624a6b
:10aa20001b0113440c3304221a805e4b1b785e4ad0
:10aa30001b0113440e3300221a705a4b1b785a4ada
:10aa40001b0113440f3300221a70564b1b7801333d
:10aa5000dab2544b1a70534b1b78534a1b01134400
:10aa60005b4a1a604f4b1b784f4a1b011344043357
:10aa70004a4a1a604b4b1b784b4a1b01134408335c
:10aa8000544a1a60474b1b78474a1b0113440c3346
:10aa900002221a80434b1b78434a1b0113440e3396
:10aaa00020221a703f4b1b783f4a1b0113440f337f
:10aab00011221a703b4b1b780133dab2394b1a70f2
:10aac000384b1b78384a1b0113443b4a1a60354bfc
:10aad0001b78354a1b01134404333f4a1a60314b3b
:10aae0001b78314a1b01134408333c4a1a602d4b32
:10aaf0001b782d4a1b0113440c3305221a80294b65
:10ab00001b78294a1b0113440e3300221a70254b6f
:10ab10001b78254a1b0113440f3301221a70214b65
:10ab20001b780133dab21f4b1a701e4b1b781e4a7a
:10ab30001b0113442a4a1a601a4b1b781a4a1b013c
:10ab400013440433164a1a60164b1b78164a1b012d
:10ab500013440833234a1a60124b1b78124a1b0114
:10ab600013440c3301221a800e4b1b780e4a1b0132
:10ab700013440e3303221a700a4b1b780a4a1b0136
:10ab800013440f3311221a70064b1b780133dab2cb
:10ab9000044b1a70034b1b7826e000bf44ff0120d2
:10aba00048ff012070ff012074ff01207072050131
:10abb000d0760501de7605017c720501e07605019f
:10abc000e6760501d8760501e8760501ec76050103
:10abd00088720501ee760501f0760501f67605012d
:10abe000dc760501f8760501434a1b011344434a0c
:10abf0001a60434b1b78404a1b0113440433414afb
:10ac00001a603f4b1b783c4a1b01134408333e4af1
:10ac10001a603b4b1b78384a1b0113440c33052246
:10ac20001a80374b1b78344a1b0113440e33002221
:10ac30001a70334b1b78304a1b0113440f33012227
:10ac40001a702f4b1b780133dab22d4b1a702c4b34
:10ac50001b78294a1b0113442c4a1a60284b1b7885
:10ac6000254a1b0113440433294a1a60244b1b78dc
:10ac7000214a1b0113440833264a1a60204b1b78d3
:10ac80001d4a1b0113440c3310221a801c4b1b78e5
:10ac9000194a1b0113440e3302221a70184b1b78f9
:10aca000154a1b0113440f3301221a70144b1b78f1
:10acb0000133dab2124b1a70174b00221a60164b8e
:10acc0000d4a5a60144b154a9a60134b10229a8110
:10acd0000b4b1b789bb20f339ab20f4bda810e4ba2
:10ace00001221a74064b1b78012219460a48f0f714
:10acf00059fa0346184680bd74ff01207c72050195
:10ad000070ff0120fc76050102770501d47605016c
:10ad10004cff0120047705015cff01200877050145
:020000040000fa
:020000040104f5
:10ad200080b483b000af7860044a7b68136000bfd2
:10ad30000c37bd465df8047b704700bf9cb1002016
:10ad400080b483b000af7860044a7b68136000bfb2
:10ad50000c37bd465df8047b704700bfa0b10020f2
:10ad600080b400af034b1b781846bd465df8047bea
:10ad7000704700bfa4b1002080b483b000af034689
:10ad8000fb71044afb79137000bf0c37bd465df8b8
:10ad9000047b7047a4b1002080b582b000af0346a9
:10ada000fb71fb79002b15d00e4b1b6898470346af
:10adb000002b0dd00c4b01221a700c4b1b7883f02a
:10adc0000103dbb2002b01d0012307e0022305e0e1
:10add000002303e0044b00221a70002318460837b2
:10ade000bd4680bd9cb10020a4b10020a5b10020cb
:10adf00080b485b000af78600023fb6018e000bf2e
:10ae000000bf00bf00bf00bf00bf00bf00bf00bf4a
:10ae100000bf00bf00bf00bf00bf00bf00bf00bf3a
:10ae200000bf00bf00bf00bf00bffb680133fb6075
:10ae3000fa687b689a42e2d300bf1437bd465df8da
:10ae4000047b704780b584b000aff3f76af8b86050
:10ae5000314b03f5d1531b68c3f38003dbb2012be5
:10ae60001fd12d4b03f5d05314331a8842f0010241
:10ae70001a8000bf284b03f5d05314331b68c3f36b
:10ae80000003dbb2012bf5d0244b1b687b60244b05
:10ae90001b687a68d31a012b03d9b868f3f756f800
:10aea00036e0204b01221a701f4b5b681e4a43f4a8
:10aeb000000353601c4b5b6afb6002e01a4b5b6a49
:10aec000fb60fb6803f01003002bf7d0b868f3f7c2
:10aed0003df840f27710fff78bfff3f722f8b860e8
:10aee000104b1b78002b10d00b4a138e43f08003bd
:10aef00013860d4b1b6afb6002e00b4b1b6afb6069
:10af0000fb6803f48033002bf7d0b868f3f71ef822
:10af10001037bd4680bd00bf00240141083e0141fd
:10af2000a8b10020a5b100200040014180b483b049
:10af300000af134b1b68124a43f480131360114a8d
:10af4000138e6ff3c71313860d4b1b6a7b6002e0f1
:10af50000b4b1b6a7b607b6803f44033b3f5003f07
:10af6000f6d1074b5b68064a23f400035360064b97
:10af700000221a7000bf0c37bd465df8047b704795
:10af80000040014100240141a5b1002080b400af80
:10af9000034b00221a7000bfbd465df8047b70476a
:10afa000a5b1002080b400af034b1b781846bd4606
:10afb0005df8047b704700bfa5b1002090b585b057
:10afc00000af786039600023fb731e4b1b7883f061
:10afd0000103dbb2002b2ad0f2f7a3ffb8601a4bb3
:10afe00003f5d05314331a8842f001021a8000bfcf
:10aff000154b03f5d05314331b68c3f30003dbb2c6
:10b00000012bf5d0114b1b68114a1360114b1c68c2
:10b010000c4b18780e4b19683b687a68a0470346ba
:10b02000002b01d00123fb73b868f2f78ffffb7b85
:10b03000002b01d0fff706fffb7b18461437bd46f7
:10b0400090bd00bfa5b1002000240141083e014190
:10b05000a8b10020a0b1002090b583b000af786007
:10b0600039600b4b1b78002b0dd00a4b1c68084b2a
:10b070001878094b19683b687a68a0470346002b8b
:10b0800001d0012300e0002318460c37bd4690bdd7
:10b09000a5b10020a0b10020a8b1002080b582b0e9
:10b0a00000af174b5b68164a43f400035360144b20
:10b0b0005b6a7b6002e0124b5b6a7b607b6803f03b
:10b0c0001003002bf7d040f27710fff791fe0d4ae6
:10b0d000138e43f080031386094b1b6a7b6002e0ea
:10b0e000074b1b6a7b607b6803f48033002bf7d02f
:10b0f000054b01221a7000bf0837bd4680bd00bf56
:10b100000040014100240141a5b1002080b582b07a
:10b1100000aff2f706ff7860074b1b78002b03d0d7
:10b12000fff704ffecf77efe7868f2f70fff00bf31
:0cb130000837bd4680bd00bfa5b100205f
:020000040000fa
:020000040104f5
:10b13c002de9f04fedb0002305461646039104931c
:10b14c009946039b1b78002b62d00023cde9053375
:10b15c0007930aab089303a98023284609930cf0a4
:10b16c0020fd0446039b1a780ab1252a40d1049885
:10b17c00204404901a78252a31d15a1c00240392b9
:10b18c0007945a782a2a04bf02330393039808bf02
:10b19c0001240cf091f90146079028460cf072ff3f
:10b1ac00039b1a78303a092a48d903a80cf0e4fa20
:10b1bc00039b804618780df00bf8672861dc652836
:10b1cc0080f2c680612800f0c3803adc252800f0ac
:10b1dc00ef805b2800f00c81039b013303937b1cf5
:10b1ec0040f0f980b9f1000f08bf4ff0ff390fe0c4
:10b1fc00eb6bea6c93420fd25a1cea631f78039be9
:10b20c001b78bb420ed0eb6c13b1eb6b013beb63c9
:10b21c0048466db0bde8f08f28460bf07dfe074622
:10b22c000130ecd1049b01330493039b03a901333c
:10b23c00284603930cf0b5fc044493e701330393c5
:10b24c00aee7632800f098806428c5d104ab05aa4a
:10b25c002aa9284606f05cfa0028c0f26a81039bf2
:10b26c0001330393002c40f0b68033460122414653
:10b27c002aa80bf07bfa0028044667da0134b1d017
:10b28c00c6e7702841d00bdc6e2850d02fdc692823
:10b29c00a2d104ab05aa2aa9284606f039fadbe7a5
:10b2ac00752813d0782829d0732895d1b8f1800f40
:10b2bc0092d1039b01330393002c77d133681a1d71
:10b2cc0032601b680093012204ab68e004ab05aa52
:10b2dc002aa9284606f01cfa0028c0f22a81039bf2
:10b2ec0001330393002c76d133462246bfe704abdf
:10b2fc0005aa2aa9284606f00bfaede704ab05aa25
:10b30c002aa9284609f036fee6e704ab05aa2aa9c5
:10b31c00284609f02ffe0028c0f20b81039b013355
:10b32c000393002c57d133462246f021a0e7039b10
:10b33c00049a01330393d317cde92a23002c4ad165
:10b34c003346224641462aa80bf010faa144f8e6ef
:10b35c0004ab05aa2aa9284606f0daf90028c0f29f
:10b36c00e880039b01330393002c34d132464146d1
:10b37c002aa80cf07df87ee7b8f1800f7ff42caf93
:10b38c00079b0bb901230793039b013303935cb910
:10b39c0033681a1d32601b680093002204ab05a9a8
:10b3ac00284609f099ff66e70023f5e7002389e7b3
:10b3bc00b8f1800f7ff410af039bea6c0133039359
:10b3cc00eb6b934209d25a1cea631878252808d1f2
:10b3dc00049b013304930024b8e728460bf09cfd32
:10b3ec00f4e7eb6c002bf6d0eb6b013beb63f2e775
:10b3fc00b8f1800f7ff4f0ae002c39d133681a1df0
:10b40c003260d3f80080039b5a1c03925a785e2a50
:10b41c000cbf012700272aac08bf023340f20112ef
:10b42c003946204608bf03930cf084fe002323709a
:10b43c00039b1a782d2a1ed101330393c7f1010304
:10b44c0084f82e30c7f10107039a13785d2b1bd1ba
:10b45c00b8f1000f5cd1eb6bea6c934264d25a1cce
:10b46c00ea631f78e3195b78002b59d19a463ae0ce
:10b47c004ff00008c7e75d2ae4d101330393c7f10d
:10b48c00010384f85e30dde7002be1d02d2b06d0d4
:10b49c00039b13f8012b039322445770d4e7049bae
:10b4ac001b78002bf4d05d2bf2d0531c0393029b22
:10b4bc001b7851788b42ebda0133e754f9e700bf84
:10b4cc0008f80b70049b013304930bf1010bea6b2e
:10b4dc00eb6c9a42da461ed2531ceb631778e319d5
:10b4ec005b78002becd1eb6c13b1eb6b013beb639a
:10b4fc00039b01330393baf1000f3ff46daeb8f127
:10b50c00000f3ff469ae002308f80a3001241de750
:10b51c004ff0000bdbe728460bf0fefc0746dee79e
:10b52c00049b0133049396e728460bf0f5fc074681
:08b53c0098e70446a2e600bff7
:020000040000fa
:020000040104f5
:10b544002de9f04f242985b006460f46144601d84c
:10b55400012903d1b64b16221a6050e0f36bf26c4a
:10b56400934220d25a1cf26318782028f6d0a0f116
:10b574000903042bf2d92b2801d02d281bd1f36bfe
:10b58400f26c2d284ff0ff3a18bf4ff0000a934297
:10b594000dd25a1cf2631878f26c7fb1102f4ed181
:10b5a40030280dd04be030460bf0bafcdde73046d6
:10b5b4000bf0b6fcf0e74ff0000aede730283dd180
:10b5c400f36b934222d25a1cf263187840f02003a2
:10b5d400782b2ad1f36bf26c93421bd25a1cf26380
:10b5e4001878944b03445b780f2b40f2c180f36cc2
:10b5f400002b00f09581f36b84b1023bf3630024cc
:10b6040000252046294605b0bde8f08f30460bf0f2
:10b6140087fcdbe730460bf083fce2e7013bf36396
:10b62400002130460cf032fde9e7002f00f0eb80fa
:10b634000a2f40f09e8000247f4d1ae00a277d4b9c
:10b6440003445b78bb42f3d312b1f36b013bf36366
:10b65400002130460cf01afd7ce70a2303fb0404a6
:10b66400f26bf36c9a42a4f130046bd2531cf36373
:10b674001078a0f13003092b01d8ac42edd9002594
:10b68400a0f1300109293dd86c4b4ff09932ab42ff
:10b6940008bfa24217d34fea850ca3001b194cea3a
:10b6a400947245eb020213eb03086fea0103009363
:10b6b4004ff0ff33019342eb0209dde900234b45d0
:10b6c40008bf424542d25b4b184498464278ba427e
:10b6d40018d2f36bf26c934280f00a815a1cf26325
:10b6e400187840444378bb42f3d3514b0e9922223d
:10b6f4001a60dde90e45002301f00102134318bf6f
:10b704004ff0000af36c13b1f36b013bf363dde913
:10b714000e239d4208bf9442c0f0fa800e99002384
:10b7240001f00102134340f0e780baf1000f40f04a
:10b73400e3803f4b22221a600f9b11f1ff3443f147
:10b74400ff355ee730460bf0ebfb92e718eb0104a4
:10b754004ff0000349eb0305f26bf36c9a4203d2fa
:10b76400531cf36310788be730460bf0d9fb87e763
:10b7740010277c1e3c402f4d40f0b48017237b43a0
:10b78400c3f342132b4493f801b12b185b789f4207
:10b7940002d9b4f1006f38d34ff0ff33cbf120015d
:10b7a400abf1200223fa0bf803fa01f148ea01088d
:10b7b40023fa02f2002548ea020823fa0bf91d4b8a
:10b7c400034459788f427ff67eafa94508bfa04550
:10b7d400fff479afabf1200004fa00f005fa0bf2a4
:10b7e400cbf12003024324fa03f342ea0305f26b8c
:10b7f400f36c04fa0bf09a4241ea000414d2531c8d
:10b80400f3631078dbe70827b3e704fa0bf41c436f
:10b81400f26bf36c9a4203d2531cf3631078b4e7cf
:10b8240030460bf07dfbb0e730460bf079fbc6e702
:10b83400d8b20020d846050198999919999999196f
:10b8440004fb0734f26bf36c9a4247d2531cf36344
:10b8540010782b185b789f4202d9334a9442efd96f
:10b864000025324b034459788f427ff62caf4ff0ba
:10b8740000084ff0000965b1a4fb07234ff0000c4a
:10b884001a466346e5fb07231bb14ff001084ff04e
:10b89400000958ea09037ff416af5ffa81f86feaea
:10b8a400080102914ff0ff310391dde902bca7fbcf
:10b8b400042307fb05339c4508bf93454ff000095b
:10b8c400fff401af12eb080443eb0905f26bf36cd0
:10b8d4009a4209d2531cf3631078c2e730460bf046
:10b8e4001ffbb6e70024b4e730460bf019fbb8e7ba
:10b8f40030460bf015fbf4e6dde90e23ab4208bf3e
:10b90400a24205d20a4b22221a60dde90e4578e6ee
:10b91400baf1ff3f7ff475ae644265eb450570e60e
:10b92400002c7ff46cae7be6c6711c07d84605017b
:04b93400d8b2002065
:020000040000fa
:020000040104f5
:10b9380080b582b000af78607b6808334ff0ff3184
:10b94800184602f00ef80346002b01d1002300e050
:10b95800012318460837bd4680bd80b582b000afc8
:10b9680078607b680833184602f01cf800bf083777
:10b97800bd4680bd80b584b000af786039607b6813
:10b98800002b07d17a6813465b0013449b00104aca
:10b99800134400e00023fb603b68bb60fb68002b9e
:10b9a8000fd0fb680833184601f0afff0346012ba0
:10b9b80009d1bb681a68fb681a60fb6801221a7112
:10b9c80002e000bf00e000bf1037bd4680bd00bfe9
:10b9d800ecb1002080b586b000aff860b9607a603d
:10b9e80000237b61fb68002b07d1fa6813465b00d4
:10b9f80013449b00134a134400e000233b613b6956
:10ba0800002b02d14ff0ff3317e03869fff790ffa2
:10ba1800034683f00103dbb2002b02d04ff0ff3363
:10ba28000be03b691b681b687968b8689847034650
:10ba38007b613869fff791ff7b6918461837bd4667
:10ba480080bd00bfecb1002080b584b000af786045
:10ba58000023fb607b68002b07d17a6813465b00e4
:10ba680013449b00124a134400e00023bb60bb68e8
:10ba7800002b02d14ff0ff3315e0b868fff758ffed
:10ba8800034683f00103dbb2002b02d04ff0ff33f3
:10ba980009e0bb681b685b6898470346fb60b868a9
:10baa800fff75bfffb6818461037bd4680bd00bf37
:10bab800ecb1002080b584b000af78600023fb6053
:10bac8007b68002b07d17a6813465b0013449b0000
:10bad800124a134400e00023bb60bb68002b02d16c
:10bae8004ff0ff3315e0b868fff722ff034683f0f5
:10baf8000103dbb2002b02d04ff0ff3309e0bb6833
:10bb08001b689b6898470346fb60b868fff725ffea
:10bb1800fb6818461037bd4680bd00bfecb1002059
:10bb280080b586b000aff860b9607a6000237b61a9
:10bb3800fb68002b07d1fa6813465b0013449b008f
:10bb4800134a134400e000233b613b69002b02d1f8
:10bb58004ff0ff3317e03869fff7eafe034683f03a
:10bb68000103dbb2002b02d04ff0ff330be03b693f
:10bb78001b68db687968b868984703467b61386951
:10bb8800fff7ebfe7b6918461837bd4680bd00bf3e
:10bb9800ecb1002080b584b000af78600023fb6072
:10bba8007b68002b07d17a6813465b0013449b001f
:10bbb800124a134400e00023bb60bb68002b02d18b
:10bbc8004ff0ff3315e0b868fff7b2fe034683f085
:10bbd8000103dbb2002b02d04ff0ff3309e0bb6852
:10bbe8001b685b6998470346fb60b868fff7b5feba
:10bbf800fb6818461037bd4680bd00bfecb1002079
:10bc080080b584b000af78600023fb607b68002bb0
:10bc180007d17a6813465b0013449b00124a134409
:10bc280000e00023bb60bb68002b02d14ff0ff335c
:10bc380015e0b868fff77cfe034683f00103dbb22a
:10bc4800002b02d04ff0ff3309e0bb681b681b696b
:10bc580098470346fb60b868fff77ffefb68184605
:10bc68001037bd4680bd00bfecb1002080b483b062
:10bc780000af7860012318460c37bd465df8047b99
:10bc8800704780b485b000af78607b68002b07d11f
:10bc98007a6813465b0013449b00094a134400e08a
:10bca8000023fb60fb68002b01d1032301e0fb6844
:10bcb8001b7918461437bd465df8047b704700bff2
:10bcc800ecb1002080b483b000af7860396000bf69
:0cbcd8000c37bd465df8047b704700bfd0
:020000040000fa
:020000040104f5
:10bce400600798040f0f3e0003030e0000100200cb
:10bcf4000000000000000000400040400000000080
:10bd0400000000000000000000000000000000002f
:10bd140000000000000020000000000000000000ff
:10bd2400000400000000000000000000000000000b
:10bd3400000460000000000000000000000000009b
:10bd44000000000000000000600400000300000088
:10bd5400000000000000000000000000008040c05f
:10bd640020a060e0109050d030b070f0088848c82f
:10bd740028a868e8189858d838b878f8048444c4cf
:10bd840024a464e4149454d434b474f40c8c4ccccf
:10bd94002cac6cec1c9c5cdc3cbc7cfc028242c287
:10bda40022a262e2129252d232b272f20a8a4acacf
:10bdb4002aaa6aea1a9a5ada3aba7afa068646c66f
:10bdc40026a666e6169656d636b676f60e8e4ece6f
:10bdd4002eae6eee1e9e5ede3ebe7efe018141c133
:10bde40021a161e1119151d131b171f1098949c99f
:10bdf40029a969e9199959d939b979f9058545c53f
:10be040025a565e5159555d535b575f50d8d4dcd3e
:10be14002dad6ded1d9d5ddd3dbd7dfd038343c3f6
:10be240023a363e3139353d333b373f30b8b4bcb3e
:10be34002bab6beb1b9b5bdb3bbb7bfb078747c7de
:10be440027a767e7179757d737b777f70f8f4fcfde
:10be54002faf6fef1f9f5fdf3fbf7fff00000580a5
:10be64000f800a001b801e001400118033803600ee
:10be74003c00398028002d802780220063806600e2
:10be84006c00698078007d80778072005000558056
:10be94005f805a004b804e0044004180c380c6003e
:10bea400cc00c980d800dd80d780d200f000f580b6
:10beb400ff80fa00eb80ee00e400e180a000a580a2
:10bec400af80aa00bb80be00b400b180938096000e
:10bed4009c00998088008d80878082008381860100
:10bee4008c01898198019d8197819201b001b5816e
:10bef400bf81ba01ab81ae01a401a181e001e5815a
:10bf0400ef81ea01fb81fe01f401f181d381d601c5
:10bf1400dc01d981c801cd81c781c20140014581bd
:10bf24004f814a015b815e01540151817381760125
:10bf34007c01798168016d81678162012381260119
:10bf44002c01298138013d8137813201100115818d
:10bf54001f811a010b810e01040101810383060371
:10bf64000c03098318031d831783120330033583dd
:10bf74003f833a032b832e032403218360036583c9
:10bf84006f836a037b837e03740371835383560335
:10bf94005c03598348034d8347834203c003c5832d
:10bfa400cf83ca03db83de03d403d183f383f60395
:10bfb400fc03f983e803ed83e783e203a383a60389
:10bfc400ac03a983b803bd83b783b20390039583fd
:10bfd4009f839a038b838e038403818380028582eb
:10bfe4008f828a029b829e0294029182b382b6025d
:10bff400bc02b982a802ad82a782a202e382e60251
:10c00400ec02e982f802fd82f782f202d002d582c4
:10c01400df82da02cb82ce02c402c18243824602ac
:10c024004c02498258025d82578252027002758224
:10c034007f827a026b826e02640261822002258210
:10c044002f822a023b823e0234023182138216027c
:10c054001c02198208020d82078202025b43414ed0
:10c064005d205478204661696c65643a20307825f7
:04c07400580d0a0059
:020000040000fa
:020000040104f5
:10c0780080b485b000af786039607b68fb6004e00d
:10c08800fb685a1cfa6000221a703b685a1e3a6014
:10c09800002bf5d100bf1437bd465df8047b70470f
:10c0a80080b586b000aff860b9607a603b60fb6825
:10c0b800d3f8183113f1020f0dd07b68202b02d969
:10c0c8006ff0ac0333e0fb6803f5b4737a68b968c2
:10c0d80018460bf023ff7b6a002b0bd07b68102bd4
:10c0e80008d07b68182b05d07b68202b02d06ff016
:10c0f800ac031ce07a68fb68c3f8f4207b689b08f3
:10c108009a1dfb68c3f8f0207b68f02b02d96ff00a
:10c11800ac030ce0fb687b617a68b96878690bf05e
:10c12800fdfe3968f86800f04af838613b6918463e
:10c138001837bd4680bd80b586b002aff860b960db
:10c148007a603b60fb68002b02d16ff0ac0310e013
:10c158007b68f02b02d96ff0ac030ae0012301934e
:10c16800bb6900933b687a68b968f868fff798ff7d
:10c17800034618461037bd4680bd80b586b002af6d
:10c18800f860b9607a603b60fb68002b02d16ff001
:10c19800ac0310e07b68f02b02d96ff0ac030ae027
:10c1a80000230193bb6900933b687a68b968f86813
:10c1b800fff776ff034618461037bd4680bd80b5a9
:10c1c80082b000af786039607b68002b02d16ff0d5
:10c1d800ac0312e03b68002b07d07b68f8331022d1
:10c1e800396818460bf09afe06e07b68f83310228f
:10c1f800002118460bf0a0ff002318460837bd465b
:10c2080080bd80b584b000aff860b9607a60ba6864
:10c218007968f868f8f7d8f8034618461037bd4625
:10c2280080bd80b584b000aff860b9607a60ba6844
:10c238007968f868f8f73cf9034618461037bd46a0
:10c2480080bd80b487b000aff860b9607a60002321
:10c258007b61fb68002b02d16ff0ac030ce0fb683c
:10c26800ba68c3f89421fb687a68c3f81821fb6898
:10c278000022c3f81c217b6918461c37bd465df8af
:10c28800047b704780b586b000aff860b9607a600b
:10c298003b6000237b61fb68002b02d16ff0ac038d
:10c2a8007b617b69002b08d17b68002b02db7b68f4
:10c2b800202b02dd6ff083037b617b69002b05d1a6
:10c2c8003a6a3968f868fff7bcff78617b69002b28
:10c2d8000fd1fb6803f590737a68b96818460bf0bc
:10c2e8001dfefb687a68c3f84021fb680022c3f88a
:10c2f80064217b6918461837bd4680bd80b586b075
:10c3080000aff860b9607a603b6000237b6100236e
:10c318003b61fb68002b02d0bb68002b02d16ff099
:10c32800ac037b617b69002b0dd1b8680bf0a0fed4
:10c3380003463b613b69002b02d03b69202b02dda1
:10c348006ff083037b617b69002b05d13a687968bc
:10c35800f868fff776ff78617b69002b0fd1fb68df
:10c3680003f5a2733a69b96818460bf0d7fdfb6864
:10c378003a69c3f86421fb680022c3f840217b694d
:10c3880018461837bd4680bd80b582b000af7860ca
:10c398007b68002b07d07b6803f5b473202118460f
:10c3a800fff766fe00e000bf0837bd4680bd80b4d9
:10c3b80085b000af786039600023fb607b68002b94
:10c3c80002d03b68002b02d16ff0ac030fe07b6812
:10c3d800d3f8f0300a2b03d13b6810221a6005e02d
:10c3e8003b6800221a606ff0ac03fb60fb681846dc
:0ac3f8001437bd465df8047b704762
:020000040000fa
:020000040104f5
:02c40200fee753
:020000040000fa
:020000040104f5
:10c4040080b582b000af78603960054b00221a60b5
:10c414007968386800f0d8f800bf0837bd4680bd99
:10c4240068b1002080b588b002af78600023fb605b
:10c43400444b1a687b681340002b69d17b68002b3e
:10c444000cd07b6808337b607b6803f00703002b08
:10c4540004d07b6823f0070308337b607b68002be0
:10c4640056d0394b1b687a689a4251d8374b3b6196
:10c47400364b1b687b6104e07b693b617b691b680d
:10c484007b617b695b687a689a4203d97b691b6824
:10c49400002bf1d12e4b1b687a699a4238d03b6944
:10c4a4001b680833fb607b691a683b691a607b6907
:10c4b4005a687b68d31a102b0fd97a697b681344a6
:10c4c400bb607b695a687b68d21abb685a607b6917
:10c4d4007a685a60b86800f0d7f81b4b1a687b6911
:10c4e4005b68d31a184a1360174b1a68194b1b68f8
:10c4f4009a4203d2144b1b68164a13607b695a682c
:10c50400104b1b681a437b695a607b6900221a60ce
:10c51400fb68002b11d1104b1b68002b03d00e4b72
:10c524001b68002098477b6801930c4b00930523fc
:10c5340000220221ef20f0f759f8fb68184618375b
:10c54400bd4680bd74b100206cb1002060b10020f4
:10c5540068b1002070b100206cb000204880050153
:10c5640080b584b000af78607b68fb607b68002b8b
:10c5740021d0fb68083bfb60fb68bb60bb685a6862
:10c584000f4b1b681340002b15d0bb681b68002b96
:10c5940011d1bb685a680a4b1b68db431a40bb685d
:10c5a4005a60bb685a68074b1b681344054a1360fa
:10c5b400b86800f069f800bf1037bd4680bd00bf01
:10c5c40074b100206cb1002080b487b000af7860f3
:10c5d40039603b683b617b687b617b6903f00703df
:10c5e400002b0cd07b6907337b617b6923f0070345
:10c5f4007b617a687b69d31a3a6913443b617b692e
:10c60400fb601c4afb6813601a4b00225a60fb68eb
:10c614003a6913447b617b69083b7b617b6923f046
:10c6240007037b617b69144a1360134b1b68002268
:10c634005a60114b1b6800221a60fb68bb60bb6820
:10c644007a69d21abb685a600b4b1a68bb681a60c5
:10c65400bb685b68094a1360bb685b68084a13607f
:10c66400084b4ff000421a6000bf1c37bd465df80e
:10c67400047b704760b1002068b1002070b10020d5
:10c684006cb1002074b1002080b485b000af786034
:10c69400284bfb6002e0fb681b68fb60fb681b68bf
:10c6a4007a689a42f7d8fb68bb60fb685b68ba6833
:10c6b40013447a689a4208d1fb685a687b685b68bd
:10c6c4001a44fb685a60fb687b607b68bb607b68cc
:10c6d4005b68ba681a44fb681b689a4218d1fb6805
:10c6e4001a68154b1b689a420dd07b685a68fb6820
:10c6f4001b685b681a447b685a60fb681b681a688d
:10c704007b681a6008e00c4b1a687b681a6003e0c7
:10c71400fb681a687b681a60fa687b689a4202d0e0
:10c72400fb687a681a6000bf1437bd465df8047b65
:10c73400704700bf60b1002068b1002080b400af32
:10c74400034b1b681846bd465df8047b704700bf69
:04c754006cb10020a4
:020000040000fa
:020000040104f5
:10c7580080b5c8b000af3b1d18603b1d07f586705b
:10c76800082219680bf0dafb3b1d1b685b8818462a
:10c7780001f02df90346c7f81031d7f81031002b16
:10c788005dd0d7f810013b1d1b6859683b1d1b681d
:10c798005b881a460bf0c2fbd7f81031c7f8103186
:10c7a8003b1d1b681b78042b26d1d7f81031c7f81e
:10c7b8001c31d7f81c311b78122b1dd1d7f81c312e
:10c7c8009b7a9b00184601f002f9c7f81801d7f8c0
:10c7d8001831002b10d0d7f81c315968d7f81c3104
:10c7e8009b7a9b001a46d7f818010bf097fbd7f8ed
:10c7f8001c31d7f818215a6007f1080300221a7073
:10c8080007f1080301333a1d126812781a7007f10c
:10c81800080301333a1d126852885a8007f1080349
:10c828000133d7f810215a6007f10803c7f814310b
:10c838000022d7f81411044806f008f900e000bff8
:10c8480007f59077bd4680bd3c01002080b582b0d9
:10c8580000af78607b681b78013b032b22d801a2cc
:10c8680052f823f07dc8040189c8040195c8040161
:10c87800a1c804017b685b68184605f039f912e025
:10c888007b685b68184605f074f90ce07b685b68a8
:10c89800184605f0cef906e07b685b68184605f097
:10c8a80088f900e000bf786803f05cf87b685b6893
:10c8b800184601f098f800bf0837bd4680bd80b41f
:10c8c80083b000af786000bf0c37bd465df8047bcd
:10c8d800704790b59db000af2d4b07f150040fcbba
:10c8e80007c4238002341b0c23702a4a07f124034f
:10c8f80007ca83e8070007f16e0319460920dbf72a
:10c908009bff07f160030e22002118460bf014fc70
:10c918002023a7f860302023a7f86230002387f887
:10c928006430072387f86c30002387f86d3007f1ef
:10c9380060031846f3f7ecff0f2387f8303097f8b9
:10c9480030301a4607f1500107f130030133184619
:10c958000bf0e4fa07f130031846f3f78cff0c23c9
:10c968003b713b791a4607f124013b1d01331846f8
:10c978000bf0d4fa3b1d1846f3f7a4ff07f16f0339
:10c9880019461420dbf784ff00bf7437bd4690bdfd
:10c99800e07c0501f07c050180b58cb000af224a2f
:10c9a80007f1240307ca03c31a8007f124031946b1
:10c9b8000a20dbf749fe00233b7000237b8000231d
:10c9c8003b713b461846dbf7a3fd07f11c03052224
:10c9d800002118460bf0b0fb03233b777b7f43f025
:10c9e8000103dbb27b777b7f43f00803dbb27b7705
:10c9f80007f11c031846f5f731f90123bb7601232b
:10ca08003b7606233b824ff448637b820023bb823c
:10ca180040f2f313fb8207f11003184602f0b3ff4c
:10ca280000bf3037bd4680bdfc7c050180b500af36
:10ca3800dbf749fdf4f714f804f0fcf900bf80bdfa
:10ca480080b582b000af0023fb800c4805f0f4fbf2
:10ca5800e6f7f8fbfb881846e4f770fff5f7f0f8ff
:10ca680002f046ff064802f05bff09f0f7fdfff70a
:10ca780093ff00bf0837bd4680bd00bf59c70401fa
:10ca88008b1c050180b500affff7d0fffff721ff32
:08ca9800fff7d6ff00bf80bdcf
:020000040000fa
:020000040104f5
:10caa00080b483b000af78603960064a7b68136059
:10cab000044a3b68536000bf0c37bd465df8047bf9
:10cac000704700bf50b2002080b582b000af074b66
:10cad0001b68002b06d0054b5b687b60034b1b6813
:10cae0007868984700bf0837bd4680bd50b2002027
:10caf00080b400af064b00221a62054b054a1a6249
:10cb0000034b054a1a6200bfbd465df8047b7047bf
:10cb100000060044556699aaaa99665580b586b064
:10cb200000af78600b46fb70eff31083fb60fb688f
:10cb30007b6172b6104a7b6813630f4b4ff48042df
:10cb40005a600d4b0f225a60fb780b4a03f00f031b
:10cb50009360094b4ff480429a60fff7c9ff064b80
:10cb60004ff400429a607b693b613b6983f3108814
:10cb700000bf1837bd4680bd0006004480b500af39
:10cb8000034b1b6b00211846fff7c8ff00bf80bd99
:10cb90000006004480b586b000aff860b9607a60e6
:10cba0007b687b61ba687969f8680bf0bbf901238f
:10cbb00018461837bd4680bd80b582b000af78609a
:10cbc0003960064a7b68136401213868fff7a6ffc5
:10cbd000012318460837bd4680bd00bf000600444b
:10cbe00080b582b000af78603960124a7b681b68fc
:10cbf00013647b6804337b600e4a7b681b68136593
:10cc00007b6804337b600b4a7b681b6813667b6818
:10cc100004337b60074a7b681b6813677b680433b7
:10cc20007b6002213868fff779ff01231846083737
:10cc3000bd4680bd0006004480b582b000af78607c
:10cc40003960064a7b68c2f8c03003213868fff7b4
:10cc500065ff012318460837bd4680bd0006004425
:10cc600080b582b000af786004217868fff756ff86
:10cc7000012318460837bd4680bd80b400af044b81
:10cc80001b6803f440531846bd465df8047b7047ab
:10cc90000006004480b400af064b1b6803f4004359
:10cca000002b14bf01230023dbb21846bd465df8fc
:10ccb000047b70470006004480b586b000af786002
:10ccc0003960eff31083fb60fb687b6172b6fff79e
:10ccd0000fff114b4ff00042c3f8d0200e4b4ff026
:10cce0000042c3f8e8207b6823f07f430a4a43f000
:10ccf0000043c2f8d0303b6823f07f43064a43f03c
:10cd00000043c2f8e0307b693b613b6983f31088e4
:10cd100000bf1837bd4680bd0006004480b584b012
:10cd200000afeff310837b607b68fb6072b6fff7a8
:10cd3000dffe094b4ff00042c3f8d420064b4ff002
:10cd40000042c3f8e420fb68bb60bb6883f3108833
:10cd500000bf1037bd4680bd0006004480b586b0d8
:10cd600000af7860eff31083fb60fb687b6172b605
:10cd7000fff7befe074a7b6823f07f43c2f8f4301a
:10cd80007b693b613b6983f3108800bf1837bd4660
:10cd900080bd00bf0006004480b586b000af78605b
:10cda000eff31083fb60fb687b6172b6fff7a0feb8
:10cdb000074a7b6823f07f43c2f8f8307b693b6108
:10cdc0003b6983f3108800bf1837bd4680bd00bfa4
:04cdd0000006004415
:020000040000fa
:020000040104f5
:10cdd40080b483b000af0346fb80054a136843f078
:10cde4000103136000bf0c37bd465df8047b704738
:10cdf400c400002080b584b000aff860b9607a60e8
:10ce0400bb68032b2ad17b6804331b6818460af0dd
:10ce140057fb0346012b0bd17b6808331b6813496e
:10ce2400184602f0cdfe4ff48050f4f73dfb19e0b4
:10ce34007b6804331b6818460af042fb0346022b46
:10ce44000cd17b6808331b6807220949184602f095
:10ce540027ff4ff48050f4f727fb03e00549002037
:10ce6400f6f748fe1037bd4680bd00bf1cb2002057
:10ce74001eb20020d41c0501f0b58bb006aff860db
:10ce8400b9607a60bb68022b39d17b6804331b68b4
:10ce940018460af015fb0346012b07d11b4b1b88d0
:10cea4001a461b490020f6f725fe2ce07b68043364
:10ceb4001b6818460af004fb0346022b1fd1134bd0
:10cec4009b781d46114bdb781e46104b1b791a4686
:10ced4000e4b5b7919460d4b9b7918460b4bdb794e
:10cee4001c460a4b1b7a049303940290019100920e
:10cef40033462a4607490020f6f7fcfd03e00649bd
:10cf04000020f6f7f7fd1437bd46f0bd1cb2002033
:10cf1400f81c0501001d0501281d050180b584b01c
:10cf240000aff860b9607a60bb68012b07d1074b8a
:10cf340000221a804ff48050f4f7b6fa03e0044953
:10cf44000020f6f7d7fd1037bd4680bd1cb2002087
:10cf5400441d050180b584b000aff860b9607a6003
:10cf640002f0c4fe00bf1037bd4680bdf0b58bb0e3
:10cf740006aff860b9607a60144b1b8819461448f0
:10cf8400d8f7faf9114b9b781d46104bdb781e46f7
:10cf94000e4b1b791a460d4b5b7919460b4b9b794b
:10cfa40018460a4bdb791c46084b1b7a04930394fe
:10cfb40002900191009233462a4606490020f6f772
:10cfc40099fd00bf1437bd46f0bd00bf1cb2002060
:10cfd4005c1d0501701d050180b584b000aff860cb
:10cfe400b9607a60c1f785f900bf1037bd4680bdce
:10cff40080b500af134b144a06211448d7f7c0fe7e
:10d004001348f4f7f3f94ff48050f4f79bfb03460d
:10d0140083f00103dbb2002b0ad04ff480514ff4ac
:10d02400805009f02bf94ff48050f4f73dfa03e0f7
:10d034004ff48050f4f7a9fb0648d8f79df900bfd8
:10d0440080bd00bf8c1e0501a81e0501441e0501fc
:10d05400d5cd0401ac1e050180b400af034b1b8881
:10d064001846bd465df8047b704700bf1cb2002023
:10d0740080b483b000af78607a68074b02331968d4
:10d08400116099889b7991809371002318460c371d
:10d09400bd465df8047b70471cb2002080b483b0a9
:10d0a40000af0123fb71134b1b88002b01d100231c
:10d0b4001ae0104bdb78002b15d10e4b1b79002b9b
:10d0c40011d10c4b5b79002b0dd10a4b9b79002bb2
:10d0d40009d1084bdb79002b05d1064b1b7a002bb9
:10d0e40001d1002300e0fb7918460c37bd465df8fa
:08d0f400047b70471cb2002010
:020000040000fa
:020000040104f5
:10d0fc001b5b41001b5b42001b5b43001b5b440042
:10d10c001b5b317e000000bf1b5b347e000000bf48
:10d11c00fcd00401515e02010300000000d10401a7
:10d12c00935e02010300000004d10401cd5e0201f4
:10d13c000300000008d104010f5f0201030000008e
:10d14c000cd10401515f02010400000014d1040150
:10d15c00ad5f020104000000fd5602012d570201d3
:10d16c00155802014d5802016d5802017265736524
:10d17c00740000bf3a20526573657420686f737435
:10d18c00000000bf710000bf3a2071756974206304
:10d19c006f6d6d616e642070726f636573736f7207
:10d1ac00000000bf68656c70000000bf3a20686525
:10d1bc006c70000078d104019558020180d10401f3
:10d1cc0090d10401c558020194d10401b0d10401dd
:10d1dc0045590201b8d104014661696c656420743b
:10d1ec006f206372656174652074686520436f6e8f
:10d1fc00736f6c65204150490d0a00000d0a3e000a
:10d20c000d0a00003e0000bf081b5b4b25731b5b27
:10d21c0025644400081b5b4b000000bf1b5b4b25c7
:10d22c00731b5b256444000025731b5b2564440061
:10d23c00202a2a2a20436f6d6d616e642050726f14
:10d24c00636573736f7220627566666572206578ac
:10d25c006365656465642e2052657472792e202a8c
:10d26c002a2a0d0a000000bf0d0a202a2a2a205360
:10d27c00797374656d205265626f6f74202a2a2a47
:10d28c000d0a00000d0a202a2a2a2051756974748f
:10d29c00696e672074686520436f6d6d616e6420e4
:10d2ac0050726f636573736f722e20427965202afa
:10d2bc002a2a0d0a000000bf0d0a2d2d2d2d2d2d13
:10d2cc002d20537570706f7274656420636f6d6d73
:10d2dc00616e642067726f757073202d2d2d2d2d4e
:10d2ec002d0000bf0d0a202a2a2a2000202a2a2ad3
:10d2fc00000000bf0d0a2d2d2d2d2d2d2d2d2d2d8a
:10d30c00204275696c7420696e20636f6d6d616e5f
:10d31c006473202d2d2d2d2d2d2d2d2d2d0000bf89
:10d32c000d0a556e6b6e6f776e20636f6d6d616e4f
:10d33c00642067726f75702e205472792068656c4a
:10d34c00700d0a00202a2a2a20436f6d6d616e64cd
:10d35c002050726f636573736f723a20506c656105
:10d36c007365207479706520696e206120636f6d20
:10d37c006d616e642a2a2a0d0a0000bf0a0d205422
:10d38c006f6f206d616e7920617267756d656e745b
:10d39c00732e204d6178696d756d206172677320f5
:10d3ac00737570706f727465643a202564210d0a70
:10d3bc00000000bf202a2a2a20436f6d6d616e6425
:10d3cc002050726f636573736f723a20756e6b6e5b
:10d3dc006f776e20636f6d6d616e642e202a2a2a22
:10d3ec000d0a000020092c001b5b2564440000bfc3
:10d3fc001b5b2564430000bf08200800080000bf29
:020000040000fa
:020000040104f5
:10d40c002de9f041aeb00646154605910027059969
:10d41c000b78002b00f0fa8000244ff0ff33cde99d
:10d42c0009430eab0c9380230b940d930b5d0bb146
:10d43c00252b26d134b1224630460af0bbf9059b88
:10d44c0023440593059b1a78252a40f0d78003f1d5
:10d45c000108cdf81480059803782b2b1ad025d809
:10d46c00202b1bd0232b1dd02a2b27d00af024f8dd
:10d47c000b90059b1a78303a092a2ed80133059364
:10d48c00f7e70134d2e7099b43f00103013009931c
:10d49c000590e0e7099b43f00403f7e7099b43f091
:10d4ac000803f3e7099b43f01003efe72d2bead0b9
:10d4bc00302bd9d1099b43f00203e7e72b681a1de7
:10d4cc001b682a600130002b05900b9305da099a32
:10d4dc005b4282f0010209920b93099bda0744bf6d
:10d4ec0023f002030993059b1a782e2a0dd10022f2
:10d4fc00581c0a9205905a782a2a25d10233059392
:10d50c002b681a1d1b682a600a9305a80af034f9c7
:10d51c00059b039018780af05bfe6928039979d073
:10d52c0032dc632800f0cb8019dc252800f0d98090
:10d53c00612853d000234ff0ff32cdf814800993ab
:10d54c000b930a920093d4e009f0b6ff0a90059b66
:10d55c001a78303a092ad8d801330593f7e76428aa
:10d56c0058d06728e6dc2a4606a80af09dfb00285e
:10d57c0000f0a180059b5a1c05921b7806aa09a9ec
:10d58c003046f9f747fe38e0702873d015dc6e286a
:10d59c0000f08c806f28cdd12b46002206a808f015
:10d5ac00b7fa002800f08780059b06aa013309a969
:10d5bc003046059309f0f3fa1fe075283ad0782825
:10d5cc0048d07328b6d1802975d1059b2a680133c0
:10d5dc000593131d2b60126800237de02a4606a8d4
:10d5ec000af062fb002866d0059b5a1c05921b783a
:10d5fc0006aa09a93046faf7c9fa04443c44a742e2
:10d60c007add3e4b4f221a604ff0ff3738462eb072
:10d61c00bde8f0812b46012206a808f079fa002813
:10d62c0049d0059b06aa013309a93046059308f099
:10d63c00c5fae2e72b46002206a808f069fa002892
:10d64c0039d0059b06aa013309a93046059309f088
:10d65c00e6fcd2e72b46002206a808f059fa50b394
:10d66c00059b5a1c05921b7806aa09a9304606f0a0
:10d67c000fffc2e72b460022f02106a808f048fa5b
:10d68c00c8b1059b01330593dde9062313430bd188
:10d69c001b480af0ebfc099b009319490b9b0246b3
:10d6ac00304608f063ffa8e77823dde72b463a19ec
:10d6bc0006a809f099f8059b013305939ee780298c
:10d6cc00f9d1059b013305932b681a1d1b682a6041
:10d6dc008df8183006aa012309a9304609f048fc38
:10d6ec008be78029e7d1059b01330593099b0093b8
:10d6fc000b9b04490122d3e7274688e6d8b20020c9
:08d70c00488205014e8205016f
:020000040000fa
:020000040104f5
:10d7140080b582b000af0346fb71fb79002b02d0c9
:10d72400012b03d005e0cef7cdf902e0fcf707fbaf
:10d7340000bf002318460837bd4680bd80b582b0bf
:10d7440000af03463960fb71fb79002b02d0012b3b
:10d7540003d005e0cef7fef902e0fcf709fb00bfb9
:10d7640000bf0837bd4680bd80b582b000af786089
:10d77400084611461a460346fb700b46bb70134617
:10d784007b70fb78002b02d0012b22d02be07b781e
:10d79400012b1cd8032200210120dff703fe0246df
:10d7a4007b681a607b681b68002b22d07b78012b76
:10d7b4001fd17b681868002300220021dff7a4fe34
:10d7c4000346012b01d101231be0002319e00023b0
:10d7d40017e0bb787a7811461846dff776fe0246e2
:10d7e4007b681a6006e07b6800221a604ff0ff3302
:10d7f40007e000bf7b681b68002b01d1002300e019
:10d80400012318460837bd4680bd80b582b000affd
:10d8140078607b681b681846e0f7f9fa7b68002299
:10d824001a60012318460837bd4680bd80b584b010
:10d8340000af786039600023fb603b68b3f1ff3fc1
:10d8440003d14ff0ff33fb6001e03b68fb607b6872
:10d854001b68f9681846e0f7a7f80346012b01d1c5
:10d86400012300e0002318461037bd4680bd80b573
:10d8740082b000af78607b68186800230022002122
:10d88400dff742fe0346012b01d1012300e0002310
:10d8940018460837bd4680bd80b584b000af7860b7
:10d8a4000023fb607b681b6807f10c0211461846d5
:10d8b400dff76bff0346002b0cd0fb68002b07d06f
:10d8c400074b4ff080521a60bff34f8fbff36f8f37
:10d8d400012300e0002318461037bd4680bd00bf79
:10d8e40004ed00e080b584b000af78607b681b680d
:10d8f4001846e0f757faf860fb68ff2b01d9ff23bd
:10d90400fb60fb68dbb218461037bd4680bd80b5ae
:10d9140082b000af78607b681b68002b01d00023c5
:10d9240006e00120dff7b9fd02467b681a60012397
:10d9340018460837bd4680bd80b582b000af786018
:10d944007b681b68002b01d1002308e07b681b68ff
:10d954001846e0f75cfa7b6800221a600123184637
:10d964000837bd4680bd80b584b000af78603960ab
:10d974000023fb603b68b3f1ff3f03d14ff0ff335b
:10d98400fb6001e03b68fb607b681b68f968184634
:10d99400e0f70af80346012b01d1012300e000233c
:10d9a40018461037bd4680bd80b582b000af7860a0
:10d9b4007b681868002300220021dff7a5fd0346d9
:10d9c400012b01d1012300e0002318460837bd468e
:10d9d40080bd80b582b000af78607868fbf7c0fe88
:10d9e400034618460837bd4680bd80b582b000aff7
:10d9f40078607868fbf752ff00bf0837bd4680bdea
:10da040080b400af01231846bd465df8047b70471f
:020000040000fa
:020000040104f5
:10da14000c4b13f0ff0f08d04ff0200383f3118851
:10da2400bff36f8fbff34f8ffee7074a934208d0cf
:10da34004ff0200383f31188bff36f8fbff34f8f31
:10da4400fee770470000000100000001014b186070
:10da5400704700bfa8b2002030b4184c1546184acd
:10da64000c4404eb4030541e844208d24ff020038f
:10da740083f31188bff36f8fbff34f8ffee71c183a
:10da8400a24208d24ff0200383f31188bff36f8fb3
:10da9400bff34f8ffee71944b1f5005f08dd4ff087
:10daa400200383f31188bff36f8fbff34f8ffee71b
:10dab40001461a46284630bc0af032ba000000017a
:10dac40000400001f8b5304d0d4405eb40351746d4
:10dad4002a071c4608d04ff0200383f31188bff3b4
:10dae4006f8fbff34f8ffee743b94ff0200383f3eb
:10daf4001188bff36f8fbff34f8ffee7234b5a1e7e
:10db0400aa4208d24ff0200383f31188bff36f8f2a
:10db1400bff34f8ffee76219934208d24ff0200300
:10db240083f31188bff36f8fbff34f8ffee7214458
:10db3400b1f5005f08dd4ff0200383f31188bff3d4
:10db44006f8fbff34f8ffee7114b1b6803b19847ec
:10db540023071ebf24f00f0310339cb24ff6f0735b
:10db64002340fe18ed1bbe4204d1fff791f80028b4
:10db7400fbd1f8bdfff78cf80028fbd179193846a2
:10db8400fff72cf81037eee7000000010040000119
:10db9400a8b2002010b5124c124b04eb4034a3423f
:10dba40014d3fff775f80028fbd12046fff756f889
:10dbb40004f58054fff76cf80028fbd12046fff7ea
:10dbc4004df8fff765f80028fbd110bd4ff0200396
:10dbd40083f31188bff36f8fbff34f8ffee700bf4e
:10dbe40000000001ff3f000137b542b94ff02003a8
:10dbf40083f31188bff36f8fbff34f8ffee71f4c82
:10dc04000c4404eb40341e48431ea34208d24ff098
:10dc1400200383f31188bff36f8fbff34f8ffee7a9
:10dc24001319984208d24ff0200383f31188bff3ed
:10dc34006f8fbff34f8ffee71144b1f5005f08dd2e
:10dc44004ff0200383f31188bff36f8fbff34f8f1f
:10dc5400fee74ff0ff3201929db204220deb020168
:10dc640020460af04ff930b90434a3b29d42f4d1ee
:10dc7400012003b030bd0020fbe700bf000000011d
:10dc84000040000138b5154643b94ff0200383f333
:10dc94001188bff36f8fbff34f8ffee7184c194afb
:10dca4000c4404eb4030541e844208d24ff020034d
:10dcb40083f31188bff36f8fbff34f8ffee71c18f8
:10dcc400a24208d24ff0200383f31188bff36f8f71
:10dcd400bff34f8ffee7ca18b2f5005f08dd4ff0bf
:10dce400200383f31188bff36f8fbff34f8ffee7d9
:10dcf4001a4629460af006f9b0fa80f0400938bd00
:08dd04000000000100400001d5
:020000040000fa
:020000040104f5
:10dd0c0080b483b000af0346fb7197f90730002b4a
:10dd1c000bdbfb7903f01f02074997f907305b090e
:10dd2c00012000fa02f241f8232000bf0c37bd4657
:10dd3c005df8047b704700bf00e100e080b483b065
:10dd4c0000af0346fb7197f90730002b10dbfb7912
:10dd5c0003f01f02094997f907305b09012000fa0b
:10dd6c0002f2203341f82320bff34f8fbff36f8fa4
:10dd7c0000bf0c37bd465df8047b704700e100e046
:10dd8c0080b483b000af0346fb7197f90730002bca
:10dd9c000cdbfb7903f01f02074997f907305b098d
:10ddac00012000fa02f2603341f8232000bf0c3747
:10ddbc00bd465df8047b704700e100e080b483b0a1
:10ddcc0000af03463960fb7197f90730002b0adb73
:10dddc003b68dab20c4997f907305201d2b20b44c6
:10ddec0083f800230ae03b68dab20849fb7903f0b8
:10ddfc000f03043b5201d2b20b441a7600bf0c370e
:10de0c00bd465df8047b704700e100e000ed00e0ea
:10de1c0080b500af2620fff791ff05212620fff7e4
:10de2c00cdff2620fff7acff2620fff769ff00bfd0
:10de3c0080bd90b58bb000af114b07f118040fcb20
:10de4c0084e80f000f4b1b687b617b697b603b1d7b
:10de5c0004330d49062218460af05ef83b1d0a33be
:10de6c000949062218460af057f8391d07f118031c
:10de7c00064a184606f078fa00bf2c37bd4690bd0e
:10de8c00bc7e0501cc7e050151b000205cb00020a9
:10de9c0080b582b000af786039603b68002b10d140
:10deac00234b244a92e80300186004331980023390
:10debc000a0c1a70204b00221a70204b03221a7085
:10decc0030e03b685b7803f00103dbb2002b09d038
:10dedc003b689a1c164b106818609188927999804f
:10deec009a7109e0124b134a92e80300186004334c
:10defc00198002330a0c1a703b685b7803f002033a
:10df0c00dbb2002b05d03b6893f909200a4b1a7041
:10df1c0002e0094b00221a703b6893f90030dab228
:10df2c00064b1a70fff785ff00bf0837bd4680bd52
:10df3c0050b00020b47e050157b0002058b000202e
:10df4c0080b584b000aff860b9607a603b60fb6864
:10df5c00002b02d0bb68002b01d1002336e01d4af8
:10df6c00bb68136039687868fff792ff04f0e4fc33
:10df7c007b681a687b685b6819461046fef73cfaaa
:10df8c00f868fcf769f8034683f00103dbb2002b59
:10df9c0001d000231ae0fff73bffeff7cbfde9f7c9
:10dfac0063fb786809f09efd7b681b7b03f0010323
:10dfbc00dbb2002b09d107f0a1ff034683f001036c
:10dfcc00dbb2002b01d0002300e0012318461037f0
:10dfdc00bd4680bd4cb0002080b483b000af7860eb
:10dfec00044a7b68136000bf0c37bd465df8047ba8
:08dffc00704700bf6cb000206b
:020000040000fa
:020000040104f5
:10e0040080b483b000af78607b685b7803f01f0353
:10e01400d9b2404b03f5825314331a6861f30c22ce
:10e024001a607b681b7803f03f03d9b2394b03f5c0
:10e03400825314331a6861f305021a60354b03f5f1
:10e04400825314331a686ff34d321a607b6819894e
:10e05400304b03f5855310331a6861f30f021a60cd
:10e064007b6802331b681a462a4b03f58253183324
:10e074001a607b689b7903f01f03d9b2254b03f523
:10e0840082531c331a6861f304021a60214b03f5ae
:10e09400825314331a686ff3c7121a601d4b03f5c9
:10e0a400825314331a6842f040021a6000bf194bbd
:10e0b40003f5825314331b68c3f38013dbb2002bc4
:10e0c400f5d100bf134b03f5825314331b68c3f31c
:10e0d4008073dbb203f00103012bf3d10d4b03f585
:10e0e400855310331b68c3f30543dbb21a467b68c0
:10e0f400da72084b03f5825314331b68c3f30563c8
:10e10400dbb21a467b689a7200bf0c37bd465df8d5
:10e11400047b70470024014180b485b000af78606f
:10e124007b681b79002b02d0012b28d059e07b6837
:10e134001b6899b26e4b03f58352136861f30f03a6
:10e1440013607b681b681b0c99b2694b03f58352ff
:10e15400136861f31f431360654b03f58253143353
:10e164001a686ff34d321a607b685989604b03f566
:10e17400855310331a6861f30f021a6031e07b682b
:10e184001b6899b25a4b03f5925314331a6861f31e
:10e194001f421a607b681b681b0c99b2544b03f531
:10e1a400925318331a6861f30f021a60504b03f547
:10e1b400925318331a6842f4e0221a604c4b03f568
:10e1c400825314331a6842f400521a607b685989e6
:10e1d400474b03f585531c331a6861f31f421a60d9
:10e1e40000bf434b03f5825314331a6842f0800294
:10e1f4001a603f4b03f5825318331a686ff30f020a
:10e204001a603b4b03f5825318331a686ff31f42ad
:10e214001a60374b03f582531c331a686ff30402f8
:10e224001a60334b03f5825314331a6842f04002e8
:10e234001a6000bf2e4b03f5825314331b68c3f3db
:10e244008013dbb2002bf5d100bf294b03f58253b9
:10e2540014331b68c3f38073dbb203f00103012b97
:10e26400f3d17b6805331b681a46214b03f58253af
:10e2740018331a607b685b7a03f01f03d9b21c4b16
:10e2840003f582531c331a6861f304021a60184bb5
:10e2940003f5825314331a6842f040021a6000bf37
:10e2a400134b03f5825314331b68c3f38013dbb29f
:10e2b400002bf5d100bf0e4b03f5825314331b68ba
:10e2c400c3f38073dbb203f00103012bf3d1084bda
:10e2d40003f5855310331b68c3f30543dbb2fb73ab
:10e2e400fb7b18461437bd465df8047b704700bfbe
:04e2f40000240141c0
:020000040000fa
:020000040104f5
:10e2f80080b483b000af03463960fb713b681b6a8a
:10e308001b79042b1ad1fb79002b08d1384b1b68d9
:10e3180093f827230132d2b283f8272361e0344be4
:10e328001b6893f82733002b5bd0314b1b6893f89d
:10e338002723013ad2b283f8272352e03b681b6aad
:10e348001b79002b23d13b681b7a002b1fd13b681c
:10e358001b6c3a689a421ad0fb79002b08d1244bdf
:10e368001b6893f827230132d2b283f8272337e0ba
:10e378001f4b1b6893f82733002b31d01c4b1b68ad
:10e3880093f82723013ad2b283f8272328e03b6881
:10e398001b6a1b79002b24d13b681b7a002b20d1e8
:10e3a8003b681b6c3a689a421bd1fb79002b08d159
:10e3b8000f4b1b6893f827230132d2b283f8272327
:10e3c8000fe00b4b1b6893f82733002b09d0084b41
:10e3d8001b6893f82723013ad2b283f8272300e079
:10e3e80000bf00bf0c37bd465df8047b704700bf17
:10e3f80080b2002080b485b000af78604ff08843c9
:10e408001b6c03f44053b3f5005f03d140f6fd6382
:10e41800fb6002e040f60d03fb60074a7b68b2fb35
:10e42800f3f3fa681344fb60fb6818461437bd46db
:10e438005df8047b704700bf40420f0080b487b08e
:10e4480000aff860b9607a60fb68164aa2fb032344
:10e458009b097b61fb68134aa2fb031292094ff4e4
:10e468007a7101fb02f29b1a3b617b69ba6802fb75
:10e4780003f30c4aa2fb03239b097b613b69ba683f
:10e4880002fb03f3084aa2fb03239b0c3b617a6956
:10e498003b691a447b68134418461c37bd465df82f
:10e4a800047b7047d34d621083de1b4380b588b070
:10e4b80000afb9607a603b600346fb733a4b03f5e3
:10e4c800d1531b68c3f38003dbb2012b5fd1fb7b05
:10e4d80083f00103dbb2002b50d0344b1b6893f858
:10e4e8003433002b5bd00023fb61314b1b68bb61cd
:10e4f800ba69bb68d31a013b23f070432d4a934293
:10e508003ad8ba69bb68d31a40f2712202fb03f306
:10e51800a3f271235b08fb617868fff76bff7861f2
:10e52800fa697b699a423ad9fa697b69d31afb611d
:10e538004ff088431b6c03f44053b3f5005f11d1cf
:10e548001a4b1b6893f82733002b0bd0fb694ef24c
:10e558008f22934201d8002322e0fb69a3f562438e
:10e56800903bfb613a687968f869fff767ff0246f4
:10e57800114b1a60012313e0002311e00e4b1a68b7
:10e588003b68d31a0d4a934209d8012308e0074b88
:10e598001b6893f83433002b01d0012300e00023db
:10e5a80018462037bd4680bd0024014180b20020b6
:10e5b800343e0141feffff07c4b20020feffff7f8b
:10e5c80080b400af044b1b6893f834331846bd463b
:0ce5d8005df8047b704700bf80b200209b
:020000040000fa
:020000040104f5
:10e5e40080b485b000af78600023fb6015e010496b
:10e5f400fa6813465b0013449b000b441b687a685b
:10e604009a4207d1fa6813465b0013449b00084af8
:10e61400134406e0fb680133fb60fb68072be6dd6f
:10e62400002318461437bd465df8047b704700bfcd
:10e634002cad002080b485b000af78607b68fb60af
:10e6440015e01049fa6813465b0013449b000b4421
:10e654001b6813f1020f07d0fa6813465b001344da
:10e664009b00084a134406e0fb680133fb60fb6827
:10e67400072be6dd002318461437bd465df8047bfe
:10e68400704700bf2cad002080b483b000af786029
:10e694007b6813f1ae0f02d16ff487737b607b68e4
:10e6a40018460c37bd465df8047b704780b483b0d0
:10e6b40000af00237b600ce00a497a6813465b00d4
:10e6c40013449b000b446ff001021a607b68013312
:10e6d4007b607b68072befdd00bf0c37bd465df820
:10e6e400047b70472cad002080b584b000af786007
:10e6f4006ff00103fb607868fff79cffb860bb68ac
:10e70400002b02d0bb681b68fb60fb6818461037ff
:10e71400bd4680bd80b586b000aff860b9607a6050
:10e72400f868fff75dff78617b69002b04d16ff017
:10e734000100fff755ff78617b69002b02d16ff070
:10e74400830309e07b69fa681a607b69ba685a60d6
:10e754007b697a689a60002318461837bd4680bde5
:10e7640080b584b000af78607868fff739fff8604f
:10e77400fb68002b08d00c220021f86809f0defcad
:10e78400fb686ff001021a6000bf1037bd4680bd00
:10e7940080b58eb000aff860b9607a603b606ff40a
:10e7a40087737b63fb68002b07d0fb68d3f81831b1
:10e7b4001846fff715ff386303e00020fff73aff20
:10e7c40038633b6b002b22d03b6b5b68002b1ed065
:10e7d40007f114031c220021184609f0affc0223a0
:10e7e4007b610223bb610123fb61fb683b62bb6865
:10e7f4007b627b68bb623b68fb623b6b5b683a6b2a
:10e8040010683a6b926807f1140198477863786b43
:10e81400fff73aff034618463837bd4680bd80b53a
:10e824008eb000aff860b9607a603b606ff48773b4
:10e834007b63fb68002b07d0fb68d3f818311846bc
:10e84400fff7cefe386303e00020fff7f3fe3863e2
:10e854003b6b002b22d03b6b5b68002b1ed007f177
:10e8640014031c220021184609f068fc02237b6172
:10e874000223bb610023fb61fb683b62bb687b62d4
:10e884007b68bb623b68fb623b6b5b683a6b1068fe
:10e894003a6b926807f1140198477863786bfff735
:10e8a400f3fe034618463837bd4680bd80b483b0b6
:10e8b40000af6ff001037b607b6818460c37bd46e0
:08e8c4005df8047b704700bf02
:020000040000fa
:020000040104f5
:10e8cc00434d443a436f6e6e5570646174652c48c9
:10e8dc00646c3d3078253034780000bf4552523a94
:10e8ec007374617475733d25640000bf434d443ae5
:10e8fc005265616452656d6f7465557365644665e8
:10e90c006174757265732c48646c3d3078257800a1
:10e91c00434d443a52656d7465436f6e6e5061722f
:10e92c0061725265715265706c792c48646c3d3023
:10e93c0078257800434d443a52656d7465436f6e8b
:10e94c006e506172615265714e65675265706c797b
:10e95c002c48646c3d3078253034782c72656173aa
:10e96c006f6e3d25640000bf434d443a53657444bb
:10e97c006174614c656e6774682c48646c3d3078ca
:10e98c0025782c74784f63746574733d25642c74ee
:10e99c007854696d653d2564000000bf434d443ad1
:10e9ac005365745068792c48646c3d307825782c0c
:10e9bc007478506879733d25642c7278506879733b
:10e9cc003d256400434d443a456e68616e63656451
:10e9dc00526561645478506f7765724c6576656cde
:10e9ec00000000bf4552523a5374617475733d3048
:10e9fc0078257800434d443a5265616452656d6fd9
:10ea0c0074655478506f7765724c6576656c000050
:10ea1c00434d443a5365745478506f776572526520
:10ea2c00706f7274696e67456e61626c652c4864b8
:10ea3c006c3d307825782c4c6f63616c3d25642cd3
:10ea4c0052656d6f74653d25640000bf434d443abb
:10ea5c00536574506174684c6f73735265706f7248
:10ea6c0074696e67506172616d2c48646c3d3078ce
:10ea7c0025782c6869676854687265733d25642c29
:10ea8c0068696768487973743d25642c6c6f77549a
:10ea9c00687265733d25642c6c6f77487973743d8f
:10eaac0025642c6d696e54696d653d25640000bf4d
:10eabc00434d443a536574506174684c6f73735290
:10eacc0065706f7274696e67456e61626c652c4817
:10eadc00646c3d3078253034782c456e61626c6501
:10eaec003d256400434d443a446973636f6e6e6513
:10eafc0063742c48646c3d3078253034782c726506
:10eb0c0061736f6e3d253032640000bf434d443a53
:10eb1c005265616452656d6f7465566572496e66b7
:10eb2c006f2c48646c3d307825303478000000bf81
:10eb3c00434d443a52656164417574685061796c17
:10eb4c006f616454696d656f75742c48646c3d30ed
:10eb5c0078253034782c74696d656f75743d256437
:10eb6c00000000bf434d443a577269746541757497
:10eb7c00685061796c6f616454696d656f75742c44
:10eb8c0048646c3d3078253034782c74696d656f31
:08eb9c0075743d25640000bf03
:020000040000fa
:020000040104f5
:10eba40080b485b000af78607b6803f00703fb6036
:10ebb4000c4bdb68bb60ba684ff6ff031340bb60c5
:10ebc400fb681a02bb68134343f0bf6343f400338a
:10ebd400bb60044abb68d36000bf1437bd465df810
:10ebe400047b704700ed00e080b483b000af0346bf
:10ebf400fb7197f90730002b0bdbfb7903f01f0245
:10ec0400074997f907305b09012000fa02f241f83d
:10ec1400232000bf0c37bd465df8047b704700bf5e
:10ec240000e100e080b483b000af0346fb7197f9c4
:10ec34000730002b0ddb0a4a97f907305b0952f8bd
:10ec44002320fb7903f01f0322fa03f303f00103eb
:10ec540000e0002318460c37bd465df8047b70477e
:10ec640000e100e080b483b000af0346fb7197f984
:10ec74000730002b10dbfb7903f01f02094997f9d9
:10ec840007305b09012000fa02f2203341f8232007
:10ec9400bff34f8fbff36f8f00bf0c37bd465df8d6
:10eca400047b704700e100e080b483b000af03460a
:10ecb4003960fb7197f90730002b0adb3b68dab245
:10ecc4000c4997f907305201d2b20b4483f8002360
:10ecd4000ae03b68dab20849fb7903f00f03043b0e
:10ece4005201d2b20b441a7600bf0c37bd465df810
:10ecf400047b704700e100e000ed00e080b500af68
:10ed04000020fff74dffbff35f8f62b607214ff07e
:10ed1400ff30fff7c9ff07210120fff7c5ff0120de
:10ed2400fff762ff07210320fff7beff0320fff771
:10ed34005bff07210c20fff7b7ff0c20fff754ff00
:10ed440007210e20fff7b0ff0e20fff74dff07212c
:10ed54001520fff7a9ff1520fff746ff0c4b5b6a50
:10ed64000b4a43f480235362094b5b69084a43f01e
:10ed740010035361064b5b6a054a43f40033536244
:10ed8400034b5b6a024a43f48033536200bf80bd85
:10ed940000ed00e080b400afbff35f8f62b600bf48
:10eda400bd465df8047b704780b483b000afeff3d9
:10edb40010833b603b68002b0cbf01230023fb71d5
:10edc40072b6bff35f8ffb7918460c37bd465df80a
:10edd400047b704780b483b000af0346fb71fb79ba
:10ede400002b03d0bff35f8f62b602e072b6bff3ad
:10edf4005f8f00bf0c37bd465df8047b704780b55c
:10ee040084b000af0346fb71fff7ceff0346fb73ec
:10ee140097f907301846fff705ff0346002b14bf88
:10ee240001230023bb7397f907301846fff71aff35
:10ee3400fb7b1846fff7ceffbb7b18461037bd4659
:10ee440080bd80b582b000af03460a46fb7113460d
:10ee5400bb71bb79002b05d097f907301846fff733
:0cee6400c3fe00bf00bf0837bd4680bde4
:020000040000fa
:020000040104f5
:10ee70002de9f04f099f154604468e461e46002b8d
:10ee800040f0cc808a42b2fa82fc4cd9bcf1000f2f
:10ee90000bd0ccf1200801fa0cfe20fa08f802fa97
:10eea0000cf548ea0e0e00fa0cf44fea15491ffa69
:10eeb00085f8befbf9fa210c09fb1ae30afb08fbf3
:10eec00041ea03439b452ad9eb180af1ff3004d2eb
:10eed0009b4502d9aaf102002b44a3eb0b03a4b279
:10eee000b3fbf9f209fb123302fb08f844ea0344ce
:10eef000a04516d92c1902f1ff3303d2a04501d940
:10ef0000931e2c44a4eb080443ea004027b124fae2
:10ef10000cf400233c607b603146bde8f08f504626
:10ef2000dbe71346eee702b9ffdebcf1000f2ed19e
:10ef30008b1a01264fea154eaab2b3fbfef8210c3c
:10ef40000efb183308fb02f941ea0343994561d9e6
:10ef5000eb1808f1ff3004d2994502d9a8f102005c
:10ef60002b44a3eb0903a4b2b3fbfef10efb113358
:10ef70004a4344ea0344a2424ed92c1901f1ff331b
:10ef800003d2a24201d98b1e2c44a41abce7ccf1b7
:10ef9000200e02fa0cf521fa0ef901fa0cf320fa10
:10efa0000efe4eea03034fea154800fa0cf4b9fbd3
:10efb000f8f11ffa85fe08fb1192180c01fb0ef602
:10efc00040ea0242964221d9aa1801f1ff3003d249
:10efd000964201d9881e2a44921b9bb2b2fbf8f9d3
:10efe00008fb192209fb0efe43ea02439e450fd996
:10eff000eb1809f1ff3604d29e4502d9a9f10206a9
:10f000002b44a3eb0e0346ea004693e70846e3e7ea
:10f010004e46f6e74046a4e70b46b6e78b4206d9d4
:10f02000002f7ed00026c7e90001304674e7b3fa0e
:10f0300083fcbcf1000f0fd18b4201d3824209d86f
:10f04000841a61eb030e0120002f6dd0c7e9004e3a
:10f05000002661e76046f7e7ccf1200e03fa0cf3d7
:10f0600022fa0ef521fa0ef41d4301fa0cf320faf0
:10f070000ef10b434fea154a00fa0cf6b4fbfaf90d
:10f080001ffa85f80afb19401c0c09fb08f144ea39
:10f090000044a14202fa0cf23fd92c1909f1ff30c9
:10f0a00004d2a14202d9a9f102002c44641a9bb2f5
:10f0b000b4fbfaf90afb194409fb08f843ea0441d6
:10f0c00088452cd9691809f1ff3304d2884502d943
:10f0d000a9f10203294443ea0040a1eb0801a0fb87
:10f0e00002894945c2464c4602d306d1464504d260
:10f0f000b8eb020a69eb05040138afb1b6eb0a03bd
:10f1000061eb040606fa0efe23fa0cf34eea030343
:10f1100026fa0cf6c7e900369ae74846c6e74b469a
:0cf12000d9e73e463846f7e63e46f5e6e5
:020000040000fa
:020000040104f5
:10f12c0080b485b000af78607b685b000e4aa2fbb0
:10f13c0003235b0afb607b685a000b4ba3fb021397
:10f14c005b0a40f2712101fb03f3d31a5b087b814c
:10f15c00fb685a027b89c3f3080313431846143720
:10f16c00bd465df8047b70475917b7d180b487b0a2
:10f17c0000af786000237b617b685b0a3b617b6836
:10f18c009bb2c3f30803fb81fb897a6913447b614f
:10f19c003b6903f00103002b0dd03b695b0840f287
:10f1ac00712202fb03f37a6913447b617b6903f5db
:10f1bc009c737b6108e03b695b0840f2712202fba7
:10f1cc0003f37a6913447b617b6918461c37bd468f
:10f1dc005df8047b704780b483b000af78600b4659
:10f1ec007b807b685b027a88920892b21343184644
:10f1fc000c37bd465df8047b704780b483b000af1c
:10f20c0078600b467b807b685a027b8813431846d8
:10f21c000c37bd465df8047b704780b485b000aff9
:10f22c00f860b9607a60fb689bb29b009ab240f2be
:10f23c00fc7313409ab27b681a80fb685a0abb684d
:10f24c001a6000bf1437bd465df8047b704780b46c
:10f25c0085b000aff860b9607a60fb689bb2c3f30d
:10f26c0008039ab27b681a80fb685a0abb681a605a
:10f27c0000bf1437bd465df8047b704780b588b07d
:10f28c0000af7860396007f10a0207f110031946e4
:10f29c007868fff7dcff07f1080207f10c03194649
:10f2ac003868fff7d4ff7b891a463b891344b3f5c2
:10f2bc009c7f07dd7a893b8913449bb2a3f23913f7
:10f2cc009bb203e07a893b8913449bb27b837b8995
:10f2dc001a463b891344b3f59c7f12dd3a69fb68ef
:10f2ec0013440133b3f5000f05d33a69fb681a4494
:10f2fc00114b134403e03a69fb6813440133fb617f
:10f30c000fe03a69fb681344b3f5000f05d33a6973
:10f31c00fb681344a3f5000302e03a69fb6813444d
:10f32c00fb617b8b1946f869fff767ff78617b6996
:10f33c0018462037bd4680bd010080ff80b58ab0dd
:10f34c0000af7860396007f10e0207f1140319461b
:10f35c007868fff77cff07f10c0207f110031946e0
:10f36c003868fff774ffbb89002b07d100237b841f
:10f37c003b695b42c3f316037b6209e0bb89c3f5af
:10f38c009c7301337b843b69db43c3f316037b62c1
:10f39c007b6a5a027b8c1343fb61f9697868fff72f
:10f3ac006dffb861bb6918462837bd4680bd00bfec
:020000040000fa
:020000040104f5
:10f3bc0080b489b000aff860b9607a60fb68002b4c
:10f3cc0023d0bb68002b20d07b6803f00303002bf9
:10f3dc001dd1fb68fb61bb68bb617b689b083b6113
:10f3ec0000237b610ce0bb691a68fb691a60fb693e
:10f3fc000433fb61bb690433bb617b6901337b6103
:10f40c007a693b699a42eed302e000bf00e000bf8c
:10f41c002437bd465df8047b704780b500af1022e1
:10f42c0002490348fff7c4ff00bf80bd802901419a
:10f43c000040014480b500af102203490348fff798
:10f44c00b7ff00bf80bd00bf00400144acb100203d
:10f45c0090b587b000affff7edff564b03f5d053d7
:10f46c0014331a8842f001021a80524b03f5d05320
:10f47c0014331a8842f004021a804e4b03f5d05311
:10f48c0014331a8842f002021a804a4b03f5d05307
:10f49c0014331a8842f008021a8000bf454b03f55a
:10f4ac00d05314331b68c3f30003dbb2002bf5d12c
:10f4bc00404b03f5d05314331b68c3f38003dbb20a
:10f4cc00002bebd13b4b03f5d05314331b68c3f328
:10f4dc004003dbb2002be1d1364b03f5d053143390
:10f4ec001b68c3f3c003dbb2002bd7d1314b03f540
:10f4fc00d05304331b689bb2bb802e4b03f5d05307
:10f50c001b68c3f30f439bb2fb802a4b03f5d0530c
:10f51c0008331b689bb23b81264b03f5d0530c334d
:10f52c001b689bb27b81234b03f5d05308331b68bc
:10f53c00c3f30f439bb2bb811e4b03f5d053043373
:10f54c001b689bb2fb811b4b03f5d0531b689bb212
:10f55c003b82184b03f5d0530c331b689bb27b8258
:10f56c0000237b6111e03a1d7b6913441a78124920
:10f57c007b690b441b781343d9b23a1d7b69134446
:10f58c000a461a707b6901337b617b690f2bead9c0
:10f59c00084ab2f8a0356ff30003a2f8a035054b6a
:10f5ac0003f5b0643b1d0fcb84e80f0000bf1c3784
:10f5bc00bd4690bd00240141acb1002080b582b0a5
:10f5cc0000af78600b46fb70eef7ecfc154ab2f816
:10f5dc00a03543f00103a2f8a035124ab2f8a035c9
:10f5ec0043f00203a2f8a03500bf0e4bd3f8a035b0
:10f5fc00c3f34003dbb2012bf7d0fb781a460a4960
:10f60c00786808f089fcfff708ff064ab2f8a035c5
:10f61c006ff30003a2f8a035eef7defc00bf08374d
:0cf62c00bd4680bd002401419029014131
:020000040000fa
:020000040104f5
:10f6380080b400af1d4b00221a601c4b4ff4c0026f
:10f648001a601a4b00221a61184b4ff080721a6226
:10f65800164b0022c3f80022144b0022c3f81022d4
:10f66800124b0022c3f84023104b00221a640f4ba0
:10f678000022c3f8a0200d4b1b680c4a43f400433a
:10f68800136000bf094b1b6903f00043b3f1004f3f
:10f69800f8d000bf054b1b6903f08043b3f1804fde
:10f6a800f8d000bfbd465df8047b704700140044e5
:10f6b80080b483b000af0346fb71064b1a6afb792e
:10f6c8001b04044913430b6200bf0c37bd465df8a9
:10f6d800047b70470014004480b483b000af034635
:10f6e800fb71074b1a6afb791b04db43044913407f
:10f6f8000b6200bf0c37bd465df8047b704700bf46
:10f708000014004480b483b000af78607b681f2b7e
:10f718000ad8084bd3f8802001217b6801fa03f34b
:10f7280004491343c1f8803000bf0c37bd465df86b
:10f73800047b70470014004480b483b000af786045
:10f748007b681f2b0bd8094bd3f8802001217b68dd
:10f7580001fa03f3db4305491340c1f8803000bfc9
:10f768000c37bd465df8047b704700bf00140044a9
:10f7780080b400af054b1b6a044a43f04003136290
:10f7880000bfbd465df8047b704700bf001400440d
:10f7980080b400af034b80221a6200bfbd465df8fb
:10f7a800047b70470014004480b400af054b1b6a0b
:10f7b800044a23f08003136200bfbd465df8047b52
:10f7c800704700bf0014004480b483b000af786075
:10f7d800094b1b6a084a23f03f031362064b1a6a57
:10f7e8007b681343044a43f48073136200bf0c37e9
:10f7f800bd465df8047b70470014004480b485b0b2
:10f8080000af78600023fb737b681f2b0cd80a4b72
:10f81800d3f8c0207b6822fa03f303f00103002b1e
:10f8280014bf01230023fb73fb7b18461437bd4626
:10f838005df8047b704700bf0014004480b485b0b5
:10f8480000af78607b681b0103f1884303f5f05330
:10f85800fb60fb681b689bb218461437bd465df811
:10f86800047b704780b400af064b1b6903f000535c
:10f87800002b14bf01230023dbb21846bd465df8f8
:08f88800047b704700140044ea
:020000040000fa
:020000040104f5
:10f8900080b584b000af78607b685b881846eff76e
:10f8a00019ffb860bb68002b04d0bb689a7f7b68e7
:10f8b0001a7102e07b6808221a710023fb730ee0c4
:10f8c000fb7b0b4a52f82330002b05d0fb7b084a08
:10f8d00052f8233078689847fb7b0133fb73054b64
:10f8e0001b78fa7b9a42ebd300bf1037bd4680bd30
:10f8f000d0000020cc00002080b500af0948f7f709
:10f900007dfcf1f713fceff745ff034683f001039d
:10f91000dbb2002b01d0002302e0f3f721f903460c
:10f92000184680bd4511040180b483b000af7860f3
:10f930000c4b1b78012b01d904230de0094b1b78dc
:10f940001946094a7b6842f82130064b1b7801337f
:10f95000dab2044b1a70002318460c37bd465df826
:10f96000047b7047cc000020d000002080b582b01e
:10f9700000af78607868eff73fff7868f1f7dbfa5f
:10f980007868f3f7c2fa00bf0837bd4680bd80b57e
:10f9900084b000af78607b689b7a1846f1f755fb1e
:10f9a0000346fb81fb89002b01d0fb8904e07b68c7
:10f9b0001846f3f7c5fa034618461037bd4680bd12
:10f9c00080b582b000af03460a46fb8013467b71c8
:10f9d0007a79fb8811461846f1f748fb034618462a
:10f9e0000837bd4680bd80b582b000af03463960a0
:10f9f000fb71fb7939681846eff7c8ff03461846d4
:10fa00000837bd4680bd80b582b000af78603960f0
:10fa100039687868f0f73cf8034618460837bd4661
:10fa200080bd80b584b000af0346b9607a60fb73d7
:10fa3000fb7b7a68b9681846f0f770f803461846f9
:10fa40001037bd4680bd80b582b000af0346fb7164
:10fa5000fb791846f7f768fb034618460837bd469a
:10fa600080bd80b582b000af03463960fb71fb7981
:10fa700039681846f7f706fa034618460837bd46b0
:10fa800080bd80b500aff7f76bfb0346184680bd1d
:10fa900080b584b000af786039603b6800221a708e
:10faa0000023fb7316e0fb7b1846f7f777fb034652
:10fab000002b0cd03b681b781a467b681344fa7bfa
:10fac0001a703b681b780133dab23b681a70fb7b13
:10fad0000133fb73fb7b072be5d900bf1037bd4615
:04fae00080bd00bf26
:020000040000fa
:020000040104f5
:10fae40080b483b000af0346fb800b46bb80134653
:10faf4007b80fa887b889a4203d8fa88bb889a422a
:10fb040001d2032300e0002318460c37bd465df8fc
:10fb1400047b704780b582b000af396011461a4645
:10fb24000346fb710b46bb7113467b71fb792f2b8c
:10fb340013d9fb79392b10d8fb79303bdab23b6807
:10fb44001a703b681b789bb2ba7991b27a7992b2f7
:10fb54001846fff7c5ff034600e00323184608379d
:10fb6400bd4680bd80b584b000af786039607b68e5
:10fb7400002b10d07b681b78184608f0edf903467b
:10fb8400002b08d07b6801331b78184608f0e4f991
:10fb94000346002b01d103230be007f10c031a46a3
:10fba4000649786808f00ffafb68dab23b681a7005
:10fbb400002318461037bd4680bd00bf00800501f4
:10fbc40080b584b000af786039607b68002b22d0a8
:10fbd4007b681b78184608f0bff90346002b1ad03f
:10fbe4007b6801331b78184608f0b6f90346002bee
:10fbf40011d07b6802331b78184608f0adf9034630
:10fc0400002b08d07b6803331b78184608f0a4f94e
:10fc14000346002b01d103230be007f10c031a4622
:10fc24000649786808f0cff9fb689ab23b681a80f5
:10fc3400002318461037bd4680bd00bf088005016b
:10fc440080b584b000af786039607b68002b01d147
:10fc540003231fe00023fb730ee0fb7b7a6813444d
:10fc64001b78184608f078f90346002b01d10323ca
:10fc740010e0fb7b0133fb73fb7b072bedd907f112
:10fc840008031a460549786808f09df9ba683b6884
:10fc94001a60002318461037bd4680bd1080050148
:10fca40080b586b000aff860b9601346fb710023dd
:10fcb400fb7512e0fb7d5b001a46fb689818fb7d20
:10fcc400ba6813441946fff74dff0346002b01d0d1
:10fcd400012307e0fb7d0133fb75fa7dfb799a4232
:10fce400e8d3002318461837bd4680bd80b483b0de
:10fcf40000af4ff088430022c3f8b0204ff0884390
:10fd0400084ac3f8b0204ff08843074ac3f8b0202c
:10fd1400064b1b6c054a43f001031364034b1b6c35
:10fd2400fb71fee7556699aaaa996655000a004434
:020000040000fa
:020000040104f5
:10fd340080b400af00bfbd465df8047b704790b54a
:10fd4400b1b000af78607b681b7887f8bf30fdf7ef
:10fd540083f90346a7f8bc3097f8bf30092b00f2ab
:10fd6400018101a252f823f095fd040169ff040109
:10fd740069ff040169ff040169ff0401dffe040156
:10fd840069ff040169ff040169ff040113ff040111
:10fd94007b680133c7f8b830d7f8b8301b78013b1b
:10fda400032b00f2988001a252f823f0c1fd040154
:10fdb400dbfe0401dbfe0401dbfe0401d7f8b830ee
:10fdc4005b68c7f8b430d7f8b4301b78172b7ed8eb
:10fdd40001a252f823f000bf3dfe040191fe04018c
:10fde400d3fe0401d3fe0401d3fe0401d3fe0401b7
:10fdf400d3fe0401d3fe0401d3fe0401d3fe0401a7
:10fe0400d3fe0401d3fe0401d3fe0401d3fe040196
:10fe1400d3fe0401d3fe0401d3fe0401d3fe040186
:10fe2400d3fe0401d3fe0401d3fe0401d3fe040176
:10fe3400d3fe0401d3fe0401d7f8b8305b68c7f8d9
:10fe4400b030d7f8b0301b78002b42d1484a137831
:10fe540043f00103137007f1940300221a605a60ff
:10fe6400c3f80720d7f8b0305b88a7f89530d7f8e7
:10fe7400b03006331b68c7f8973007f19402b7f81f
:10fe8400bc3011461846f4f78bfe22e0384a13784a
:10fe94006ff300031370d7f8b8305b68c7f8ac3061
:10fea400002387f89030d7f8ac301b88a7f891303e
:10feb400d7f8ac309b7887f8933007f19002b7f805
:10fec400bc3011461846f4f7a9fe00bf02e000bf9b
:10fed40002e000bf00e000bf45e006f0a2f887edb5
:10fee4002a0a07f1080380220021184608f026f99f
:10fef400d7f8a80007f096fd03460c4607f1080062
:10ff04001a4623461b4908f06bf800bf2be07b68b8
:10ff14000133c7f8a430f3f7a9fa034687f8a330ee
:10ff2400fdf79af80346a7f8a030002387f8883035
:10ff3400d7f8a4301b88a7f88930d7f8a43093f9f0
:10ff44000230dbb287f88b3097f8a33087f88c3017
:10ff540007f18802b7f8a03011461846f4f7e8fd17
:10ff640000bf00e000bf00bfc437bd4690bd00bf66
:08ff74000000002018800501c7
:020000040000fa
:020000040104f5
:10ff7c0080b487b000af0346fb8000233b61144b79
:10ff8c001b687b6119e07b699b681b79043b012b27
:10ff9c000dd87b699b681b68fb60fb681b88fa8823
:10ffac009a4206d17b699b683b613b6909e000bfc3
:10ffbc0000e000bf7b691b687b617b69002be2d191
:10ffcc003b6918461c37bd465df8047b704700bf83
:10ffdc0004b2002080b584b000af0346fb80002340
:10ffec00fb60fb881846fff7c3fff860f86800f069
:10fffc003bf800bf1037bd4680bd80b584b000af64
:020000040105f4
:10000c0078607b681b68fb60164b1b8840f6fe62b1
:10001c00934204d8134b1b8801339bb200e000239e
:10002c00104a13800de00f4b1b8840f6fe72934272
:10003c0004d80c4b1b8801339bb200e00023094a07
:10004c001380084b1b881846fff792ff0346002bc2
:10005c00e9d1044b1a88fb681a8000bf1037bd46e3
:10006c0080bd00bf46af002080b584b000af786083
:10007c001b4b1b68fb601de0fb689b687a689a420f
:10008c0015d1fb681b68002b05d0fb681b68fa6850
:10009c0052685a6003e0fb685b68114a5360fb6866
:1000ac005b68fa6812681a60f86807f06ffdfb6805
:1000bc001b68fb60fb68002bded17b68002b0bd030
:1000cc007b681b68002b07d07b681b68184607f001
:1000dc005dfd786807f05afd00bf1037bd4680bd46
:1000ec0004b2002080b586b000af03460a46fb710f
:1000fc001346bb801f237b6100233b61082007f064
:10010c0039fd38613b69002b1bd00822002138696e
:10011c0008f010f83b69fa791a71bb88184607f099
:10012c0029fd02463b691a603b691b68002b08d00d
:10013c003b691b68ba880021184607f0fbff0023b7
:10014c007b617b69002b05d03869fff78dff00239d
:10015c003b612ae00c2007f00dfdf860fb68002bda
:10016c0009d13b691b68184607f010fd3869fff789
:10017c007bff00231ae0fb683a699a60fb79043b29
:10018c00012b03d83869fff738ff00e000bffb688c
:10019c0000221a60074b5a68fb685a60054b5b6873
:1001ac00fa681a60fb68034a53603b6918461837b3
:0801bc00bd4680bd04b2002025
:020000040000fa
:020000040105f4
:1001c40080b483b000af78607b68002b02d16ff0fd
:1001d400ac0301e06ff0ad0318460c37bd465df883
:1001e400047b704780b485b000af78607b68002bd7
:1001f40002d16ff0ac0302e07b68fb600023184679
:100204001437bd465df8047b704780b483b000affb
:10021400786039607b68002b02d03b68002b02d1e8
:100224006ff0ac0301e06ff0ad0318460c37bd4628
:100234005df8047b704780b485b000aff860b960a6
:100244007a60fb68002b02d0bb68002b02d16ff0f0
:10025400ac0302e06ff0ad0300bf18461437bd468f
:100264005df8047b704780b586b002aff860b96072
:100274007a603b60fb68002b02d0bb68002b02d184
:100284006ff0ac0308e0bb6900933b687a68b96817
:10029400f868fbf752ff034618461037bd4680bd89
:1002a40080b582b000af786039607b68002b02d0e3
:1002b4003b68002b02d16ff0ac0304e03968786826
:1002c400fbf77fff034618460837bd4680bd80b55f
:1002d40084b000aff860b9607a603b60fb68002bc3
:1002e40005d0bb68002b02d07b68002b02d16ff0d5
:1002f400ac0306e03b687a68b968f868f4f74ef92d
:10030400034618461037bd4680bd80b584b000afa3
:10031400f860b9607a603b60fb68002b05d0bb686d
:10032400002b02d07b68002b02d16ff0ac0306e0f7
:100334003b687a68b968f868f4f7caf9034618465e
:100344001037bd4680bd80b584b000aff860b96099
:100354007a60fb68002b02d16ff0ac0305e07a6889
:10036400b968f868fbf74fff002318461037bd46fd
:1003740080bd80b584b000aff860b9607a60fb6876
:10038400002b05d0bb68002b02d07b68002b02d168
:100394006ff0ac0305e07a68b968f868fbf743ffcf
:1003a400002318461037bd4680bdf0b583b000afba
:1003b400786039603b68002b02d16ff0ac0318e021
:1003c4003b680e4a14469c4604f1200e65462646b8
:1003d4000fce28606960aa60eb6010340cf1100c39
:1003e4007445f3d1634622461068186092889a8057
:1003f400002318460c37bd46f0bd00bf087d05013b
:020000040000fa
:020000040105f4
:1004040030b591ea030f00f18280841a71eb030c7a
:1004140005d2121953eb0c03001b71eb0c0140f2d3
:10042400000ccff6e07c1cea430f52d0bceb410f2a
:100434005fd90c0da4eb135e5ff0010c6cf31f513c
:100444006cf31f53def1200c2ad303fa0cf5401988
:1004540041f1000122fa0ef5401923fa0ef5694123
:1004640012fa0cf2cd0208d349085fea30005feac1
:10047400320228bf42f001020134013c5fea500c11
:1004840072f1004250f1000051eb04514ff400139b
:1004940013eb410f38bf30bd6ff31301002030bda3
:1004a400bef1200ebef1200f1ed223fa0ef5401924
:1004b40041f10001cef1200c124218bf012203facf
:1004c4000cf52a43cee711ea5c0f04bf002000219b
:1004d40030bd1cea410f04bf01f00041002030bdd3
:1004e40001f00041002030bd21f4801101eb0451e2
:1004f40030bd004218bf41f00101bceb410f08bf01
:1005040030bd4ff0fe4141f47801002030bd83f04e
:100514000043841a71eb030e07d28ef0004e001bc9
:1005240071eb0e01121953eb0e0340f2000ccff6df
:10053400e07c1cea430fc6d0bceb410f72d90c0d12
:10054400a4eb135ec90241ea5051c00241f00041dc
:10055400db0243ea5253d20243f00043def1200ca3
:1005640041d312fa0cf522fa0ef203fa0cf542ea20
:10057400050218bf42f0010223fa0ef3801a9941d2
:10058400e30ac4f30a0411f0404f03d418d0013c29
:1005940040004941013c23d44205c00a40ea41508d
:1005a400c90a51eac3715fea500c72f1004250f17a
:1005b400000051eb045130bd01002fd00020203c3d
:1005c4000029f9d0b1fa81fcdcf1200e11fa0cf10a
:1005d40030fa0ef510fa0cf02943a4eb0c04d9e719
:1005e4000020d90730bdaef1200ebef1200f0dd290
:1005f400cef1200c03fa0cf533fa0ef32a4318bf9c
:1006040043f00103c01a61f10001b9e721f0004190
:10061400c00a40ea4150c90a01eb045130bd002030
:10062400002130bd004218bf41f00101bceb410f75
:0e0634007ff467afbceb430f3ff463af30bd04
:020000040000fa
:020000040105f4
:020642007047ff
:020000040000fa
:020000040105f4
:1006440080b400af134b01221a6000bf114b1b6929
:1006540003f00103012bf9d00e4b50221a600d4b0d
:1006640003221a730b4b4ff6ff129a83094b332262
:100674009a72094b00221a60064b01225a7200bf7b
:10068400044b1b69002bfbd100bfbd465df8047b06
:10069400704700bf001c004058b2002080b400af77
:1006a400084b1b68074a43f00203136000bf054b65
:1006b4001b6903f00203022bf9d000bfbd465df8ad
:1006c400047b7047001c004080b400af084b1b68db
:1006d400074a23f00203136000bf054b1b6903f0b4
:1006e4000203022bf9d000bfbd465df8047b7047be
:1006f400001c004080b400af024b1846bd465df8b4
:10070400047b70470090d00380b483b000af0346ed
:10071400fb71084afb795b01dbb2537100bf054be7
:100724001b69002bfbd100bf0c37bd465df8047b71
:10073400704700bf001c004080b400af0f4b5b79d2
:10074400dbb20e4a63f07f03dbb2537100bf0b4b85
:100754001b6903f00403042bf9d000bf074b5b793a
:10076400dbb203f0e003002bf8d1044b9b8a9bb26d
:100774001846bd465df8047b704700bf001c00406e
:1007840080b483b000af0346fb80084afb889382a1
:1007940000bf064b1b6903f01003102bf9d000bff8
:1007a4000c37bd465df8047b704700bf001c004059
:1007b40080b483b000af0346fb80084afb88938370
:1007c40000bf064b1b6903f04003402bf9d000bf68
:1007d4000c37bd465df8047b704700bf001c004029
:1007e40080b400af034b9b8b9bb21846bd465df8ab
:1007f400047b7047001c004080b483b000af786075
:100804003960064a7b681360044a3b68536000bf42
:100814000c37bd465df8047b704700bf58b200201a
:1008240080b582b000af0f4b5b7adbb2002b15d0e2
:100834000c4b9b7adbb27b600a4b33229a720a4bd5
:100844001b68002b0ad07b68002b07d0064b5b6823
:100854003b60054b1b6839687868984700bf0837c8
:0c086400bd4680bd001c004058b20020c2
:020000040000fa
:020000040105f4
:1008700080b582b000af0023fb710c4a0c2102202e
:10088000edf7d5fa0a4a0d210220edf7d0fa094a10
:100890000e210220edf7cbfa074a0f210220edf7d7
:1008a000c6fafb7918460837bd4680bd1d0905010b
:1008b0004d0905017d090501ad09050180b500afb0
:1008c000034a0b210020edf7b2fa00bf80bd00bf44
:1008d000dd09050180b500af034a0c210020edf7ca
:1008e000a6fa00bf80bd00bf0d0a050180b500afac
:1008f000034a0d210020edf79afa00bf80bd00bf2a
:10090000390a050180b500af034a04210120edf743
:100910008efa00bf80bd00bf690a050180b582b0b4
:1009200000af084b1b687b603b467a681a603b4609
:10093000042205490020f4f74eff00bf0837bd46ea
:1009400080bd00bf0cb200200700010080b582b05e
:1009500000af084b1b687b603b467a681a603b46d9
:10096000042205490020f4f736ff00bf0837bd46d2
:1009700080bd00bf0cb200200800010080b582b02d
:1009800000af084b1b687b603b467a681a603b46a9
:10099000042205490020f4f71eff00bf0837bd46ba
:1009a00080bd00bf0cb200200900010080b582b0fc
:1009b00000af084b1b687b603b467a681a603b4679
:1009c000042205490020f4f706ff00bf0837bd46a2
:1009d00080bd00bf0cb200200600010080b582b0cf
:1009e00000af084b1b687b603b467a681a603b4649
:1009f000042205490020f4f7eefe00bf0837bd468b
:100a000080bd00bf0cb200200200010080b582b0a2
:100a100000af084b1b687b603b467a681a603b4618
:100a200004224ff001110020f4f7d5fe00bf083773
:100a3000bd4680bd0cb2002080b582b000af084b2f
:100a40001b687b603b467a681a603b460422054976
:100a50000020f4f7c0fe00bf0837bd4680bd00bfd0
:100a60000cb200200300010080b582b000af084b3b
:100a70001b687b603b467a681a603b460422054946
:100a80000020f4f7a8fe00bf0837bd4680bd00bfb8
:080a90000cb20020040001007b
:020000040000fa
:020000040105f4
:100a98002de9f84353ec102bc3f30a51013940f206
:100aa800fd7081421d4600f2a78073a1d1e90001c3
:100ab80090429941c0f2b98071a1d1e900019942ef
:100ac80008bf9042c0f08d806fa7d7e9006723f078
:100ad80000418f4208bf964280f08a801f4605f089
:100ae8000043164643f07f55002469a3d3e9002349
:100af8003046394645f4001503f00cfb22462b46d8
:100b0800fff77cfc06f024fc044607f07ff962a39b
:100b1800d3e900238046894603f0fcfa32463b4677
:100b2800fff76cfc5ea3d3e9002306460f46404658
:100b3800494603f0effa02460b4630463946fff7be
:100b48005dfc02460b468046894603f0e3fa56a34d
:100b5800d3e9002306460f4603f0dcfa54a3d3e991
:100b68000023fff74bfc32463b4603f0d3fa002242
:100b78003b4bfff743fc42464b4603f0cbfa2ea310
:100b8800d3e90023804689463046394603f0c2fa45
:100b98002ba3d3e90023fff731fc32463b4603f091
:100ba800b9fa424606460f464b4600202d4907f043
:100bb80043fb02460b4630463946fff71ffc024608
:100bc8000b464046494600f089f90022254bfff7bd
:100bd80015fc013441ec100b204606f0a1fabde8e3
:100be800f883214b22221a609fed170bbde8f8838a
:100bf8009fed170bbde8f88396181c4943eb0307d4
:100c08000020b94208bfb042e9d3194900208b42fd
:100c180008bf8242e3d0174900208b4208bf8242b6
:100c28007ff45caf9fed080bd9e70f4b22221a60c7
:100c38009fed090bd3e700bf0938de6f993f403fae
:100c4800b35142718e71ac3f0000000000000000fb
:100c5800000000000000f03f000000000000f07fee
:100c68000000d03f0000e03fd8b200200000e0ffc5
:100c78000000f07f0000f0ffef39fafe422e8640b8
:100c8800d2bc7add2b2386c02242920ca19cc73ba2
:100c98003cf92f9e2c15f73f000000000030e6bffe
:100ca800a80c615c10d02b3f1cdc586fa452f13e9d
:080cb800e0f6b36fe4707c3f2d
:020000040000fa
:020000040105f4
:100cc00080b500af044b1b68044ac3f8882103f0c9
:100cd000f1fc0346184680bd6cb20020710e050180
:100ce00080b582b000af0346fb80fb88b3f5706f20
:100cf00001d303230de0fb881846d2f793fb03468c
:100d0000002b01d1032304e0fb88184603f058fcb4
:100d1000034618460837bd4680bd80b582b000af97
:100d200003463960fb80fb88b3f5706f01d3032362
:100d30000ee0fb881846d2f775fb0346002b01d165
:100d4000032305e0fb883968184603f06dfc034671
:100d500018460837bd4680bd80b582b000af7860c8
:100d60007b681b891846fff7bbff03461846083708
:100d7000bd4680bd80b582b000af78607b681a89bf
:100d80007b68db6819461046fff7c7ff0346184625
:100d90000837bd4680bd80b584b000af0346fb80f8
:100da0000f4b1b68db6b0c209847f860fb68002b2f
:100db00001d1022310e0fb68fa881a81f9684ff428
:100dc000c05001f0fbf9fb681b887b81044b1b685a
:100dd0001b6cf86898477b8918461037bd4680bd64
:100de0004cb0002080b584b000af03463960fb8072
:100df000114b1b68db6b10209847f860fb68002bd9
:100e000001d1022313e0fb68fa881a81fb683a6873
:100e1000da60f96841f6010001f0d0f9fb681b883f
:100e20007b81054b1b681b6cf86898477b891846cb
:100e30001037bd4680bd00bf4cb0002080b582b0e9
:100e400000af0a490820d7f72ffad3f78bfa0346e9
:100e5000fb80fb88002b01d0fb8802e0fff730ff0e
:100e6000034618460837bd4680bd00bf38820501dd
:100e700080b5c6b002af3b1d18603b1d1b681b78d8
:100e80000b2b28d13b1d1b689b881846d2f7cafa4a
:100e9000c7f80c01d7f80c31002b0ed007f10c036a
:100ea00005221a703b1d1b689a8807f10c035a80b3
:100eb00007f10c031846d6f727fe3b1d1b680433c9
:100ec0000022019200930c23002240f23e514ff485
:100ed000827005f009fd0123184607f58877bd46a5
:040ee00080bd00bf12
:020000040000fa
:020000040105f4
:100ee400f0b581ea030e0ef0004e40f20007cff693
:100ef400e07717ea41051ebf95ea070f17ea430496
:100f040094ea070f00f0c5806d0da5eb545707f563
:100f140080674ff0004646eac12444ea5054c002b8
:100f240046eac32343ea5253d202801a9c4104d2b4
:100f34000018644180185c41013f5b084fea3202ab
:100f44000025002140f001004ff0070604e0801a5c
:100f54009c4136d340416441801a9c4136d3404180
:100f64006441801a9c4136d340416441801a9c41bb
:100f740036d340416441801a9c4136d34041644198
:100f8400013e17d0801a9c4136d340416441801af7
:100f94009c4136d340416441801a9c4136d3404140
:100fa4006441090201eb156190ea052520f0ff0078
:100fb4004540cce7801a9c4156d335e080185c410b
:100fc400c8d20018644180185c41c8d2001864413a
:100fd40080185c41c8d20018644180185c41c8d2b2
:100fe4000018644180185c41c8d200186441013e75
:100ff40017d080185c41c8d20018644180185c4145
:10100400c8d20018644180185c41c8d200186441f9
:10101400090201eb156190ea052520f0ff00454027
:10102400cce780185c411fd3420918bf44f0010487
:10103400490101ebd56100f01f0000eb451021f4dc
:10104400801141ea0e01013041f10001244208bf40
:1010540020f00100b7f5006f3eda013f49dd01ebf6
:101064000751bde8f0407047490101ebd56100f03c
:101074001f0000eb451021f4801141ea0e01b7f581
:10108400006f29da013f34dd01eb0751bde8f04080
:101094007047004218bf41f00101124218bf43f0eb
:1010a4000103b7eb410f2cbfb7eb430f1ce0b7ebc9
:1010b400410f04bfb7eb430f16e017ea410f04bf1b
:1010c40017ea430f10e017ea410f12d017ea430f53
:1010d40002d0b7eb430f0cd04ef0fe4141f4700147
:1010e4000020bde8f04070474ff0fe4141f4780124
:0610f400f6e77146f4e787
:020000040000fa
:020000040105f4
:0210fa0070473d
:020000040000fa
:020000040105f4
:1010fc0080b400af114b01221a6000bf0f4b1b696b
:10110c0003f00103012bf9d00c4b10221a600b4b8e
:10111c0002221a73094b18229a83084b1822da837d
:10112c00064b33229a7200bf044b1b69002bfbd178
:10113c0000bfbd465df8047b704700bf0020004037
:10114c0080b400af084b1b68074a43f002031360de
:10115c0000bf054b1b6903f00203022bf9d000bf43
:10116c00bd465df8047b70470020004080b400afa2
:10117c00084b1b68074a23f00203136000bf054ba2
:10118c001b6903f00203022bf9d000bfbd465df8ca
:10119c00047b70470020004080b400af024b18461f
:1011ac00bd465df8047b70470090d00380b483b0db
:1011bc0000af0346fb71084afb795b01dbb253714c
:1011cc0000bf054b1b69002bfbd100bf0c37bd4684
:1011dc005df8047b704700bf0020004080b400af76
:1011ec000f4b5b79dbb20e4a63f07f03dbb25371ba
:1011fc0000bf0b4b1b6903f00403042bf9d000bf99
:10120c00074b5b79dbb203f0e003002bf8d1044b06
:10121c009b8a9bb21846bd465df8047b704700bfa5
:10122c000020004080b483b000af0346fb80084a26
:10123c00fb88938200bf064b1b6903f01003102b35
:10124c00f9d000bf0c37bd465df8047b704700bf7a
:10125c000020004080b400af4ff6ff731846bd4627
:10126c005df8047b704780b485b000af0346fb800b
:10127c000023fb73094bdb7adbb203f01003002b6a
:10128c0004d1064afb8813860123fb73fb7b1846ab
:10129c001437bd465df8047b704700bf002000404a
:1012ac0080b485b000af0346fb800023fb73094b71
:1012bc00db7adbb203f02003002b04d1054afb8858
:1012cc0053860123fb73fb7b18461437bd465df830
:1012dc00047b70470020004080b483b000af074b04
:1012ec009b7adbb27b60054b7a68d2b29a727b68d0
:1012fc0018460c37bd465df8047b70470020004053
:020000040000fa
:020000040105f4
:10130c0080b58ab000af7860e9f78afd644b9847e6
:10131c0001f0ccfd634b1b6823f49f7323f0010396
:10132c00604a43f01103136002f0b8fbf2f79efc25
:10133c00e2f706f806f045ff00f0b4fdfff7d8fe23
:10134c00fff77af9fbf714fcfef770f90021112076
:10135c0004f078ff54490020e8f74bf90246534b50
:10136c001a600120e9f7fefce9f76afd504b514a7f
:10137c001a604f4b504a5a604d4b504a9a604c4b36
:10138c004f4ada604a4b4f4a1a61494b4e4a5a61ee
:10139c00474b4e4a9a61464b4d4ada61444b4d4a93
:1013ac001a62434b4c4a5a62414b4c4a9a62404b2c
:1013bc004b4ada623e4b4b4a1a633d4b4a4a5a63dc
:1013cc003b4b4a4a9a633a4b494ada63384b494a8f
:1013dc001a644948d3f79efc4849002003f05cfd91
:1013ec000246324b5a6046490020f2f749f9024650
:1013fc002e4b9a6004222021424801f0c5fa07f1d5
:10140c001c030c220021184606f094fe07f11c0365
:10141c0002331846f4f757ff03461a467b7f62f3f4
:10142c0000037b7707f11c0309331846f4f75dffc3
:10143c0003461a467b7f62f341037b7707f11c035b
:10144c001846f4f779ff034683f00103dbb2002b57
:10145c0001d004233b7707f108031422002118461e
:10146c0006f068fe3b7d6ff300033b754ff4e043e1
:10147c00bb60254bfb600023bb6107f11c0307f12c
:10148c0008020b491f48fcf75bfd06f0a1fa04f0bb
:10149c0057f8fdf72ffc00bf2837bd4680bd00bfb5
:1014ac00edb5002000240144c85f0501e0000020d8
:1014bc00ec00002015d7040141d704016dd70401bd
:1014cc0031d8040173d804019dd80401e9d8040172
:1014dc0095290501552a05019b2a0501e92a0501d3
:1014ec002f2b0501c7290501f3290501212a050127
:1014fc00d7d90401efd90401e05f0501e45f0501d0
:0c150c000c600501dc000020008c0120b8
:020000040000fa
:020000040105f4
:10151800e69d350e480103ccdbfdf4ac1191f4efe8
:10152800b9a5f9e9a7832c5e2cbe97f2d203b020a7
:101538008bd28915d08e1c742430ed8fc24563760a
:101548005c15525abf9a32636deb2a65499c80dc60
:101558000101020102010502010602020201020163
:101568000101010102060201060000bfbe83605aa4
:10157800db0b376038a5f5aa9183886c0707111132
:1015880002110b1108110241110200bf030c1000d7
:10159800cffd0001a50001012f0401010d0e01017d
:1015a80053100101b70e0101ff0e0101610f010186
:1015b800a90f01010b1001011911010155070101c2
:1015c800a108010197100101534d503a47656e205b
:1015d8006b65792c6732206661696c00534d503a0f
:1015e80047656e206b65792c6636206661696c00ec
:1015f800534d503a47656e206b65792c66352066e9
:1016080061696c00534d503a47656e206b65792cc3
:1016180065646976206661696c0000bf534d503a75
:1016280047656e206b65792c64686b657920666107
:10163800696c0000534d503a457674207263762cdd
:101648006e6f206672656520636f6e6e2068646ccd
:101658003d3078253034782c65767449643d30788f
:1016680025303278000000bf534d503a457674203b
:101678007263762c6e6f20617661696c20636f6e81
:101688006e2c68646c3d3078253034782c6576741f
:1016980049643d3078253032780000bf534d503ac8
:1016a80044617461207263762c6f703d3078253008
:1016b80032780000534d503a446174612072637669
:1016c8002c6e6f20617661696c20636f6e6e2c687a
:1016d800646c3d3078253034780000bf534d503a63
:1016e800446174612073656e642c70616972206650
:1016f80061696c206572723d30782530347800005d
:10170800534d503a47656e206b65792c66342066d8
:0417180061696c0097
:020000040000fa
:020000040105f4
:04171c0000207047f2
:020000040000fa
:020000040105f4
:101720002de9f04f51ec100b0c0d013c40f2fd7512
:10173000ac4285b016d906186f4d41eb0107002465
:10174000bd4208bfb4420ad3b7f5001f08bf002e40
:10175000c0f0b180002871f10003c0f2a48005b090
:10176000bde8f08f03a805f073ff57a3d3e900236a
:1017700055ec104ba242ab41ddf80c8075db00222a
:101780005e4b10ee100a294606f05afd0d4604463f
:1017900045ec104b4ff0ff3005f0c6fc0022574bd4
:1017a00051ec100bfef72efe02460b462046294652
:1017b000fff798fb08f1ff3804460d4622462b46fa
:1017c0002046294602f0aafc06460f4602460b4672
:1017d0004b48022103f0deff32463b4682468b46f1
:1017e0004848032104f086fecde90001404606f09a
:1017f00011fb37a3d3e9002380468946504659465a
:1018000006f01efddde90023fff76cfb32463b4688
:1018100002f084fc22462b4602f080fc22462b4636
:10182000fef7f0fd2ca3d3e9002304460d46404605
:10183000494602f073fc02460b4620462946fef755
:10184000e1fd27a3d3e9002304460d46404649465f
:1018500002f064fc02460b4620462946fef7d2fd04
:1018600041ec100b05b0bde8f08f0022264b10eec6
:10187000100a294606f0e4fc45ec104b06464ff0f2
:10188000ff300f4605f050fc00221c4b51ec100bb2
:10189000fef7b8fd02460b4630463946fff722fbfd
:1018a00004460d468ae79fed100b184b21221a6063
:1018b00005b0bde8f08f9fed0e0b144b22221a608d
:1018c00005b0bde8f08f00bfcd3b7f669ea0e63f30
:1018d0009ab5b312ff075040a80c615c10d02bbf23
:1018e000000000000030e63f000000000000f87f2c
:1018f000000000000000f0ff0000e0ff0000e03ffb
:10190000587d0501687d05010000f03fd8b2002038
:020000040000fa
:020000040105f4
:1019100080b590b002afb9607b600346fb8113468f
:10192000bb81002387f83730fb890193404b00933c
:10193000012302224b21ec20eaf75afefb891846cc
:10194000fef71cfb38633b6b002b03d1022387f8a7
:10195000373058e0386bdbf7dcf80346002b2fd02c
:101960003b6b1b68fb62fb6a93f8be3103f001031b
:10197000dbb2002b20d0fb6a03f2d3130822b96834
:10198000184606f0cffafb6aba89a3f8dc21fb6a95
:1019900003f5fb7310227968184606f0c3fa386b1a
:1019a000f4f7c4f9034683f00103dbb2002b2ad01d
:1019b000072387f8373026e01a2387f8373022e0ec
:1019c00007f11003fa891a8007f110030233082285
:1019d000b968184606f0a6fa07f110030a33ba8967
:1019e0001a8007f110030c3310227968184606f0ac
:1019f00099fa07f110031c220521386bdbf72cfc48
:101a0000034687f8373097f83730002b0ad097f81d
:101a100037300193074b009301230022ff21ec2074
:101a2000eaf7e6fd97f8373018463837bd4680bdef
:101a3000087c0501247c050180b58ab002af78607e
:101a40000023fb772a4b1b68bb613ce0bb699b68aa
:101a50001b79042b34d1bb699b681846dbf759f816
:101a60000346002b19d0bb699b681b687b617b69af
:101a700003f2162305227968184606f053fabb696b
:101a80009b681846f4f797f9034683f00103dbb22d
:101a9000002b15d00723fb7718e07a6807f10c03b9
:101aa0001068186012791a71bb69986807f10c0305
:101ab00005220921dbf7d0fb0346fb7700bf05e0d9
:101ac000bb691b68bb61bb69002bbfd1fb7f002bcf
:101ad00009d0fb7f0193074b009301230022ff21d4
:101ae000ec20eaf785fdfb7f18462037bd4680bd18
:081af00004b20020247c050172
:020000040000fa
:020000040105f4
:101af80080b483b000af78607b681b78162b31d830
:101b080001a252f823f000bf6d1b05016d1b0501f2
:101b18006d1b05016d1b05016d1b05016d1b050185
:101b28006d1b05016d1b05016d1b05016d1b050175
:101b38006d1b05016d1b05016d1b05016d1b050165
:101b48006d1b05016d1b05016d1b05016d1b050155
:101b58006d1b05016d1b05016d1b05016d1b050145
:101b68006d1b050100bf00bf0c37bd465df8047b47
:101b7800704780b483b000af78607b681b78062b11
:101b880010d801a252f823f0ad1b0501ad1b0501c9
:101b9800ad1b0501ad1b0501ad1b0501ad1b050105
:101ba800ad1b050100bf00bf0c37bd465df8047bc7
:101bb800704780b582b000af78607b681b78142bc3
:101bc80032d801a252f823f0311c0501311c05015d
:101bd800311c0501311c0501311c0501311c0501b1
:101be800311c0501311c0501311c0501311c0501a1
:101bf800311c0501311c0501311c0501311c050191
:101c0800311c0501311c0501311c0501311c050180
:101c1800251c0501311c0501311c05017b685b6829
:101c28001846fbf7e0fe00e000bf00bf0837bd46de
:101c380080bd80b483b000af78607b681b780a2bc6
:101c480018d801a252f823f07d1c05017d1c05015e
:101c58007d1c05017d1c05017d1c05017d1c050100
:101c68007d1c05017d1c05017d1c05017d1c0501f0
:101c78007d1c050100bf00bf0c37bd465df8047b25
:101c8800704780b483b000af78607b681b78082bfe
:101c980014d801a252f823f0c51c0501c51c050182
:101ca800c51c0501c51c0501c51c0501c51c050190
:101cb800c51c0501c51c0501c51c050100bf00bfe9
:0c1cc8000c37bd465df8047b704700bf80
:020000040000fa
:020000040105f4
:101cd400202a2a2a202055534147453a2053203ca4
:101ce40069643e2c3c616464723e202a2a2a0d0aef
:101cf400000000bf253034580d0a0000253032584a
:101d04000d0a2530325820253032582025303258db
:101d14002025303258202530325820253032580db5
:101d24000a0000bf202a2a2a202055534147453a59
:101d34002047203c69643e202a2a2a0d0a0000bf5d
:101d4400202a2a2a202055534147453a2043202a55
:101d54002a2a0d0a000000bf63616e5f6164647229
:101d640065737320253034580d0a0000626c655f7a
:101d74006164647265737320253032580d0a25300e
:101d84003258202530325820253032582025303220
:101d940058202530325820253032580d0a0000bf13
:101da400530000bf3a20436f6e66696775726174b1
:101db400696f6e2053455420436f6d6d616e6400ee
:101dc400470000bf3a20436f6e666967757261749d
:101dd400696f6e2047455420436f6d6d616e6400da
:101de400430000bf3a20436f6e6669677572617481
:101df400696f6e20434c45415220436f6d6d616e97
:101e0400640000bf520000bf3a205265736574201d
:101e1400436f6d6d616e6400500000bf3a205072d4
:101e2400696e7420436f6d6d616e6400440000bf81
:101e34003a20446562756720436f6d6d616e64007e
:101e4400a41d0501f9cd0401a81d0501c41d05014a
:101e54007dce0401c81d0501e41d050121cf040147
:101e6400e81d0501081e050159cf04010c1e0501da
:101e74001c1e050171cf0401201e0501301e050141
:101e8400ddcf0401341e05013a20436f6e66696795
:101e940075726174696f6e20436f6d6d616e6473ea
:0c1ea400000000bf434647000d0a3e004e
:020000040000fa
:020000040105f4
:101eb00080b400af1d4b1b78dbb21c4a43f001031a
:101ec000dbb2137000bf194b5b6803f00103012bf9
:101ed000f9d0164b4bf20b02da61144b01221a6354
:101ee000124b00225a63114b09221a61104b002237
:101ef0001a810f4b10229a820d4b10221a840c4b20
:101f000003229a85094b1b78dbb2084a43f002038f
:101f1000dbb2137000bf054b5b6803f00203022bba
:101f2000f9d000bfbd465df8047b70470008004053
:101f300048af002080b483b000af0346fb80fb882d
:101f4000054a012101fa03f3136100bf0c37bd46b6
:101f50005df8047b704700bf0008004080b483b088
:101f600000af0346fb80fb88054a012101fa03f319
:101f7000d36000bf0c37bd465df8047b704700bfdf
:101f80000008004080b485b000af0346b9607a60b5
:101f9000fb81fa89124913465b0013449b000b44f2
:101fa00008331b889bb2fa899a4212d1fa890c49ec
:101fb00013465b0013449b000b44ba681a60fa890d
:101fc000074913465b0013449b000b4404337a68b3
:101fd0001a6000bf1437bd465df8047b704700bf30
:101fe00048af002080b584b000af0023fb733fe012
:101ff000fa7b234913465b0013449b000b440833d0
:102000001b889bb2dbb2fa7b9a422ed11d4b5a69d8
:10201000fb7b012101fa03f31340bb60bb68002b7b
:1020200023d0fa7b164913465b0013449b000b44f4
:102030001b68002b13d0fa7b114913465b00134435
:102040009b000b4404331b687b60fa7b0c491346ee
:102050005b0013449b000b441b6878689847fb7b2c
:10206000084a012101fa03f35361fb7b0133fb733f
:10207000fb7b032bbcd900bf1037bd4680bd00bf22
:0820800048af002000080040f9
:020000040000fa
:020000040105f4
:1020880080b483b000af03463a60fb710b46bb7166
:10209800002318460c37bd465df8047b704780b5b1
:1020a80082b000af124b1b68002b0bd1102005f03b
:1020b80063fd02460e4b1a600d4b1b68002b01d1c5
:1020c800002310e00023fb7109e0094b1a68fb7933
:1020d8009b001344074a1a60fb790133fb71fb79b3
:1020e800032bf2d9012318460837bd4680bd00bf2f
:1020f80074b200208920050180b588b004af7860eb
:1021080039600323fb817b681b0b012b01d1f8f796
:10211800f9ff7b681b0b7a68120a02f00f027968d4
:10212800c9b2039102920193124b00930423012236
:102138000021ee20eaf758fa0f4b1a687b681b0b50
:1021480003f18043013b9b0013441b687a68120a21
:10215800d2b202f00f02d0b27a68d1b23a68984788
:102168000346fb813b68fa891a8000bf1037bd46d9
:1021780080bd00bfc07a050174b2002080b483b06e
:1021880000af03463960fb71fb79042b09d8084b73
:102198001a68fb7903f18043013b9b0013443a68ba
:1021a8001a6000bf0c37bd465df8047b704700bf5e
:1021b80074b2002080b584b000af78603960042024
:1021c800f8f74ef8f860fb68002b13d0fa6813791b
:1021d800012161f302031371fb6803225a717b68c2
:1021e8009ab2fb68da80fb6808333a681a60f868c4
:1021f800f8f752f900bf1037bd4680bd80b586b0ec
:1022080000aff8600b467a607b81fb68dbb23b74f9
:102218007b897b827b687b61064b1b6807f1100218
:1022280010469847786805f0b3fc00bf1837bd46dc
:1022380080bd00bf70b2002080b483b000af78606a
:10224800044a7b68136000bf0c37bd465df8047b09
:08225800704700bf70b20020c6
:020000040000fa
:020000040105f4
:1022600080b485b000af78600023fb730be0124ba5
:102270001a68fb7b66339b0013445b68002b06d017
:10228000fb7b0133fb73fb7b022bf0d900e000bf2b
:10229000fb7b032b09d0084b1a68fb7b66339b0042
:1022a00013447a685a60002300e004231846143768
:1022b000bd465df8047b70476cb2002080b485b0e9
:1022c00000af78600023fb730ae0114b1b68fa7bb8
:1022d0006a3253f82230002b06d0fb7b0133fb73ac
:1022e000fb7b022bf1d900e000bffb7b032b08d066
:1022f000074b1b68fa7b6a32796843f82210002387
:1023000000e0042318461437bd465df8047b70478f
:102310006cb2002080b483b000af78600023184610
:102320000c37bd465df8047b704780b483b000afc6
:10233000786000bf0c37bd465df8047b704780b401
:1023400083b000af0346fb7100bf0c37bd465df89c
:10235000047b704780b582b000af334b1b68002b05
:102360000cd14ff4107005f00bfc02462e4b1a6096
:102370002d4b1b68002b1bd1002351e00023fb7168
:1023800013e0294b1b68fa79883253f82230002b6e
:1023900008d0254b1b68fa79883253f8223018464a
:1023a00005f0fafbfb790133fb71fb79072be8d9c8
:1023b0001d4b1b684ff410720021184605f0c0fe3b
:1023c0000023fb7111e0184b1b68fa795e32174944
:1023d00043f82210144b1a68fb797e339b00134498
:1023e000134a5a60fb790133fb71fb79082bead958
:1023f0000d4b1b6803f5da7348220021184605f0df
:102400009ffe094b1b6803f5ce730c220021184672
:1024100005f096fe044b1b68064ac3f8742101239d
:1024200018460837bd4680bd6cb200201523050153
:082430002b2305013f230501e8
:020000040000fa
:020000040105f4
:1024380080b586b000af03463960fb800023fb758a
:102448003b68bb6007f1080207f10e031146184606
:10245800f4f782f807f1080207f10c031146184651
:10246800f4f77af8bb683b61bb89062b30d801a228
:1024780052f823f0092505019924050109250501cc
:10248800d9240501a9240501b9240501c924050198
:102498001e4b1b681b68f989f8883a69984732e02f
:1024a8001a4b1b689b68f989ba68f88898472ae02c
:1024b800164b1b685b68f989f8883a69984722e0e7
:1024c800124b1b68db68f989ba68f88898471ae0e4
:1024d8000e4b1b685b69fa883968104698470346b3
:1024e800fb75fb7d012b0dd0084b1b681b69fa8817
:1024f8003968104698470346fb75fb7d012b02e0bf
:1025080000bf00e000bf1837bd4680bdb8b200204c
:1025180080b483b000af03463a60fb800b46bb80b3
:10252800002318460c37bd465df8047b704780b41d
:1025380083b000af03463960fb80002318460c3790
:10254800bd465df8047b704780b500af154b1b682e
:10255800002b0bd1182005f00ffb0246114b1a6017
:10256800104b1b68002b01d1002318e00d4b1b6892
:102578000d4a1a600b4b1b680b4a9a60094b1b6883
:10258800094a5a60074b1b68074ada60054b1b6803
:10259800064a1a61034b1b68044a5a61012318460c
:1025a80080bd00bfb8b200201925050137250501f7
:1025b80080b500af0248e7f781fb00bf80bd00bfd0
:1025c8003924050180b483b000af03463960fb802d
:1025d800fb88042b02d0062b05d009e0074b1b68ab
:1025e8003a689a6004e0054b1b683a68da6000bff5
:1025f80000bf0c37bd465df8047b7047b8b20020b9
:020000040000fa
:020000040105f4
:1026080080b588b000af78607b681b68fb610d21de
:102618000020c8f753f8b861bb69002b2fd007f129
:1026280008030c211846fcf7cbfffb6903f5f3738d
:1026380007f108010822184605f070fcfb6903f54c
:10264800f9733a691a60bb690c337b617b690422b0
:102658001a707b69581cfb6903f5f3730822194645
:1026680005f05cfc7b690933fa6902f5f9721268b6
:102678001a60b9697868daf784fc012300e000235e
:1026880018462037bd4680bd80b584b000af78605d
:1026980039607b681b68fb603b68bb60bb68db8894
:1026a8009ab2fb68a3f81c22fb6803f21620bb68e9
:1026b80001330522194605f031fc00bf1037bd462d
:1026c80080bd80b584b000af786039607b681b68d6
:1026d800fb603b68bb60fb6803f2d310bb68013347
:1026e8000822194605f01afcbb68b3f809309ab2fb
:1026f800fb68a3f8dc21fb6803f5ef70bb680b33bc
:102708000822194605f00afcfb6803f5f773ba6856
:10271800133212681a6000bf1037bd4680bd80b4fe
:1027280085b000af786039607b681b68fb603b68e8
:10273800bb60bb685a78fb6883f83a22bb685b8841
:102748009ab2fb68a3f83c22bb689b889ab2fb68e4
:10275800a3f83e22bb68db889ab2fb68a3f8402244
:10276800bb681b899ab2fb68a3f84222bb685b89e5
:102778009ab2fb68a3f8442200bf1437bd465df83f
:10278800047b704780b485b000af786039607b689f
:102798001b68fb603b68bb60bb685a78fb6883f8c2
:1027a8006822bb689a78fb6883f86922bb68b3f82b
:1027b80003309ab2fb68a3f86a2200bf1437bd46fb
:0627c8005df8047b704780
:020000040000fa
:020000040105f4
:0227ce00704752
:020000040000fa
:020000040105f4
:1027d00080b483b000af0346fb7197f90730002b3c
:1027e0000cdbfb7903f01f02074997f907305b09ff
:1027f000012000fa02f2603341f8232000bf0c37b9
:10280000bd465df8047b704700e100e080b584b010
:1028100000af7860134b1b689b6a07f108014ff00b
:10282000ff32114898470346012bf3d1bb685b790f
:10283000fb730e4b01221a70fb7b0d4a52f82330ba
:10284000ba6810469847bb681b7923f07f03dbb258
:10285000002b03d1bb681846f7f7d2fc034b0022cc
:102860001a70d7e74cb0002084b00020fcaf0020e5
:10287000d4af002080b584b000af2620fff7a8ffba
:1028800030e0ebf74efbf8601b4b1b68bb601a4b4c
:102890001b681b68184a1360174b1b68002b02d17a
:1028a000154b154a5a60f868ebf750fbbb685b792b
:1028b000fb71124b01221a70fb79114a52f8233036
:1028c000b8689847b868f0f797febb681b7923f0a3
:1028d0007f03dbb2002b02d1b868f7f791fc074bfe
:1028e00000221a70044b1b68002bcad1ebf7a6f923
:1028f00000bf1037bd4680bd70b00020fdaf002086
:10290000f4af002080b483b000af03463a60fb719f
:102910000b46bb71fb79002b05d1bb7907493a689f
:1029200041f8232004e0bb7905493a6841f82320a7
:1029300000bf0c37bd465df8047b7047f4af002044
:10294000d4af002080b500af084b00221a70084bae
:1029500000221a7020220021064805f0f1fb08220f
:102960000021054805f0ecfb00bf80bdfcaf002056
:10297000fdaf0020d4af0020f4af002080b400af42
:10298000034b1b781846bd465df8047b704700bfbb
:04299000fdaf002077
:020000040000fa
:020000040105f4
:1029940080b584b000aff860b9607a6000227968cd
:1029a400b868daf7fffc0246fb681a60fb681b682c
:1029b400002b01d1002300e0012318461037bd4647
:1029c40080bd80b582b000af786039603868dbf7cd
:1029d400c2fb02467b681a607b681b68002b01d12e
:1029e400002300e0012318460837bd4680bd80b5aa
:1029f40082b000af786039607b681a683b681b68f6
:102a040019461046dbf7b6fb0346012b01d101231f
:102a140000e0002318460837bd4680bd80b584b069
:102a240000aff860b9607a60bb681b6879681846c3
:102a3400dbf7e5fb0246fb681a60fb681b68002baa
:102a440001d1002300e0012318461037bd4680bda4
:102a540080b586b000aff860b9607a6000237b610e
:102a64007b68b3f1ff3f03d14ff0ff337b6101e09b
:102a74007b687b61fb68186800237a69b968daf7b8
:102a840043fd0346012b01d1012300e00023184636
:102a94001837bd4680bd80b584b000af786039601a
:102aa4000023fb607b68186807f10c020023396877
:102ab400daf7f0fd0346012b0cd1fb68002b07d09d
:102ac400074b4ff080521a60bff34f8fbff36f8fe5
:102ad400012300e0002318461037bd4680bd00bf27
:102ae40004ed00e080b586b000aff860b9607a60ac
:102af40000237b617b68b3f1ff3f03d14ff0ff33c9
:102b04007b6101e07b687b61fb681b687a69b9685b
:102b14001846daf7a6fe0346012b01d1012300e093
:102b2400002318461837bd4680bd80b582b000af7b
:102b340078607b681b681846dbf7c1fa0346012bf3
:102b440001d1012300e0002318460837bd4680bdab
:020000040000fa
:020000040105f4
:102b540080b500af2f4b1b881bb223f4e0631bb27c
:102b640043f4c0631bb29bb219461320e2f7f2fe92
:102b7400294b03f59b5310331a68a02161f3890292
:102b84001a60254b03f5995304331a6842f04072d6
:102b94001a60214b03f59a5304331a68062161f332
:102ba40099521a601c4b03f59a5308331a6804218e
:102bb40061f398521a60184b03f59a5308331a6854
:102bc4004c2161f35f621a60134b03f59a5310337f
:102bd4001a683d2161f30e221a600f4b03f59a53d4
:102be4000c331a68432161f316421a600a4b03f549
:102bf4009a5310331a68322161f31a521a60064b41
:102c040003f59a5310331a68382161f306021a60e7
:102c140000bf80bde4b200200024014180b500afb4
:102c24002a4b1b8819461320e2f794fe284b197887
:102c3400284b03f59b5310331a6861f389021a6019
:102c4400244b03f5995304331a686ff319621a601d
:102c5400204b03f59a5304331a686ff399521a60a0
:102c64001c4b03f59a5308331a686ff398521a6091
:102c7400184b03f59a5308331a68062161f35f620f
:102c84001a60144b03f59a5310331a686ff30e222b
:102c94001a60104b03f59a530c331a68062161f33a
:102ca40016421a600b4b03f59a5310331a686ff3ec
:102cb4001a521a60074b03f59a5310331a68062107
:102cc40061f306021a6000bf80bd00bfe4b20020b9
:102cd400e6b200200024014180b500af1320e2f7e2
:102ce40069fe03461a46074b1a80074b03f59b53ac
:102cf40010331b68c3f38703dab2044b1a7000bfa6
:102d040080bd00bfe4b2002000240141e6b20020ef
:020000040000fa
:020000040105f4
:102d1400434d443a5265616443684d6170436d6448
:102d2400000000bf4552523a5374617475733d30cc
:102d340078257800434d443a52656164427566666d
:102d4400657253697a65436d640000bf434d443a2c
:102d540052656164506879436d640000434d443aa0
:102d640053657444656661756c74506879436d6429
:102d7400000000bf434d443a526561645375676770
:102d8400657374656444656661756c744c656e67df
:102d94007468436d640000bf434d443a57726974cc
:102da4006553756767657374656444656661756cbe
:102db400744c656e677468436d640000434d443a17
:102dc400526561644d6178696e756d446174614cde
:102dd400656e677468436d64000000bf434d443af8
:102de4005265616452737369436d6400434f4e4e80
:102df4003a41636c5478446f6e653a48646c3d3074
:102e040078253034782c6c656e6774683d257800bd
:102e1400434f4e4e3a4374726c5064755263763a23
:102e240048646c3d3078253034782c4f70436f649f
:102e3400653d307825780000434f4e4e3a44617426
:102e4400615263763a48646c3d3078253034782c8e
:102e54006c656e6774683d25640000bf434f4e4e39
:102e64003a41434c206465736320616c6c6f63204a
:102e74006661696c3a253032780000bf434f4e4e8c
:102e84003a4c4c206465736320616c6c6f632066fc
:102e940061696c3a25303278000000bf416e636886
:102ea4006f72204d6f76653a48646c3d30782530fa
:042eb400347800006e
:020000040000fa
:020000040105f4
:102eb80080b483b000af00bf4ff08843d3f800312f
:102ec80003f40073002bf7d000237b607b68013389
:102ed8007b60564b5b6a03f00103012b03d07b68d0
:102ee800b3f5fa5ff2d37b68b3f5fa5f12d34f4bb1
:102ef8005b6a03f00103012b0cd04c4b5b684b4a17
:102f080043f48073536000bf484b5b6a03f00103ce
:102f1800012bf9d1464bb3f8ba349bb2444a03f0bb
:102f2800fd039bb2a2f8ba3400237b607b680133af
:102f38007b603e4b5b6a03f00303032b03d07b6883
:102f4800b3f5fa5ff2d37b68b3f5fa5f12d3374b68
:102f58005b6a03f00303032b0cd0344b5b68334ae2
:102f680043f40073536000bf304b5b6a03f0030304
:102f7800032bf9d14ff088430022c3f8b0204ff05b
:102f880088432c4ac3f8b0204ff088432a4ac3f834
:102f9800b0202a4b2a4a1a62284b4ff480721a60d2
:102fa800264b01229a6000bf244b1b6803f00103e3
:102fb800002bf9d1214b48f20902c3f850211f4bcd
:102fc80040f201221a671d4b4ff400429a674ff0f6
:102fd80088431c4a1a664ff0884300221a674ff04c
:102fe80088430022c3f880204ff08843164ac3f86c
:102ff800c0204ff0884347f27a32c3f8e0204ff000
:1030080088434ff03332c3f8b020084b5b68074a57
:1030180043f010035360054b4ff088721a6000bfed
:103028000c37bd465df8047b704700bf0040014186
:1030380000200141556699aaaa996655000a0044dc
:0c304800080101c0099009094d00012099
:020000040000fa
:020000040105f4
:10305400600798040f0f3e0003030e0000100200e7
:10306400000000000000000040004040000000009c
:10307400000000000000000000000000000000004c
:10308400000000000000200000000000000000001c
:103094000004000000000000000000000000000028
:1030a40000046000000000000000000000000000b8
:1030b40000000000000000006004000003000000a5
:1030c400000000000000000000000000000000bf3d
:1030d400000080000008000020252e2a730000bf95
:1030e4000d0a2d2d2d2d2d0d0a2d2d2057425a342c
:1030f400353120762e25642e25642e25640d0a2d67
:103104002d2025732025730d0a2d2d2d2d2d0d0a0f
:10311400000000bf30383a33373a3031000000bf86
:10312400417072203330203230323500537563637e
:103134006573730054696d657220437265617469c7
:103144006f6e204661696c65640000bf54696d65eb
:1031540072205374617274204661696c6564000066
:103164005374617274204164766572746973696e14
:1031740067204661696c6564000000bf556e646534
:1031840066696e6564204572726f7200466561748b
:10319400757265204e6f7420496d706c656d656e37
:1031a400746564004f766572666c6f772045727241
:1031b4006f720000436f6e66696775726174696f40
:1031c4006e204661696c7572650000bf0d0a5b452f
:0c31d40052524f525d2025730d0a00007e
:020000040000fa
:020000040105f4
:1031e00080b586b002af78607b681a787b6801335f
:1031f00019461046caf73efb0346fb7307f10f035f
:1032000001937b6800932023012242f2080140f2df
:10321000011003f069fbfb7b1a46034b33f81230b5
:1032200018461037bd4680bd6063050180b586b085
:1032300002af78607b681a787b68013319461046c4
:10324000caf78cfb0346fb7307f10f0301937b68fe
:1032500000932023012242f2090140f2011003f001
:1032600043fbfb7b1a46034b33f8123018461037ea
:10327000bd4680bd6063050180b586b002af786051
:103280007868caf735fa0346fb7307f10f03019319
:103290007b6800932023012242f2060140f20110d4
:1032a00003f022fbfb7b1a46034b33f8123018461f
:1032b0001037bd4680bd00bf6063050180b586b094
:1032c00002af0346fb71fb791846caf7bdfb034604
:1032d000fb7307f10f030193fb1d009320230122d1
:1032e00042f20a0140f2011003f0fefafb7b1a469b
:1032f000034b33f8123018461037bd4680bd00bf6f
:103300006063050180b586b000af0346b9607a609e
:10331000fb73fb7b7a68b9681846c3f771fe0346f6
:103320007b75bb681b78ff2b02d10123fb8204e075
:103330007b7d044a32f81330fb82fb8a184618372b
:10334000bd4680bd6063050180b582b000af03f06b
:1033500061fd0346fb80fb88034a32f813301846b0
:0c3360000837bd4680bd00bf606305015a
:020000040000fa
:020000040105f4
:10336c000001020303040505060707070707080009
:10337c004144563a616464207072695265712c62e2
:10338c00573d256c75287573292c6f6666736574ab
:10339c0032526566416e6b3d256c75287573292c10
:1033ac0072616e6765324f66667365743d256c7528
:1033bc0028757329000000bf4144563a6d696e426e
:1033cc00773d256c75287573292c6d617842773d96
:1033dc00256c7528757329004144563a6164642044
:1033ec007365635265712c62573d256c7528757336
:1033fc00292c6f666673657432526566416e6b3d3f
:10340c00256c75287573292c72616e6765324f6651
:10341c00667365743d256c7528757329000000bfb3
:10342c004144563a61646420706572695265712c2e
:10343c0062573d256c75287573292c6f666673650c
:10344c007432526566416e6b3d256c752875732917
:10345c00000000bf4144563a72657363684465735b
:10346c00632c616476457674547970653d256400ef
:10347c004144563a747970653d307825782c7365e3
:10348c007449643d30782578000000bf4144563ab9
:10349c00616e6b3d3078256c782c62773d256c75b0
:1034ac0028757329000000bf4144563a43523d3001
:1034bc00782578004144563a4c696e6b73207265de
:1034cc00616368206d617821000000bf4144563a69
:0c34dc004c696e6b2065786973742100e8
:020000040000fa
:020000040105f4
:1034e80080b483b000af786039603b6800221a600e
:1034f8007b681b68002b06d17b683a681a607b687a
:103508003a685a6006e07b685b683a681a607b68cc
:103518003a685a6000bf0c37bd465df8047b7047b7
:1035280080b485b000af78607b681b68fb60fb687f
:10353800002b0ad0fb681a687b681a607b681b68d6
:10354800002b02d17b6800225a60fb6818461437aa
:10355800bd465df8047b704780b584b000aff86065
:10356800b9607a60fb681b68002b04d0fb685b6855
:103578007a689a4204d1b968f868fff7b1ff11e098
:103588007b68002b07d1fb681a68bb681a60fb6868
:10359800ba681a6006e07b681a68bb681a607b68bc
:1035a800ba681a6000bf1037bd4680bd80b485b0c8
:1035b80000aff860b9607a60fb681b68ba689a4225
:1035c80004d1bb681a68fb681a6006e07b68002ba8
:1035d80003d0bb681a687b681a60fb685b68ba68c6
:1035e8009a4202d1fb687a685a6000bf1437bd4618
:1035f8005df8047b704780b485b000af7860002325
:10360800fb817b681b68002b0cd07b681b68bb6048
:1036180005e0fb890133fb81bb681b68bb60bb68a5
:10362800002bf6d1fb8918461437bd465df8047b9c
:10363800704780b485b000af78607b681b68002b4a
:103648000cbf01230023dbb2fb73fb7b1846143746
:08365800bd465df8047b7047dc
:020000040000fa
:020000040105f4
:103660002de9f0475143b6b098464ff001044ff0b2
:10367000000306461546cde9044325d08f1acde94f
:103680000622074405aa00bf52f8043f50680344cd
:103690002b448b429360f7d30124be420df11809ed
:1036a00015d30023cde90043cdf8089004ab424682
:1036b0002946304602f02df9012c4cd1049b012bf8
:1036c0004ad1059b002b47d136b0bde8f087049b5b
:1036d00003f00303032b12d123464246294630460a
:1036e000cdf8009003f09afa022104a804f0cdfa74
:1036f0000234049b43f0010304932e44cde736ab20
:1037000004f1ff3a03eb8a02bb1b52f8c02c9a4229
:1037100012d30023cde90043cdf8089004ab424614
:103720002946304602f0f5f8012c0ed1214604a8b6
:1037300004f096fa0024dce7cdf8009023464246d8
:103740002946304603f06afaeee7514604a804f031
:1037500087fa0124cde70bdc04a804f0f9f807464a
:10376000014604a804f091fa2744761b3c46a3e7df
:1037700004a8022104f074fa049b04a883f0070350
:103780000121a71e049304f080fa36ab03eb8703f4
:103790004ff0010a53f8c00ccdf808902844013cc2
:1037a00004ab42462946301acdf804a0009402f03a
:1037b000b0f8514604a804f053fa049b009743ea7a
:1037c0000a030493cde901a904ab42462946701bc4
:0837d00002f09ff8c9e700bff9
:020000040000fa
:020000040105f4
:1037d80080b483b000af78607b6803f108027b682f
:1037e8005a607b684ff0ff329a607b6803f10802e9
:1037f8007b68da607b6803f108027b681a617b6882
:1038080000221a6000bf0c37bd465df8047b704784
:1038180080b483b000af78607b6800221a6100bf73
:103828000c37bd465df8047b704780b485b000afa7
:10383800786039607b685b68fb603b68fa685a604f
:10384800fb689a683b689a60fb689b683a685a60ac
:10385800fb683a689a603b687a681a617b681b68fb
:103868005a1c7b681a6000bf1437bd465df8047b9c
:10387800704780b485b000af786039603b681b68da
:10388800bb60bb68b3f1ff3f03d17b681b69fb607a
:103898000ce07b680833fb6002e0fb685b68fb6058
:1038a800fb685b681b68ba689a42f6d2fb685a687c
:1038b8003b685a603b685b683a689a603b68fa689c
:1038c8009a60fb683a685a603b687a681a617b6854
:1038d8001b685a1c7b681a6000bf1437bd465df828
:1038e800047b704780b485b000af78607b681b6943
:1038f800fb607b685b687a6892689a607b689b6803
:103908007a6852685a60fb685b687a689a4203d1a1
:103918007b689a68fb685a607b6800221a61fb68ba
:103928001b685a1efb681a60fb681b681846143728
:08393800bd465df8047b7047f9
:020000040000fa
:020000040105f4
:1039400080b588b002af03463960fb800023fb7569
:10395000fb8801932b4b0093012302225c21ec2076
:10396000e8f746fefb881846fcf708fbf860fb68a2
:10397000002b02d10223fb7509e0fb681b683b6149
:103980003b6993f86430012b01d00c23fb75fb7d60
:10399000002b24d13b6903f5fb73102239681846cc
:1039a00004f0c0fa3b6993f8ae31212b04d03b6997
:1039b00093f8ae31222b10d13b6993f8af31032b32
:1039c0000bd1f868e9f7ddfa034683f00103dbb2b7
:1039d000002b04d00723fb7501e00c23fb75fb7d56
:1039e000002b09d0fb7d0193074b0093012300229c
:1039f000ff21ec20e8f7fcfdfb7d18461837bd469b
:103a000080bd00bfec7305010874050180b588b066
:103a100002af0346fb800023fb75fb880193204b1c
:103a20000093012302228021ec20e8f7e1fdfb88ce
:103a30001846fcf7a3fa38613b69002b02d1022338
:103a4000fb751ae03b691b68fb60fb6893f8ae31bd
:103a5000212b04d0fb6893f8ae31222b0bd13869af
:103a6000e9f7aefa034683f00103dbb2002b04d082
:103a70000723fb7501e00c23fb75fb7d002b09d0b0
:103a8000fb7d0193074b009301230022ff21ec20d3
:103a9000e8f7aefdfb7d18461837bd4680bd00bf78
:083aa00018740501087405010a
:020000040000fa
:020000040105f4
:103aa80080b400af4ff0884308225a60164b4ff499
:103ab80080721a63144b40f203125a61124b4ff48e
:103ac800c0729a65114b42f281021a630f4b43f69a
:103ad800c5025a610d4bfd225a600d4b0c22da6665
:103ae8000b4b0322da600a4b02221a60084b0822a9
:103af800c3f8a422064b0722c3f8ac2200bfbd4678
:103b08005df8047b704700bf002200440023004496
:103b18000010004480b483b000af78607b681b6af3
:103b280018460c37bd465df8047b704780b485b0f5
:103b380000aff860b9607a60fb681a6bbb68db435a
:103b480002ea0301ba687b681a40fb680a431a63f1
:103b580000bf1437bd465df8047b704780b483b05e
:103b680000af78607b681b6b18460c37bd465df864
:103b7800047b704780b483b000af786039607b689d
:103b88003a689a6300bf0c37bd465df8047b7047fe
:103b980080b483b000af786039607b683a685a6354
:103ba80000bf0c37bd465df8047b704780b483b016
:103bb80000af786039607b683a68da6300bf0c3719
:103bc800bd465df8047b704780b483b000af786071
:103bd80039607b683a689a6100bf0c37bd465df86a
:103be800047b704780b483b000af786039607b682d
:103bf8003a685a6100bf0c37bd465df8047b7047d0
:020000040000fa
:020000040105f4
:103c080080b584b000af7860124b00221a60114b67
:103c1800104a5a600023fb7307e0fb7b0e4a002121
:103c280042f82310fb7b0133fb73fb7b072bf4d992
:103c38000a4b00221a600a4a01210120fef75efea3
:103c48007868c2f70bf9eef7ddfb00bf1037bd4609
:103c580080bd00bf04b2002094b00020b4b00020a2
:103c6800f53c050180b483b000af03463960fb71b1
:103c7800fb7905493a6841f8232000bf0c37bd4657
:103c88005df8047b704700bf94b0002080b483b017
:103c980000af7860044a7b68136000bf0c37bd46ec
:103ca8005df8047b704700bfb4b0002080b584b0d5
:103cb80002af78607b681b8801930a4b009301234d
:103cc80002225f21ec20e8f78ffc074b1b68002bd2
:103cd80003d0054b1b687868984700bf0837bd4676
:103ce80080bd00bfec7e0501b4b0002080b58ab06d
:103cf80004af78607b68db887b617b6808330433ba
:103d08003b617b6808331b68fb607b691b0a9bb2bd
:103d1800dbb27b817b699bb2dbb23b817b893a89d1
:103d2800029201930c4b0093022302228121ec2082
:103d3800e8f75afc7b89094a52f82330002b07d050
:103d48007b89064a52f8233038893a69f9689847d6
:103d580000bf1837bd4680bdfc7e050194b0002029
:020000040000fa
:020000040105f4
:103d6800084b41f202029852074a118041f20401bd
:103d78005a5842f480125a50044a1368db02fcd4a1
:103d8800704700bf0020014100300141043001416b
:103d9800094b41f2020241f2040198525a5842f486
:103da80080225a5019440a685203fcd441f228026e
:103db800985880b2704700bf002001412de9f041ba
:103dc80017460d46ed1b0135012406469846ac40c2
:103dd800fff7deff013c04fa07f504ea080420eacd
:103de8000500bc400443a1b23046bde8f041fff7ee
:103df800b7bf38b515460c46641bfff7c9ff013439
:103e08000123a340013bab401840284180b238bd94
:103e1800074b41f614615a5842f004025a501944ab
:103e28000a685207fcd441f60c62985880b2704771
:103e38000020014170b5800086b2fff7e9ff054612
:103e480000bf00bf00bf0824b44200d370bdfff715
:103e5800dfff854288bf04f2e244641b10fa84f451
:103e6800a4b20546f0e7f8b54ff47a744cf2503333
:103e780060430025b0fbf3f41e46a7b203fb14040d
:103e8800bd4207d164b14ff6f8702040bde8f84054
:103e9800fff7d0bf30460135fff7ccffadb2efe7f3
:043ea800f8bd00bfa2
:020000040000fa
:020000040105f4
:103eac0080b582b000af786039607b68002b03d09e
:103ebc00084b1a787b681a703b68002b05d0064bb0
:103ecc0006221946386804f027f800bf0837bd46ab
:103edc0080bd00bf50b0002051b0002080b582b032
:103eec0000af03463960fb71084afb7913703b68dd
:103efc00002b05d0064b06223968184604f00cf846
:103f0c00f9f797ff00bf0837bd4680bd50b00020c1
:103f1c0051b0002090b482b000af78607b68074a43
:103f2c00146850689168d2681c6058609960da60b7
:103f3c0000bf0837bd4690bc704700bf5cb0002086
:103f4c0090b482b000af7860074b7a681468506800
:103f5c009168d2681c6058609960da6000bf0837bd
:103f6c00bd4690bc704700bf5cb0002080b483b0ed
:103f7c0000af78607b68044a1a6000bf0c37bd46fe
:103f8c005df8047b704700bf0800020180b400afed
:103f9c00034b93f900301846bd465df8047b70471f
:103fac0057b0002080b400af034b1b785bb21846af
:103fbc00bd465df8047b704758b0002080b483b0d8
:103fcc0000af0346fb71044afb79137000bf0c373a
:0c3fdc00bd465df8047b704757b0002024
:020000040000fa
:020000040105f4
:103fe8006d310301b5310301072c0301732b030164
:103ff800732b0301732b0301732b0301072c03019c
:10400800072c0301732b0301732b0301732b03018b
:10401800732b0301732b0301732b0301732b030110
:10402800732b0301732b0301732b0301752c0301fd
:10403800512d0301072c0301072c0301072c030151
:10404800732b0301732b0301732b0301732b0301e0
:104058004c32433a446174612073656e642c726516
:104068006a20727370206661696c00004c32433ab2
:1040780044617461207263762c6f703d307825300e
:10408800327800004c32433a44617461207263769e
:104098002c6e6f20617661696c20636f6e6e2c6880
:1040a800646c3d3078253034780000bf4c32433a98
:1040b800457674207263762c6e6f20667265652073
:1040c800636f6e6e2068646c3d3078253034782cd0
:1040d80065767449643d307825303278000000bf39
:1040e8004c32433a457674207263762c6e6f2061a9
:1040f8007661696c20636f6e6e2c68646c3d3078f5
:10410800253034782c65767449643d307825303212
:04411800780000bf6c
:020000040000fa
:020000040105f4
:10411c00f0b540f2ff7681ea030c16ea115e1ebf81
:10412c00b64516ea1355b54252d021ea465141f430
:10413c008011a1fb024723ea465343f48013ae449b
:10414c00a0fb03650cf0004c36197d41a1fb034725
:10415c0047f10003a0fb0217f619654153f1000368
:10416c00094218bf46f0010640f2fe74b3f5007f19
:10417c0013d2aef5806ea64523d24cea0331280348
:10418c0041ea155140ea16503203450872f10042db
:10419c0050f1000051eb0e51f0bdaef2ff3ea645c2
:1041ac000fd24ceac321e80241ea555140ea56507d
:1041bc00f202450872f1004250f1000051eb0e5131
:1041cc00f0bd1eea0e0f2dd50cf000410020f0bd05
:1041dc0016ea115f04bf01f000410020004218bf35
:1041ec0041f0010116ea135f04bf03f00043002203
:1041fc00124218bf43f0010306ea1354b44218bf2d
:10420c00b64503d00cf000410020f0bd21f0004178
:10421c0023f00043b1eb065f0cd8b3eb065f09d873
:10422c0041b13bb10cf0004141f0fe4141f4700151
:10423c000020f0bd40f20001c7f6f8710020f0bd7f
:020000040000fa
:020000040105f4
:10424c0053544154455f494e495400005354415412
:10425c00455f49444c45000053544154455f41442b
:10426c00564552544953494e470000bf535441548c
:10427c00455f4143544956455f434f4e4e45435469
:10428c004544000053544154455f504153534956e3
:10429c00455f434f4e4e454354454400535441549f
:1042ac00455f444953434f4e4e45435445440000eb
:1042bc0053544154455f4552524f5200535441544c
:1042cc00455f444542554700257804019778040121
:1042dc0089790401cd790401117a0401557a04011c
:1042ec006d7a0401817a04015443325f54696d651f
:1042fc0072537461727428290d0a00000d0a44650a
:10430c0076696365416464726573733a2025303253
:10431c00582025303258202530325820253032583c
:10432c00202530325820253032580d0a000000bfad
:10433c00000400040000000000000000070000bfa3
:10434c00140201060a095f48616e646f7665720596
:10435c0016cd00feda000000000000000000000096
:08436c00257300000d0a00009a
:020000040000fa
:020000040105f4
:1043740090b58bb000aff860b9607a60f6f7c4fe10
:10438400002387f826306ce000bf3f4b03f58153d0
:1043940010331b68c3f34073dbb2012bf5d010223a
:1043a400f9683a4803f0bcfd1022b968384803f0b4
:1043b400b7fd002387f82730e9f7f8fd324b03f502
:1043c400815310331a6842f000621a60e9f708fe5c
:1043d40000bf2d4b03f5815310331b68c3f34073a7
:1043e400dbb2012bf5d0284b03f584530c331b6847
:1043f400c3f34003dbb2002b0ad0012387f8273034
:10440400214b03f5865304331a8842f020021a80a4
:1044140097f82730002bccd110221e49786803f07e
:104424007ffd7b680f331b78002b1fd197f8263054
:10443400002b09d007f1140310227968184603f001
:1044440061fd0346002b13d07b6807f11404186840
:1044540059689a68db680fc497f82630013387f8e7
:10446400263097f82630042b8ed902e000bf00e0f6
:1044740000bf97f82630042b01d8002300e0012365
:1044840018462c37bd4690bd00240141dc3401415f
:08449400103401412034014104
:020000040000fa
:020000040105f4
:10449c002de9f04f0e4649683568d6f80890f76854
:1044ac008bb0cde903230029acbf25f00205012117
:1044bc0015f010030593039b8346d3e900232fd0fb
:1044cc0052ea03002cd0a9f10208346915f0080057
:1044dc0004f1ff3408904ff00000385518bf08f174
:1044ec00ff388a46012c1ddc059b002b54d1089b00
:1044fc0013b1013c20233b5532690095013a4b46e0
:10450c00121b3919584602f031f8dbf80430db0580
:10451c0003d573689842b8bf18460bb0bde8f08f4e
:10452c00c846d2e752ea030009d1baf1000f06dc03
:10453c00a8eb010050440028d6dda807d4d502f022
:10454c000f000928d4bf00f1300e00f1570e04986b
:10455c00a0f1410cbcf1190f04f1ff3410d84ef04e
:10456c00200cacf1610cbcf1190f09d87046099103
:10457c00cde9062303f033fedde9062309998646cf
:10458c00100940ea03704fea131c07f804e00af123
:10459c00ff3a02466346a5e7039bd3e9000150eac4
:1045ac000103a4d03a19049b02f8013c023c3023cd
:0445bc003b559ce7e8
:020000040000fa
:020000040105f4
:1045c00080b586b002af0346fb8007f10c03bb60e9
:1045d000fb881846fff71afa0346fb73fa7b07f1cc
:1045e000080311461846f2f78af8fa8807f108031b
:1045f00011461846f2f798f807f10c030193bb1d1a
:1046000000930223032242f21b0140f2011002f048
:104610006bf9fb7b034a32f8133018461037bd465e
:1046200080bd00bf6063050190b58db002af034649
:104630003960fb8007f124033b62fb883968184628
:10464000fff77ef9034687f8273097f8272007f110
:10465000200311461846f2f752f8fa8807f12003b2
:1046600011461846f2f760f8fb88bb813a6807f1fb
:104670000e03146850689168d2681c605860996095
:10468000da6007f12403019307f10c03009312236e
:10469000032242f21a0140f2011002f025f997f8c4
:1046a0002730034a32f8133018462c37bd4690bde8
:1046b0006063050180b582b000af03f0f5f80346f2
:1046c000fb80fb88034a32f8133018460837bd4692
:0846d00080bd00bf606305011d
:020000040000fa
:020000040105f4
:1046d800ffffffffffffffffffffffffffffffffe2
:1046e800ffffffffffffffffffffffffffffffffd2
:1046f800ffffffffffffffffffffffffffffffffc2
:10470800ff00010203040506070809ffffffffff7a
:10471800ffff0a0b0c0d0e0f1011121314151617ac
:1047280018191a1b1c1d1e1f20212223ffffffff23
:10473800ffff0a0b0c0d0e0f10111213141516178c
:1047480018191a1b1c1d1e1f20212223ffffffff03
:10475800ffffffffffffffffffffffffffffffff61
:10476800ffffffffffffffffffffffffffffffff51
:10477800ffffffffffffffffffffffffffffffff41
:10478800ffffffffffffffffffffffffffffffff31
:10479800ffffffffffffffffffffffffffffffff21
:1047a800ffffffffffffffffffffffffffffffff11
:1047b800ffffffffffffffffffffffffffffffff01
:1047c800fffffffffffffffffffffffffffffffff1
:0a47d800ff000102040703060500bc
:020000040000fa
:020000040105f4
:1047e400600798040f0f3e0003030e000010020040
:1047f40000000000000000004000404000000000f5
:1048040000000000000000000000000000000000a4
:104814000000000000002000000000000000000074
:104824000004000000000000000000000000000080
:104834000004600000000000000000000000000010
:1048440000000000000000006004000003000000fd
:10485400000000000000000000000000030c000045
:104864005f48040105140000734804010a20000095
:10487400b7480401e2fc000019490401e3fc00000c
:10488400a1490401e4fc0000b7490401010000004f
:10489400414a04010d0a4e4f204c45204d65746178
:1048a400204576656e74207375626576656e745ff7
:1048b400636f64653a20253032580d0a000000bf4a
:1048c4003e000000554a04010d0a4e4f20657665ee
:1048d4006e745f636f64653a20253032580d0a00a8
:020000040000fa
:020000040105f4
:1048e40080b500af6d20e1f765f803461a46034b27
:1048f4001a80034bff221a7000bf80bde0b2002073
:10490400e2b2002080b483b000af0346fb7100bf65
:104914000c37bd465df8047b704780b584b000afaa
:104924000346fb71184b1b78fa799a4224d0fb7921
:10493400022b0fd1154b1b881bb223f007031bb2ac
:1049440043f001031bb2fb81fb8919466d20e1f79b
:1049540001f811e00c4b1b78022b03d00a4b1b7897
:10496400ff2b09d1094b1b8823f00703fb81fb892b
:1049740019466d20e0f7eeff034afb79137000bf80
:104984001037bd4680bd00bfe2b20020e0b2002077
:1049940080b582b000af03460a46fb711346bb7173
:1049a400fb79012b04d1bb791846fff7b6ff12e05f
:1049b400fb79022b04d1bb791846fff7a3ff0ae069
:1049c400fb79032b07d1bb791846fff7a6ffbb7908
:1049d4001846fff797ff00bf0837bd4680bd00bfec
:020000040000fa
:020000040105f4
:1049e40080b500af0c4b1b68002b03d10b4b1b682d
:1049f400002b0fd0084b1b68002b03d0064b1b6801
:104a040001209847054b1b68002b04d0034b1b68ff
:104a1400984700e000bf80bdbcb10020c4b10020b5
:104a240080b500af0c4b1b68002b03d10b4b1b68ec
:104a3400002b0fd0084b1b68002b03d0064b1b68c0
:104a440000209847054b1b68002b04d0034b1b68c0
:104a5400984700e000bf80bdc0b10020c8b100206d
:104a640080b483b000af78603960064a7b68136015
:104a7400054a3b68136000bf0c37bd465df8047bf4
:104a8400704700bfc4b10020c8b1002080b483b017
:104a940000af78603960064a7b681360054a3b685a
:104aa400136000bf0c37bd465df8047b704700bf40
:104ab400bcb10020c0b1002080b500af054a082178
:104ac4000120e9f7b2f9044a07210120e9f7adf919
:0c4ad40000bf80bde5490501254a050131
:020000040000fa
:020000040105f4
:104ae00052433a41646452657120507265656d703d
:104af00074203078253032782c7072696f72697446
:104b0000793a25642c20706572696f646963616c01
:104b10003a25640052433a416464526571204e6ff5
:104b2000726d616c203078253032782c7072696f2c
:104b3000726974793a25642c20706572696f6469b2
:104b400063616c3a2564000052433a436c656172bc
:104b5000526571204e6f726d616c20307825303255
:104b6000782c73746174653d2564000052433a43a8
:104b70006c65617252657120507265656d70746903
:104b80007665203078253032782c73746174653df9
:104b90002564000052433a436c656172436220729f
:104ba00065713a253038780052433a537573706511
:104bb0006e644362207265713a25780052433a531d
:104bc000757370656e645265712c20726f756e64ba
:084bd0003a202564000000bf3b
:020000040000fa
:020000040105f4
:104bd80080b586b000af78607b681b687b61082170
:104be8000020c5f76bfd38613b69002b2ed0c6f756
:104bf80099f9f860fb68002b23d0fb680122da7171
:104c0800fb6801225a717b6903f21622fb68da609d
:104c1800f9687868c6f7ccf93b690c33bb60bb68a8
:104c280001221a70bb68581c7b6903f216230522ff
:104c3800194603f073f939697868d8f7a2f901239e
:104c480005e03869c5f72efd002300e0002318466b
:104c58001837bd4680bd80b584b000af7860396034
:104c68007b681b68fb603b68bb60fb6803f5f370ff
:104c7800bb6801330822194603f050f9fb6803f5b5
:104c8800f973ba68093212681a6000bf1037bd4656
:104c980080bd80b485b000af786039607b681b68e0
:104ca800fb603b68bb60bb685a78fb6883f86e2280
:104cb800bb689a78fb6883f86f2200bf1437bd463b
:064cc8005df8047b70475b
:020000040000fa
:020000040105f4
:104cd00080b500af384b03f5b0530c331a6802218e
:104ce00061f35a621a60344b03f5b0530c331a68ff
:104cf00042f000621a600320edf793fe2e4b03f59d
:104d0000d25318331a6842f400621a6000bf2a4b6b
:104d100003f5d25318331b68c3f3c023dbb2012b56
:104d2000f5d0254b03f5b0530c331a686ff3db62f3
:104d30001a600320edf775fe1f4b03f5b0530c33db
:104d40001a686ff35a621a602ae01b4b03f5b053de
:104d50000c331a6842f000621a600320edf761fe1e
:104d6000154b03f5b0530c331a686ff3db621a600e
:104d70000320edf756fe104b03f5b0530c331b68c0
:104d8000c3f34163dbb20133dbb203f00303d9b2f7
:104d9000094b03f5b0530c331a6861f35a621a6079
:104da000054b03f5b1531b68c3f34263dbb2002b21
:0c4db000cbd100bf80bd00bf002401413a
:020000040000fa
:020000040105f4
:104dbc0080b582b000af0023fb7107e0fb790b4a92
:104dcc00002142f82310fb790133fb71fb79092b8d
:104ddc00f4d9074a01210020fdf78efdf3f7e4fb1f
:104dec00e1f73afe00bf0837bd4680bd00b0002099
:104dfc00294e050180b483b000af03463960fb71c6
:104e0c00fb7905493a6841f8232000bf0c37bd46b1
:104e1c005df8047b704700bf00b0002080b586b001
:104e2c0000af78607b68db88fb827b6808331b688b
:104e3c003b617b6808330433fb60fb8a1b0a7b8174
:104e4c00fb8adbb23b817b89114a52f82330002b61
:104e5c0007d07b890e4a52f823303889fa683969b1
:104e6c0098470c4b1b681b68002b03d0094b1b6825
:104e7c0000221a60074b1b685b68002b03d0054ba4
:104e8c001b6800225a6000bf1837bd4680bd00bfaa
:084e9c0000b0002084b20020e8
:020000040000fa
:020000040105f4
:104ea40080b485b000af03463960fb803b68fb608b
:104eb400fb685b68074a1360fb681a89064b5a80d3
:104ec400054b02221a70002318461437bd465df8bc
:104ed400047b7047d8000020a0b2002080b400af4b
:104ee400034b5b881846bd465df8047b704700bfe2
:104ef400a0b2002080b483b000af7860044b93f973
:104f0400003018460c37bd465df8047b704700bf7f
:104f1400a0b2002080b483b000af7860044a7b68fc
:104f2400136000bf0c37bd465df8047b704700bfbb
:104f3400d800002080b400af034b1b681846bd4660
:104f44005df8047b704700bfd800002080b485b0b2
:104f540000af0346fb800023fb73fb88002b04d1c6
:104f6400054afb8853800123fb73fb7b18461437e7
:0c4f7400bd465df8047b7047a0b2002031
:020000040000fa
:020000040105f4
:104f80002de9f74f984604468b46d2f80890d2e9af
:104f9000037a02f0d9fbd8f800301844c8f80000b2
:104fa000b9f1000f01d10af1ff3900254d452dda85
:104fb0000af1ff33ab4229dde36be26c934235d259
:104fc0005a1ce2631e78304602f0c8ff00283dd12b
:104fd000012d16d1304603f001f9782811d13b7824
:104fe000302b0ed1e36be26c93422bd25a1ce2635e
:104ff0001878e36c13b1e36b013be36302f0aeff9f
:1050000020bbe36c13b1e36b013be36300237b55ef
:10501000102201a9384603f069f8019bbb42cbe995
:1050200000010cbf6ff00106012607e0204601f0e9
:1050300079ff06460130c6d1002de7d1304603b0d6
:10504000bde8f08f204601f06dffd2e77e55d8f81d
:0c505000003001330135c8f80030a7e73c
:020000040000fa
:020000040105f4
:10505c0080b400af044b4ff400429a6000bfbd46d1
:10506c005df8047b704700bf0005004480b400afbe
:10507c00044b4ff400425a6000bfbd465df8047b00
:10508c00704700bf0005004480b400af074b1b689d
:10509c0003f40043b3f5004f0cbf01230023dbb234
:1050ac001846bd465df8047b704700bf0005004400
:1050bc0080b400af034b01229a6000bfbd465df87f
:1050cc00047b70470005004480b400af034b012201
:1050dc005a6000bfbd465df8047b70470005004474
:1050ec0080b400af064b1b6803f00103012b0cbf0f
:1050fc0001230023dbb21846bd465df8047b7047e4
:10510c000005004480b483b000af064b7b607b6825
:10511c0045f243721a8000bf0c37bd465df8047b24
:08512c00704700bf02050044ba
:020000040000fa
:020000040105f4
:10513400f8b54ff088431b6c03f44053b3f5805f1c
:105144001b4b0cbf41f2850244f685029a604478f9
:105154000323b4fbf3f303eb4302a41a14f0ff0498
:1051640024d1deb205462746b74214d1104da86ab1
:10517400010cc0f3072001f09dffe86a010cc0f3a5
:10518400072001f097ff286b010cc0f3072001f002
:1051940091ff2046f8bd2979eb78a87803eb01212b
:1051a400013701f087ffffb20335dde70124f0e7a3
:1051b400003e0144f8b544780323b4fbf3f303eb56
:1051c4004302a41a14f0ff0412d1deb205462746a6
:1051d400b74201d12046f8bd2b79e978a87801ebd4
:1051e400032189b20137fef7bdfdffb20335efe7b6
:1051f4000124efe7014608b51020f1f737f8b0fabb
:0852040080f0400908bd00bf65
:020000040000fa
:020000040105f4
:10520c0080b483b000af78607b681978294b03f5c4
:10521c00845314331a6861f30f221a607b6859782f
:10522c00244b03f5845314331a6861f317421a6044
:10523c007b6899781f4b03f5845314331a6861f318
:10524c001f621a607b68d9781a4b03f584531833a4
:10525c001a6861f307021a607b681979154b03f51c
:10526c00845318331a6861f30f221a607b685979da
:10527c00104b03f5845318331a6861f317421a6004
:10528c007b6899790b4b03f5845318331a6861f3d7
:10529c001f621a607b68d979064b03f584531c3363
:1052ac001a8861f307021a8000bf0c37bd465df8ff
:1052bc00047b70470024014180b582b000af786058
:1052cc0010227968034802f027fe00bf0837bd465c
:0852dc0080bd00bfa0340141b8
:020000040000fa
:020000040105f4
:0452e40000207047ef
:020000040000fa
:020000040105f4
:1052e80053ec102bc3f30a512de9f04140f2fd7045
:1052f8004e1e86421d4645d8a1f2ff30002835dbf8
:10530800332831dc284bc0f120084ff0ff3c03fa6a
:1053180008f2a1f21f412cfa00fc10ee104a4ceae8
:10532800020c23fa01f24cea020c23fa00fe04ea0a
:105338000c0605ea0e0724ea0c0256ea070425ead9
:105348000e030fd0002a73f100040bdb4ff4801515
:1053580005fa08f425fa01f10c43121925fa00f0b0
:1053680040eb030343ec102bbde8f081002a73f1f6
:10537800000303db9fed080bbde8f0819fed080bf0
:10538800bde8f0810029efd10a4603f0004343ec61
:10539800102be9e7aff30080000000000000f03fa9
:0c53a8000000000000000000ffff0f00ec
:020000040000fa
:020000040105f4
:0453b40002f06cb9de
:020000040000fa
:020000040105f4
:1053b80053ec102bc3f30a512de9f04140f2fd7074
:1053c8004e1e86421d4645d8a1f2ff30002835db27
:1053d800332831dc284bc0f120084ff0ff3c03fa9a
:1053e80008f2a1f21f412cfa00fc10ee104a4cea18
:1053f800020c23fa01f24cea020c23fa00fe04ea3a
:105408000c0605ea0e0724ea0c0256ea070425ea08
:105418000e030fd0002a73f100040bda4ff4801545
:1054280005fa08f425fa01f10c43121925fa00f0df
:1054380040eb030343ec102bbde8f081002a73f125
:10544800000303db9fed080bbde8f0819fed080b1f
:10545800bde8f0810029efd10a4603f0004343ec90
:10546800102be9e7aff30080000000000000000007
:0c547800000000000000f0bfffff0f006c
:020000040000fa
:020000040105f4
:1054840080b584b000af7860254b1b6adb0903f05c
:105494000103002b14bf01230023fb73fb7b83f068
:1054a4000103dbb2002b26d0fff744fd0346032b98
:1054b40006d9fff713fd03461a491846eef71afbff
:1054c400194b1b7803f00103dbb2002b0ed0edf770
:1054d400f1fe0346002b04d1114b4ff480725a6342
:1054e40019e00f4b4ff480729a6314e00c4b4ff4a5
:1054f40080729a630fe0fff71dfd0346032b06d964
:10550400fff7ecfc034609491846eef7f3fa044b9f
:105514004ff480729a6300bf1037bd4680bd00bf50
:10552400002200449075050100000020b0750501bb
:1055340080b500af002203490020fcf721fd00bf25
:0855440080bd00bf8554050184
:020000040000fa
:020000040105f4
:10554c0080b500af074b00221a70002240f2011107
:10555c004020d7f723ff0246024b5a60f3f772fb49
:10556c0000bf80bd3801002080b5c2b000af3b4603
:10557c00c7f80431214b1b78002b02d0012b0fd024
:10558c0037e0012387f80331b8f7dffcf7f778fa37
:10559c0097f80331002b29d0184b01221a7025e003
:1055ac003b464ff0ff3219461548fdf797fa034674
:1055bc00002b1dd0d7f804311b78002b06d1d7f85f
:1055cc00043101331846f7f73ff90ae0d7f80431f4
:1055dc001b78012b05d1d7f8043101331846f7f7a6
:1055ec006cf9d7f80401f3f7bbfb01e000bf00e056
:1055fc0000bf00bf07f58477bd4680bd3801002091
:04560c003c0100203d
:020000040000fa
:020000040105f4
:1056100080b582b000af78603960fef7c9fc034600
:105620001bb201211846eaf79dfc054a7b6813600e
:10563000044a3b68136000bf0837bd4680bd00bf09
:1056400088b200208cb2002080b582b000af034643
:10565000fb71074b1b68002b05d0054b1b68fa79c3
:105660001046984700e000bf0837bd4680bd00bf28
:1056700088b2002080b483b000af0346fb71fb7991
:1056800083f00103dbb2002b06d0094b5b68084aac
:1056900023f48033536005e0054b5b68044a43f410
:1056a0008033536000bf0c37bd465df8047b704704
:1056b0000040014180b582b000af0346fb71044b4e
:1056c0001b68fa791046984700bf0837bd4680bd71
:0456d0008cb2002078
:020000040000fa
:020000040105f4
:1056d40080b584b000af78600023bb730023fb73f4
:1056e4000de0fb7b0a4a52f823307868984703465a
:1056f400bb73bb7b012b06d0fb7b0133fb73fb7bb2
:10570400002beed000e000bf00bf1037bd4680bdc7
:10571400acb2002080b500affcf71afe0346184671
:1057240080bd80b483b000af7860002318460c3786
:10573400bd465df8047b704780b584b000af114866
:10574400e4f7aefa0023fb7307e0fb7b0e4a0f4934
:1057540042f82310fb7b0133fb73fb7b002bf4d05b
:105764003b1d0722ff21184602f0e8fc3f23fb7291
:105774003b1d184601f099f90346bb8100bf103761
:10578400bd4680bdd5560501acb2002027570501a2
:020000040000fa
:020000040105f4
:10579400f8b58c1e00ebc40416461f460d46d4e92a
:1057a400022330463946fef7b7fcd4e90023faf762
:1057b40027fe022d02460b4645d030463946fef7f9
:1057c400abfc54e90223faf71bfe032d02460b46f9
:1057d40039d032463b46fef79ffc54e90423faf7de
:1057e4000ffe042d02460b462dd030463946fef7f7
:1057f40093fc54e90623faf703fe052d02460b46f3
:1058040021d030463946fef787fc54e90823faf7dd
:10581400f7fd062d02460b4615d030463946fef7f5
:105824007bfc54e90a23faf7ebfd072d02460b46ed
:1058340009d030463946fef76ffc54e90c23faf7d9
:10584400dffd02460b4630463946fef765fcf8bddf
:020000040000fa
:020000040105f4
:1058540080b586b002aff860b9607a60f868012359
:1058640000937b681022b968faf7fdfc0346002b0d
:1058740001d1002300e0012318461037bd4680bd46
:1058840080b584b000aff8607a603b600b467b81e2
:10589400f8687b893a687968faf737fd0346002b84
:1058a40001d1002300e0012318461037bd4680bd16
:1058b40080b584b002af78603960786800230093c3
:1058c400002310223968faf7cefc0346002b01d1dd
:1058d400002300e0012318460837bd4680bd80b58b
:1058e40084b000aff8607a603b600b467b81fb6854
:1058f4003a6879681846faf726fd0346002b01d169
:0e590400002300e0012318461037bd4680bd89
:020000040000fa
:020000040105f4
:105912002de9f04f8a4619685b68bfb09146cde920
:105922000430dde94862ddf828b1039105464ff005
:105932000108039b012b01d1049b53b1b7000599c8
:105942005bf8074049922c1b2046c8470028499a19
:1059520010dc62b9424605a9504601f03afbcdf887
:1059620000b033464a465146284601f056f93fb048
:10597200bde8f08f82b105ab03a843f8284001f0df
:10598200e6ff0546014603a802f07ef92e4408f11f
:10599200010800222546cce7012eecdd5f44caf166
:1059a200000057f8087c2146c71b2844c847002836
:1059b2002f44cfda21463846c8470028dbdbc9e747
:020000040000fa
:020000040105f4
:1059c400e73a0201093b02012b3b02014d3b020174
:1059d4006f3b0201913b0201b73b0201db3b020139
:1059e400fd3b02011f3c0201413c0201633c0201f8
:1059f400893c0201af3c0201d13c0201f53c0201a9
:105a0400113d02014741503a457674207263762c69
:105a14006e6f20617661696c20636f6e6e2c2068f6
:105a2400646c3d3078253034782c20657674496474
:105a34003d307825303278004741503a457674201d
:105a44007263762c6e6f206672656520636f6e6e6e
:105a54002c2068646c3d3078253034782c206576b1
:0c5a64007449643d307825303278000031
:020000040000fa
:020000040105f4
:105a700080b483b000af144b1b6a1b0abb71202398
:105a8000fb71bb79032b17d801a252f823f000bf9a
:105a9000a15a0501a75a0501ad5a0501b35a0501de
:105aa0006023fb7108e04023fb7105e03023fb71ac
:105ab00002e02023fb7100bffb7918460c37bd467e
:105ac0005df8047b704700bf000a004480b582b0d7
:105ad00000af03460a46fb711346bb710020fff777
:105ae000c9fd0120fff7e6fd97f906301846eaf7f1
:105af00047f9fb791846e0f725f900bf0837bd469e
:105b000080bd80b500af0020fff7d4fd0120fff776
:0c5b1000b1fde0f745f900bf80bd00bf0b
:020000040000fa
:020000040105f4
:105b1c00882910b536d012dc812943d003dc8029ca
:105b2c0040d0002010bd82290ed08429f9d11968eb
:105b3c0002b30a1d1a60b1f90020d3171ee0a02988
:105b4c002bd00bdc9029ecd11968073121f007011f
:105b5c0001f108021a60d1e900230fe0c02901d03d
:105b6c00f029ded11a68111d196013680360002337
:105b7c00436005e00a1d1a600a880023c0e900236f
:105b8c000120cfe7196822b10a1d1a6091f9002093
:105b9c00d3e70a1d1a600a78efe71a68111d19601d
:105bac001268cae719681ab10a1d1a600a68c4e7b4
:0c5bbc000c1d1c600b68c0e90032e1e722
:020000040000fa
:020000040105f4
:105bc8002de9f041d2e900230c4686b007465fea8a
:105bd800d37820684968a5680590e66841d05242a4
:105be80063eb4303002908db20f002000590b8f1bd
:105bf800000f02d1059948072ad5691e05a8029009
:105c08000a20cde90010204600f0e2feb8f1000fae
:105c180002d1059b59071fd5b8f1000f00f1ff30dd
:105c280014bf2d232b2333542269059b0093013a7b
:105c38002b46121a3118384600f09afc7b68db05af
:105c480003d563689842b8bf184606b0bde8f0812e
:105c58000807d2d42946d1e71a07e5d50138202309
:085c6800e1e70029c0dac5e7fd
:020000040000fa
:020000040105f4
:105c700080b500af00f010f800f032f800bf80bd32
:105c800080b400af034b80225a6300bfbd465df86d
:105c9000047b70470023004480b400af034b802294
:105ca0009a6300bfbd465df8047b70470023004443
:105cb00080b400af034b8022da6300bfbd465df8bd
:105cc000047b70470023004480b400af034b0122e3
:105cd0009a6300bfbd465df8047b70470023004413
:105ce00080b400af034b01225a6300bfbd465df88c
:105cf000047b70470023004480b400af034b0122b3
:105d0000da6300bfbd465df8047b704700230044a2
:020000040000fa
:020000040105f4
:105d100080b582b000af7860cff7e4f80a20c5f70d
:105d2000bdfbf9e780b582b000af7860fff722fcd9
:105d3000fce780b582b002af144b019301230093be
:105d400000234ff4007212491248c5f789f9002365
:105d500001930323009300234ff400720e490f4870
:105d6000c5f77ef90346012b00d0fee70c4b0193eb
:105d70000123009300234ff480620a490a48c5f7c3
:105d80006ff9c5f747fe00bfbd4680bd3401002056
:105d9000387e0501115d0501487e05010d280501cc
:0c5da000300100204c7e0501255d05014e
:020000040000fa
:020000040105f4
:105dac0080b582b000af78607868c2f7c4fd00bfe0
:105dbc000837bd4680bd80b500afc2f7cbfd00bf34
:105dcc0080bd80b500afc2f7d1fd00bf80bd80b5ee
:105ddc0000afc2f7d7fd0346184680bd80b582b030
:105dec0000af78607868c2f77dfd03461846083727
:105dfc00bd4680bd80b483b000af0023fb71054b62
:105e0c0001221a70fb7918460c37bd465df8047bed
:105e1c00704700bf44b1002080b483b000af0023b2
:105e2c00fb71054b00221a70fb7918460c37bd46e6
:0c5e3c005df8047b704700bf44b10020fb
:020000040000fa
:020000040105f4
:105e4800434d443a536574416476506172616d2cd8
:105e5800747970653d2564004552523a73746174d3
:105e680075733d25640000bf434d443a5265616433
:105e7800416476506879436854785077720000bf5f
:105e8800434d443a536574416476446174612c6ca3
:105e9800656e3d25640000bf434d443a5365745315
:105ea80063616e527370446174612c6c656e3d253c
:105eb800640000bf434d443a536574416476456eaf
:105ec80061626c652c656e61626c653d25640000dd
:0c5ed8004552523a4c3136423073000003
:020000040000fa
:020000040105f4
:105ee40080b582b000af78607b68db881a467b6837
:105ef40008331b6819461046fcf700f900bf083741
:105f0400bd4680bd80b500af1b4a03210120fcf7cc
:105f1400f7fcfff7fffb034683f00103dbb2002b22
:105f24001fd1fcf713fb034683f00103dbb2002b04
:105f340017d1def73afd034683f00103dbb2002bf1
:105f44000fd1fcf7aef8034683f00103dbb2002b5c
:105f540007d1e4f7fdfa034683f00103dbb2002b1b
:105f640001d0002306e0fcf725fbdef77bfdfff7fd
:0c5f7400e3fb0123184680bde55e05013b
:020000040000fa
:020000040105f4
:105f8000d53c0401653e04013d3e0401b13d0401e0
:105f90000000000001000000ffffffffffffffff08
:105fa000ffffffffffffffffffffffffffffffff01
:105fb000ffffffffffffffff0000000000000020c9
:105fc0000000001000000000805f050128b00020e4
:105fd00001000000905f0501b85f0501c05f050189
:105fe00000000000000000000400000000000000ad
:105ff000493803011139030155390301473c0301b5
:10600000313c0301e93c0301f05f05010860050133
:08601000dc7b0501000000002b
:020000040000fa
:020000040105f4
:1060180080b400af00bfbd465df8047b704780b513
:1060280084b000af4ff00003fb60f9f7a1fb00bf9d
:106038000220f9f7e3fb034683f00103dbb2002bf0
:10604800f6d10220f9f7fafb03467b817b8907ee3c
:10605800903af8ee677a9fed0f7a27ee877adfedb0
:106068000e6ac7ee267ac7ed017ad7ed017ab6ee49
:10607800007a37eec77adfed096ac7ee267ac7edf0
:10608800037afb6807ee903ab0ee670a1037bd4610
:1060980080bd00bf3333534000f07f450ad7233c0f
:020000040000fa
:020000040105f4
:1060a80081b4030155a80401d1b40301e7b4030185
:1060b800b1b4030141c10201ed1803017dc1020120
:1060c800970c030127b503012919030100000000fb
:1060d800020000002b16030104000000edb30201ca
:1060e80006000000bbb502010800000075b70201f8
:1060f8000a00000011bb02010c0000001fbc0201d5
:10610800100000005fbd020112000000d10703016a
:1061180052000000f30703011600000029080301dc
:10612800180000004b0a03011e00000057a60401d6
:020000040000fa
:020000040105f4
:10613800474154543a44617461207263762c4f701d
:106148003d30782530327800474154543a446174e0
:1061580061207263762c6e6f20617661696c2063b2
:106168006f6e6e2c68646c3d307825303478000092
:10617800474154543a457674207263762c6e6f20ea
:106188006672656520636f6e6e0000bf47415454a8
:106198003a457674207263762c6e6f206176616959
:1061a8006c20636f6e6e2c68646c3d3078253034db
:1061b800782c6576743d307825303278000000bf41
:020000040000fa
:020000040105f4
:1061c80080b582b000af7860034b5b68984700bf2a
:1061d8000837bd4680bd00bfc400002090b585b01b
:1061e80002af7860154b0093002301226421144804
:1061f800e8f71afb0246134b1a60124b1b68002b78
:1062080002d10120f2f7c4fd0e4a7b6853600d4ba2
:106218001c68c5f789fd024600230093002301216d
:106228002046e8f74cfb0346012b02d00220f2f788
:10623800affd00bf0c37bd4690bd00bfc961050169
:08624800e49b0401c4000020e6
:020000040000fa
:020000040105f4
:1062500038b505460c46f7f7ddfbd9f72ffc054ba3
:1062600005481d80054b0c221c801421bde83840d8
:10627000fcf790bbd8b00020a4b20020dab0002018
:1062800030b5044685b00d46ac4201d905b030bded
:1062900069462046ebf758f9d8b1bdf8021041b96c
:1062a0004ff0200383f31188bff36f8fbff34f8f3d
:1062b000fee700222046d9f7b3fc10f0fd0f08d00e
:1062c0004ff0200383f31188bff36f8fbff34f8f1d
:0862d000fee70134a4b2d7e798
:020000040000fa
:020000040105f4
:1062d80005000000080001000c0002001000050085
:1062e800130006003000070057001f0086001e003c
:1062f8000110080002100a00031009000410110020
:1063080005100b0006100c0007100d0008100e00f9
:1063180009100f000a1013000b1016000c101200c1
:106328000d1010000e1017000f1018001010190093
:1063380011101a0012101b0013101500141014006d
:1063480020101d0021101c000000010003000100a6
:08635800010001000100020038
:020000040000fa
:020000040105f4
:106360000000010002010100010005010601020018
:106370000801010001000b010c010d010e010100db
:1063800001000300030013010100010001000100ee
:10639000180101001a0101000100010001000100c3
:1063a00001000100010001000100010001000100e5
:1063b00001000100010001000100010001002f01a6
:1063c00001000100010001000100010001000100c5
:1063d00001000100010001003c013d01010001003c
:0863e00001000100420100bfb1
:020000040000fa
:020000040105f4
:1063e80053ec102b70b4c3f30a54a4f2fe30002807
:1063f80026dd342822dc19461a4bc0f120024ff062
:10640800ff3603fa02f2c640a4f21e4423fa04f44b
:106418001643264323fa00f010ee105a730843ea95
:10642800c07325ea0305751921ea500140eb010103
:1064380025ea060221ea000343ec102b70bc7047e2
:106448004ff0000403f0004503d045ec104b70bc3e
:10645800704745f07f53224643f4401343ec102b1a
:0864680070bc7047ffff1f002c
:020000040000fa
:020000040105f4
:10647000496e76616c696420647269766572206920
:106480006e7374616e636500496e7374616e6365eb
:1064900020616c726561647920696e207573650096
:1064a000496e76616c69642073797374656d206fd1
:1064b000626a6563742068616e646c65000000bf89
:1064c000496e76616c696420447269766572204910
:1064d0006e7374616e636500576173207468652024
:1064e00064726976657220696e697469616c697a33
:0464f00065643f00a0
:020000040000fa
:020000040105f4
:1064f400f8b516461f4600ebc10555e902230c46c4
:1065040030463946f9f77cff32463b46fdf704fe38
:1065140055e90423f9f774ff02460b463046394621
:10652400fdf7fafd032c02460b4617d055e9062366
:10653400f9f766ff02460b4630463946fdf7ecfd97
:10654400052c02460b4609d155e90823f9f758fff3
:1065540032463b46fdf7e0fd02460b46c4eb44746d
:1065640005ebc40410461946d4e90023f9f748ffa3
:04657400f8bd00bfaf
:020000040000fa
:020000040105f4
:106578002de9ff471d460c9b13f0010906468a4684
:10658800144601d195420bd822465146304601f0b7
:1065980013f9a54204d82546284604b0bde8f0877b
:1065a8002f1b102f3a464ff0200128bf10226846b3
:1065b800b84601f0c1fd00bfb8f10f0f11d83b0973
:1065c8006ff00f0202fb03726946304601f0f4f8df
:1065d800b9f1000fe0d122465146304601f0ecf8ff
:1065e800dae710226946304601f0e6f8a8f110080b
:0465f800e2e700bf17
:020000040000fa
:020000040105f4
:1065fc0080b582b000af0346fb71fb79002b04d051
:10660c0002210648fdf7b4fa03e002210348fdf726
:10661c00bdfa00bf0837bd4680bd00bf0023004453
:10662c0080b582b000af0346fb71fb7983f00103a8
:10663c00dbb2002b05d04ff480610648fdf7a6fabb
:10664c0004e04ff480610348fdf792fa00bf08376d
:10665c00bd4680bd0022004480b500af024903480e
:10666c0001f0a0fc00bf80bd2d660501fd65050194
:020000040000fa
:020000040105f4
:10667c0030b50d4689b0044620220021684601f051
:10668c0059fd2878b0b16b786bb1013d012000bf8a
:10669c0015f8013f83b921460125084611f8013b45
:1066ac00c3b9001b06e023461a4601331178814218
:1066bc00fad0101b09b030bd5a0908a901eb8202af
:1066cc0003f01f0352f8201c00fa03f30b4342f8ab
:1066dc00203cdde75a090df1200c0ceb820203f093
:1066ec001f0352f8202c05fa03f31342d5d1d8e737
:020000040000fa
:020000040105f4
:1066fc000103030303030305050505070709090b3c
:10670c000b0d0f11131517191d21252b31375f692f
:10671c00737f1b1f23292f376b7f00bf01030303dc
:10672c0003030305050507070909090b0d0f1113d1
:10673c0015171b1f252931375f69777f0507070957
:10674c00090b0d0f111315171b1f23282b335b621d
:10675c006a737f0b0b0d0f1011131517191b1d1fcf
:0c676c002326282b2f33375b626a730052
:020000040000fa
:020000040105f4
:10677800882930b52cd012dc812930d003dc80295f
:106788002dd0002030bd82290ed08429f9d1196876
:1067980000680a1d1a600b6818800120f2e7a0291a
:1067a8000fd00adc9029ecd119680a1dd0e9004500
:1067b8001a600b68c3e90045efe7c02901d0f0294a
:1067c800dfd11a680168101d186013681960e4e7c2
:1067d800196800680a1d1a600b681870dde71968e7
:0c67e80000680a1d1a600b681860d6e7f4
:020000040000fa
:020000040105f4
:1067f400842910b523d00cdc812903d0822913d03d
:1068040080290bd119680c1d1c600b6803601a6089
:1068140013e0902921d003dc882917d0002010bd73
:10682400a029efd0c029ece719680c1d1c600b6887
:106834000360d1171046c3e900010120efe719688e
:106844000c1d1c600b6803601a80f6e719680c1da8
:106854001c600b6803601a70efe719680c1d1c605c
:0c68640009680160d317c1e90023e6e7d2
:020000040000fa
:020000040105f4
:1068700080b485b000af786039604ff0200383f3b7
:106880001188bff36f8fbff34f8ffb60fee780b4bb
:1068900083b000af4ff0200383f31188bff36f8ff5
:1068a000bff34f8f7b60fee780b500af00f044f987
:1068b00000bf80bd80b400af00bfbd465df8047b63
:1068c000704780b584b000af786039600023fb600a
:1068d000f3f737fa00bffb68002bfcd0f3f74afa56
:0868e00000bf1037bd4680bd6a
:020000040000fa
:020000040105f4
:1068e80090b587b000af0446084611461a462346bd
:1068f800fb800346bb800b467b8013463b800d4bd9
:106908001b68002b11d0fb883b81bb887b817b886f
:10691800bb813b88fb81bb6a3b61fb6a7b61054ba2
:106928001b6807f108021046984700bf1c37bd4690
:1069380090bd00bfbcb2002080b483b000af7860c7
:10694800044a7b68136000bf0c37bd465df8047bc2
:08695800704700bfbcb2002033
:020000040000fa
:020000040105f4
:1069600030b50d46097889b0044609b16b782bb96a
:10697000204600f0eff9001b09b030bd20220021b5
:10698000684601f0ddfb013d012000bf15f8013f25
:10699000a3b921460125084611f8013b002bead096
:1069a0005a090df1200c0ceb820203f01f0352f880
:1069b000202c05fa03f31342edd0dce75a0908a9ad
:1069c00001eb820203f01f0352f8201c00fa03f3cc
:0869d0000b4342f8203cd9e71b
:020000040000fa
:020000040105f4
:1069d8002de9f84f04460c9f6668d4f80cb024697a
:1069e80010463a68013c002502f0020a0b9a0bf89f
:1069f8000450002e1946b8bf0126012390464feadd
:106a0800e279002c03dcd3b12046bde8f88f50eac8
:106a1800010209d1721b002a06dc0a9a521b002abd
:106a2800f1ddbaf1000feed042464b4601f08cf88a
:106a3800013c134630320bf804200135e1e73b688e
:086a480023f010033b60dfe7bf
:020000040000fa
:020000040105f4
:106a500080b588b002af7860396007f11003fb6041
:106a60000023fb7539687868fdf720fafa7d07f195
:106a70000c0311461846eff742fe07f10c030622fd
:106a800039681846eff7eafe07f110030193002377
:106a900000930023072241f2090140f20110fff7a1
:106aa00023fffb7d9bb218461837bd4680bd80b4de
:106ab00083b000af7860002318460c37bd465df800
:046ac000047b70479c
:020000040000fa
:020000040105f4
:106ac40080b582b000af0023fb71c2f7d9fa034648
:106ad400fb71fb79002b01d0fb791de0c3f7c4f9ee
:106ae4000f4b1b7803f00203002b14d10c4b1b78c3
:106af40043f00203dab20a4b1a700a48cbf7d8fc07
:106b04000948cbf73bfd0948cbf748fd0848cbf7cc
:106b140055fde5f751fefb7918460837bd4680bda3
:106b240094ac0020379e0101ed9e01012d9f0101cf
:046b3400c59f0101f7
:020000040000fa
:020000040105f4
:106b380080b582b000afeaf7a8fd0346fb71e4f721
:106b4800b9f80346bb7100237b71fb79002b02d196
:106b5800bb79002b21d00120f6f7d8fd3860012041
:106b6800f4f716f903467b7139680120f6f7e4fd5e
:106b78007b79002b11d0fb79002b02d0eaf78efd30
:106b880008e0bb79002b05d07b79012b02d10120cd
:106b9800e4f7acf80020f4f7fbf800bf0837bd466f
:026ba80080bdae
:020000040000fa
:020000040105f4
:106baa00f0b50c4649682368a768e56887b00029ec
:106bba000593a4bf23f00203059305ab02930823b0
:106bca00cde900730646d2e900232046fff7fffe0f
:106bda00059bd90642bf00f1ff3030232b54059b99
:106bea001a0742bf00f1ff3020232b542269059b6c
:106bfa000093013a3b46121a29183046fff7b7fcb0
:106c0a007368db0503d563689842b8bf184607b0b6
:026c1a00f0bdcb
:020000040000fa
:020000040105f4
:106c1c002de9f04ebab004468a4617461d4601903f
:106c2c000126012d0df1040b1ddd05f18042429969
:106c3c000198023acaf1000351f8222004eb03092f
:106c4c009b1a1c442146b847002807da49462046bf
:106c5c00b84700280fda023d4c460de04946019832
:106c6c00b8470028f2db32465946504600f0acf9e2
:106c7c003ab0bde8f08e013d4bf826400136d0e726
:020000040000fa
:020000040105f4
:106c8c0080b500af034b1b781846fef7d7fc00bf4e
:106c9c0080bd00bf0ab1002080b500af034b1b784c
:106cac001846fef7cbfc00bf80bd00bf0bb1002027
:106cbc0080b582b000af0120e6f77efe0346fb8074
:106ccc00fb8843f4c0739bb219460120e6f74cfed7
:106cdc0003490448fdf7c0fe00bf0837bd4680bd20
:086cec00a56c05018d6c05018a
:020000040000fa
:020000040105f4
:106cf400544d522c5374617274206e756c6c2069ff
:106d04006e707574000000bf51554555452c526591
:106d14006d6f766520656d707479206c697374008d
:106d240051554555452c52656d6f766520656c6de2
:106d340020696e76616c6964000000bf544d522c6a
:106d440053746f70206e756c6c20696e707574006e
:020000040000fa
:020000040105f4
:106d5400c9b2f8b50446f1b103469a0718461ed1e4
:106d64004ff001354d431e4656f8044b84ea05079f
:106d7400a4f10132a7f1013022ea040220ea07005b
:106d8400024312f0803f11d0184613f8012b2ab1a8
:106d94008a42f9d102e001f06df92044f8bd13f8fc
:106da400012b002afad08a42d7d1f7e73346dae733
:020000040000fa
:020000040105f4
:106db400f0b59bb004460d46164600214c2207a8a8
:106dc4001f4601f0bbf94ff0ff33029303f20313a4
:106dd400039304b901accde9044555b16a1e002df5
:106de400069208da094b4f221a604ff0ff301bb0ad
:106df400f0bd2a46f3e71cbf002323703a46314610
:106e040002a8cde9074401f0b5f8f0e7d8b20020b4
:020000040000fa
:020000040105f4
:106e140080b582b000af0023fb71caf717fc0346ac
:106e2400fb71fb79002b01d0fb791be0c6f72efc2c
:106e34000346fb71fb79002b01d0fb7912e0d7f7f5
:106e440045fa0346fb71fb79002b01d0fb7909e07d
:106e5400f9f70cfd0346fb71fb79002b01d0fb799c
:0c6e640000e0fb7918460837bd4680bdf1
:020000040000fa
:020000040105f4
:106e70000e4a38b5002313600d4a0e4c13600e4abb
:106e80000e4d13600e4a13600e4a13600e4a536291
:106e900013610123936001f092f9faf72ef9ac42e5
:106ea00000d338bd54f8043b9847f8e7dcb2002023
:106eb00044ae00201c41000140ae002020410001f2
:0c6ec00038ae00203cae002048ae0020a0
:020000040000fa
:020000040105f4
:106ecc004c4c43503a496e7374616e7455706461e6
:106edc007465642c48646c3d3078253034782c6fa4
:106eec0070436f64653d307825303278000000bf08
:106efc00434f4e4e3a4c6c63705478446f6e653a07
:106f0c0048646c3d3078253034782c4f70436f6476
:086f1c00653d30782578000086
:020000040000fa
:020000040105f4
:106f240038b5036d04463bb1426d934204dc002343
:106f3400e3644ff0ff3038bd204600f01fff002807
:106f4400f5db236dd4e90f12a3b1656d5b1b551af4
:106f5400ab420fdc013b0b44e36422b1636d521a74
:106f640001321a44626511f8013c834218bf01f8ea
:086f7400010ce0e71346efe712
:020000040000fa
:020000040105f4
:106f7c002de9ff41134dd1f80080af88adf80c70ae
:106f8c0006462868029002aca8798df80e00002afb
:106f9c0018bf1446d1e901571a461bb9204601f017
:106fac0065f80246002d02dbaa4228bf2a46cdf81e
:106fbc0000803b4621463046fff7d8fa04b0bde8c6
:086fcc00f08100bf50820501b5
:020000040000fa
:020000040105f4
:106fd4002de9f041012ac0b00646884604dd01ebe4
:106fe4008204c4f800d016b940b0bde8f081b6f50b
:106ff400807f374628bf4ff480773a46d8f8001090
:10700400206800f08dff4546286855f8041f3a466d
:1070140000f086ff55f8043cac423b4445f8043c80
:06702400f2d1f61bdfe7cc
:020000040000fa
:020000040105f4
:10702a00f0b50c4649682368a668e76887b0002966
:10703a000593a4bf23f00203059305ab02930a2329
:10704a00cde900630546d2e900232046fff7bffcdd
:10705a002269059b0093013a3346121a39182846c9
:10706a00fff785fa6b68db0503d563689842b8bffa
:06707a00184607b0f0bd4e
:020000040000fa
:020000040105f4
:1070800003040c4a43f08073136040f2011101398c
:107090000dd1536813f0800307d05368c3f307235f
:1070a00083420abf53680b461b0c1846704700bf4b
:1070b000ede700bf003e0144054b41ea0041196085
:1070c0005a681106fcd45a681206fcd5704700bff6
:0470d000003e014439
:020000040000fa
:020000040105f4
:1070d40070b404468ab10b7804f8013b551e7bb1a9
:1070e4008618284406e011f8015f03f8015b021bcf
:1070f4004db11c46a6422346f5d1204670bc7047cc
:1071040023462a460446002af7d01a44002100bf29
:1071140003f8011b9a42fbd1002c08bf14462046f9
:0471240070bc704784
:020000040000fa
:020000040105f4
:1071280053ec102b70b4c3f30a5440f2ff75ac4211
:1071380012d08cb11946204440f2fe7398420ddcff
:10714800002813dd21f0ff4121f4e00110ee102aa0
:1071580041ea005343ec102b70bc704701f000412a
:1071680041f0ff43002243f4e003f3e7002201f07b
:047178000043efe7fa
:020000040000fa
:020000040105f4
:10717c0070b500239ab098420393a6bf00f1004368
:10718c0003f1ff334ff0ff330d46119004900021b3
:10719c00044602a81646129300f074ffdde91e2384
:1071ac003146cde9002302a80122f4f7c5f935b127
:1071bc00dde911329b1a179a13441c442c601ab047
:0271cc0070bd94
:020000040000fa
:020000040105f4
:1071d000074a936823f001039360d36813f0010f0b
:1071e000fbd1034b24225a6001229a60704700bff2
:1071f00000200041eff3108172b6074ad2f88830c0
:1072000043f47003c2f88830bff34f8fbff36f8f22
:1072100001b962b6704700bf00ed00e0704700bfe3
:020000040000fa
:020000040105f4
:1072200008b50c4b98470c4b9847fff7e3fffff767
:10723000cfff00f055fb094b23f07f03084a936012
:10724000084b9847084b9847084b984700f09fff1a
:10725000fee700bf1d7205011d7205010000000060
:1072600000ed00e0716e05011d7205011d72050142
:020000040000fa
:020000040105f4
:10727000002800bf012800bf022800bf032800bf6c
:10728000002900bf012900bf022900bf032900bf58
:10729000042900bf052900bf062900bf072900bf38
:1072a000082900bf092900bf0a2900bf0b2900bf18
:1072b0000c2900bf0d2900bf0e2900bf0f2900bff8
:020000040000fa
:020000040105f4
:1072c00080b582b000af78600e4a7b6813600d4bca
:1072d0001b681846def72cfb0020e7f71fff012094
:1072e000e7f71cffdef7b2f9f8f7b8f8d2f75efd62
:1072f000054b00221a60fdf7f5fa00bf0837bd46be
:0c73000080bd00bfc0b20020e4ad002042
:020000040000fa
:020000040105f4
:10730c0001f000428b1aa3f16051b1f5801f0adb2a
:10731c00b1f17f6f09d242eac102c10071f10041a3
:10732c0042eb507070471046704701285b4113f5d3
:10733c00001f02d842f0ff407047c90041ea50706c
:0c734c00104340f4800040f08040704787
:020000040000fa
:020000040105f4
:10735800c1f30a5340f21e42d21a0edd202a0ad87f
:10736800cb0243ea505040f00040d04090eae17030
:10737800b0ebe1707047002070474b00004218bf27
:1073880043f0010313f5001f88bf21f0004111f0fd
:0a739800004058bf6ff0004070473e
:020000040000fa
:020000040105f4
:1073a20010b590f948305a1e134380f84830d0e99e
:1073b20005239a42044603d90022c36a114698471c
:1073c20060680023a362c4e90533830755bfd4e98b
:1073d200023240f010009b18606056bfc4e90f33c0
:0a73e2004ff0ff3040f3c00010bd73
:020000040000fa
:020000040105f4
:1073ec00434d443a4c746b5265715265706c792cf8
:1073fc0048646c3d30782578000000bf4552523a05
:10740c007374617475733d25640000bf434d443a39
:10741c004c746b5265714e65675265706c792c4873
:08742c00646c3d307825780006
:020000040000fa
:020000040105f4
:1074340070b50e4604460f4d08b92c6844b1204679
:107444003146fff719f9044423781bb92b601c4615
:10745400204670bd31462046fff780fa204428605c
:10746400037823b1431c2b6000230370f0e72b60e7
:08747400eee700bfd4b20020d6
:020000040000fa
:020000040105f4
:10747c00812910b50fd0832903d0802912d0002088
:10748c0010bd1368191d1160d0e900011b68c3e918
:10749c0000010120f4e71368191d11601b68d0e985
:1074ac000001f4e713681c1dd0e9000114601c688e
:0874bc00fff726ff2060ece75a
:020000040000fa
:020000040105f4
:1074c40010b50278202a034600f10100f9d0a2f198
:1074d40009010429f5d92b2a07d02d2a11d101211c
:1074e4000133013b00200a2403e00021f8e7604354
:1074f400801a13f8012f303a092af8d901b9404209
:0675040010bd0021ede7bf
:020000040000fa
:020000040105f4
:10750c00eab10378c9b28b421ad0431c02449342ad
:10751c00184603f1010312d010b404788c4207d042
:10752c009342184603f1010305d004788c42f7d13d
:10753c005df8044b704700205df8044b7047002049
:04754c00704700bfc5
:020000040000fa
:020000040105f4
:1075500010b5054c227832b9044b13b10448aff38f
:1075600000800123237010bdb8b00020000000008f
:107570000000000008b5034b1bb103490348aff3fb
:10758000008008bd00000000bcb00020000000002a
:020000040000fa
:020000040105f4
:10759000444f4f522048414e444c4520425554548c
:1075a0004f4e20505245535345440d0a000000bf32
:1075b000444f4f522048414e444c4520425554546c
:1075c0004f4e2052454c45415345440d0a0000bfe3
:020000040000fa
:020000040105f4
:1075d000424c455f48414e444f5645525f436d64af
:1075e00048616e646f766572310d0a00424c455fea
:1075f00048414e444f5645525f436d6448616e6446
:107600006f7665723150636b74526376640d0a0055
:020000040000fa
:020000040105f4
:107610000d83020129830201458302016183020176
:1076200083830201a5830201c1830201e383020176
:1076300005840201278402014b8402016f84020148
:1076400091840201a7840201504943333243580018
:020000040000fa
:020000040105f4
:1076500053ec102bc3f30a5170b469b140f2ff75bb
:10766000a9420ed023f0ff4424f4e00444f07f53f9
:1076700043f40013a1f2fe3143ec102b016070bc07
:107680007047002143ec102b016070bc704700bfb5
:020000040000fa
:020000040105f4
:107690002de9f041846b02f5807706468846154651
:1076a00000213a462046fff731ff00b1071bbd42db
:1076b00028bf3d4621462a46404600f033fc631968
:0e76c0003c44f3633464b4632846bde8f081b3
:020000040000fa
:020000040105f4
:1076d000011800bf2a2b00bf052a00bf292b02007a
:1076e000201200052a0005000100ffff040002002f
:1076f0000a1500292b000500010000bf0217002a0f
:0c7700002b000500100000bf1300020069
:020000040000fa
:020000040105f4
:10770c004c435f434f4e4e5f5354545f5741495463
:10771c00494e475f464f525f3153545f4752414e7b
:10772c00545b4c435f434f4e4e5f4556545f53433f
:0c773c00485f4752414e545d0d0a0000aa
:020000040000fa
:020000040105f4
:1077480038b504460025e36be26c934210d25a1c0c
:10775800e2631878202809d00938042806d9e36c90
:1077680013b1e36b013be363284638bd0135eae713
:0c7778002046fff7d3fb431cecd1f5e7e3
:020000040000fa
:020000040105f4
:1077840030b50d4a002300bf12f8134024b902ebb0
:1077940043035b78184630bd01680d78a54209bfe4
:1077a40002eb430301335b78013114bfdbb20160a8
:0c77b4000a2be9d9eee700bf02810501b5
:020000040000fa
:020000040105f4
:1077c00038b5436813f4807f0446154611d0036929
:1077d0009a4228bf1d465db12a46406900f0a2fbcf
:1077e000636922692b44551b0022636125611a706d
:0c77f00038bddb06fcd400f057fcf9e7c4
:020000040000fa
:020000040105f4
:1077fc004ff4001c1ceb410f98bf1ceb430f11d82e
:10780c0051ea030c50ea4c0c5cea020c0cd004d28a
:10781c0082428b41804101307047904299418041b6
:0c782c00013070470020704701207047b9
:020000040000fa
:020000040105f4
:1078380080b485b000aff860b9607a604ff0ff336c
:1078480018461437bd465df8047b704780b485b090
:1078580000aff860b9607a604ff0ff33184614370c
:08786800bd465df8047b70478a
:020000040000fa
:020000040105f4
:10787000001800bf002a00bf012a00bf042a00bf71
:10788000a62a02000a0300002a0000bf020300002b
:107890002a000500020500012a000500020005007b
:0878a00008000500010000bf13
:020000040000fa
:020000040105f4
:1078a80080b582b000af0023fb71fff707f90346ec
:1078b800fb71fb79002b01d0fb7909e0e1f70efda4
:1078c8000346fb71fb79002b01d0fb7900e0fb79c3
:0878d80018460837bd4680bdcb
:020000040000fa
:020000040105f4
:1078e00070b50b480b4d4ff6ff76016821b9436820
:1078f00013b9f8f7a6fe70bd83684268334000f103
:107900000c0455f823302046984704eb8000ece740
:0879100004b703012c810501fd
:020000040000fa
:020000040105f4
:107918004ff4001c1ceb410f98bf1ceb430f11d810
:1079280051ea030c50ea4c0c5cea020c0ad004d26f
:107938009042994180414042704782428b41804148
:08794800404270470020704727
:020000040000fa
:020000040105f4
:107950000268531ec2f101021340094a534310b595
:10796000db0e084ce35c4bb94068414201404a439e
:10797000d20ea25c2032202a18bf1346184610bd32
:0879800029e66b07587e0501a2
:020000040000fa
:020000040105f4
:107988004ff4001c1ceb410f98bf1ceb430f11d8a0
:1079980051ea030c50ea4c0c5cea020c0ad004d2ff
:1079a80082428b41804140427047904299418041d8
:0879b8004042704700207047b7
:020000040000fa
:020000040105f4
:1079c00080b485b000aff860b9607a606ff48773f7
:1079d00018461437bd465df8047b704780b500af8c
:1079e000002203490020f6f797fe00bf80bd00bfcc
:0479f000c179050153
:020000040000fa
:020000040105f4
:1079f4000000000091520301b3520301cf5203016e
:107a0400ad1b0401f1520301c91b0401e51b040170
:107a1400011c04010d5303012f53030153530301ac
:047a2400695303019e
:020000040000fa
:020000040105f4
:107a2800c0f3c75191b142004fea40704fead2010a
:107a38004fea310101f16051b2f17f4f38bf704711
:107a480001f1605118bf41f40021704710f0004166
:047a58000020704753
:020000040000fa
:020000040105f4
:107a5c004ff4001c1ceb410f98bf1ceb430f0cd8d0
:107a6c0050ea410c08bf52ea430c08d0904208bfc0
:107a7c0099420cbf01200020704700207047012064
:027a8c00704741
:020000040000fa
:020000040105f4
:107a900080b400afbff34f8f054bdb6803f4e062a7
:107aa0000349044b1343cb60bff34f8f00bffde787
:107ab00000ed00e00400fa0580b500affff7e8ff35
:020000040000fa
:020000040105f4
:107ac000484f53543a436d64207263762c4772706a
:107ad0003d3078253032782c5375623d3078253032
:107ae00032782c4f703d307825303278000000bf5e
:020000040000fa
:020000040105f4
:107af00080b582b000af78607b681b691846fcf7e0
:107b000083f8acf7ebfdfdf759f97b685b68184625
:107b1000fff7d6fb00f070fb00bf0837bd4680bd05
:020000040000fa
:020000040105f4
:107b200070b598b004460d4616460021602268469e
:107b300000f006fb054b02943246294668460e9437
:107b4000119300f027fa18b070bd00bfb5530501be
:020000040000fa
:020000040105f4
:107b500053b94ab9002908bf00281cbf4ff0ff31b4
:107b60004ff0ff3000f078bbadf1080c6de904ceaa
:107b7000f7f77ef9ddf804e0dde9022304b0704791
:020000040000fa
:020000040105f4
:107b800080b582b000af78607868f4f74dfc0346aa
:107b900018460837bd4680bd80b582b000af78601a
:0e7ba0007868f4f7dffc00bf0837bd4680bdf3
:020000040000fa
:020000040105f4
:107bae0010b50b681b78202b0c4602d0093b042b1a
:107bbe000bd8fff7c2fd23685a1c22605b78202b7e
:0e7bce00f9d0093b042bf6d910bd0020fce7ce
:020000040000fa
:020000040105f4
:107bdc00000300007db90401ddb9040151ba0401b0
:107bec00bdba040129bb040109bc04019dbb0401fd
:0c7bfc00cdbc04018bbc040175bc04016d
:020000040000fa
:020000040105f4
:107c0800434d443a5374617274456e63727970746b
:107c18002c48646c3d307825303478004552523a0f
:0c7c28007374617475733d25640000bf27
:020000040000fa
:020000040105f4
:107c340000b553ec112b83b051ec100b8ded002be0
:107c4400fcf76afa9ded002b53ec122bf8f7d8fbe6
:0c7c540041ec100b03b05df804fb00bf16
:020000040000fa
:020000040105f4
:107c60001f2910b504d9036843600023203903603d
:107c7000d0e90023c1f120048b4022fa04f423430d
:0a7c800002fa01f14360016010bd3b
:020000040000fa
:020000040105f4
:107c8a001f2910b504d943680360002320394360d3
:107c9a00d0e90032c1f12004cb4002fa04f42343b4
:0a7caa0022fa01f10360416010bdf1
:020000040000fa
:020000040105f4
:107cb400802910db812901dd83290cd11368073366
:107cc40023f0070303f108011160d3e90023c0e99d
:0a7cd40000230120704700207047d4
:020000040000fa
:020000040105f4
:107ce0000201050b09706963333263782d627a00f3
:107cf0000b09706963333263782d627a4d69637260
:087d00006f636869700000bfa9
:020000040000fa
:020000040105f4
:107d08006e6f20737570706f727420666f72206565
:107d180072726f7220737472696e6773206275690c
:087d28006c7420696e0000bfbd
:020000040000fa
:020000040105f4
:107d300030b57ab101380a4410f8013f0d4633b12d
:107d400011f8014b1cb1914201d0a342f4d02a7822
:087d5000981a30bd1046fce753
:020000040000fa
:020000040105f4
:107d5800edaf16204a62304029bd56b31544e9bf3d
:107d680077900d9cfe0b88c07e2615fa83807340a1
:087d78000fce674b80d541c01e
:020000040000fa
:020000040105f4
:107d800013b50446fff70dfb18b14ff0ff3002b0fa
:107d900010bd636c01220df10701204698470128b0
:087da000f3d19df80700f2e7a2
:020000040000fa
:020000040105f4
:107da80080b400affee780b400affee780b400af58
:107db800fee780b400affee780b400affee780b412
:047dc80000affee723
:020000040000fa
:020000040105f4
:107dcc004348433a616464205265712c5065723d9e
:107ddc00256400004348433a434820496e642c25ef
:047dec00640000bf70
:020000040000fa
:020000040105f4
:107df0000b0d40f21e42d21a09dbcb0243ea50506f
:107e000040f00040202a28bf2022d040704749007f
:047e100080417047f6
:020000040000fa
:020000040105f4
:107e140010f0004160b148bf40420a0d02f21d4219
:107e2400b0fa80f3d21a9840c30a400503eb02511a
:027e3400704795
:020000040000fa
:020000040105f4
:107e38005359535f434d445f5441534b530000bf64
:107e4800424c45004150505f5461736b730000bf52
:020000040000fa
:020000040105f4
:107e5800000117021d1813031e1b190b1408040d2b
:107e68001f161c121a0a070c1511090610050f0e09
:020000040000fa
:020000040105f4
:107e780080b582b000af78603960fef71bff3968c3
:0e7e88007868fdf7c1fb00bf0837bd4680bd1e
:020000040000fa
:020000040105f4
:107e960010b50023934206d113f0030018bf01204a
:0e7ea60000eb930010bdc45ccc540133f2e736
:020000040000fa
:020000040105f4
:107eb40000939393671100004d6963726f6368695f
:0c7ec400704368696d657261414444526e
:020000040000fa
:020000040105f4
:107ed0000c0028000c0014004d53472c47657420fb
:0c7ee0006661696c2c6c656e3d256400c9
:020000040000fa
:020000040105f4
:107eec004556543a69643d3078253034780000bfeb
:0c7efc00307825782c307825780000bf05
:020000040000fa
:020000040105f4
:107f080030b501390024a24206d0035d01340d5d6d
:0c7f1800ab42f8d0581b00e0002030bd48
:020000040000fa
:020000040105f4
:107f24005ab110b40a44431e11f8014b03f8014f2f
:0c7f34009142f9d15df8044b7047704792
:020000040000fa
:020000040105f4
:107f400050b140f21d42b0fa80f1521a8840c30a83
:0c7f5000400503eb025170470100704730
:020000040000fa
:020000040105f4
:107f5c00a0f13003092b07d940f020006138052827
:0c7f6c008cbf00200120704701207047ee
:020000040000fa
:020000040105f4
:107f780013b50446019201aaf5f744fa636813f0b1
:0c7f8800100f18bf4ff0ff3002b010bd0a
:020000040000fa
:020000040105f4
:107f940013b50446019201aaf3f7cef8636813f00f
:0c7fa400100f18bf4ff0ff3002b010bdee
:020000040000fa
:020000040105f4
:107fb00080b582b000af7860396039687868fff7c3
:0a7fc0005bff00bf0837bd4680bd1f
:020000040000fa
:020000040105f4
:107fca000eb403b503aa52f8041b0192fff7a3fdee
:0a7fda0002b05df804eb03b070473d
:020000040000fa
:020000040105f4
:107fe4000eb403b503aa52f8041b019200f014f96d
:0a7ff40002b05df804eb03b0704723
:020000040000fa
:020000040105f4
:1080000025303278000000bf25303478000000bff2
:088010002530386c780000bf38
:020000040000fa
:020000040105f4
:1080180054656d70657261747572653a2025322eeb
:088028003266efbfbd4300000a
:020000040000fa
:020000040105f4
:10803000c1070401dd070401f90704011508040163
:08804000410804015d08040180
:020000040000fa
:020000040105f4
:108048004d454d2c416c6c6f63206661696c6564ad
:088058002c6c656e3d256400ef
:020000040000fa
:020000040105f4
:108060005359530000484f5354004c484349004c67
:088070004d000000300000008b
:020000040000fa
:020000040105f4
:1080780003783bb1034600bf13f8012f002afbd158
:08808800181a704718467047f2
:020000040000fa
:020000040105f4
:10809000d0e90f2310b59c1a0165446511b18c42db
:0880a000c8bf5318c36410bdf2
:020000040000fa
:020000040105f4
:1080a80010b4c46a1cb123465df8044b1847006835
:0880b8005df8044bfff7cabba1
:020000040000fa
:020000040105f4
:1080c00080b582b000af78607868fbf7e3fd00bf51
:0680d0000837bd4680bd2b
:020000040000fa
:020000040105f4
:1080d60010b50023c25ccc5ca24202d10133002a57
:0680e600f8d1101b10bdd3
:020000040000fa
:020000040105f4
:1080ec0037b54ff0ff344ff0ff35cde90045fff7c2
:0680fc003ff803b030bda7
:020000040000fa
:020000040105f4
:1081020068076c094c836a9074a07ac00080688802
:0681120000846c82008174
:020000040000fa
:020000040105f4
:108118000001020002010100020102000200010246
:04812800010000bf93
:020000040000fa
:020000040105f4
:10812c007d810501977e0501d5920401d59204014c
:04813c00d5920401d3
:020000040000fa
:020000040105f4
:1081400032b1c9b20244034603f8011b9342fbd18a
:04815000704700bfb5
:020000040000fa
:020000040105f4
:1081540010b50c46fef7fcfd0378e4b2a34218bf49
:04816400002010bd2a
:020000040000fa
:020000040105f4
:10816800034600bf11f8012b184603f8012b002a1b
:04817800f8d1704783
:020000040000fa
:020000040105f4
:10817c000a440023914201d10020704701f8013bd1
:02818c00f8e712
:020000040000fa
:020000040105f4
:10818e0080b500af0020f9f7baf8fdf7cbfdfce79c
:020000040000fa
:020000040105f4
:10819e00494e4600696e66004e414e006e616e009d
:020000040000fa
:020000040105f4
:1081ae00494e4600696e66004e414e006e616e008d
:020000040000fa
:020000040105f4
:1081be0008b5faf705fbfaf703fbfaf701fb08bd62
:020000040000fa
:020000040105f4
:0e81ce0080b400af00bfbd465df8047b704773
:020000040000fa
:020000040105f4
:0e81dc00a0f14103192b98bf40f0200070471e
:020000040000fa
:020000040105f4
:0e81ea00a0f16103192b98bf00f05f007047f1
:020000040000fa
:020000040105f4
:0c81f80080b500affcf75efc00bf80bd4e
:020000040000fa
:020000040105f4
:0c82040010b50446fff7aeff204610bd89
:020000040000fa
:020000040105f4
:0c82100010b50446fef75eff204610bdce
:020000040000fa
:020000040105f4
:0c821c0013460a466ff00041fef7c6bd95
:020000040000fa
:020000040105f4
:08822800546d722053766300cf
:020000040000fa
:020000040105f4
:0882300049444c45000000bf69
:020000040000fa
:020000040105f4
:08823800590d0501750d05014a
:020000040000fa
:020000040105f4
:0882400083f00043f8f7deb8fb
:020000040000fa
:020000040105f4
:08824800286e696c2900250075
:020000040000fa
:020000040105f4
:07825000286e756c6c29001b
:020000040000fa
:020000040105f4
:04825800704700bfac
:00000001FF
